{
    "surahName": "Yunus",
    "surahNameArabic": "يونس",
    "surahNameArabicLong": "سورة يونس",
    "surahNameTranslation": "Jonas",
    "revelationPlace": "Mecca",
    "totalAyah": 109,
    "surahNo": 10,
    "english": [
        "Alif-Lãm-Ra. These are the verses of the Book, rich in wisdom.",
        "Is it astonishing to people that We have sent revelation to a man from among themselves, ˹instructing him,˺ “Warn humanity and give good news to the believers that they will have an honourable status with their Lord.”? Yet the disbelievers said, “Indeed, this ˹man˺ is clearly a magician!”",
        "Surely your Lord is Allah Who created the heavens and the earth in six Days, then established Himself on the Throne, conducting every affair. None can intercede except by His permission. That is Allah—your Lord, so worship Him ˹alone˺. Will you not then be mindful?",
        "To Him is your return all together. Allah’s promise is ˹always˺ true. Indeed, He originates the creation then resurrects it so that He may justly reward those who believe and do good. But those who disbelieve will have a boiling drink and a painful punishment for their disbelief.",
        "He is the One Who made the sun a radiant source and the moon a reflected light, with precisely ordained phases, so that you may know the number of years and calculation ˹of time˺. Allah did not create all this except for a purpose. He makes the signs clear for people of knowledge.",
        "Surely in the alternation of the day and the night, and in all that Allah has created in the heavens and the earth, there are truly signs for those mindful ˹of Him˺.",
        "Indeed, those who do not expect to meet Us, being pleased and content with this worldly life, and who are heedless of Our signs",
        "they will have the Fire as a home because of what they have committed.",
        "Surely those who believe and do good, their Lord will guide them ˹to Paradise˺ through their faith, rivers will flow under their feet in the Gardens of Bliss",
        "in which their prayer will be, “Glory be to You, O  Allah!” and their greeting will be, “Peace!” and their closing prayer will be, “All praise is for Allah—Lord of all worlds!”",
        "If Allah were to hasten evil for people as they wish to hasten good, they would have certainly been doomed. But We leave those who do not expect to meet Us to wander blindly in their defiance.",
        "Whenever someone is touched by hardship, they cry out to Us, whether lying on their side, sitting, or standing. But when We relieve their hardship, they return to their old ways as if they had never cried to Us to remove any hardship! This is how the misdeeds of the transgressors have been made appealing to them.",
        "We surely destroyed ˹other˺ peoples before you when they did wrong, and their messengers came to them with clear proofs but they would not believe! This is how We reward the wicked people.",
        "Then We made you their successors in the land to see how you would act.",
        "When Our clear revelations are recited to them, those who do not expect to meet Us say ˹to the Prophet˺, “Bring us a different Quran or make some changes in it.” Say ˹to them˺, “It is not for me to change it on my own. I only follow what is revealed to me. I fear, if I were to disobey my Lord, the punishment of a tremendous Day.”",
        "Say, “Had Allah willed, I would not have recited it to you, nor would He have made it known to you. I had lived my whole life among you before this ˹revelation˺. Do you not understand?”",
        "Who does more wrong than those who fabricate lies against Allah or deny His revelations? Indeed, the wicked will never succeed.",
        "They worship besides Allah others who can neither harm nor benefit them, and say, “These are our intercessors with Allah.” Ask ˹them, O  Prophet˺, “Are you informing Allah of something He does not know in the heavens or the earth? Glorified and Exalted is He above what they associate ˹with Him˺!”",
        "Humanity was once nothing but a single community ˹of believers˺, but then they differed. Had it not been for a prior decree from your Lord, their differences would have been settled ˹at once˺.",
        "They ask, “Why has no ˹other˺ sign been sent down to him from his Lord?” Say, ˹O Prophet,˺ “˹The knowledge of˺ the unseen is with Allah alone. So wait! I too am waiting with you.”",
        "When We give people a taste of mercy after being afflicted with a hardship, they swiftly devise plots against Our revelations! Say, ˹O Prophet,˺ “Allah is swifter in devising ˹punishment˺. Surely Our messenger-angels record whatever you devise.”",
        "He is the One Who enables you to travel through land and sea. And it so happens that you are on ships, sailing with a favourable wind, to the passengers’ delight. Suddenly, the ships are overcome by a gale wind and those on board are overwhelmed by waves from every side, and they assume they are doomed. They cry out to Allah ˹alone˺ in sincere devotion, “If You save us from this, we will certainly be grateful.”",
        "But as soon as He rescues them, they transgress in the land unjustly. O  humanity! Your transgression is only against your own souls. ˹There is only˺ brief enjoyment in this worldly life, then to Us is your return, and then We will inform you of what you used to do.",
        "The life of this world is just like rain We send down from the sky, producing a mixture of plants which humans and animals consume. Then just as the earth looks its best, perfectly beautified, and its people think they have full control over it, there comes to it Our command by night or by day, so We mow it down as if it never flourished yesterday! This is how We make the signs clear for people who reflect.",
        "And Allah invites ˹all˺ to the Home of Peace and guides whoever He wills to the Straight Path.",
        "Those who do good will have the finest reward and ˹even˺ more. Neither gloom nor disgrace will cover their faces. It is they who will be the residents of Paradise. They will be there forever.",
        "As for those who commit evil, the reward of an evil deed is its equivalent. Humiliation will cover them—with no one to protect them from Allah—as if their faces were covered with patches of the night’s deep darkness. It is they who will be the residents of the Fire. They will be there forever.",
        "˹Consider˺ the Day We will gather them all together then say to those who associated others ˹with Allah in worship˺, “Stay in your places—you and your associate-gods.” We will separate them from each other, and their associate-gods will say, “It was not us that you worshipped!",
        "Allah is sufficient as a Witness between each of us that we were totally unaware of your worship.”",
        "Then and there every soul will face ˹the consequences of˺ what it had done. They all will be returned to Allah—their True Master. And whatever ˹gods˺ they fabricated will fail them.",
        "Ask ˹them, O  Prophet˺, “Who provides for you from heaven and earth? Who owns ˹your˺ hearing and sight? Who brings forth the living from the dead and the dead from the living? And who conducts every affair?” They will ˹surely˺ say, “Allah.” Say, “Will you not then fear ˹Him˺?",
        "That is Allah—your True Lord. So what is beyond the truth except falsehood? How can you then be turned away?”",
        "And so your Lord’s decree has been proven true against the rebellious—that they will never believe.",
        "Ask ˹them, O  Prophet˺, “Can any of your associate-gods originate creation and then resurrect it?” Say, “˹Only˺ Allah originates creation and then resurrects it. How can you then be deluded ˹from the truth˺?”",
        "Ask ˹them, O  Prophet˺, “Can any of your associate-gods guide to the truth?” Say, “˹Only˺ Allah guides to the truth.” Who then is more worthy to be followed: the One Who guides to the truth or those who cannot find the way unless guided? What is the matter with you? How do you judge?",
        "Most of them follow nothing but ˹inherited˺ assumptions. ˹And˺ surely assumptions can in no way replace the truth. Allah is indeed All-Knowing of what they do.",
        "It is not ˹possible˺ for this Quran to have been produced by anyone other than Allah. In fact, it is a confirmation of what came before, and an explanation of the Scripture. It is, without a doubt, from the Lord of all worlds.",
        "Or do they claim, “He made it up!”? Tell them ˹O Prophet˺, “Produce one sûrah like it then, and seek help from whoever you can—other than Allah—if what you say is true!”",
        "In fact, they ˹hastily˺ rejected the Book without comprehending it and before the fulfilment of its warnings. Similarly, those before them were in denial. See then what was the end of the wrongdoers!",
        "Some of them will ˹eventually˺ believe in it; others will not. And your Lord knows best the corruptors.",
        "If they deny you, then say, “My deeds are mine and your deeds are yours. You are free of what I do and I am free of what you do!”",
        "Some of them listen to what you say, but can you make the deaf hear even though they do not understand?",
        "And some of them look at you, but can you guide the blind even though they cannot see?",
        "Indeed, Allah does not wrong people in the least, but it is people who wrong themselves.",
        "On the Day He will gather them, it will be as if they had not stayed ˹in the world˺ except for an hour of a day, ˹as though they were only˺ getting to know one another. Lost indeed will be those who denied the meeting with Allah, and were not ˹rightly˺ guided!",
        "Whether We show you ˹O Prophet˺ some of what We threaten them with, or cause you to die ˹before that˺, to Us is their return and Allah is a Witness over what they do.",
        "And for every community there is a messenger. After their messenger has come, judgment is passed on them in all fairness, and they are not wronged.",
        "They ask ˹the believers˺, “When will this threat come to pass if what you say is true?”",
        "Say, ˹O Prophet,˺ “I have no power to benefit or protect myself, except by the Will of Allah.” For each community there is an appointed term. When their time arrives, they cannot delay it for a moment, nor could they advance it.",
        "Tell them ˹O Prophet˺, “Imagine if His torment were to overcome you by night or day—do the wicked realize what they are ˹really˺ asking Him to hasten?",
        "Will you believe in it only after it has overtaken you? Now? But you always wanted to hasten it!”",
        "Then the wrongdoers will be told, “Taste the torment of eternity! Are you not rewarded except for what you used to commit?”",
        "They ask you ˹O Prophet˺, “Is this true?” Say, “Yes, by my Lord! Most certainly it is true! And you will have no escape.”",
        "If every wrongdoer were to possess everything in the world, they would surely ransom themselves with it. They will hide ˹their˺ remorse when they see the torment. And they will be judged in all fairness, and none will be wronged.",
        "Surely to Allah belongs whatever is in the heavens and the earth. Surely Allah’s promise is ˹always˺ true, but most of them do not know.",
        "He ˹is the One Who˺ gives life and causes death, and to Him you will ˹all˺ be returned.",
        "O humanity! Indeed, there has come to you a warning from your Lord, a cure for what is in the hearts, a guide, and a mercy for the believers.",
        "Say, ˹O Prophet,˺ “In Allah’s grace and mercy let them rejoice. That is far better than whatever ˹wealth˺ they amass.”",
        "Ask ˹the pagans, O  Prophet˺, “Have you seen that which Allah has sent down for you as a provision, of which you have made some lawful and some unlawful?” Say, “Has Allah given you authorization, or are you fabricating lies against Allah?”",
        "What do those who fabricate lies against Allah expect on Judgment Day? Surely Allah is ever Bountiful to humanity, but most of them are ungrateful.",
        "There is no activity you may be engaged in ˹O Prophet˺ or portion of the Quran you may be reciting, nor any deed you ˹all˺ may be doing except that We are a Witness over you while doing it. Not ˹even˺ an atom’s weight is hidden from your Lord on earth or in heaven; nor anything smaller or larger than that, but is ˹written˺ in a perfect Record.",
        "There will certainly be no fear for the close servants of Allah, nor will they grieve.",
        "˹They are˺ those who are faithful and are mindful ˹of Him˺.",
        "For them is good news in this worldly life and the Hereafter. There is no change in the promise of Allah. That is ˹truly˺ the ultimate triumph.",
        "Do not let their words grieve you ˹O Prophet˺. Surely all honour and power belongs to Allah. He is the All-Hearing, All-Knowing.",
        "Certainly to Allah ˹alone˺ belong all those in the heavens and all those on the earth. And what do those who associate others with Allah really follow? They follow nothing but assumptions and do nothing but lie.",
        "He is the One Who has made the night for you to rest in and the day bright. Surely in this are signs for people who listen.",
        "They say, “Allah has offspring.” Glory be to Him! He is the Self-Sufficient. To Him belongs whatever is in the heavens and whatever is on the earth. You have no proof of this! Do you say about Allah what you do not know?",
        "Say, ˹O Prophet,˺ “Indeed, those who fabricate lies against Allah will never succeed.”",
        "˹It is only˺ a brief enjoyment in this world, then to Us is their return, then We will make them taste the severe punishment for their disbelief.",
        "Relate to them ˹O Prophet˺ the story of Noah when he said to his people, “O my People! If my presence and my reminders to you of Allah’s signs are unbearable to you, then ˹know that˺ I have put my trust in Allah. So devise a plot along with your associate-gods—and you do not have to be secretive about your plot—then carry it out against me without delay!",
        "And if you turn away, ˹remember˺ I have never demanded a reward from you ˹for delivering the message˺. My reward is only from Allah. And I have been commanded to be one of those who submit ˹to Allah˺.”",
        "But they still rejected him, so We saved him and those with him in the Ark and made them successors, and drowned those who rejected Our signs. See then what was the end of those who had been warned!",
        "Then after him We sent ˹other˺ messengers to their ˹own˺ people and they came to them with clear proofs. But they would not believe in what they had rejected before. This is how We seal the hearts of the transgressors.",
        "Then after these ˹messengers˺ We sent Moses and Aaron to Pharaoh and his chiefs with Our signs. But they behaved arrogantly and were a wicked people.",
        "When the truth came to them from Us, they said, “This is certainly pure magic!”",
        "Moses responded, “Is this what you say about the truth when it has come to you? Is this magic? Magicians will never succeed.”",
        "They argued, “Have you come to turn us away from the faith of our forefathers so that the two of you may become supreme in the land? We will never believe in you!”",
        "Pharaoh demanded, “Bring me every skilled magician.”",
        "When the magicians came, Moses said to them, “Cast whatever you wish to cast!”",
        "When they did, Moses said, “What you have produced is mere magic, Allah will surely make it useless, for Allah certainly does not set right the work of the corruptors.",
        "And Allah establishes the truth by His Words—even to the dismay of the wicked.”",
        "But no one believed in Moses except a few youths of his people, while fearing that Pharaoh and their own chiefs might persecute them. And certainly Pharaoh was a tyrant in the land, and he was truly a transgressor.",
        "Moses said, “O my people! If you do believe in Allah and submit ˹to His Will˺, then put your trust in Him.”",
        "They replied, “In Allah we trust. Our Lord! Do not subject us to the persecution of the oppressive people",
        "and deliver us by Your mercy from the disbelieving people.”",
        "We revealed to Moses and his brother, “Appoint houses for your people in Egypt. Turn these houses into places of worship, establish prayer, and give good news to the believers!”",
        "Moses prayed, “Our Lord! You have granted Pharaoh and his chiefs luxuries and riches in this worldly life, ˹which they abused˺ to lead people astray from Your Way! Our Lord, destroy their riches and harden their hearts so that they will not believe until they see the painful punishment.”",
        "Allah responded ˹to Moses and Aaron˺, “Your prayer is answered! So be steadfast and do not follow the way of those who do not know.”",
        "We brought the Children of Israel across the sea. Then Pharaoh and his soldiers pursued them unjustly and oppressively. But as Pharaoh was drowning, he cried out, “I believe that there is no god except that in whom the Children of Israel believe, and I am ˹now˺ one of those who submit.”",
        "˹He was told,˺ “Now ˹you believe˺? But you always disobeyed and were one of the corruptors.",
        "Today We will preserve your corpse so that you may become an example for those who come after you. And surely most people are heedless of Our examples!”",
        "Indeed, We settled the Children of Israel in a blessed land, and granted them good, lawful provisions. They did not differ until knowledge came to them. Surely your Lord will judge between them on the Day of Judgment regarding their differences.",
        "If you ˹O Prophet˺ are in doubt about ˹these stories˺ that We have revealed to you, then ask those who read the Scripture before you. The truth has certainly come to you from your Lord, so do not be one of those who doubt",
        "and do not be one of those who deny Allah’s signs or you will be one of the losers.",
        "Indeed, those against whom Allah’s decree ˹of torment˺ is justified will not believe—",
        "even if every sign were to come to them—until they see the painful punishment.",
        "If only there had been a society which believed ˹before seeing the torment˺ and, therefore, benefited from its belief, like the people of Jonah. When they believed, We lifted from them the torment of disgrace in this world and allowed them enjoyment for a while.",
        "Had your Lord so willed ˹O Prophet˺, all ˹people˺ on earth would have certainly believed, every single one of them! Would you then force people to become believers?",
        "It is not for any soul to believe except by Allah’s leave, and He will bring His wrath upon those who are unmindful.",
        "Say, ˹O Prophet,˺ “Consider all that is in the heavens and the earth!” Yet neither signs nor warners are of any benefit to those who refuse to believe.",
        "Are they waiting for ˹anything˺ except the same torments that befell those before them? Say, “Keep waiting then! I too am waiting with you.”",
        "Then We saved Our messengers and those who believed. For it is Our duty to save the believers.",
        "Say, ˹O Prophet,˺ “O humanity! If you are in doubt of my faith, then ˹know that˺ I do not worship those ˹idols˺ you worship instead of Allah. But I worship Allah, Who has the power to cause your death. And I have been commanded, ‘Be one of the believers,’",
        "and, ‘Be steadfast in faith in all uprightness, and do not be one of the polytheists,’",
        "and ‘Do not invoke, instead of Allah, what can neither benefit nor harm you—for if you do, then you will certainly be one of the wrongdoers,’",
        "and ‘If Allah touches you with harm, none can undo it except Him. And if He intends good for you, none can withhold His bounty. He grants it to whoever He wills of His servants. And He is the All-Forgiving, Most Merciful.’”",
        "Say, ˹O Prophet,˺ “O humanity! The truth has surely come to you from your Lord. So whoever chooses to be guided, it is only for their own good. And whoever chooses to stray, it is only to their own loss. And I am not a keeper over you.”",
        "And follow what is revealed to you, and be patient until Allah passes His judgment. For He is the Best of Judges."
    ],
    "arabic1": [
        " الٓر ۚ تِلْكَ ءَايَـٰتُ ٱلْكِتَـٰبِ ٱلْحَكِيمِ",
        "أَكَانَ لِلنَّاسِ عَجَبًا أَنْ أَوْحَيْنَآ إِلَىٰ رَجُلٍ مِّنْهُمْ أَنْ أَنذِرِ ٱلنَّاسَ وَبَشِّرِ ٱلَّذِينَ ءَامَنُوٓا۟ أَنَّ لَهُمْ قَدَمَ صِدْقٍ عِندَ رَبِّهِمْ ۗ قَالَ ٱلْكَـٰفِرُونَ إِنَّ هَـٰذَا لَسَـٰحِرٌ مُّبِينٌ",
        "إِنَّ رَبَّكُمُ ٱللَّهُ ٱلَّذِى خَلَقَ ٱلسَّمَـٰوَٰتِ وَٱلْأَرْضَ فِى سِتَّةِ أَيَّامٍ ثُمَّ ٱسْتَوَىٰ عَلَى ٱلْعَرْشِ ۖ يُدَبِّرُ ٱلْأَمْرَ ۖ مَا مِن شَفِيعٍ إِلَّا مِنۢ بَعْدِ إِذْنِهِۦ ۚ ذَٰلِكُمُ ٱللَّهُ رَبُّكُمْ فَٱعْبُدُوهُ ۚ أَفَلَا تَذَكَّرُونَ",
        "إِلَيْهِ مَرْجِعُكُمْ جَمِيعًا ۖ وَعْدَ ٱللَّهِ حَقًّا ۚ إِنَّهُۥ يَبْدَؤُا۟ ٱلْخَلْقَ ثُمَّ يُعِيدُهُۥ لِيَجْزِىَ ٱلَّذِينَ ءَامَنُوا۟ وَعَمِلُوا۟ ٱلصَّـٰلِحَـٰتِ بِٱلْقِسْطِ ۚ وَٱلَّذِينَ كَفَرُوا۟ لَهُمْ شَرَابٌ مِّنْ حَمِيمٍ وَعَذَابٌ أَلِيمٌۢ بِمَا كَانُوا۟ يَكْفُرُونَ",
        "هُوَ ٱلَّذِى جَعَلَ ٱلشَّمْسَ ضِيَآءً وَٱلْقَمَرَ نُورًا وَقَدَّرَهُۥ مَنَازِلَ لِتَعْلَمُوا۟ عَدَدَ ٱلسِّنِينَ وَٱلْحِسَابَ ۚ مَا خَلَقَ ٱللَّهُ ذَٰلِكَ إِلَّا بِٱلْحَقِّ ۚ يُفَصِّلُ ٱلْـَٔايَـٰتِ لِقَوْمٍ يَعْلَمُونَ",
        "إِنَّ فِى ٱخْتِلَـٰفِ ٱلَّيْلِ وَٱلنَّهَارِ وَمَا خَلَقَ ٱللَّهُ فِى ٱلسَّمَـٰوَٰتِ وَٱلْأَرْضِ لَـَٔايَـٰتٍ لِّقَوْمٍ يَتَّقُونَ",
        "إِنَّ ٱلَّذِينَ لَا يَرْجُونَ لِقَآءَنَا وَرَضُوا۟ بِٱلْحَيَوٰةِ ٱلدُّنْيَا وَٱطْمَأَنُّوا۟ بِهَا وَٱلَّذِينَ هُمْ عَنْ ءَايَـٰتِنَا غَـٰفِلُونَ",
        "أُو۟لَـٰٓئِكَ مَأْوَىٰهُمُ ٱلنَّارُ بِمَا كَانُوا۟ يَكْسِبُونَ",
        "إِنَّ ٱلَّذِينَ ءَامَنُوا۟ وَعَمِلُوا۟ ٱلصَّـٰلِحَـٰتِ يَهْدِيهِمْ رَبُّهُم بِإِيمَـٰنِهِمْ ۖ تَجْرِى مِن تَحْتِهِمُ ٱلْأَنْهَـٰرُ فِى جَنَّـٰتِ ٱلنَّعِيمِ",
        "دَعْوَىٰهُمْ فِيهَا سُبْحَـٰنَكَ ٱللَّهُمَّ وَتَحِيَّتُهُمْ فِيهَا سَلَـٰمٌ ۚ وَءَاخِرُ دَعْوَىٰهُمْ أَنِ ٱلْحَمْدُ لِلَّهِ رَبِّ ٱلْعَـٰلَمِينَ",
        "۞ وَلَوْ يُعَجِّلُ ٱللَّهُ لِلنَّاسِ ٱلشَّرَّ ٱسْتِعْجَالَهُم بِٱلْخَيْرِ لَقُضِىَ إِلَيْهِمْ أَجَلُهُمْ ۖ فَنَذَرُ ٱلَّذِينَ لَا يَرْجُونَ لِقَآءَنَا فِى طُغْيَـٰنِهِمْ يَعْمَهُونَ",
        "وَإِذَا مَسَّ ٱلْإِنسَـٰنَ ٱلضُّرُّ دَعَانَا لِجَنۢبِهِۦٓ أَوْ قَاعِدًا أَوْ قَآئِمًا فَلَمَّا كَشَفْنَا عَنْهُ ضُرَّهُۥ مَرَّ كَأَن لَّمْ يَدْعُنَآ إِلَىٰ ضُرٍّ مَّسَّهُۥ ۚ كَذَٰلِكَ زُيِّنَ لِلْمُسْرِفِينَ مَا كَانُوا۟ يَعْمَلُونَ",
        "وَلَقَدْ أَهْلَكْنَا ٱلْقُرُونَ مِن قَبْلِكُمْ لَمَّا ظَلَمُوا۟ ۙ وَجَآءَتْهُمْ رُسُلُهُم بِٱلْبَيِّنَـٰتِ وَمَا كَانُوا۟ لِيُؤْمِنُوا۟ ۚ كَذَٰلِكَ نَجْزِى ٱلْقَوْمَ ٱلْمُجْرِمِينَ",
        "ثُمَّ جَعَلْنَـٰكُمْ خَلَـٰٓئِفَ فِى ٱلْأَرْضِ مِنۢ بَعْدِهِمْ لِنَنظُرَ كَيْفَ تَعْمَلُونَ",
        "وَإِذَا تُتْلَىٰ عَلَيْهِمْ ءَايَاتُنَا بَيِّنَـٰتٍ ۙ قَالَ ٱلَّذِينَ لَا يَرْجُونَ لِقَآءَنَا ٱئْتِ بِقُرْءَانٍ غَيْرِ هَـٰذَآ أَوْ بَدِّلْهُ ۚ قُلْ مَا يَكُونُ لِىٓ أَنْ أُبَدِّلَهُۥ مِن تِلْقَآئِ نَفْسِىٓ ۖ إِنْ أَتَّبِعُ إِلَّا مَا يُوحَىٰٓ إِلَىَّ ۖ إِنِّىٓ أَخَافُ إِنْ عَصَيْتُ رَبِّى عَذَابَ يَوْمٍ عَظِيمٍ",
        "قُل لَّوْ شَآءَ ٱللَّهُ مَا تَلَوْتُهُۥ عَلَيْكُمْ وَلَآ أَدْرَىٰكُم بِهِۦ ۖ فَقَدْ لَبِثْتُ فِيكُمْ عُمُرًا مِّن قَبْلِهِۦٓ ۚ أَفَلَا تَعْقِلُونَ",
        "فَمَنْ أَظْلَمُ مِمَّنِ ٱفْتَرَىٰ عَلَى ٱللَّهِ كَذِبًا أَوْ كَذَّبَ بِـَٔايَـٰتِهِۦٓ ۚ إِنَّهُۥ لَا يُفْلِحُ ٱلْمُجْرِمُونَ",
        "وَيَعْبُدُونَ مِن دُونِ ٱللَّهِ مَا لَا يَضُرُّهُمْ وَلَا يَنفَعُهُمْ وَيَقُولُونَ هَـٰٓؤُلَآءِ شُفَعَـٰٓؤُنَا عِندَ ٱللَّهِ ۚ قُلْ أَتُنَبِّـُٔونَ ٱللَّهَ بِمَا لَا يَعْلَمُ فِى ٱلسَّمَـٰوَٰتِ وَلَا فِى ٱلْأَرْضِ ۚ سُبْحَـٰنَهُۥ وَتَعَـٰلَىٰ عَمَّا يُشْرِكُونَ",
        "وَمَا كَانَ ٱلنَّاسُ إِلَّآ أُمَّةً وَٰحِدَةً فَٱخْتَلَفُوا۟ ۚ وَلَوْلَا كَلِمَةٌ سَبَقَتْ مِن رَّبِّكَ لَقُضِىَ بَيْنَهُمْ فِيمَا فِيهِ يَخْتَلِفُونَ",
        "وَيَقُولُونَ لَوْلَآ أُنزِلَ عَلَيْهِ ءَايَةٌ مِّن رَّبِّهِۦ ۖ فَقُلْ إِنَّمَا ٱلْغَيْبُ لِلَّهِ فَٱنتَظِرُوٓا۟ إِنِّى مَعَكُم مِّنَ ٱلْمُنتَظِرِينَ",
        "وَإِذَآ أَذَقْنَا ٱلنَّاسَ رَحْمَةً مِّنۢ بَعْدِ ضَرَّآءَ مَسَّتْهُمْ إِذَا لَهُم مَّكْرٌ فِىٓ ءَايَاتِنَا ۚ قُلِ ٱللَّهُ أَسْرَعُ مَكْرًا ۚ إِنَّ رُسُلَنَا يَكْتُبُونَ مَا تَمْكُرُونَ",
        "هُوَ ٱلَّذِى يُسَيِّرُكُمْ فِى ٱلْبَرِّ وَٱلْبَحْرِ ۖ حَتَّىٰٓ إِذَا كُنتُمْ فِى ٱلْفُلْكِ وَجَرَيْنَ بِهِم بِرِيحٍ طَيِّبَةٍ وَفَرِحُوا۟ بِهَا جَآءَتْهَا رِيحٌ عَاصِفٌ وَجَآءَهُمُ ٱلْمَوْجُ مِن كُلِّ مَكَانٍ وَظَنُّوٓا۟ أَنَّهُمْ أُحِيطَ بِهِمْ ۙ دَعَوُا۟ ٱللَّهَ مُخْلِصِينَ لَهُ ٱلدِّينَ لَئِنْ أَنجَيْتَنَا مِنْ هَـٰذِهِۦ لَنَكُونَنَّ مِنَ ٱلشَّـٰكِرِينَ",
        "فَلَمَّآ أَنجَىٰهُمْ إِذَا هُمْ يَبْغُونَ فِى ٱلْأَرْضِ بِغَيْرِ ٱلْحَقِّ ۗ يَـٰٓأَيُّهَا ٱلنَّاسُ إِنَّمَا بَغْيُكُمْ عَلَىٰٓ أَنفُسِكُم ۖ مَّتَـٰعَ ٱلْحَيَوٰةِ ٱلدُّنْيَا ۖ ثُمَّ إِلَيْنَا مَرْجِعُكُمْ فَنُنَبِّئُكُم بِمَا كُنتُمْ تَعْمَلُونَ",
        "إِنَّمَا مَثَلُ ٱلْحَيَوٰةِ ٱلدُّنْيَا كَمَآءٍ أَنزَلْنَـٰهُ مِنَ ٱلسَّمَآءِ فَٱخْتَلَطَ بِهِۦ نَبَاتُ ٱلْأَرْضِ مِمَّا يَأْكُلُ ٱلنَّاسُ وَٱلْأَنْعَـٰمُ حَتَّىٰٓ إِذَآ أَخَذَتِ ٱلْأَرْضُ زُخْرُفَهَا وَٱزَّيَّنَتْ وَظَنَّ أَهْلُهَآ أَنَّهُمْ قَـٰدِرُونَ عَلَيْهَآ أَتَىٰهَآ أَمْرُنَا لَيْلًا أَوْ نَهَارًا فَجَعَلْنَـٰهَا حَصِيدًا كَأَن لَّمْ تَغْنَ بِٱلْأَمْسِ ۚ كَذَٰلِكَ نُفَصِّلُ ٱلْـَٔايَـٰتِ لِقَوْمٍ يَتَفَكَّرُونَ",
        "وَٱللَّهُ يَدْعُوٓا۟ إِلَىٰ دَارِ ٱلسَّلَـٰمِ وَيَهْدِى مَن يَشَآءُ إِلَىٰ صِرَٰطٍ مُّسْتَقِيمٍ",
        "۞ لِّلَّذِينَ أَحْسَنُوا۟ ٱلْحُسْنَىٰ وَزِيَادَةٌ ۖ وَلَا يَرْهَقُ وُجُوهَهُمْ قَتَرٌ وَلَا ذِلَّةٌ ۚ أُو۟لَـٰٓئِكَ أَصْحَـٰبُ ٱلْجَنَّةِ ۖ هُمْ فِيهَا خَـٰلِدُونَ",
        "وَٱلَّذِينَ كَسَبُوا۟ ٱلسَّيِّـَٔاتِ جَزَآءُ سَيِّئَةٍۭ بِمِثْلِهَا وَتَرْهَقُهُمْ ذِلَّةٌ ۖ مَّا لَهُم مِّنَ ٱللَّهِ مِنْ عَاصِمٍ ۖ كَأَنَّمَآ أُغْشِيَتْ وُجُوهُهُمْ قِطَعًا مِّنَ ٱلَّيْلِ مُظْلِمًا ۚ أُو۟لَـٰٓئِكَ أَصْحَـٰبُ ٱلنَّارِ ۖ هُمْ فِيهَا خَـٰلِدُونَ",
        "وَيَوْمَ نَحْشُرُهُمْ جَمِيعًا ثُمَّ نَقُولُ لِلَّذِينَ أَشْرَكُوا۟ مَكَانَكُمْ أَنتُمْ وَشُرَكَآؤُكُمْ ۚ فَزَيَّلْنَا بَيْنَهُمْ ۖ وَقَالَ شُرَكَآؤُهُم مَّا كُنتُمْ إِيَّانَا تَعْبُدُونَ",
        "فَكَفَىٰ بِٱللَّهِ شَهِيدًۢا بَيْنَنَا وَبَيْنَكُمْ إِن كُنَّا عَنْ عِبَادَتِكُمْ لَغَـٰفِلِينَ",
        "هُنَالِكَ تَبْلُوا۟ كُلُّ نَفْسٍ مَّآ أَسْلَفَتْ ۚ وَرُدُّوٓا۟ إِلَى ٱللَّهِ مَوْلَىٰهُمُ ٱلْحَقِّ ۖ وَضَلَّ عَنْهُم مَّا كَانُوا۟ يَفْتَرُونَ",
        "قُلْ مَن يَرْزُقُكُم مِّنَ ٱلسَّمَآءِ وَٱلْأَرْضِ أَمَّن يَمْلِكُ ٱلسَّمْعَ وَٱلْأَبْصَـٰرَ وَمَن يُخْرِجُ ٱلْحَىَّ مِنَ ٱلْمَيِّتِ وَيُخْرِجُ ٱلْمَيِّتَ مِنَ ٱلْحَىِّ وَمَن يُدَبِّرُ ٱلْأَمْرَ ۚ فَسَيَقُولُونَ ٱللَّهُ ۚ فَقُلْ أَفَلَا تَتَّقُونَ",
        "فَذَٰلِكُمُ ٱللَّهُ رَبُّكُمُ ٱلْحَقُّ ۖ فَمَاذَا بَعْدَ ٱلْحَقِّ إِلَّا ٱلضَّلَـٰلُ ۖ فَأَنَّىٰ تُصْرَفُونَ",
        "كَذَٰلِكَ حَقَّتْ كَلِمَتُ رَبِّكَ عَلَى ٱلَّذِينَ فَسَقُوٓا۟ أَنَّهُمْ لَا يُؤْمِنُونَ",
        "قُلْ هَلْ مِن شُرَكَآئِكُم مَّن يَبْدَؤُا۟ ٱلْخَلْقَ ثُمَّ يُعِيدُهُۥ ۚ قُلِ ٱللَّهُ يَبْدَؤُا۟ ٱلْخَلْقَ ثُمَّ يُعِيدُهُۥ ۖ فَأَنَّىٰ تُؤْفَكُونَ",
        "قُلْ هَلْ مِن شُرَكَآئِكُم مَّن يَهْدِىٓ إِلَى ٱلْحَقِّ ۚ قُلِ ٱللَّهُ يَهْدِى لِلْحَقِّ ۗ أَفَمَن يَهْدِىٓ إِلَى ٱلْحَقِّ أَحَقُّ أَن يُتَّبَعَ أَمَّن لَّا يَهِدِّىٓ إِلَّآ أَن يُهْدَىٰ ۖ فَمَا لَكُمْ كَيْفَ تَحْكُمُونَ",
        "وَمَا يَتَّبِعُ أَكْثَرُهُمْ إِلَّا ظَنًّا ۚ إِنَّ ٱلظَّنَّ لَا يُغْنِى مِنَ ٱلْحَقِّ شَيْـًٔا ۚ إِنَّ ٱللَّهَ عَلِيمٌۢ بِمَا يَفْعَلُونَ",
        "وَمَا كَانَ هَـٰذَا ٱلْقُرْءَانُ أَن يُفْتَرَىٰ مِن دُونِ ٱللَّهِ وَلَـٰكِن تَصْدِيقَ ٱلَّذِى بَيْنَ يَدَيْهِ وَتَفْصِيلَ ٱلْكِتَـٰبِ لَا رَيْبَ فِيهِ مِن رَّبِّ ٱلْعَـٰلَمِينَ",
        "أَمْ يَقُولُونَ ٱفْتَرَىٰهُ ۖ قُلْ فَأْتُوا۟ بِسُورَةٍ مِّثْلِهِۦ وَٱدْعُوا۟ مَنِ ٱسْتَطَعْتُم مِّن دُونِ ٱللَّهِ إِن كُنتُمْ صَـٰدِقِينَ",
        "بَلْ كَذَّبُوا۟ بِمَا لَمْ يُحِيطُوا۟ بِعِلْمِهِۦ وَلَمَّا يَأْتِهِمْ تَأْوِيلُهُۥ ۚ كَذَٰلِكَ كَذَّبَ ٱلَّذِينَ مِن قَبْلِهِمْ ۖ فَٱنظُرْ كَيْفَ كَانَ عَـٰقِبَةُ ٱلظَّـٰلِمِينَ",
        "وَمِنْهُم مَّن يُؤْمِنُ بِهِۦ وَمِنْهُم مَّن لَّا يُؤْمِنُ بِهِۦ ۚ وَرَبُّكَ أَعْلَمُ بِٱلْمُفْسِدِينَ",
        "وَإِن كَذَّبُوكَ فَقُل لِّى عَمَلِى وَلَكُمْ عَمَلُكُمْ ۖ أَنتُم بَرِيٓـُٔونَ مِمَّآ أَعْمَلُ وَأَنَا۠ بَرِىٓءٌ مِّمَّا تَعْمَلُونَ",
        "وَمِنْهُم مَّن يَسْتَمِعُونَ إِلَيْكَ ۚ أَفَأَنتَ تُسْمِعُ ٱلصُّمَّ وَلَوْ كَانُوا۟ لَا يَعْقِلُونَ",
        "وَمِنْهُم مَّن يَنظُرُ إِلَيْكَ ۚ أَفَأَنتَ تَهْدِى ٱلْعُمْىَ وَلَوْ كَانُوا۟ لَا يُبْصِرُونَ",
        "إِنَّ ٱللَّهَ لَا يَظْلِمُ ٱلنَّاسَ شَيْـًٔا وَلَـٰكِنَّ ٱلنَّاسَ أَنفُسَهُمْ يَظْلِمُونَ",
        "وَيَوْمَ يَحْشُرُهُمْ كَأَن لَّمْ يَلْبَثُوٓا۟ إِلَّا سَاعَةً مِّنَ ٱلنَّهَارِ يَتَعَارَفُونَ بَيْنَهُمْ ۚ قَدْ خَسِرَ ٱلَّذِينَ كَذَّبُوا۟ بِلِقَآءِ ٱللَّهِ وَمَا كَانُوا۟ مُهْتَدِينَ",
        "وَإِمَّا نُرِيَنَّكَ بَعْضَ ٱلَّذِى نَعِدُهُمْ أَوْ نَتَوَفَّيَنَّكَ فَإِلَيْنَا مَرْجِعُهُمْ ثُمَّ ٱللَّهُ شَهِيدٌ عَلَىٰ مَا يَفْعَلُونَ",
        "وَلِكُلِّ أُمَّةٍ رَّسُولٌ ۖ فَإِذَا جَآءَ رَسُولُهُمْ قُضِىَ بَيْنَهُم بِٱلْقِسْطِ وَهُمْ لَا يُظْلَمُونَ",
        "وَيَقُولُونَ مَتَىٰ هَـٰذَا ٱلْوَعْدُ إِن كُنتُمْ صَـٰدِقِينَ",
        "قُل لَّآ أَمْلِكُ لِنَفْسِى ضَرًّا وَلَا نَفْعًا إِلَّا مَا شَآءَ ٱللَّهُ ۗ لِكُلِّ أُمَّةٍ أَجَلٌ ۚ إِذَا جَآءَ أَجَلُهُمْ فَلَا يَسْتَـْٔخِرُونَ سَاعَةً ۖ وَلَا يَسْتَقْدِمُونَ",
        "قُلْ أَرَءَيْتُمْ إِنْ أَتَىٰكُمْ عَذَابُهُۥ بَيَـٰتًا أَوْ نَهَارًا مَّاذَا يَسْتَعْجِلُ مِنْهُ ٱلْمُجْرِمُونَ",
        "أَثُمَّ إِذَا مَا وَقَعَ ءَامَنتُم بِهِۦٓ ۚ ءَآلْـَٔـٰنَ وَقَدْ كُنتُم بِهِۦ تَسْتَعْجِلُونَ",
        "ثُمَّ قِيلَ لِلَّذِينَ ظَلَمُوا۟ ذُوقُوا۟ عَذَابَ ٱلْخُلْدِ هَلْ تُجْزَوْنَ إِلَّا بِمَا كُنتُمْ تَكْسِبُونَ",
        "۞ وَيَسْتَنۢبِـُٔونَكَ أَحَقٌّ هُوَ ۖ قُلْ إِى وَرَبِّىٓ إِنَّهُۥ لَحَقٌّ ۖ وَمَآ أَنتُم بِمُعْجِزِينَ",
        "وَلَوْ أَنَّ لِكُلِّ نَفْسٍ ظَلَمَتْ مَا فِى ٱلْأَرْضِ لَٱفْتَدَتْ بِهِۦ ۗ وَأَسَرُّوا۟ ٱلنَّدَامَةَ لَمَّا رَأَوُا۟ ٱلْعَذَابَ ۖ وَقُضِىَ بَيْنَهُم بِٱلْقِسْطِ ۚ وَهُمْ لَا يُظْلَمُونَ",
        "أَلَآ إِنَّ لِلَّهِ مَا فِى ٱلسَّمَـٰوَٰتِ وَٱلْأَرْضِ ۗ أَلَآ إِنَّ وَعْدَ ٱللَّهِ حَقٌّ وَلَـٰكِنَّ أَكْثَرَهُمْ لَا يَعْلَمُونَ",
        "هُوَ يُحْىِۦ وَيُمِيتُ وَإِلَيْهِ تُرْجَعُونَ",
        "يَـٰٓأَيُّهَا ٱلنَّاسُ قَدْ جَآءَتْكُم مَّوْعِظَةٌ مِّن رَّبِّكُمْ وَشِفَآءٌ لِّمَا فِى ٱلصُّدُورِ وَهُدًى وَرَحْمَةٌ لِّلْمُؤْمِنِينَ",
        "قُلْ بِفَضْلِ ٱللَّهِ وَبِرَحْمَتِهِۦ فَبِذَٰلِكَ فَلْيَفْرَحُوا۟ هُوَ خَيْرٌ مِّمَّا يَجْمَعُونَ",
        "قُلْ أَرَءَيْتُم مَّآ أَنزَلَ ٱللَّهُ لَكُم مِّن رِّزْقٍ فَجَعَلْتُم مِّنْهُ حَرَامًا وَحَلَـٰلًا قُلْ ءَآللَّهُ أَذِنَ لَكُمْ ۖ أَمْ عَلَى ٱللَّهِ تَفْتَرُونَ",
        "وَمَا ظَنُّ ٱلَّذِينَ يَفْتَرُونَ عَلَى ٱللَّهِ ٱلْكَذِبَ يَوْمَ ٱلْقِيَـٰمَةِ ۗ إِنَّ ٱللَّهَ لَذُو فَضْلٍ عَلَى ٱلنَّاسِ وَلَـٰكِنَّ أَكْثَرَهُمْ لَا يَشْكُرُونَ",
        "وَمَا تَكُونُ فِى شَأْنٍ وَمَا تَتْلُوا۟ مِنْهُ مِن قُرْءَانٍ وَلَا تَعْمَلُونَ مِنْ عَمَلٍ إِلَّا كُنَّا عَلَيْكُمْ شُهُودًا إِذْ تُفِيضُونَ فِيهِ ۚ وَمَا يَعْزُبُ عَن رَّبِّكَ مِن مِّثْقَالِ ذَرَّةٍ فِى ٱلْأَرْضِ وَلَا فِى ٱلسَّمَآءِ وَلَآ أَصْغَرَ مِن ذَٰلِكَ وَلَآ أَكْبَرَ إِلَّا فِى كِتَـٰبٍ مُّبِينٍ",
        "أَلَآ إِنَّ أَوْلِيَآءَ ٱللَّهِ لَا خَوْفٌ عَلَيْهِمْ وَلَا هُمْ يَحْزَنُونَ",
        "ٱلَّذِينَ ءَامَنُوا۟ وَكَانُوا۟ يَتَّقُونَ",
        "لَهُمُ ٱلْبُشْرَىٰ فِى ٱلْحَيَوٰةِ ٱلدُّنْيَا وَفِى ٱلْـَٔاخِرَةِ ۚ لَا تَبْدِيلَ لِكَلِمَـٰتِ ٱللَّهِ ۚ ذَٰلِكَ هُوَ ٱلْفَوْزُ ٱلْعَظِيمُ",
        "وَلَا يَحْزُنكَ قَوْلُهُمْ ۘ إِنَّ ٱلْعِزَّةَ لِلَّهِ جَمِيعًا ۚ هُوَ ٱلسَّمِيعُ ٱلْعَلِيمُ",
        "أَلَآ إِنَّ لِلَّهِ مَن فِى ٱلسَّمَـٰوَٰتِ وَمَن فِى ٱلْأَرْضِ ۗ وَمَا يَتَّبِعُ ٱلَّذِينَ يَدْعُونَ مِن دُونِ ٱللَّهِ شُرَكَآءَ ۚ إِن يَتَّبِعُونَ إِلَّا ٱلظَّنَّ وَإِنْ هُمْ إِلَّا يَخْرُصُونَ",
        "هُوَ ٱلَّذِى جَعَلَ لَكُمُ ٱلَّيْلَ لِتَسْكُنُوا۟ فِيهِ وَٱلنَّهَارَ مُبْصِرًا ۚ إِنَّ فِى ذَٰلِكَ لَـَٔايَـٰتٍ لِّقَوْمٍ يَسْمَعُونَ",
        "قَالُوا۟ ٱتَّخَذَ ٱللَّهُ وَلَدًا ۗ سُبْحَـٰنَهُۥ ۖ هُوَ ٱلْغَنِىُّ ۖ لَهُۥ مَا فِى ٱلسَّمَـٰوَٰتِ وَمَا فِى ٱلْأَرْضِ ۚ إِنْ عِندَكُم مِّن سُلْطَـٰنٍۭ بِهَـٰذَآ ۚ أَتَقُولُونَ عَلَى ٱللَّهِ مَا لَا تَعْلَمُونَ",
        "قُلْ إِنَّ ٱلَّذِينَ يَفْتَرُونَ عَلَى ٱللَّهِ ٱلْكَذِبَ لَا يُفْلِحُونَ",
        "مَتَـٰعٌ فِى ٱلدُّنْيَا ثُمَّ إِلَيْنَا مَرْجِعُهُمْ ثُمَّ نُذِيقُهُمُ ٱلْعَذَابَ ٱلشَّدِيدَ بِمَا كَانُوا۟ يَكْفُرُونَ",
        "۞ وَٱتْلُ عَلَيْهِمْ نَبَأَ نُوحٍ إِذْ قَالَ لِقَوْمِهِۦ يَـٰقَوْمِ إِن كَانَ كَبُرَ عَلَيْكُم مَّقَامِى وَتَذْكِيرِى بِـَٔايَـٰتِ ٱللَّهِ فَعَلَى ٱللَّهِ تَوَكَّلْتُ فَأَجْمِعُوٓا۟ أَمْرَكُمْ وَشُرَكَآءَكُمْ ثُمَّ لَا يَكُنْ أَمْرُكُمْ عَلَيْكُمْ غُمَّةً ثُمَّ ٱقْضُوٓا۟ إِلَىَّ وَلَا تُنظِرُونِ",
        "فَإِن تَوَلَّيْتُمْ فَمَا سَأَلْتُكُم مِّنْ أَجْرٍ ۖ إِنْ أَجْرِىَ إِلَّا عَلَى ٱللَّهِ ۖ وَأُمِرْتُ أَنْ أَكُونَ مِنَ ٱلْمُسْلِمِينَ",
        "فَكَذَّبُوهُ فَنَجَّيْنَـٰهُ وَمَن مَّعَهُۥ فِى ٱلْفُلْكِ وَجَعَلْنَـٰهُمْ خَلَـٰٓئِفَ وَأَغْرَقْنَا ٱلَّذِينَ كَذَّبُوا۟ بِـَٔايَـٰتِنَا ۖ فَٱنظُرْ كَيْفَ كَانَ عَـٰقِبَةُ ٱلْمُنذَرِينَ",
        "ثُمَّ بَعَثْنَا مِنۢ بَعْدِهِۦ رُسُلًا إِلَىٰ قَوْمِهِمْ فَجَآءُوهُم بِٱلْبَيِّنَـٰتِ فَمَا كَانُوا۟ لِيُؤْمِنُوا۟ بِمَا كَذَّبُوا۟ بِهِۦ مِن قَبْلُ ۚ كَذَٰلِكَ نَطْبَعُ عَلَىٰ قُلُوبِ ٱلْمُعْتَدِينَ",
        "ثُمَّ بَعَثْنَا مِنۢ بَعْدِهِم مُّوسَىٰ وَهَـٰرُونَ إِلَىٰ فِرْعَوْنَ وَمَلَإِي۟هِۦ بِـَٔايَـٰتِنَا فَٱسْتَكْبَرُوا۟ وَكَانُوا۟ قَوْمًا مُّجْرِمِينَ",
        "فَلَمَّا جَآءَهُمُ ٱلْحَقُّ مِنْ عِندِنَا قَالُوٓا۟ إِنَّ هَـٰذَا لَسِحْرٌ مُّبِينٌ",
        "قَالَ مُوسَىٰٓ أَتَقُولُونَ لِلْحَقِّ لَمَّا جَآءَكُمْ ۖ أَسِحْرٌ هَـٰذَا وَلَا يُفْلِحُ ٱلسَّـٰحِرُونَ",
        "قَالُوٓا۟ أَجِئْتَنَا لِتَلْفِتَنَا عَمَّا وَجَدْنَا عَلَيْهِ ءَابَآءَنَا وَتَكُونَ لَكُمَا ٱلْكِبْرِيَآءُ فِى ٱلْأَرْضِ وَمَا نَحْنُ لَكُمَا بِمُؤْمِنِينَ",
        "وَقَالَ فِرْعَوْنُ ٱئْتُونِى بِكُلِّ سَـٰحِرٍ عَلِيمٍ",
        "فَلَمَّا جَآءَ ٱلسَّحَرَةُ قَالَ لَهُم مُّوسَىٰٓ أَلْقُوا۟ مَآ أَنتُم مُّلْقُونَ",
        "فَلَمَّآ أَلْقَوْا۟ قَالَ مُوسَىٰ مَا جِئْتُم بِهِ ٱلسِّحْرُ ۖ إِنَّ ٱللَّهَ سَيُبْطِلُهُۥٓ ۖ إِنَّ ٱللَّهَ لَا يُصْلِحُ عَمَلَ ٱلْمُفْسِدِينَ",
        "وَيُحِقُّ ٱللَّهُ ٱلْحَقَّ بِكَلِمَـٰتِهِۦ وَلَوْ كَرِهَ ٱلْمُجْرِمُونَ",
        "فَمَآ ءَامَنَ لِمُوسَىٰٓ إِلَّا ذُرِّيَّةٌ مِّن قَوْمِهِۦ عَلَىٰ خَوْفٍ مِّن فِرْعَوْنَ وَمَلَإِي۟هِمْ أَن يَفْتِنَهُمْ ۚ وَإِنَّ فِرْعَوْنَ لَعَالٍ فِى ٱلْأَرْضِ وَإِنَّهُۥ لَمِنَ ٱلْمُسْرِفِينَ",
        "وَقَالَ مُوسَىٰ يَـٰقَوْمِ إِن كُنتُمْ ءَامَنتُم بِٱللَّهِ فَعَلَيْهِ تَوَكَّلُوٓا۟ إِن كُنتُم مُّسْلِمِينَ",
        "فَقَالُوا۟ عَلَى ٱللَّهِ تَوَكَّلْنَا رَبَّنَا لَا تَجْعَلْنَا فِتْنَةً لِّلْقَوْمِ ٱلظَّـٰلِمِينَ",
        "وَنَجِّنَا بِرَحْمَتِكَ مِنَ ٱلْقَوْمِ ٱلْكَـٰفِرِينَ",
        "وَأَوْحَيْنَآ إِلَىٰ مُوسَىٰ وَأَخِيهِ أَن تَبَوَّءَا لِقَوْمِكُمَا بِمِصْرَ بُيُوتًا وَٱجْعَلُوا۟ بُيُوتَكُمْ قِبْلَةً وَأَقِيمُوا۟ ٱلصَّلَوٰةَ ۗ وَبَشِّرِ ٱلْمُؤْمِنِينَ",
        "وَقَالَ مُوسَىٰ رَبَّنَآ إِنَّكَ ءَاتَيْتَ فِرْعَوْنَ وَمَلَأَهُۥ زِينَةً وَأَمْوَٰلًا فِى ٱلْحَيَوٰةِ ٱلدُّنْيَا رَبَّنَا لِيُضِلُّوا۟ عَن سَبِيلِكَ ۖ رَبَّنَا ٱطْمِسْ عَلَىٰٓ أَمْوَٰلِهِمْ وَٱشْدُدْ عَلَىٰ قُلُوبِهِمْ فَلَا يُؤْمِنُوا۟ حَتَّىٰ يَرَوُا۟ ٱلْعَذَابَ ٱلْأَلِيمَ",
        "قَالَ قَدْ أُجِيبَت دَّعْوَتُكُمَا فَٱسْتَقِيمَا وَلَا تَتَّبِعَآنِّ سَبِيلَ ٱلَّذِينَ لَا يَعْلَمُونَ",
        "۞ وَجَـٰوَزْنَا بِبَنِىٓ إِسْرَٰٓءِيلَ ٱلْبَحْرَ فَأَتْبَعَهُمْ فِرْعَوْنُ وَجُنُودُهُۥ بَغْيًا وَعَدْوًا ۖ حَتَّىٰٓ إِذَآ أَدْرَكَهُ ٱلْغَرَقُ قَالَ ءَامَنتُ أَنَّهُۥ لَآ إِلَـٰهَ إِلَّا ٱلَّذِىٓ ءَامَنَتْ بِهِۦ بَنُوٓا۟ إِسْرَٰٓءِيلَ وَأَنَا۠ مِنَ ٱلْمُسْلِمِينَ",
        "ءَآلْـَٔـٰنَ وَقَدْ عَصَيْتَ قَبْلُ وَكُنتَ مِنَ ٱلْمُفْسِدِينَ",
        "فَٱلْيَوْمَ نُنَجِّيكَ بِبَدَنِكَ لِتَكُونَ لِمَنْ خَلْفَكَ ءَايَةً ۚ وَإِنَّ كَثِيرًا مِّنَ ٱلنَّاسِ عَنْ ءَايَـٰتِنَا لَغَـٰفِلُونَ",
        "وَلَقَدْ بَوَّأْنَا بَنِىٓ إِسْرَٰٓءِيلَ مُبَوَّأَ صِدْقٍ وَرَزَقْنَـٰهُم مِّنَ ٱلطَّيِّبَـٰتِ فَمَا ٱخْتَلَفُوا۟ حَتَّىٰ جَآءَهُمُ ٱلْعِلْمُ ۚ إِنَّ رَبَّكَ يَقْضِى بَيْنَهُمْ يَوْمَ ٱلْقِيَـٰمَةِ فِيمَا كَانُوا۟ فِيهِ يَخْتَلِفُونَ",
        "فَإِن كُنتَ فِى شَكٍّ مِّمَّآ أَنزَلْنَآ إِلَيْكَ فَسْـَٔلِ ٱلَّذِينَ يَقْرَءُونَ ٱلْكِتَـٰبَ مِن قَبْلِكَ ۚ لَقَدْ جَآءَكَ ٱلْحَقُّ مِن رَّبِّكَ فَلَا تَكُونَنَّ مِنَ ٱلْمُمْتَرِينَ",
        "وَلَا تَكُونَنَّ مِنَ ٱلَّذِينَ كَذَّبُوا۟ بِـَٔايَـٰتِ ٱللَّهِ فَتَكُونَ مِنَ ٱلْخَـٰسِرِينَ",
        "إِنَّ ٱلَّذِينَ حَقَّتْ عَلَيْهِمْ كَلِمَتُ رَبِّكَ لَا يُؤْمِنُونَ",
        "وَلَوْ جَآءَتْهُمْ كُلُّ ءَايَةٍ حَتَّىٰ يَرَوُا۟ ٱلْعَذَابَ ٱلْأَلِيمَ",
        "فَلَوْلَا كَانَتْ قَرْيَةٌ ءَامَنَتْ فَنَفَعَهَآ إِيمَـٰنُهَآ إِلَّا قَوْمَ يُونُسَ لَمَّآ ءَامَنُوا۟ كَشَفْنَا عَنْهُمْ عَذَابَ ٱلْخِزْىِ فِى ٱلْحَيَوٰةِ ٱلدُّنْيَا وَمَتَّعْنَـٰهُمْ إِلَىٰ حِينٍ",
        "وَلَوْ شَآءَ رَبُّكَ لَـَٔامَنَ مَن فِى ٱلْأَرْضِ كُلُّهُمْ جَمِيعًا ۚ أَفَأَنتَ تُكْرِهُ ٱلنَّاسَ حَتَّىٰ يَكُونُوا۟ مُؤْمِنِينَ",
        "وَمَا كَانَ لِنَفْسٍ أَن تُؤْمِنَ إِلَّا بِإِذْنِ ٱللَّهِ ۚ وَيَجْعَلُ ٱلرِّجْسَ عَلَى ٱلَّذِينَ لَا يَعْقِلُونَ",
        "قُلِ ٱنظُرُوا۟ مَاذَا فِى ٱلسَّمَـٰوَٰتِ وَٱلْأَرْضِ ۚ وَمَا تُغْنِى ٱلْـَٔايَـٰتُ وَٱلنُّذُرُ عَن قَوْمٍ لَّا يُؤْمِنُونَ",
        "فَهَلْ يَنتَظِرُونَ إِلَّا مِثْلَ أَيَّامِ ٱلَّذِينَ خَلَوْا۟ مِن قَبْلِهِمْ ۚ قُلْ فَٱنتَظِرُوٓا۟ إِنِّى مَعَكُم مِّنَ ٱلْمُنتَظِرِينَ",
        "ثُمَّ نُنَجِّى رُسُلَنَا وَٱلَّذِينَ ءَامَنُوا۟ ۚ كَذَٰلِكَ حَقًّا عَلَيْنَا نُنجِ ٱلْمُؤْمِنِينَ",
        "قُلْ يَـٰٓأَيُّهَا ٱلنَّاسُ إِن كُنتُمْ فِى شَكٍّ مِّن دِينِى فَلَآ أَعْبُدُ ٱلَّذِينَ تَعْبُدُونَ مِن دُونِ ٱللَّهِ وَلَـٰكِنْ أَعْبُدُ ٱللَّهَ ٱلَّذِى يَتَوَفَّىٰكُمْ ۖ وَأُمِرْتُ أَنْ أَكُونَ مِنَ ٱلْمُؤْمِنِينَ",
        "وَأَنْ أَقِمْ وَجْهَكَ لِلدِّينِ حَنِيفًا وَلَا تَكُونَنَّ مِنَ ٱلْمُشْرِكِينَ",
        "وَلَا تَدْعُ مِن دُونِ ٱللَّهِ مَا لَا يَنفَعُكَ وَلَا يَضُرُّكَ ۖ فَإِن فَعَلْتَ فَإِنَّكَ إِذًا مِّنَ ٱلظَّـٰلِمِينَ",
        "وَإِن يَمْسَسْكَ ٱللَّهُ بِضُرٍّ فَلَا كَاشِفَ لَهُۥٓ إِلَّا هُوَ ۖ وَإِن يُرِدْكَ بِخَيْرٍ فَلَا رَآدَّ لِفَضْلِهِۦ ۚ يُصِيبُ بِهِۦ مَن يَشَآءُ مِنْ عِبَادِهِۦ ۚ وَهُوَ ٱلْغَفُورُ ٱلرَّحِيمُ",
        "قُلْ يَـٰٓأَيُّهَا ٱلنَّاسُ قَدْ جَآءَكُمُ ٱلْحَقُّ مِن رَّبِّكُمْ ۖ فَمَنِ ٱهْتَدَىٰ فَإِنَّمَا يَهْتَدِى لِنَفْسِهِۦ ۖ وَمَن ضَلَّ فَإِنَّمَا يَضِلُّ عَلَيْهَا ۖ وَمَآ أَنَا۠ عَلَيْكُم بِوَكِيلٍ",
        "وَٱتَّبِعْ مَا يُوحَىٰٓ إِلَيْكَ وَٱصْبِرْ حَتَّىٰ يَحْكُمَ ٱللَّهُ ۚ وَهُوَ خَيْرُ ٱلْحَـٰكِمِينَ"
    ],
    "arabic2": [
        "الر تلك ايات الكتاب الحكيم",
        "اكان للناس عجبا ان اوحينا الى رجل منهم ان انذر الناس وبشر الذين امنوا ان لهم قدم صدق عند ربهم قال الكافرون ان هذا لساحر مبين",
        "ان ربكم الله الذي خلق السماوات والارض في ستة ايام ثم استوى على العرش يدبر الامر ما من شفيع الا من بعد اذنه ذلكم الله ربكم فاعبدوه افلا تذكرون",
        "اليه مرجعكم جميعا وعد الله حقا انه يبدا الخلق ثم يعيده ليجزي الذين امنوا وعملوا الصالحات بالقسط والذين كفروا لهم شراب من حميم وعذاب اليم بما كانوا يكفرون",
        "هو الذي جعل الشمس ضياء والقمر نورا وقدره منازل لتعلموا عدد السنين والحساب ما خلق الله ذلك الا بالحق يفصل الايات لقوم يعلمون",
        "ان في اختلاف الليل والنهار وما خلق الله في السماوات والارض لايات لقوم يتقون",
        "ان الذين لا يرجون لقاءنا ورضوا بالحياة الدنيا واطمانوا بها والذين هم عن اياتنا غافلون",
        "اولئك ماواهم النار بما كانوا يكسبون",
        "ان الذين امنوا وعملوا الصالحات يهديهم ربهم بايمانهم تجري من تحتهم الانهار في جنات النعيم",
        "دعواهم فيها سبحانك اللهم وتحيتهم فيها سلام واخر دعواهم ان الحمد لله رب العالمين",
        "ولو يعجل الله للناس الشر استعجالهم بالخير لقضي اليهم اجلهم فنذر الذين لا يرجون لقاءنا في طغيانهم يعمهون",
        "واذا مس الانسان الضر دعانا لجنبه او قاعدا او قائما فلما كشفنا عنه ضره مر كان لم يدعنا الى ضر مسه كذلك زين للمسرفين ما كانوا يعملون",
        "ولقد اهلكنا القرون من قبلكم لما ظلموا وجاءتهم رسلهم بالبينات وما كانوا ليؤمنوا كذلك نجزي القوم المجرمين",
        "ثم جعلناكم خلائف في الارض من بعدهم لننظر كيف تعملون",
        "واذا تتلى عليهم اياتنا بينات قال الذين لا يرجون لقاءنا ائت بقران غير هذا او بدله قل ما يكون لي ان ابدله من تلقاء نفسي ان اتبع الا ما يوحى الي اني اخاف ان عصيت ربي عذاب يوم عظيم",
        "قل لو شاء الله ما تلوته عليكم ولا ادراكم به فقد لبثت فيكم عمرا من قبله افلا تعقلون",
        "فمن اظلم ممن افترى على الله كذبا او كذب باياته انه لا يفلح المجرمون",
        "ويعبدون من دون الله ما لا يضرهم ولا ينفعهم ويقولون هؤلاء شفعاؤنا عند الله قل اتنبئون الله بما لا يعلم في السماوات ولا في الارض سبحانه وتعالى عما يشركون",
        "وما كان الناس الا امة واحدة فاختلفوا ولولا كلمة سبقت من ربك لقضي بينهم فيما فيه يختلفون",
        "ويقولون لولا انزل عليه اية من ربه فقل انما الغيب لله فانتظروا اني معكم من المنتظرين",
        "واذا اذقنا الناس رحمة من بعد ضراء مستهم اذا لهم مكر في اياتنا قل الله اسرع مكرا ان رسلنا يكتبون ما تمكرون",
        "هو الذي يسيركم في البر والبحر حتى اذا كنتم في الفلك وجرين بهم بريح طيبة وفرحوا بها جاءتها ريح عاصف وجاءهم الموج من كل مكان وظنوا انهم احيط بهم دعوا الله مخلصين له الدين لئن انجيتنا من هذه لنكونن من الشاكرين",
        "فلما انجاهم اذا هم يبغون في الارض بغير الحق يا ايها الناس انما بغيكم على انفسكم متاع الحياة الدنيا ثم الينا مرجعكم فننبئكم بما كنتم تعملون",
        "انما مثل الحياة الدنيا كماء انزلناه من السماء فاختلط به نبات الارض مما ياكل الناس والانعام حتى اذا اخذت الارض زخرفها وازينت وظن اهلها انهم قادرون عليها اتاها امرنا ليلا او نهارا فجعلناها حصيدا كان لم تغن بالامس كذلك نفصل الايات لقوم يتفكرون",
        "والله يدعو الى دار السلام ويهدي من يشاء الى صراط مستقيم",
        "للذين احسنوا الحسنى وزيادة ولا يرهق وجوههم قتر ولا ذلة اولئك اصحاب الجنة هم فيها خالدون",
        "والذين كسبوا السيئات جزاء سيئة بمثلها وترهقهم ذلة ما لهم من الله من عاصم كانما اغشيت وجوههم قطعا من الليل مظلما اولئك اصحاب النار هم فيها خالدون",
        "ويوم نحشرهم جميعا ثم نقول للذين اشركوا مكانكم انتم وشركاؤكم فزيلنا بينهم وقال شركاؤهم ما كنتم ايانا تعبدون",
        "فكفى بالله شهيدا بيننا وبينكم ان كنا عن عبادتكم لغافلين",
        "هنالك تبلو كل نفس ما اسلفت وردوا الى الله مولاهم الحق وضل عنهم ما كانوا يفترون",
        "قل من يرزقكم من السماء والارض امن يملك السمع والابصار ومن يخرج الحي من الميت ويخرج الميت من الحي ومن يدبر الامر فسيقولون الله فقل افلا تتقون",
        "فذلكم الله ربكم الحق فماذا بعد الحق الا الضلال فانى تصرفون",
        "كذلك حقت كلمت ربك على الذين فسقوا انهم لا يؤمنون",
        "قل هل من شركائكم من يبدا الخلق ثم يعيده قل الله يبدا الخلق ثم يعيده فانى تؤفكون",
        "قل هل من شركائكم من يهدي الى الحق قل الله يهدي للحق افمن يهدي الى الحق احق ان يتبع امن لا يهدي الا ان يهدى فما لكم كيف تحكمون",
        "وما يتبع اكثرهم الا ظنا ان الظن لا يغني من الحق شيئا ان الله عليم بما يفعلون",
        "وما كان هذا القران ان يفترى من دون الله ولكن تصديق الذي بين يديه وتفصيل الكتاب لا ريب فيه من رب العالمين",
        "ام يقولون افتراه قل فاتوا بسورة مثله وادعوا من استطعتم من دون الله ان كنتم صادقين",
        "بل كذبوا بما لم يحيطوا بعلمه ولما ياتهم تاويله كذلك كذب الذين من قبلهم فانظر كيف كان عاقبة الظالمين",
        "ومنهم من يؤمن به ومنهم من لا يؤمن به وربك اعلم بالمفسدين",
        "وان كذبوك فقل لي عملي ولكم عملكم انتم بريئون مما اعمل وانا بريء مما تعملون",
        "ومنهم من يستمعون اليك افانت تسمع الصم ولو كانوا لا يعقلون",
        "ومنهم من ينظر اليك افانت تهدي العمي ولو كانوا لا يبصرون",
        "ان الله لا يظلم الناس شيئا ولكن الناس انفسهم يظلمون",
        "ويوم يحشرهم كان لم يلبثوا الا ساعة من النهار يتعارفون بينهم قد خسر الذين كذبوا بلقاء الله وما كانوا مهتدين",
        "واما نرينك بعض الذي نعدهم او نتوفينك فالينا مرجعهم ثم الله شهيد على ما يفعلون",
        "ولكل امة رسول فاذا جاء رسولهم قضي بينهم بالقسط وهم لا يظلمون",
        "ويقولون متى هذا الوعد ان كنتم صادقين",
        "قل لا املك لنفسي ضرا ولا نفعا الا ما شاء الله لكل امة اجل اذا جاء اجلهم فلا يستاخرون ساعة ولا يستقدمون",
        "قل ارايتم ان اتاكم عذابه بياتا او نهارا ماذا يستعجل منه المجرمون",
        "اثم اذا ما وقع امنتم به الان وقد كنتم به تستعجلون",
        "ثم قيل للذين ظلموا ذوقوا عذاب الخلد هل تجزون الا بما كنتم تكسبون",
        "ويستنبئونك احق هو قل اي وربي انه لحق وما انتم بمعجزين",
        "ولو ان لكل نفس ظلمت ما في الارض لافتدت به واسروا الندامة لما راوا العذاب وقضي بينهم بالقسط وهم لا يظلمون",
        "الا ان لله ما في السماوات والارض الا ان وعد الله حق ولكن اكثرهم لا يعلمون",
        "هو يحيي ويميت واليه ترجعون",
        "يا ايها الناس قد جاءتكم موعظة من ربكم وشفاء لما في الصدور وهدى ورحمة للمؤمنين",
        "قل بفضل الله وبرحمته فبذلك فليفرحوا هو خير مما يجمعون",
        "قل ارايتم ما انزل الله لكم من رزق فجعلتم منه حراما وحلالا قل الله اذن لكم ام على الله تفترون",
        "وما ظن الذين يفترون على الله الكذب يوم القيامة ان الله لذو فضل على الناس ولكن اكثرهم لا يشكرون",
        "وما تكون في شان وما تتلو منه من قران ولا تعملون من عمل الا كنا عليكم شهودا اذ تفيضون فيه وما يعزب عن ربك من مثقال ذرة في الارض ولا في السماء ولا اصغر من ذلك ولا اكبر الا في كتاب مبين",
        "الا ان اولياء الله لا خوف عليهم ولا هم يحزنون",
        "الذين امنوا وكانوا يتقون",
        "لهم البشرى في الحياة الدنيا وفي الاخرة لا تبديل لكلمات الله ذلك هو الفوز العظيم",
        "ولا يحزنك قولهم ان العزة لله جميعا هو السميع العليم",
        "الا ان لله من في السماوات ومن في الارض وما يتبع الذين يدعون من دون الله شركاء ان يتبعون الا الظن وان هم الا يخرصون",
        "هو الذي جعل لكم الليل لتسكنوا فيه والنهار مبصرا ان في ذلك لايات لقوم يسمعون",
        "قالوا اتخذ الله ولدا سبحانه هو الغني له ما في السماوات وما في الارض ان عندكم من سلطان بهذا اتقولون على الله ما لا تعلمون",
        "قل ان الذين يفترون على الله الكذب لا يفلحون",
        "متاع في الدنيا ثم الينا مرجعهم ثم نذيقهم العذاب الشديد بما كانوا يكفرون",
        "واتل عليهم نبا نوح اذ قال لقومه يا قوم ان كان كبر عليكم مقامي وتذكيري بايات الله فعلى الله توكلت فاجمعوا امركم وشركاءكم ثم لا يكن امركم عليكم غمة ثم اقضوا الي ولا تنظرون",
        "فان توليتم فما سالتكم من اجر ان اجري الا على الله وامرت ان اكون من المسلمين",
        "فكذبوه فنجيناه ومن معه في الفلك وجعلناهم خلائف واغرقنا الذين كذبوا باياتنا فانظر كيف كان عاقبة المنذرين",
        "ثم بعثنا من بعده رسلا الى قومهم فجاءوهم بالبينات فما كانوا ليؤمنوا بما كذبوا به من قبل كذلك نطبع على قلوب المعتدين",
        "ثم بعثنا من بعدهم موسى وهارون الى فرعون وملئه باياتنا فاستكبروا وكانوا قوما مجرمين",
        "فلما جاءهم الحق من عندنا قالوا ان هذا لسحر مبين",
        "قال موسى اتقولون للحق لما جاءكم اسحر هذا ولا يفلح الساحرون",
        "قالوا اجئتنا لتلفتنا عما وجدنا عليه اباءنا وتكون لكما الكبرياء في الارض وما نحن لكما بمؤمنين",
        "وقال فرعون ائتوني بكل ساحر عليم",
        "فلما جاء السحرة قال لهم موسى القوا ما انتم ملقون",
        "فلما القوا قال موسى ما جئتم به السحر ان الله سيبطله ان الله لا يصلح عمل المفسدين",
        "ويحق الله الحق بكلماته ولو كره المجرمون",
        "فما امن لموسى الا ذرية من قومه على خوف من فرعون وملئهم ان يفتنهم وان فرعون لعال في الارض وانه لمن المسرفين",
        "وقال موسى يا قوم ان كنتم امنتم بالله فعليه توكلوا ان كنتم مسلمين",
        "فقالوا على الله توكلنا ربنا لا تجعلنا فتنة للقوم الظالمين",
        "ونجنا برحمتك من القوم الكافرين",
        "واوحينا الى موسى واخيه ان تبوا لقومكما بمصر بيوتا واجعلوا بيوتكم قبلة واقيموا الصلاة وبشر المؤمنين",
        "وقال موسى ربنا انك اتيت فرعون وملاه زينة واموالا في الحياة الدنيا ربنا ليضلوا عن سبيلك ربنا اطمس على اموالهم واشدد على قلوبهم فلا يؤمنوا حتى يروا العذاب الاليم",
        "قال قد اجيبت دعوتكما فاستقيما ولا تتبعان سبيل الذين لا يعلمون",
        "وجاوزنا ببني اسرائيل البحر فاتبعهم فرعون وجنوده بغيا وعدوا حتى اذا ادركه الغرق قال امنت انه لا اله الا الذي امنت به بنو اسرائيل وانا من المسلمين",
        "الان وقد عصيت قبل وكنت من المفسدين",
        "فاليوم ننجيك ببدنك لتكون لمن خلفك اية وان كثيرا من الناس عن اياتنا لغافلون",
        "ولقد بوانا بني اسرائيل مبوا صدق ورزقناهم من الطيبات فما اختلفوا حتى جاءهم العلم ان ربك يقضي بينهم يوم القيامة فيما كانوا فيه يختلفون",
        "فان كنت في شك مما انزلنا اليك فاسال الذين يقرءون الكتاب من قبلك لقد جاءك الحق من ربك فلا تكونن من الممترين",
        "ولا تكونن من الذين كذبوا بايات الله فتكون من الخاسرين",
        "ان الذين حقت عليهم كلمت ربك لا يؤمنون",
        "ولو جاءتهم كل اية حتى يروا العذاب الاليم",
        "فلولا كانت قرية امنت فنفعها ايمانها الا قوم يونس لما امنوا كشفنا عنهم عذاب الخزي في الحياة الدنيا ومتعناهم الى حين",
        "ولو شاء ربك لامن من في الارض كلهم جميعا افانت تكره الناس حتى يكونوا مؤمنين",
        "وما كان لنفس ان تؤمن الا باذن الله ويجعل الرجس على الذين لا يعقلون",
        "قل انظروا ماذا في السماوات والارض وما تغني الايات والنذر عن قوم لا يؤمنون",
        "فهل ينتظرون الا مثل ايام الذين خلوا من قبلهم قل فانتظروا اني معكم من المنتظرين",
        "ثم ننجي رسلنا والذين امنوا كذلك حقا علينا ننج المؤمنين",
        "قل يا ايها الناس ان كنتم في شك من ديني فلا اعبد الذين تعبدون من دون الله ولكن اعبد الله الذي يتوفاكم وامرت ان اكون من المؤمنين",
        "وان اقم وجهك للدين حنيفا ولا تكونن من المشركين",
        "ولا تدع من دون الله ما لا ينفعك ولا يضرك فان فعلت فانك اذا من الظالمين",
        "وان يمسسك الله بضر فلا كاشف له الا هو وان يردك بخير فلا راد لفضله يصيب به من يشاء من عباده وهو الغفور الرحيم",
        "قل يا ايها الناس قد جاءكم الحق من ربكم فمن اهتدى فانما يهتدي لنفسه ومن ضل فانما يضل عليها وما انا عليكم بوكيل",
        "واتبع ما يوحى اليك واصبر حتى يحكم الله وهو خير الحاكمين"
    ]
}