{
    "surahName": "Al-Humaza",
    "surahNameArabic": "الهمزة",
    "surahNameArabicLong": "سورة الهمزة",
    "surahNameTranslation": "The Traducer",
    "revelationPlace": "Mecca",
    "totalAyah": 9,
    "surahNo": 104,
    "english": [
        "Woe to every backbiter, slanderer",
        "who amasses wealth ˹greedily˺ and counts it ˹repeatedly˺",
        "thinking that their wealth will make them immortal!",
        "Not at all! Such a person will certainly be tossed into the Crusher.",
        "And what will make you realize what the Crusher is?",
        "˹It is˺ Allah’s kindled Fire",
        "which rages over the hearts.",
        "It will be sealed over them",
        "˹tightly secured˺ with long braces."
    ],
    "arabic1": [
        " وَيْلٌ لِّكُلِّ هُمَزَةٍ لُّمَزَةٍ",
        "ٱلَّذِى جَمَعَ مَالًا وَعَدَّدَهُۥ",
        "يَحْسَبُ أَنَّ مَالَهُۥٓ أَخْلَدَهُۥ",
        "كَلَّا ۖ لَيُنۢبَذَنَّ فِى ٱلْحُطَمَةِ",
        "وَمَآ أَدْرَىٰكَ مَا ٱلْحُطَمَةُ",
        "نَارُ ٱللَّهِ ٱلْمُوقَدَةُ",
        "ٱلَّتِى تَطَّلِعُ عَلَى ٱلْأَفْـِٔدَةِ",
        "إِنَّهَا عَلَيْهِم مُّؤْصَدَةٌ",
        "فِى عَمَدٍ مُّمَدَّدَةٍۭ"
    ],
    "arabic2": [
        "ويل لكل همزة لمزة",
        "الذي جمع مالا وعدده",
        "يحسب ان ماله اخلده",
        "كلا لينبذن في الحطمة",
        "وما ادراك ما الحطمة",
        "نار الله الموقدة",
        "التي تطلع على الافئدة",
        "انها عليهم مؤصدة",
        "في عمد ممددة"
    ]
}