{
    "surahName": "Al-Fil",
    "surahNameArabic": "الفيل",
    "surahNameArabicLong": "سورة الفيل",
    "surahNameTranslation": "The Elephant",
    "revelationPlace": "Mecca",
    "totalAyah": 5,
    "surahNo": 105,
    "english": [
        "Have you not seen ˹O Prophet˺ how your Lord dealt with the Army of the Elephant?",
        "Did He not frustrate their scheme?",
        "For He sent against them flocks of birds",
        "that pelted them with stones of baked clay",
        "leaving them like chewed up straw."
    ],
    "arabic1": [
        " أَلَمْ تَرَ كَيْفَ فَعَلَ رَبُّكَ بِأَصْحَـٰبِ ٱلْفِيلِ",
        "أَلَمْ يَجْعَلْ كَيْدَهُمْ فِى تَضْلِيلٍ",
        "وَأَرْسَلَ عَلَيْهِمْ طَيْرًا أَبَابِيلَ",
        "تَرْمِيهِم بِحِجَارَةٍ مِّن سِجِّيلٍ",
        "فَجَعَلَهُمْ كَعَصْفٍ مَّأْكُولٍۭ"
    ],
    "arabic2": [
        "الم تر كيف فعل ربك باصحاب الفيل",
        "الم يجعل كيدهم في تضليل",
        "وارسل عليهم طيرا ابابيل",
        "ترميهم بحجارة من سجيل",
        "فجعلهم كعصف ماكول"
    ]
}