{
    "surahName": "Al-Maa'un",
    "surahNameArabic": "الماعون",
    "surahNameArabicLong": "سورة الماعون",
    "surahNameTranslation": "Almsgiving",
    "revelationPlace": "Mecca",
    "totalAyah": 7,
    "surahNo": 107,
    "english": [
        "Have you seen the one who denies the ˹final˺ Judgment?",
        "That is the one who repulses the orphan",
        "and does not encourage the feeding of the poor.",
        "So woe to those ˹hypocrites˺ who pray",
        "yet are unmindful of their prayers;",
        "those who ˹only˺ show off",
        "and refuse to give ˹even the simplest˺ aid."
    ],
    "arabic1": [
        " أَرَءَيْتَ ٱلَّذِى يُكَذِّبُ بِٱلدِّينِ",
        "فَذَٰلِكَ ٱلَّذِى يَدُعُّ ٱلْيَتِيمَ",
        "وَلَا يَحُضُّ عَلَىٰ طَعَامِ ٱلْمِسْكِينِ",
        "فَوَيْلٌ لِّلْمُصَلِّينَ",
        "ٱلَّذِينَ هُمْ عَن صَلَاتِهِمْ سَاهُونَ",
        "ٱلَّذِينَ هُمْ يُرَآءُونَ",
        "وَيَمْنَعُونَ ٱلْمَاعُونَ"
    ],
    "arabic2": [
        "ارايت الذي يكذب بالدين",
        "فذلك الذي يدع اليتيم",
        "ولا يحض على طعام المسكين",
        "فويل للمصلين",
        "الذين هم عن صلاتهم ساهون",
        "الذين هم يراءون",
        "ويمنعون الماعون"
    ]
}