{
    "surahName": "Al-Kawthar",
    "surahNameArabic": "الكوثر",
    "surahNameArabicLong": "سورة الكوثر",
    "surahNameTranslation": "Abundance",
    "revelationPlace": "Mecca",
    "totalAyah": 3,
    "surahNo": 108,
    "english": [
        "Indeed, We have granted you ˹O Prophet˺ abundant goodness.",
        "So pray and sacrifice to your Lord ˹alone˺.",
        "Only the one who hates you is truly cut off ˹from any goodness˺."
    ],
    "arabic1": [
        " إِنَّآ أَعْطَيْنَـٰكَ ٱلْكَوْثَرَ",
        "فَصَلِّ لِرَبِّكَ وَٱنْحَرْ",
        "إِنَّ شَانِئَكَ هُوَ ٱلْأَبْتَرُ"
    ],
    "arabic2": [
        "انا اعطيناك الكوثر",
        "فصل لربك وانحر",
        "ان شانئك هو الابتر"
    ]
}