{
    "surahName": "Al-Masad",
    "surahNameArabic": "المسد",
    "surahNameArabicLong": "سورة المسد",
    "surahNameTranslation": "The Palm Fibre",
    "revelationPlace": "Mecca",
    "totalAyah": 5,
    "surahNo": 111,
    "english": [
        "May the hands of Abu Lahab perish, and he ˹himself˺ perish!",
        "Neither his wealth nor ˹worldly˺ gains will benefit him.",
        "He will burn in a flaming Fire",
        "and ˹so will˺ his wife, the carrier of ˹thorny˺ kindling",
        "around her neck will be a rope of palm-fibre."
    ],
    "arabic1": [
        " تَبَّتْ يَدَآ أَبِى لَهَبٍ وَتَبَّ",
        "مَآ أَغْنَىٰ عَنْهُ مَالُهُۥ وَمَا كَسَبَ",
        "سَيَصْلَىٰ نَارًا ذَاتَ لَهَبٍ",
        "وَٱمْرَأَتُهُۥ حَمَّالَةَ ٱلْحَطَبِ",
        "فِى جِيدِهَا حَبْلٌ مِّن مَّسَدٍۭ"
    ],
    "arabic2": [
        "تبت يدا ابي لهب وتب",
        "ما اغنى عنه ماله وما كسب",
        "سيصلى نارا ذات لهب",
        "وامراته حمالة الحطب",
        "في جيدها حبل من مسد"
    ]
}