{
    "surahName": "Al-Falaq",
    "surahNameArabic": "الفلق",
    "surahNameArabicLong": "سورة الفلق",
    "surahNameTranslation": "The Dawn",
    "revelationPlace": "Mecca",
    "totalAyah": 5,
    "surahNo": 113,
    "english": [
        "Say, ˹O Prophet,˺ “I seek refuge in the Lord of the daybreak",
        "from the evil of whatever He has created",
        "and from the evil of the night when it grows dark",
        "and from the evil of those ˹witches casting spells by˺ blowing onto knots",
        "and from the evil of an envier when they envy.”"
    ],
    "arabic1": [
        " قُلْ أَعُوذُ بِرَبِّ ٱلْفَلَقِ",
        "مِن شَرِّ مَا خَلَقَ",
        "وَمِن شَرِّ غَاسِقٍ إِذَا وَقَبَ",
        "وَمِن شَرِّ ٱلنَّفَّـٰثَـٰتِ فِى ٱلْعُقَدِ",
        "وَمِن شَرِّ حَاسِدٍ إِذَا حَسَدَ"
    ],
    "arabic2": [
        "قل اعوذ برب الفلق",
        "من شر ما خلق",
        "ومن شر غاسق اذا وقب",
        "ومن شر النفاثات في العقد",
        "ومن شر حاسد اذا حسد"
    ]
}