{
    "surahName": "An-Naas",
    "surahNameArabic": "الناس",
    "surahNameArabicLong": "سورة الناس",
    "surahNameTranslation": "Mankind",
    "revelationPlace": "Mecca",
    "totalAyah": 6,
    "surahNo": 114,
    "english": [
        "Say, ˹O Prophet,˺ “I seek refuge in the Lord of humankind",
        "the Master of humankind",
        "the God of humankind",
        "from the evil of the lurking whisperer—",
        "who whispers into the hearts of humankind—",
        "from among jinn and humankind.”"
    ],
    "arabic1": [
        " قُلْ أَعُوذُ بِرَبِّ ٱلنَّاسِ",
        "مَلِكِ ٱلنَّاسِ",
        "إِلَـٰهِ ٱلنَّاسِ",
        "مِن شَرِّ ٱلْوَسْوَاسِ ٱلْخَنَّاسِ",
        "ٱلَّذِى يُوَسْوِسُ فِى صُدُورِ ٱلنَّاسِ",
        "مِنَ ٱلْجِنَّةِ وَٱلنَّاسِ"
    ],
    "arabic2": [
        "قل اعوذ برب الناس",
        "ملك الناس",
        "اله الناس",
        "من شر الوسواس الخناس",
        "الذي يوسوس في صدور الناس",
        "من الجنة والناس"
    ]
}