{
    "surahName": "Yusuf",
    "surahNameArabic": "يوسف",
    "surahNameArabicLong": "سورة يوسف",
    "surahNameTranslation": "Joseph",
    "revelationPlace": "Mecca",
    "totalAyah": 111,
    "surahNo": 12,
    "english": [
        "Alif-Lãm-Ra. These are the verses of the clear Book.",
        "Indeed, We have sent it down as an Arabic Quran so that you may understand.",
        "We relate to you ˹O Prophet˺ the best of stories through Our revelation of this Quran, though before this you were totally unaware ˹of them˺.",
        "˹Remember˺ when Joseph said to his father, “O my dear father! Indeed I dreamt of eleven stars, and the sun, and the moon—I saw them prostrating to me!”",
        "He replied, “O my dear son! Do not relate your vision to your brothers, or they will devise a plot against you. Surely Satan is a sworn enemy to humankind.",
        "And so will your Lord choose you ˹O Joseph˺, and teach you the interpretation of dreams, and perfect His favour upon you and the descendants of Jacob—˹just˺ as He once perfected it upon your forefathers, Abraham and Isaac. Surely your Lord is All-Knowing, All-Wise.”",
        "Indeed, in the story of Joseph and his brothers there are lessons for all who ask.",
        "˹Remember˺ when they said ˹to one another˺, “Surely Joseph and his brother ˹Benjamin˺ are more beloved to our father than we, even though we are a group of so many. Indeed, our father is clearly mistaken.",
        "Kill Joseph or cast him out to some ˹distant˺ land so that our father’s attention will be only ours, then after that you may ˹repent and˺ become righteous people!”",
        "One of them said, “Do not kill Joseph. But if you must do something, throw him into the bottom of a well so perhaps he may be picked up by some travellers.”",
        "They said, “O our father! Why do you not trust us with Joseph, although we truly wish him well?",
        "Send him out with us tomorrow so that he may enjoy himself and play. And we will really watch over him.”",
        "He responded, “It would truly sadden me if you took him away with you, and I fear that a wolf may devour him while you are negligent of him.”",
        "They said, “If a wolf were to devour him, despite our strong group, then we would certainly be losers!”",
        "And so, when they took him away and decided to throw him into the bottom of the well, We inspired him: “˹One day˺ you will remind them of this deed of theirs while they are unaware ˹of who you are˺.”",
        "Then they returned to their father in the evening, weeping.",
        "They cried, “Our father! We went racing and left Joseph with our belongings, and a wolf devoured him! But you will not believe us, no matter how truthful we are.”",
        "And they brought his shirt, stained with false blood. He responded, “No! Your souls must have tempted you to do something ˹evil˺. So ˹I can only endure with˺ beautiful patience! It is Allah’s help that I seek to bear your claims.”",
        "And there came some travellers, and they sent their water-boy who let down his bucket into the well. He cried out, “Oh, what a great find! Here is a boy!” And they took him secretly ˹to be sold˺ as merchandise, but Allah is All-Knowing of what they did.",
        "They ˹later˺ sold him for a cheap price, just a few silver coins—only wanting to get rid of him.",
        "The man from Egypt who bought him said to his wife, “Take good care of him, perhaps he may be useful to us or we may adopt him as a son.” This is how We established Joseph in the land, so that We might teach him the interpretation of dreams. Allah’s Will always prevails, but most people do not know.",
        "And when he reached maturity, We gave him wisdom and knowledge. This is how We reward the good-doers.",
        "And the lady, in whose house he lived, tried to seduce him. She locked the doors ˹firmly˺ and said, “Come to me!” He replied, “Allah is my refuge! It is ˹not right to betray˺ my master, who has taken good care of me. Indeed, the wrongdoers never succeed.”",
        "She advanced towards him, and he would have done likewise, had he not seen a sign from his Lord. This is how We kept evil and indecency away from him, for he was truly one of Our chosen servants.",
        "They raced for the door and she tore his shirt from the back, only to find her husband at the door. She cried, “What is the penalty for someone who tried to violate your wife, except imprisonment or a painful punishment?”",
        "Joseph responded, “It was she who tried to seduce me.” And a witness from her own family testified: “If his shirt is torn from the front, then she has told the truth and he is a liar.",
        "But if it is torn from the back, then she has lied and he is truthful.”",
        "So when her husband saw that Joseph’s shirt was torn from the back, he said ˹to her˺, “This must be ˹an example˺ of the cunning of you ˹women˺! Indeed, your cunning is so shrewd!",
        "O  Joseph! Forget about this. And you ˹O wife˺! Seek forgiveness for your sin. It certainly has been your fault.”",
        "Some women of the city gossiped, “The Chief Minister’s wife is trying to seduce her slave-boy. Love for him has plagued her heart. Indeed, we see that she is clearly mistaken.”",
        "When she heard about their gossip, she invited them and set a banquet for them. She gave each one a knife, then said ˹to Joseph˺, “Come out before them.” When they saw him, they were so stunned ˹by his beauty˺ that they cut their hands, and exclaimed, “Good God! This cannot be human; this must be a noble angel!”",
        "She said, “This is the one for whose love you criticized me! I did try to seduce him but he ˹firmly˺ refused. And if he does not do what I order him to, he will certainly be imprisoned and ˹fully˺ disgraced.”",
        "Joseph prayed, “My Lord! I would rather be in jail than do what they invite me to. And if You do not turn their cunning away from me, I might yield to them and fall into ignorance.”",
        "So his Lord responded to him, turning their cunning away from him. Surely He is the All-Hearing, All-Knowing.",
        "And so it occurred to those in charge, despite seeing all the proofs ˹of his innocence˺, that he should be imprisoned for a while.",
        "And two other servants went to jail with Joseph. One of them said, “I dreamt I was pressing wine.” The other said, “I dreamt I was carrying ˹some˺ bread on my head, from which birds were eating.” ˹Then both said,˺ “Tell us their interpretation, for we surely see you as one of the good-doers.”",
        "Joseph replied, “I can even tell you what kind of meal you will be served before you receive it. This ˹knowledge˺ is from what my Lord has taught me. I have shunned the faith of a people who disbelieve in Allah and deny the Hereafter.",
        "I follow the faith of my fathers: Abraham, Isaac, and Jacob. It is not ˹right˺ for us to associate anything with Allah ˹in worship˺. This is part of Allah’s grace upon us and humanity, but most people are not grateful.",
        "O  my fellow-prisoners! Which is far better: many different lords or Allah—the One, the Supreme?",
        "Whatever ˹idols˺ you worship instead of Him are mere names which you and your forefathers have made up—a practice Allah has never authorized. It is only Allah Who decides. He has commanded that you worship none but Him. That is the upright faith, but most people do not know.",
        "“O my fellow-prisoners! ˹The first˺ one of you will serve wine to his master, and the other will be crucified and the birds will eat from his head. The matter about which you inquired has been decided.”",
        "Then he said to the one he knew would survive, “Mention me in the presence of your master.” But Satan made him forget to mention Joseph to his master, so he remained in prison for several years.",
        "And ˹one day˺ the King said, “I dreamt of seven fat cows eaten up by seven skinny ones; and seven green ears of grain and ˹seven˺ others dry. O  chiefs! Tell me the meaning of my dream if you can interpret dreams.”",
        "They replied, “These are confused visions and we do not know the interpretation of such dreams.”",
        "˹Finally,˺ the surviving ex-prisoner remembered ˹Joseph˺ after a long time and said, “I will tell you its interpretation, so send me forth ˹to Joseph˺.”",
        "˹He said,˺ “Joseph, O  man of truth! Interpret for us ˹the dream of˺ seven fat cows eaten up by seven skinny ones; and seven green ears of grain and ˹seven˺ others dry, so that I may return to the people and let them know.”",
        "Joseph replied, “You will plant ˹grain˺ for seven consecutive years, leaving in the ear whatever you will harvest, except for the little you will eat.",
        "Then after that will come seven years of great hardship which will consume whatever you have saved, except the little you will store ˹for seed˺.",
        "Then after that will come a year in which people will receive abundant rain and they will press ˹oil and wine˺.”",
        "The King ˹then˺ said, “Bring him to me.” When the messenger came to him, Joseph said, “Go back to your master and ask him about the case of the women who cut their hands. Surely my Lord has ˹full˺ knowledge of their cunning.”",
        "The King asked ˹the women˺, “What did you get when you tried to seduce Joseph?” They replied, “Allah forbid! We know nothing indecent about him.” Then the Chief Minister’s wife admitted, “Now the truth has come to light. It was I who tried to seduce him, and he is surely truthful.",
        "From this, Joseph should know that I did not speak dishonestly about him in his absence, for Allah certainly does not guide the scheming of the dishonest.",
        "And I do not seek to free myself from blame, for indeed the soul is ever inclined to evil, except those shown mercy by my Lord. Surely my Lord is All-Forgiving, Most Merciful.”",
        "The King said, “Bring him to me. I will employ him exclusively in my service.” And when Joseph spoke to him, the King said, “Today you are highly esteemed and fully trusted by us.”",
        "Joseph proposed, “Put me in charge of the store-houses of the land, for I am truly reliable and adept.”",
        "This is how We established Joseph in the land to settle wherever he pleased. We shower Our mercy on whoever We will, and We never discount the reward of the good-doers.",
        "And the reward of the Hereafter is far better for those who are faithful and are mindful ˹of Allah˺.",
        "And Joseph’s brothers came and entered his presence. He recognized them but they were unaware of who he really was.",
        "When he had provided them with their supplies, he demanded, “Bring me your brother on your father’s side. Do you not see that I give full measure and I am the best of hosts?",
        "But if you do not bring him to me ˹next time˺, I will have no grain for you, nor will you ever come close to me again.”",
        "They promised, “We will try to convince his father to let him come. We will certainly do ˹our best˺.”",
        "Joseph ordered his servants to put his brothers’ money back into their saddlebags so that they would find it when they returned to their family and perhaps they would come back.",
        "When Joseph’s brothers returned to their father, they pleaded, “O our father! We have been denied ˹further˺ supplies. So send our brother with us so that we may receive our measure, and we will definitely watch over him.”",
        "He responded, “Should I trust you with him as I once trusted you with his brother ˹Joseph˺? But ˹only˺ Allah is the best Protector, and He is the Most Merciful of the merciful.”",
        "When they opened their bags, they discovered that their money had been returned to them. They argued, “O our father! What more can we ask for? Here is our money, fully returned to us. Now we can buy more food for our family. We will watch over our brother, and obtain an extra camel-load of grain. That load can be easily secured.”",
        "Jacob insisted, “I will not send him with you until you give me a solemn oath by Allah that you will certainly bring him back to me, unless you are totally overpowered.” Then after they had given him their oaths, he concluded, “Allah is a Witness to what we have said.”",
        "He then instructed ˹them˺, “O my sons! Do not enter ˹the city˺ all through one gate, but through separate gates. I cannot help you against ˹what is destined by˺ Allah in the least. It is only Allah Who decides. In Him I put my trust. And in Him let the faithful put their trust.”",
        "Then when they entered as their father had instructed them, this did not help them against ˹the Will of˺ Allah whatsoever. It was just a desire in Jacob’s heart which he satisfied. He was truly blessed with ˹great˺ knowledge because of what We had taught him, but most people have no knowledge.",
        "When they entered Joseph’s presence, he called his brother ˹Benjamin˺ aside, and confided ˹to him˺, “I am indeed your brother ˹Joseph˺! So do not feel distressed about what they have been doing.”",
        "When Joseph had provided them with supplies, he slipped the royal cup into his brother’s bag. Then a herald cried, “O people of the caravan! You must be thieves!”",
        "They asked, turning back, “What have you lost?”",
        "The herald ˹along with the guards˺ replied, “We have lost the King’s measuring cup. And whoever brings it will be awarded a camel-load ˹of grain˺. I guarantee it.”",
        "Joseph’s brothers replied, “By Allah! You know well that we did not come to cause trouble in the land, nor are we thieves.”",
        "Joseph’s men asked, “What should be the price for theft, if you are lying?”",
        "Joseph’s brothers responded, “The price will be ˹the enslavement of˺ the one in whose bag the cup is found. That is how we punish the wrongdoers.”",
        "Joseph began searching their bags before that of his brother ˹Benjamin˺, then brought it out of Benjamin’s bag. This is how We inspired Joseph to plan. He could not have taken his brother under the King’s law, but Allah had so willed. We elevate in rank whoever We will. But above those ranking in knowledge is the One All-Knowing.",
        "˹To distance themselves,˺ Joseph’s brothers argued, “If he has stolen, so did his ˹full˺ brother before.” But Joseph suppressed his outrage—revealing nothing to them—and said ˹to himself˺, “You are in such an evil position, and Allah knows best ˹the truth of˺ what you claim.”",
        "They appealed, “O Chief Minister! He has a very old father, so take one of us instead. We surely see you as one of the good-doers.”",
        "Joseph responded, “Allah forbid that we should take other than the one with whom we found our property. Otherwise, we would surely be unjust.”",
        "When they lost all hope in him, they spoke privately. The eldest of them said, “Do you not know that your father had taken a solemn oath by Allah from you, nor how you failed him regarding Joseph before? So I am not leaving this land until my father allows me to, or Allah decides for me. For He is the Best of Judges.",
        "Return to your father and say, ‘O our father! Your son committed theft. We testify only to what we know. We could not guard against the unforeseen.",
        "Ask ˹the people of˺ the land where we were and the caravan we travelled with. We are certainly telling the truth.’”",
        "He cried, “No! Your souls must have tempted you to do something ˹evil˺. So ˹I am left with nothing but˺ beautiful patience! I trust Allah will return them all to me. Surely He ˹alone˺ is the All-Knowing, All-Wise.”",
        "He turned away from them, lamenting, “Alas, poor Joseph!” And his eyes turned white out of the grief he suppressed.",
        "They said, “By Allah! You will not cease to remember Joseph until you lose your health or ˹even˺ your life.”",
        "He replied, “I complain of my anguish and sorrow only to Allah, and I know from Allah what you do not know.",
        "O  my sons! Go and search ˹diligently˺ for Joseph and his brother. And do not lose hope in the mercy of Allah, for no one loses hope in Allah’s mercy except those with no faith.”",
        "When they entered Joseph’s presence, they pleaded, “O Chief Minister! We and our family have been touched with hardship, and we have brought only a few worthless coins, but ˹please˺ give us our supplies in full and be charitable to us. Indeed, Allah rewards the charitable.”",
        "He asked, “Do you remember what you did to Joseph and his brother in your ignorance?”",
        "They replied ˹in shock˺, “Are you really Joseph?” He said, “I am Joseph, and here is my brother ˹Benjamin˺! Allah has truly been gracious to us. Surely whoever is mindful ˹of Allah˺ and patient, then certainly Allah never discounts the reward of the good-doers.”",
        "They admitted, “By Allah! Allah has truly preferred you over us, and we have surely been sinful.”",
        "Joseph said, “There is no blame on you today. May Allah forgive you! He is the Most Merciful of the merciful!",
        "Go with this shirt of mine and cast it over my father’s face, and he will regain his sight. Then come back to me with your whole family.”",
        "When the caravan departed ˹from Egypt˺, their father said ˹to those around him˺, “You may think I am senile, but I certainly sense the smell of Joseph.”",
        "They replied, “By Allah! You are definitely still in your old delusion.”",
        "But when the bearer of the good news arrived, he cast the shirt over Jacob’s face, so he regained his sight. Jacob then said ˹to his children˺, “Did I not tell you that I truly know from Allah what you do not know?”",
        "They begged, “O our father! Pray for the forgiveness of our sins. We have certainly been sinful.”",
        "He said, “I will pray to my Lord for your forgiveness. He ˹alone˺ is indeed the All-Forgiving, Most Merciful.”",
        "When they entered Joseph’s presence, he received his parents ˹graciously˺ and said, “Enter Egypt, Allah willing, in security.”",
        "Then he raised his parents to the throne, and they all fell down in prostration to Joseph, who then said, “O my dear father! This is the interpretation of my old dream. My Lord has made it come true. He was truly kind to me when He freed me from prison, and brought you all from the desert after Satan had ignited rivalry between me and my siblings. Indeed my Lord is subtle in fulfilling what He wills. Surely He ˹alone˺ is the All-Knowing, All-Wise.”",
        "“My Lord! You have surely granted me authority and taught me the interpretation of dreams. ˹O˺ Originator of the heavens and the earth! You are my Guardian in this world and the Hereafter. Allow me to die as one who submits and join me with the righteous.”",
        "That is from the stories of the unseen which We reveal to you ˹O Prophet˺. You were not present when they ˹all˺ made up their minds, and when they plotted ˹against Joseph˺.",
        "And most people will not believe—no matter how keen you are—",
        "even though you are not asking them for a reward for this ˹Quran˺. It is only a reminder to the whole world.",
        "How many signs in the heavens and the earth do they pass by with indifference!",
        "And most of them do not believe in Allah without associating others with Him ˹in worship˺.",
        "Do they feel secure that an overwhelming torment from Allah will not overtake them, or that the Hour will not take them by surprise when they least expect ˹it˺?",
        "Say, ˹O Prophet,˺ “This is my way. I invite to Allah with insight—I and those who follow me. Glory be to Allah, and I am not one of the polytheists.”",
        "We only sent before you ˹O Prophet˺ men inspired by Us from among the people of each society. Have the deniers not travelled through the land to see what was the end of those ˹destroyed˺ before them? And surely the ˹eternal˺ Home of the Hereafter is far better for those mindful ˹of Allah˺. Will you not then understand?",
        "And when the messengers despaired and their people thought the messengers had been denied help, Our help came to them ˹at last˺. We then saved whoever We willed, and Our punishment is never averted from the wicked people.",
        "In their stories there is truly a lesson for people of reason. This message cannot be a fabrication, rather ˹it is˺ a confirmation of previous revelation, a detailed explanation of all things, a guide, and a mercy for people of faith."
    ],
    "arabic1": [
        " الٓر ۚ تِلْكَ ءَايَـٰتُ ٱلْكِتَـٰبِ ٱلْمُبِينِ",
        "إِنَّآ أَنزَلْنَـٰهُ قُرْءَٰنًا عَرَبِيًّا لَّعَلَّكُمْ تَعْقِلُونَ",
        "نَحْنُ نَقُصُّ عَلَيْكَ أَحْسَنَ ٱلْقَصَصِ بِمَآ أَوْحَيْنَآ إِلَيْكَ هَـٰذَا ٱلْقُرْءَانَ وَإِن كُنتَ مِن قَبْلِهِۦ لَمِنَ ٱلْغَـٰفِلِينَ",
        "إِذْ قَالَ يُوسُفُ لِأَبِيهِ يَـٰٓأَبَتِ إِنِّى رَأَيْتُ أَحَدَ عَشَرَ كَوْكَبًا وَٱلشَّمْسَ وَٱلْقَمَرَ رَأَيْتُهُمْ لِى سَـٰجِدِينَ",
        "قَالَ يَـٰبُنَىَّ لَا تَقْصُصْ رُءْيَاكَ عَلَىٰٓ إِخْوَتِكَ فَيَكِيدُوا۟ لَكَ كَيْدًا ۖ إِنَّ ٱلشَّيْطَـٰنَ لِلْإِنسَـٰنِ عَدُوٌّ مُّبِينٌ",
        "وَكَذَٰلِكَ يَجْتَبِيكَ رَبُّكَ وَيُعَلِّمُكَ مِن تَأْوِيلِ ٱلْأَحَادِيثِ وَيُتِمُّ نِعْمَتَهُۥ عَلَيْكَ وَعَلَىٰٓ ءَالِ يَعْقُوبَ كَمَآ أَتَمَّهَا عَلَىٰٓ أَبَوَيْكَ مِن قَبْلُ إِبْرَٰهِيمَ وَإِسْحَـٰقَ ۚ إِنَّ رَبَّكَ عَلِيمٌ حَكِيمٌ",
        "۞ لَّقَدْ كَانَ فِى يُوسُفَ وَإِخْوَتِهِۦٓ ءَايَـٰتٌ لِّلسَّآئِلِينَ",
        "إِذْ قَالُوا۟ لَيُوسُفُ وَأَخُوهُ أَحَبُّ إِلَىٰٓ أَبِينَا مِنَّا وَنَحْنُ عُصْبَةٌ إِنَّ أَبَانَا لَفِى ضَلَـٰلٍ مُّبِينٍ",
        "ٱقْتُلُوا۟ يُوسُفَ أَوِ ٱطْرَحُوهُ أَرْضًا يَخْلُ لَكُمْ وَجْهُ أَبِيكُمْ وَتَكُونُوا۟ مِنۢ بَعْدِهِۦ قَوْمًا صَـٰلِحِينَ",
        "قَالَ قَآئِلٌ مِّنْهُمْ لَا تَقْتُلُوا۟ يُوسُفَ وَأَلْقُوهُ فِى غَيَـٰبَتِ ٱلْجُبِّ يَلْتَقِطْهُ بَعْضُ ٱلسَّيَّارَةِ إِن كُنتُمْ فَـٰعِلِينَ",
        "قَالُوا۟ يَـٰٓأَبَانَا مَا لَكَ لَا تَأْمَ۫نَّا عَلَىٰ يُوسُفَ وَإِنَّا لَهُۥ لَنَـٰصِحُونَ",
        "أَرْسِلْهُ مَعَنَا غَدًا يَرْتَعْ وَيَلْعَبْ وَإِنَّا لَهُۥ لَحَـٰفِظُونَ",
        "قَالَ إِنِّى لَيَحْزُنُنِىٓ أَن تَذْهَبُوا۟ بِهِۦ وَأَخَافُ أَن يَأْكُلَهُ ٱلذِّئْبُ وَأَنتُمْ عَنْهُ غَـٰفِلُونَ",
        "قَالُوا۟ لَئِنْ أَكَلَهُ ٱلذِّئْبُ وَنَحْنُ عُصْبَةٌ إِنَّآ إِذًا لَّخَـٰسِرُونَ",
        "فَلَمَّا ذَهَبُوا۟ بِهِۦ وَأَجْمَعُوٓا۟ أَن يَجْعَلُوهُ فِى غَيَـٰبَتِ ٱلْجُبِّ ۚ وَأَوْحَيْنَآ إِلَيْهِ لَتُنَبِّئَنَّهُم بِأَمْرِهِمْ هَـٰذَا وَهُمْ لَا يَشْعُرُونَ",
        "وَجَآءُوٓ أَبَاهُمْ عِشَآءً يَبْكُونَ",
        "قَالُوا۟ يَـٰٓأَبَانَآ إِنَّا ذَهَبْنَا نَسْتَبِقُ وَتَرَكْنَا يُوسُفَ عِندَ مَتَـٰعِنَا فَأَكَلَهُ ٱلذِّئْبُ ۖ وَمَآ أَنتَ بِمُؤْمِنٍ لَّنَا وَلَوْ كُنَّا صَـٰدِقِينَ",
        "وَجَآءُو عَلَىٰ قَمِيصِهِۦ بِدَمٍ كَذِبٍ ۚ قَالَ بَلْ سَوَّلَتْ لَكُمْ أَنفُسُكُمْ أَمْرًا ۖ فَصَبْرٌ جَمِيلٌ ۖ وَٱللَّهُ ٱلْمُسْتَعَانُ عَلَىٰ مَا تَصِفُونَ",
        "وَجَآءَتْ سَيَّارَةٌ فَأَرْسَلُوا۟ وَارِدَهُمْ فَأَدْلَىٰ دَلْوَهُۥ ۖ قَالَ يَـٰبُشْرَىٰ هَـٰذَا غُلَـٰمٌ ۚ وَأَسَرُّوهُ بِضَـٰعَةً ۚ وَٱللَّهُ عَلِيمٌۢ بِمَا يَعْمَلُونَ",
        "وَشَرَوْهُ بِثَمَنٍۭ بَخْسٍ دَرَٰهِمَ مَعْدُودَةٍ وَكَانُوا۟ فِيهِ مِنَ ٱلزَّٰهِدِينَ",
        "وَقَالَ ٱلَّذِى ٱشْتَرَىٰهُ مِن مِّصْرَ لِٱمْرَأَتِهِۦٓ أَكْرِمِى مَثْوَىٰهُ عَسَىٰٓ أَن يَنفَعَنَآ أَوْ نَتَّخِذَهُۥ وَلَدًا ۚ وَكَذَٰلِكَ مَكَّنَّا لِيُوسُفَ فِى ٱلْأَرْضِ وَلِنُعَلِّمَهُۥ مِن تَأْوِيلِ ٱلْأَحَادِيثِ ۚ وَٱللَّهُ غَالِبٌ عَلَىٰٓ أَمْرِهِۦ وَلَـٰكِنَّ أَكْثَرَ ٱلنَّاسِ لَا يَعْلَمُونَ",
        "وَلَمَّا بَلَغَ أَشُدَّهُۥٓ ءَاتَيْنَـٰهُ حُكْمًا وَعِلْمًا ۚ وَكَذَٰلِكَ نَجْزِى ٱلْمُحْسِنِينَ",
        "وَرَٰوَدَتْهُ ٱلَّتِى هُوَ فِى بَيْتِهَا عَن نَّفْسِهِۦ وَغَلَّقَتِ ٱلْأَبْوَٰبَ وَقَالَتْ هَيْتَ لَكَ ۚ قَالَ مَعَاذَ ٱللَّهِ ۖ إِنَّهُۥ رَبِّىٓ أَحْسَنَ مَثْوَاىَ ۖ إِنَّهُۥ لَا يُفْلِحُ ٱلظَّـٰلِمُونَ",
        "وَلَقَدْ هَمَّتْ بِهِۦ ۖ وَهَمَّ بِهَا لَوْلَآ أَن رَّءَا بُرْهَـٰنَ رَبِّهِۦ ۚ كَذَٰلِكَ لِنَصْرِفَ عَنْهُ ٱلسُّوٓءَ وَٱلْفَحْشَآءَ ۚ إِنَّهُۥ مِنْ عِبَادِنَا ٱلْمُخْلَصِينَ",
        "وَٱسْتَبَقَا ٱلْبَابَ وَقَدَّتْ قَمِيصَهُۥ مِن دُبُرٍ وَأَلْفَيَا سَيِّدَهَا لَدَا ٱلْبَابِ ۚ قَالَتْ مَا جَزَآءُ مَنْ أَرَادَ بِأَهْلِكَ سُوٓءًا إِلَّآ أَن يُسْجَنَ أَوْ عَذَابٌ أَلِيمٌ",
        "قَالَ هِىَ رَٰوَدَتْنِى عَن نَّفْسِى ۚ وَشَهِدَ شَاهِدٌ مِّنْ أَهْلِهَآ إِن كَانَ قَمِيصُهُۥ قُدَّ مِن قُبُلٍ فَصَدَقَتْ وَهُوَ مِنَ ٱلْكَـٰذِبِينَ",
        "وَإِن كَانَ قَمِيصُهُۥ قُدَّ مِن دُبُرٍ فَكَذَبَتْ وَهُوَ مِنَ ٱلصَّـٰدِقِينَ",
        "فَلَمَّا رَءَا قَمِيصَهُۥ قُدَّ مِن دُبُرٍ قَالَ إِنَّهُۥ مِن كَيْدِكُنَّ ۖ إِنَّ كَيْدَكُنَّ عَظِيمٌ",
        "يُوسُفُ أَعْرِضْ عَنْ هَـٰذَا ۚ وَٱسْتَغْفِرِى لِذَنۢبِكِ ۖ إِنَّكِ كُنتِ مِنَ ٱلْخَاطِـِٔينَ",
        "۞ وَقَالَ نِسْوَةٌ فِى ٱلْمَدِينَةِ ٱمْرَأَتُ ٱلْعَزِيزِ تُرَٰوِدُ فَتَىٰهَا عَن نَّفْسِهِۦ ۖ قَدْ شَغَفَهَا حُبًّا ۖ إِنَّا لَنَرَىٰهَا فِى ضَلَـٰلٍ مُّبِينٍ",
        "فَلَمَّا سَمِعَتْ بِمَكْرِهِنَّ أَرْسَلَتْ إِلَيْهِنَّ وَأَعْتَدَتْ لَهُنَّ مُتَّكَـًٔا وَءَاتَتْ كُلَّ وَٰحِدَةٍ مِّنْهُنَّ سِكِّينًا وَقَالَتِ ٱخْرُجْ عَلَيْهِنَّ ۖ فَلَمَّا رَأَيْنَهُۥٓ أَكْبَرْنَهُۥ وَقَطَّعْنَ أَيْدِيَهُنَّ وَقُلْنَ حَـٰشَ لِلَّهِ مَا هَـٰذَا بَشَرًا إِنْ هَـٰذَآ إِلَّا مَلَكٌ كَرِيمٌ",
        "قَالَتْ فَذَٰلِكُنَّ ٱلَّذِى لُمْتُنَّنِى فِيهِ ۖ وَلَقَدْ رَٰوَدتُّهُۥ عَن نَّفْسِهِۦ فَٱسْتَعْصَمَ ۖ وَلَئِن لَّمْ يَفْعَلْ مَآ ءَامُرُهُۥ لَيُسْجَنَنَّ وَلَيَكُونًا مِّنَ ٱلصَّـٰغِرِينَ",
        "قَالَ رَبِّ ٱلسِّجْنُ أَحَبُّ إِلَىَّ مِمَّا يَدْعُونَنِىٓ إِلَيْهِ ۖ وَإِلَّا تَصْرِفْ عَنِّى كَيْدَهُنَّ أَصْبُ إِلَيْهِنَّ وَأَكُن مِّنَ ٱلْجَـٰهِلِينَ",
        "فَٱسْتَجَابَ لَهُۥ رَبُّهُۥ فَصَرَفَ عَنْهُ كَيْدَهُنَّ ۚ إِنَّهُۥ هُوَ ٱلسَّمِيعُ ٱلْعَلِيمُ",
        "ثُمَّ بَدَا لَهُم مِّنۢ بَعْدِ مَا رَأَوُا۟ ٱلْـَٔايَـٰتِ لَيَسْجُنُنَّهُۥ حَتَّىٰ حِينٍ",
        "وَدَخَلَ مَعَهُ ٱلسِّجْنَ فَتَيَانِ ۖ قَالَ أَحَدُهُمَآ إِنِّىٓ أَرَىٰنِىٓ أَعْصِرُ خَمْرًا ۖ وَقَالَ ٱلْـَٔاخَرُ إِنِّىٓ أَرَىٰنِىٓ أَحْمِلُ فَوْقَ رَأْسِى خُبْزًا تَأْكُلُ ٱلطَّيْرُ مِنْهُ ۖ نَبِّئْنَا بِتَأْوِيلِهِۦٓ ۖ إِنَّا نَرَىٰكَ مِنَ ٱلْمُحْسِنِينَ",
        "قَالَ لَا يَأْتِيكُمَا طَعَامٌ تُرْزَقَانِهِۦٓ إِلَّا نَبَّأْتُكُمَا بِتَأْوِيلِهِۦ قَبْلَ أَن يَأْتِيَكُمَا ۚ ذَٰلِكُمَا مِمَّا عَلَّمَنِى رَبِّىٓ ۚ إِنِّى تَرَكْتُ مِلَّةَ قَوْمٍ لَّا يُؤْمِنُونَ بِٱللَّهِ وَهُم بِٱلْـَٔاخِرَةِ هُمْ كَـٰفِرُونَ",
        "وَٱتَّبَعْتُ مِلَّةَ ءَابَآءِىٓ إِبْرَٰهِيمَ وَإِسْحَـٰقَ وَيَعْقُوبَ ۚ مَا كَانَ لَنَآ أَن نُّشْرِكَ بِٱللَّهِ مِن شَىْءٍ ۚ ذَٰلِكَ مِن فَضْلِ ٱللَّهِ عَلَيْنَا وَعَلَى ٱلنَّاسِ وَلَـٰكِنَّ أَكْثَرَ ٱلنَّاسِ لَا يَشْكُرُونَ",
        "يَـٰصَـٰحِبَىِ ٱلسِّجْنِ ءَأَرْبَابٌ مُّتَفَرِّقُونَ خَيْرٌ أَمِ ٱللَّهُ ٱلْوَٰحِدُ ٱلْقَهَّارُ",
        "مَا تَعْبُدُونَ مِن دُونِهِۦٓ إِلَّآ أَسْمَآءً سَمَّيْتُمُوهَآ أَنتُمْ وَءَابَآؤُكُم مَّآ أَنزَلَ ٱللَّهُ بِهَا مِن سُلْطَـٰنٍ ۚ إِنِ ٱلْحُكْمُ إِلَّا لِلَّهِ ۚ أَمَرَ أَلَّا تَعْبُدُوٓا۟ إِلَّآ إِيَّاهُ ۚ ذَٰلِكَ ٱلدِّينُ ٱلْقَيِّمُ وَلَـٰكِنَّ أَكْثَرَ ٱلنَّاسِ لَا يَعْلَمُونَ",
        "يَـٰصَـٰحِبَىِ ٱلسِّجْنِ أَمَّآ أَحَدُكُمَا فَيَسْقِى رَبَّهُۥ خَمْرًا ۖ وَأَمَّا ٱلْـَٔاخَرُ فَيُصْلَبُ فَتَأْكُلُ ٱلطَّيْرُ مِن رَّأْسِهِۦ ۚ قُضِىَ ٱلْأَمْرُ ٱلَّذِى فِيهِ تَسْتَفْتِيَانِ",
        "وَقَالَ لِلَّذِى ظَنَّ أَنَّهُۥ نَاجٍ مِّنْهُمَا ٱذْكُرْنِى عِندَ رَبِّكَ فَأَنسَىٰهُ ٱلشَّيْطَـٰنُ ذِكْرَ رَبِّهِۦ فَلَبِثَ فِى ٱلسِّجْنِ بِضْعَ سِنِينَ",
        "وَقَالَ ٱلْمَلِكُ إِنِّىٓ أَرَىٰ سَبْعَ بَقَرَٰتٍ سِمَانٍ يَأْكُلُهُنَّ سَبْعٌ عِجَافٌ وَسَبْعَ سُنۢبُلَـٰتٍ خُضْرٍ وَأُخَرَ يَابِسَـٰتٍ ۖ يَـٰٓأَيُّهَا ٱلْمَلَأُ أَفْتُونِى فِى رُءْيَـٰىَ إِن كُنتُمْ لِلرُّءْيَا تَعْبُرُونَ",
        "قَالُوٓا۟ أَضْغَـٰثُ أَحْلَـٰمٍ ۖ وَمَا نَحْنُ بِتَأْوِيلِ ٱلْأَحْلَـٰمِ بِعَـٰلِمِينَ",
        "وَقَالَ ٱلَّذِى نَجَا مِنْهُمَا وَٱدَّكَرَ بَعْدَ أُمَّةٍ أَنَا۠ أُنَبِّئُكُم بِتَأْوِيلِهِۦ فَأَرْسِلُونِ",
        "يُوسُفُ أَيُّهَا ٱلصِّدِّيقُ أَفْتِنَا فِى سَبْعِ بَقَرَٰتٍ سِمَانٍ يَأْكُلُهُنَّ سَبْعٌ عِجَافٌ وَسَبْعِ سُنۢبُلَـٰتٍ خُضْرٍ وَأُخَرَ يَابِسَـٰتٍ لَّعَلِّىٓ أَرْجِعُ إِلَى ٱلنَّاسِ لَعَلَّهُمْ يَعْلَمُونَ",
        "قَالَ تَزْرَعُونَ سَبْعَ سِنِينَ دَأَبًا فَمَا حَصَدتُّمْ فَذَرُوهُ فِى سُنۢبُلِهِۦٓ إِلَّا قَلِيلًا مِّمَّا تَأْكُلُونَ",
        "ثُمَّ يَأْتِى مِنۢ بَعْدِ ذَٰلِكَ سَبْعٌ شِدَادٌ يَأْكُلْنَ مَا قَدَّمْتُمْ لَهُنَّ إِلَّا قَلِيلًا مِّمَّا تُحْصِنُونَ",
        "ثُمَّ يَأْتِى مِنۢ بَعْدِ ذَٰلِكَ عَامٌ فِيهِ يُغَاثُ ٱلنَّاسُ وَفِيهِ يَعْصِرُونَ",
        "وَقَالَ ٱلْمَلِكُ ٱئْتُونِى بِهِۦ ۖ فَلَمَّا جَآءَهُ ٱلرَّسُولُ قَالَ ٱرْجِعْ إِلَىٰ رَبِّكَ فَسْـَٔلْهُ مَا بَالُ ٱلنِّسْوَةِ ٱلَّـٰتِى قَطَّعْنَ أَيْدِيَهُنَّ ۚ إِنَّ رَبِّى بِكَيْدِهِنَّ عَلِيمٌ",
        "قَالَ مَا خَطْبُكُنَّ إِذْ رَٰوَدتُّنَّ يُوسُفَ عَن نَّفْسِهِۦ ۚ قُلْنَ حَـٰشَ لِلَّهِ مَا عَلِمْنَا عَلَيْهِ مِن سُوٓءٍ ۚ قَالَتِ ٱمْرَأَتُ ٱلْعَزِيزِ ٱلْـَٔـٰنَ حَصْحَصَ ٱلْحَقُّ أَنَا۠ رَٰوَدتُّهُۥ عَن نَّفْسِهِۦ وَإِنَّهُۥ لَمِنَ ٱلصَّـٰدِقِينَ",
        "ذَٰلِكَ لِيَعْلَمَ أَنِّى لَمْ أَخُنْهُ بِٱلْغَيْبِ وَأَنَّ ٱللَّهَ لَا يَهْدِى كَيْدَ ٱلْخَآئِنِينَ",
        "۞ وَمَآ أُبَرِّئُ نَفْسِىٓ ۚ إِنَّ ٱلنَّفْسَ لَأَمَّارَةٌۢ بِٱلسُّوٓءِ إِلَّا مَا رَحِمَ رَبِّىٓ ۚ إِنَّ رَبِّى غَفُورٌ رَّحِيمٌ",
        "وَقَالَ ٱلْمَلِكُ ٱئْتُونِى بِهِۦٓ أَسْتَخْلِصْهُ لِنَفْسِى ۖ فَلَمَّا كَلَّمَهُۥ قَالَ إِنَّكَ ٱلْيَوْمَ لَدَيْنَا مَكِينٌ أَمِينٌ",
        "قَالَ ٱجْعَلْنِى عَلَىٰ خَزَآئِنِ ٱلْأَرْضِ ۖ إِنِّى حَفِيظٌ عَلِيمٌ",
        "وَكَذَٰلِكَ مَكَّنَّا لِيُوسُفَ فِى ٱلْأَرْضِ يَتَبَوَّأُ مِنْهَا حَيْثُ يَشَآءُ ۚ نُصِيبُ بِرَحْمَتِنَا مَن نَّشَآءُ ۖ وَلَا نُضِيعُ أَجْرَ ٱلْمُحْسِنِينَ",
        "وَلَأَجْرُ ٱلْـَٔاخِرَةِ خَيْرٌ لِّلَّذِينَ ءَامَنُوا۟ وَكَانُوا۟ يَتَّقُونَ",
        "وَجَآءَ إِخْوَةُ يُوسُفَ فَدَخَلُوا۟ عَلَيْهِ فَعَرَفَهُمْ وَهُمْ لَهُۥ مُنكِرُونَ",
        "وَلَمَّا جَهَّزَهُم بِجَهَازِهِمْ قَالَ ٱئْتُونِى بِأَخٍ لَّكُم مِّنْ أَبِيكُمْ ۚ أَلَا تَرَوْنَ أَنِّىٓ أُوفِى ٱلْكَيْلَ وَأَنَا۠ خَيْرُ ٱلْمُنزِلِينَ",
        "فَإِن لَّمْ تَأْتُونِى بِهِۦ فَلَا كَيْلَ لَكُمْ عِندِى وَلَا تَقْرَبُونِ",
        "قَالُوا۟ سَنُرَٰوِدُ عَنْهُ أَبَاهُ وَإِنَّا لَفَـٰعِلُونَ",
        "وَقَالَ لِفِتْيَـٰنِهِ ٱجْعَلُوا۟ بِضَـٰعَتَهُمْ فِى رِحَالِهِمْ لَعَلَّهُمْ يَعْرِفُونَهَآ إِذَا ٱنقَلَبُوٓا۟ إِلَىٰٓ أَهْلِهِمْ لَعَلَّهُمْ يَرْجِعُونَ",
        "فَلَمَّا رَجَعُوٓا۟ إِلَىٰٓ أَبِيهِمْ قَالُوا۟ يَـٰٓأَبَانَا مُنِعَ مِنَّا ٱلْكَيْلُ فَأَرْسِلْ مَعَنَآ أَخَانَا نَكْتَلْ وَإِنَّا لَهُۥ لَحَـٰفِظُونَ",
        "قَالَ هَلْ ءَامَنُكُمْ عَلَيْهِ إِلَّا كَمَآ أَمِنتُكُمْ عَلَىٰٓ أَخِيهِ مِن قَبْلُ ۖ فَٱللَّهُ خَيْرٌ حَـٰفِظًا ۖ وَهُوَ أَرْحَمُ ٱلرَّٰحِمِينَ",
        "وَلَمَّا فَتَحُوا۟ مَتَـٰعَهُمْ وَجَدُوا۟ بِضَـٰعَتَهُمْ رُدَّتْ إِلَيْهِمْ ۖ قَالُوا۟ يَـٰٓأَبَانَا مَا نَبْغِى ۖ هَـٰذِهِۦ بِضَـٰعَتُنَا رُدَّتْ إِلَيْنَا ۖ وَنَمِيرُ أَهْلَنَا وَنَحْفَظُ أَخَانَا وَنَزْدَادُ كَيْلَ بَعِيرٍ ۖ ذَٰلِكَ كَيْلٌ يَسِيرٌ",
        "قَالَ لَنْ أُرْسِلَهُۥ مَعَكُمْ حَتَّىٰ تُؤْتُونِ مَوْثِقًا مِّنَ ٱللَّهِ لَتَأْتُنَّنِى بِهِۦٓ إِلَّآ أَن يُحَاطَ بِكُمْ ۖ فَلَمَّآ ءَاتَوْهُ مَوْثِقَهُمْ قَالَ ٱللَّهُ عَلَىٰ مَا نَقُولُ وَكِيلٌ",
        "وَقَالَ يَـٰبَنِىَّ لَا تَدْخُلُوا۟ مِنۢ بَابٍ وَٰحِدٍ وَٱدْخُلُوا۟ مِنْ أَبْوَٰبٍ مُّتَفَرِّقَةٍ ۖ وَمَآ أُغْنِى عَنكُم مِّنَ ٱللَّهِ مِن شَىْءٍ ۖ إِنِ ٱلْحُكْمُ إِلَّا لِلَّهِ ۖ عَلَيْهِ تَوَكَّلْتُ ۖ وَعَلَيْهِ فَلْيَتَوَكَّلِ ٱلْمُتَوَكِّلُونَ",
        "وَلَمَّا دَخَلُوا۟ مِنْ حَيْثُ أَمَرَهُمْ أَبُوهُم مَّا كَانَ يُغْنِى عَنْهُم مِّنَ ٱللَّهِ مِن شَىْءٍ إِلَّا حَاجَةً فِى نَفْسِ يَعْقُوبَ قَضَىٰهَا ۚ وَإِنَّهُۥ لَذُو عِلْمٍ لِّمَا عَلَّمْنَـٰهُ وَلَـٰكِنَّ أَكْثَرَ ٱلنَّاسِ لَا يَعْلَمُونَ",
        "وَلَمَّا دَخَلُوا۟ عَلَىٰ يُوسُفَ ءَاوَىٰٓ إِلَيْهِ أَخَاهُ ۖ قَالَ إِنِّىٓ أَنَا۠ أَخُوكَ فَلَا تَبْتَئِسْ بِمَا كَانُوا۟ يَعْمَلُونَ",
        "فَلَمَّا جَهَّزَهُم بِجَهَازِهِمْ جَعَلَ ٱلسِّقَايَةَ فِى رَحْلِ أَخِيهِ ثُمَّ أَذَّنَ مُؤَذِّنٌ أَيَّتُهَا ٱلْعِيرُ إِنَّكُمْ لَسَـٰرِقُونَ",
        "قَالُوا۟ وَأَقْبَلُوا۟ عَلَيْهِم مَّاذَا تَفْقِدُونَ",
        "قَالُوا۟ نَفْقِدُ صُوَاعَ ٱلْمَلِكِ وَلِمَن جَآءَ بِهِۦ حِمْلُ بَعِيرٍ وَأَنَا۠ بِهِۦ زَعِيمٌ",
        "قَالُوا۟ تَٱللَّهِ لَقَدْ عَلِمْتُم مَّا جِئْنَا لِنُفْسِدَ فِى ٱلْأَرْضِ وَمَا كُنَّا سَـٰرِقِينَ",
        "قَالُوا۟ فَمَا جَزَٰٓؤُهُۥٓ إِن كُنتُمْ كَـٰذِبِينَ",
        "قَالُوا۟ جَزَٰٓؤُهُۥ مَن وُجِدَ فِى رَحْلِهِۦ فَهُوَ جَزَٰٓؤُهُۥ ۚ كَذَٰلِكَ نَجْزِى ٱلظَّـٰلِمِينَ",
        "فَبَدَأَ بِأَوْعِيَتِهِمْ قَبْلَ وِعَآءِ أَخِيهِ ثُمَّ ٱسْتَخْرَجَهَا مِن وِعَآءِ أَخِيهِ ۚ كَذَٰلِكَ كِدْنَا لِيُوسُفَ ۖ مَا كَانَ لِيَأْخُذَ أَخَاهُ فِى دِينِ ٱلْمَلِكِ إِلَّآ أَن يَشَآءَ ٱللَّهُ ۚ نَرْفَعُ دَرَجَـٰتٍ مَّن نَّشَآءُ ۗ وَفَوْقَ كُلِّ ذِى عِلْمٍ عَلِيمٌ",
        "۞ قَالُوٓا۟ إِن يَسْرِقْ فَقَدْ سَرَقَ أَخٌ لَّهُۥ مِن قَبْلُ ۚ فَأَسَرَّهَا يُوسُفُ فِى نَفْسِهِۦ وَلَمْ يُبْدِهَا لَهُمْ ۚ قَالَ أَنتُمْ شَرٌّ مَّكَانًا ۖ وَٱللَّهُ أَعْلَمُ بِمَا تَصِفُونَ",
        "قَالُوا۟ يَـٰٓأَيُّهَا ٱلْعَزِيزُ إِنَّ لَهُۥٓ أَبًا شَيْخًا كَبِيرًا فَخُذْ أَحَدَنَا مَكَانَهُۥٓ ۖ إِنَّا نَرَىٰكَ مِنَ ٱلْمُحْسِنِينَ",
        "قَالَ مَعَاذَ ٱللَّهِ أَن نَّأْخُذَ إِلَّا مَن وَجَدْنَا مَتَـٰعَنَا عِندَهُۥٓ إِنَّآ إِذًا لَّظَـٰلِمُونَ",
        "فَلَمَّا ٱسْتَيْـَٔسُوا۟ مِنْهُ خَلَصُوا۟ نَجِيًّا ۖ قَالَ كَبِيرُهُمْ أَلَمْ تَعْلَمُوٓا۟ أَنَّ أَبَاكُمْ قَدْ أَخَذَ عَلَيْكُم مَّوْثِقًا مِّنَ ٱللَّهِ وَمِن قَبْلُ مَا فَرَّطتُمْ فِى يُوسُفَ ۖ فَلَنْ أَبْرَحَ ٱلْأَرْضَ حَتَّىٰ يَأْذَنَ لِىٓ أَبِىٓ أَوْ يَحْكُمَ ٱللَّهُ لِى ۖ وَهُوَ خَيْرُ ٱلْحَـٰكِمِينَ",
        "ٱرْجِعُوٓا۟ إِلَىٰٓ أَبِيكُمْ فَقُولُوا۟ يَـٰٓأَبَانَآ إِنَّ ٱبْنَكَ سَرَقَ وَمَا شَهِدْنَآ إِلَّا بِمَا عَلِمْنَا وَمَا كُنَّا لِلْغَيْبِ حَـٰفِظِينَ",
        "وَسْـَٔلِ ٱلْقَرْيَةَ ٱلَّتِى كُنَّا فِيهَا وَٱلْعِيرَ ٱلَّتِىٓ أَقْبَلْنَا فِيهَا ۖ وَإِنَّا لَصَـٰدِقُونَ",
        "قَالَ بَلْ سَوَّلَتْ لَكُمْ أَنفُسُكُمْ أَمْرًا ۖ فَصَبْرٌ جَمِيلٌ ۖ عَسَى ٱللَّهُ أَن يَأْتِيَنِى بِهِمْ جَمِيعًا ۚ إِنَّهُۥ هُوَ ٱلْعَلِيمُ ٱلْحَكِيمُ",
        "وَتَوَلَّىٰ عَنْهُمْ وَقَالَ يَـٰٓأَسَفَىٰ عَلَىٰ يُوسُفَ وَٱبْيَضَّتْ عَيْنَاهُ مِنَ ٱلْحُزْنِ فَهُوَ كَظِيمٌ",
        "قَالُوا۟ تَٱللَّهِ تَفْتَؤُا۟ تَذْكُرُ يُوسُفَ حَتَّىٰ تَكُونَ حَرَضًا أَوْ تَكُونَ مِنَ ٱلْهَـٰلِكِينَ",
        "قَالَ إِنَّمَآ أَشْكُوا۟ بَثِّى وَحُزْنِىٓ إِلَى ٱللَّهِ وَأَعْلَمُ مِنَ ٱللَّهِ مَا لَا تَعْلَمُونَ",
        "يَـٰبَنِىَّ ٱذْهَبُوا۟ فَتَحَسَّسُوا۟ مِن يُوسُفَ وَأَخِيهِ وَلَا تَا۟يْـَٔسُوا۟ مِن رَّوْحِ ٱللَّهِ ۖ إِنَّهُۥ لَا يَا۟يْـَٔسُ مِن رَّوْحِ ٱللَّهِ إِلَّا ٱلْقَوْمُ ٱلْكَـٰفِرُونَ",
        "فَلَمَّا دَخَلُوا۟ عَلَيْهِ قَالُوا۟ يَـٰٓأَيُّهَا ٱلْعَزِيزُ مَسَّنَا وَأَهْلَنَا ٱلضُّرُّ وَجِئْنَا بِبِضَـٰعَةٍ مُّزْجَىٰةٍ فَأَوْفِ لَنَا ٱلْكَيْلَ وَتَصَدَّقْ عَلَيْنَآ ۖ إِنَّ ٱللَّهَ يَجْزِى ٱلْمُتَصَدِّقِينَ",
        "قَالَ هَلْ عَلِمْتُم مَّا فَعَلْتُم بِيُوسُفَ وَأَخِيهِ إِذْ أَنتُمْ جَـٰهِلُونَ",
        "قَالُوٓا۟ أَءِنَّكَ لَأَنتَ يُوسُفُ ۖ قَالَ أَنَا۠ يُوسُفُ وَهَـٰذَآ أَخِى ۖ قَدْ مَنَّ ٱللَّهُ عَلَيْنَآ ۖ إِنَّهُۥ مَن يَتَّقِ وَيَصْبِرْ فَإِنَّ ٱللَّهَ لَا يُضِيعُ أَجْرَ ٱلْمُحْسِنِينَ",
        "قَالُوا۟ تَٱللَّهِ لَقَدْ ءَاثَرَكَ ٱللَّهُ عَلَيْنَا وَإِن كُنَّا لَخَـٰطِـِٔينَ",
        "قَالَ لَا تَثْرِيبَ عَلَيْكُمُ ٱلْيَوْمَ ۖ يَغْفِرُ ٱللَّهُ لَكُمْ ۖ وَهُوَ أَرْحَمُ ٱلرَّٰحِمِينَ",
        "ٱذْهَبُوا۟ بِقَمِيصِى هَـٰذَا فَأَلْقُوهُ عَلَىٰ وَجْهِ أَبِى يَأْتِ بَصِيرًا وَأْتُونِى بِأَهْلِكُمْ أَجْمَعِينَ",
        "وَلَمَّا فَصَلَتِ ٱلْعِيرُ قَالَ أَبُوهُمْ إِنِّى لَأَجِدُ رِيحَ يُوسُفَ ۖ لَوْلَآ أَن تُفَنِّدُونِ",
        "قَالُوا۟ تَٱللَّهِ إِنَّكَ لَفِى ضَلَـٰلِكَ ٱلْقَدِيمِ",
        "فَلَمَّآ أَن جَآءَ ٱلْبَشِيرُ أَلْقَىٰهُ عَلَىٰ وَجْهِهِۦ فَٱرْتَدَّ بَصِيرًا ۖ قَالَ أَلَمْ أَقُل لَّكُمْ إِنِّىٓ أَعْلَمُ مِنَ ٱللَّهِ مَا لَا تَعْلَمُونَ",
        "قَالُوا۟ يَـٰٓأَبَانَا ٱسْتَغْفِرْ لَنَا ذُنُوبَنَآ إِنَّا كُنَّا خَـٰطِـِٔينَ",
        "قَالَ سَوْفَ أَسْتَغْفِرُ لَكُمْ رَبِّىٓ ۖ إِنَّهُۥ هُوَ ٱلْغَفُورُ ٱلرَّحِيمُ",
        "فَلَمَّا دَخَلُوا۟ عَلَىٰ يُوسُفَ ءَاوَىٰٓ إِلَيْهِ أَبَوَيْهِ وَقَالَ ٱدْخُلُوا۟ مِصْرَ إِن شَآءَ ٱللَّهُ ءَامِنِينَ",
        "وَرَفَعَ أَبَوَيْهِ عَلَى ٱلْعَرْشِ وَخَرُّوا۟ لَهُۥ سُجَّدًا ۖ وَقَالَ يَـٰٓأَبَتِ هَـٰذَا تَأْوِيلُ رُءْيَـٰىَ مِن قَبْلُ قَدْ جَعَلَهَا رَبِّى حَقًّا ۖ وَقَدْ أَحْسَنَ بِىٓ إِذْ أَخْرَجَنِى مِنَ ٱلسِّجْنِ وَجَآءَ بِكُم مِّنَ ٱلْبَدْوِ مِنۢ بَعْدِ أَن نَّزَغَ ٱلشَّيْطَـٰنُ بَيْنِى وَبَيْنَ إِخْوَتِىٓ ۚ إِنَّ رَبِّى لَطِيفٌ لِّمَا يَشَآءُ ۚ إِنَّهُۥ هُوَ ٱلْعَلِيمُ ٱلْحَكِيمُ",
        "۞ رَبِّ قَدْ ءَاتَيْتَنِى مِنَ ٱلْمُلْكِ وَعَلَّمْتَنِى مِن تَأْوِيلِ ٱلْأَحَادِيثِ ۚ فَاطِرَ ٱلسَّمَـٰوَٰتِ وَٱلْأَرْضِ أَنتَ وَلِىِّۦ فِى ٱلدُّنْيَا وَٱلْـَٔاخِرَةِ ۖ تَوَفَّنِى مُسْلِمًا وَأَلْحِقْنِى بِٱلصَّـٰلِحِينَ",
        "ذَٰلِكَ مِنْ أَنۢبَآءِ ٱلْغَيْبِ نُوحِيهِ إِلَيْكَ ۖ وَمَا كُنتَ لَدَيْهِمْ إِذْ أَجْمَعُوٓا۟ أَمْرَهُمْ وَهُمْ يَمْكُرُونَ",
        "وَمَآ أَكْثَرُ ٱلنَّاسِ وَلَوْ حَرَصْتَ بِمُؤْمِنِينَ",
        "وَمَا تَسْـَٔلُهُمْ عَلَيْهِ مِنْ أَجْرٍ ۚ إِنْ هُوَ إِلَّا ذِكْرٌ لِّلْعَـٰلَمِينَ",
        "وَكَأَيِّن مِّنْ ءَايَةٍ فِى ٱلسَّمَـٰوَٰتِ وَٱلْأَرْضِ يَمُرُّونَ عَلَيْهَا وَهُمْ عَنْهَا مُعْرِضُونَ",
        "وَمَا يُؤْمِنُ أَكْثَرُهُم بِٱللَّهِ إِلَّا وَهُم مُّشْرِكُونَ",
        "أَفَأَمِنُوٓا۟ أَن تَأْتِيَهُمْ غَـٰشِيَةٌ مِّنْ عَذَابِ ٱللَّهِ أَوْ تَأْتِيَهُمُ ٱلسَّاعَةُ بَغْتَةً وَهُمْ لَا يَشْعُرُونَ",
        "قُلْ هَـٰذِهِۦ سَبِيلِىٓ أَدْعُوٓا۟ إِلَى ٱللَّهِ ۚ عَلَىٰ بَصِيرَةٍ أَنَا۠ وَمَنِ ٱتَّبَعَنِى ۖ وَسُبْحَـٰنَ ٱللَّهِ وَمَآ أَنَا۠ مِنَ ٱلْمُشْرِكِينَ",
        "وَمَآ أَرْسَلْنَا مِن قَبْلِكَ إِلَّا رِجَالًا نُّوحِىٓ إِلَيْهِم مِّنْ أَهْلِ ٱلْقُرَىٰٓ ۗ أَفَلَمْ يَسِيرُوا۟ فِى ٱلْأَرْضِ فَيَنظُرُوا۟ كَيْفَ كَانَ عَـٰقِبَةُ ٱلَّذِينَ مِن قَبْلِهِمْ ۗ وَلَدَارُ ٱلْـَٔاخِرَةِ خَيْرٌ لِّلَّذِينَ ٱتَّقَوْا۟ ۗ أَفَلَا تَعْقِلُونَ",
        "حَتَّىٰٓ إِذَا ٱسْتَيْـَٔسَ ٱلرُّسُلُ وَظَنُّوٓا۟ أَنَّهُمْ قَدْ كُذِبُوا۟ جَآءَهُمْ نَصْرُنَا فَنُجِّىَ مَن نَّشَآءُ ۖ وَلَا يُرَدُّ بَأْسُنَا عَنِ ٱلْقَوْمِ ٱلْمُجْرِمِينَ",
        "لَقَدْ كَانَ فِى قَصَصِهِمْ عِبْرَةٌ لِّأُو۟لِى ٱلْأَلْبَـٰبِ ۗ مَا كَانَ حَدِيثًا يُفْتَرَىٰ وَلَـٰكِن تَصْدِيقَ ٱلَّذِى بَيْنَ يَدَيْهِ وَتَفْصِيلَ كُلِّ شَىْءٍ وَهُدًى وَرَحْمَةً لِّقَوْمٍ يُؤْمِنُونَ"
    ],
    "arabic2": [
        "الر تلك ايات الكتاب المبين",
        "انا انزلناه قرانا عربيا لعلكم تعقلون",
        "نحن نقص عليك احسن القصص بما اوحينا اليك هذا القران وان كنت من قبله لمن الغافلين",
        "اذ قال يوسف لابيه يا ابت اني رايت احد عشر كوكبا والشمس والقمر رايتهم لي ساجدين",
        "قال يا بني لا تقصص رؤياك على اخوتك فيكيدوا لك كيدا ان الشيطان للانسان عدو مبين",
        "وكذلك يجتبيك ربك ويعلمك من تاويل الاحاديث ويتم نعمته عليك وعلى ال يعقوب كما اتمها على ابويك من قبل ابراهيم واسحاق ان ربك عليم حكيم",
        "لقد كان في يوسف واخوته ايات للسائلين",
        "اذ قالوا ليوسف واخوه احب الى ابينا منا ونحن عصبة ان ابانا لفي ضلال مبين",
        "اقتلوا يوسف او اطرحوه ارضا يخل لكم وجه ابيكم وتكونوا من بعده قوما صالحين",
        "قال قائل منهم لا تقتلوا يوسف والقوه في غيابت الجب يلتقطه بعض السيارة ان كنتم فاعلين",
        "قالوا يا ابانا ما لك لا تامنا على يوسف وانا له لناصحون",
        "ارسله معنا غدا يرتع ويلعب وانا له لحافظون",
        "قال اني ليحزنني ان تذهبوا به واخاف ان ياكله الذئب وانتم عنه غافلون",
        "قالوا لئن اكله الذئب ونحن عصبة انا اذا لخاسرون",
        "فلما ذهبوا به واجمعوا ان يجعلوه في غيابت الجب واوحينا اليه لتنبئنهم بامرهم هذا وهم لا يشعرون",
        "وجاءوا اباهم عشاء يبكون",
        "قالوا يا ابانا انا ذهبنا نستبق وتركنا يوسف عند متاعنا فاكله الذئب وما انت بمؤمن لنا ولو كنا صادقين",
        "وجاءوا على قميصه بدم كذب قال بل سولت لكم انفسكم امرا فصبر جميل والله المستعان على ما تصفون",
        "وجاءت سيارة فارسلوا واردهم فادلى دلوه قال يا بشرى هذا غلام واسروه بضاعة والله عليم بما يعملون",
        "وشروه بثمن بخس دراهم معدودة وكانوا فيه من الزاهدين",
        "وقال الذي اشتراه من مصر لامراته اكرمي مثواه عسى ان ينفعنا او نتخذه ولدا وكذلك مكنا ليوسف في الارض ولنعلمه من تاويل الاحاديث والله غالب على امره ولكن اكثر الناس لا يعلمون",
        "ولما بلغ اشده اتيناه حكما وعلما وكذلك نجزي المحسنين",
        "وراودته التي هو في بيتها عن نفسه وغلقت الابواب وقالت هيت لك قال معاذ الله انه ربي احسن مثواي انه لا يفلح الظالمون",
        "ولقد همت به وهم بها لولا ان راى برهان ربه كذلك لنصرف عنه السوء والفحشاء انه من عبادنا المخلصين",
        "واستبقا الباب وقدت قميصه من دبر والفيا سيدها لدى الباب قالت ما جزاء من اراد باهلك سوءا الا ان يسجن او عذاب اليم",
        "قال هي راودتني عن نفسي وشهد شاهد من اهلها ان كان قميصه قد من قبل فصدقت وهو من الكاذبين",
        "وان كان قميصه قد من دبر فكذبت وهو من الصادقين",
        "فلما راى قميصه قد من دبر قال انه من كيدكن ان كيدكن عظيم",
        "يوسف اعرض عن هذا واستغفري لذنبك انك كنت من الخاطئين",
        "وقال نسوة في المدينة امرات العزيز تراود فتاها عن نفسه قد شغفها حبا انا لنراها في ضلال مبين",
        "فلما سمعت بمكرهن ارسلت اليهن واعتدت لهن متكا واتت كل واحدة منهن سكينا وقالت اخرج عليهن فلما راينه اكبرنه وقطعن ايديهن وقلن حاش لله ما هذا بشرا ان هذا الا ملك كريم",
        "قالت فذلكن الذي لمتنني فيه ولقد راودته عن نفسه فاستعصم ولئن لم يفعل ما امره ليسجنن وليكونا من الصاغرين",
        "قال رب السجن احب الي مما يدعونني اليه والا تصرف عني كيدهن اصب اليهن واكن من الجاهلين",
        "فاستجاب له ربه فصرف عنه كيدهن انه هو السميع العليم",
        "ثم بدا لهم من بعد ما راوا الايات ليسجننه حتى حين",
        "ودخل معه السجن فتيان قال احدهما اني اراني اعصر خمرا وقال الاخر اني اراني احمل فوق راسي خبزا تاكل الطير منه نبئنا بتاويله انا نراك من المحسنين",
        "قال لا ياتيكما طعام ترزقانه الا نباتكما بتاويله قبل ان ياتيكما ذلكما مما علمني ربي اني تركت ملة قوم لا يؤمنون بالله وهم بالاخرة هم كافرون",
        "واتبعت ملة ابائي ابراهيم واسحاق ويعقوب ما كان لنا ان نشرك بالله من شيء ذلك من فضل الله علينا وعلى الناس ولكن اكثر الناس لا يشكرون",
        "يا صاحبي السجن اارباب متفرقون خير ام الله الواحد القهار",
        "ما تعبدون من دونه الا اسماء سميتموها انتم واباؤكم ما انزل الله بها من سلطان ان الحكم الا لله امر الا تعبدوا الا اياه ذلك الدين القيم ولكن اكثر الناس لا يعلمون",
        "يا صاحبي السجن اما احدكما فيسقي ربه خمرا واما الاخر فيصلب فتاكل الطير من راسه قضي الامر الذي فيه تستفتيان",
        "وقال للذي ظن انه ناج منهما اذكرني عند ربك فانساه الشيطان ذكر ربه فلبث في السجن بضع سنين",
        "وقال الملك اني ارى سبع بقرات سمان ياكلهن سبع عجاف وسبع سنبلات خضر واخر يابسات يا ايها الملا افتوني في رؤياي ان كنتم للرؤيا تعبرون",
        "قالوا اضغاث احلام وما نحن بتاويل الاحلام بعالمين",
        "وقال الذي نجا منهما وادكر بعد امة انا انبئكم بتاويله فارسلون",
        "يوسف ايها الصديق افتنا في سبع بقرات سمان ياكلهن سبع عجاف وسبع سنبلات خضر واخر يابسات لعلي ارجع الى الناس لعلهم يعلمون",
        "قال تزرعون سبع سنين دابا فما حصدتم فذروه في سنبله الا قليلا مما تاكلون",
        "ثم ياتي من بعد ذلك سبع شداد ياكلن ما قدمتم لهن الا قليلا مما تحصنون",
        "ثم ياتي من بعد ذلك عام فيه يغاث الناس وفيه يعصرون",
        "وقال الملك ائتوني به فلما جاءه الرسول قال ارجع الى ربك فاساله ما بال النسوة اللاتي قطعن ايديهن ان ربي بكيدهن عليم",
        "قال ما خطبكن اذ راودتن يوسف عن نفسه قلن حاش لله ما علمنا عليه من سوء قالت امرات العزيز الان حصحص الحق انا راودته عن نفسه وانه لمن الصادقين",
        "ذلك ليعلم اني لم اخنه بالغيب وان الله لا يهدي كيد الخائنين",
        "وما ابرئ نفسي ان النفس لامارة بالسوء الا ما رحم ربي ان ربي غفور رحيم",
        "وقال الملك ائتوني به استخلصه لنفسي فلما كلمه قال انك اليوم لدينا مكين امين",
        "قال اجعلني على خزائن الارض اني حفيظ عليم",
        "وكذلك مكنا ليوسف في الارض يتبوا منها حيث يشاء نصيب برحمتنا من نشاء ولا نضيع اجر المحسنين",
        "ولاجر الاخرة خير للذين امنوا وكانوا يتقون",
        "وجاء اخوة يوسف فدخلوا عليه فعرفهم وهم له منكرون",
        "ولما جهزهم بجهازهم قال ائتوني باخ لكم من ابيكم الا ترون اني اوفي الكيل وانا خير المنزلين",
        "فان لم تاتوني به فلا كيل لكم عندي ولا تقربون",
        "قالوا سنراود عنه اباه وانا لفاعلون",
        "وقال لفتيانه اجعلوا بضاعتهم في رحالهم لعلهم يعرفونها اذا انقلبوا الى اهلهم لعلهم يرجعون",
        "فلما رجعوا الى ابيهم قالوا يا ابانا منع منا الكيل فارسل معنا اخانا نكتل وانا له لحافظون",
        "قال هل امنكم عليه الا كما امنتكم على اخيه من قبل فالله خير حافظا وهو ارحم الراحمين",
        "ولما فتحوا متاعهم وجدوا بضاعتهم ردت اليهم قالوا يا ابانا ما نبغي هذه بضاعتنا ردت الينا ونمير اهلنا ونحفظ اخانا ونزداد كيل بعير ذلك كيل يسير",
        "قال لن ارسله معكم حتى تؤتون موثقا من الله لتاتنني به الا ان يحاط بكم فلما اتوه موثقهم قال الله على ما نقول وكيل",
        "وقال يا بني لا تدخلوا من باب واحد وادخلوا من ابواب متفرقة وما اغني عنكم من الله من شيء ان الحكم الا لله عليه توكلت وعليه فليتوكل المتوكلون",
        "ولما دخلوا من حيث امرهم ابوهم ما كان يغني عنهم من الله من شيء الا حاجة في نفس يعقوب قضاها وانه لذو علم لما علمناه ولكن اكثر الناس لا يعلمون",
        "ولما دخلوا على يوسف اوى اليه اخاه قال اني انا اخوك فلا تبتئس بما كانوا يعملون",
        "فلما جهزهم بجهازهم جعل السقاية في رحل اخيه ثم اذن مؤذن ايتها العير انكم لسارقون",
        "قالوا واقبلوا عليهم ماذا تفقدون",
        "قالوا نفقد صواع الملك ولمن جاء به حمل بعير وانا به زعيم",
        "قالوا تالله لقد علمتم ما جئنا لنفسد في الارض وما كنا سارقين",
        "قالوا فما جزاؤه ان كنتم كاذبين",
        "قالوا جزاؤه من وجد في رحله فهو جزاؤه كذلك نجزي الظالمين",
        "فبدا باوعيتهم قبل وعاء اخيه ثم استخرجها من وعاء اخيه كذلك كدنا ليوسف ما كان لياخذ اخاه في دين الملك الا ان يشاء الله نرفع درجات من نشاء وفوق كل ذي علم عليم",
        "قالوا ان يسرق فقد سرق اخ له من قبل فاسرها يوسف في نفسه ولم يبدها لهم قال انتم شر مكانا والله اعلم بما تصفون",
        "قالوا يا ايها العزيز ان له ابا شيخا كبيرا فخذ احدنا مكانه انا نراك من المحسنين",
        "قال معاذ الله ان ناخذ الا من وجدنا متاعنا عنده انا اذا لظالمون",
        "فلما استياسوا منه خلصوا نجيا قال كبيرهم الم تعلموا ان اباكم قد اخذ عليكم موثقا من الله ومن قبل ما فرطتم في يوسف فلن ابرح الارض حتى ياذن لي ابي او يحكم الله لي وهو خير الحاكمين",
        "ارجعوا الى ابيكم فقولوا يا ابانا ان ابنك سرق وما شهدنا الا بما علمنا وما كنا للغيب حافظين",
        "واسال القرية التي كنا فيها والعير التي اقبلنا فيها وانا لصادقون",
        "قال بل سولت لكم انفسكم امرا فصبر جميل عسى الله ان ياتيني بهم جميعا انه هو العليم الحكيم",
        "وتولى عنهم وقال يا اسفى على يوسف وابيضت عيناه من الحزن فهو كظيم",
        "قالوا تالله تفتا تذكر يوسف حتى تكون حرضا او تكون من الهالكين",
        "قال انما اشكو بثي وحزني الى الله واعلم من الله ما لا تعلمون",
        "يا بني اذهبوا فتحسسوا من يوسف واخيه ولا تياسوا من روح الله انه لا يياس من روح الله الا القوم الكافرون",
        "فلما دخلوا عليه قالوا يا ايها العزيز مسنا واهلنا الضر وجئنا ببضاعة مزجاة فاوف لنا الكيل وتصدق علينا ان الله يجزي المتصدقين",
        "قال هل علمتم ما فعلتم بيوسف واخيه اذ انتم جاهلون",
        "قالوا اانك لانت يوسف قال انا يوسف وهذا اخي قد من الله علينا انه من يتق ويصبر فان الله لا يضيع اجر المحسنين",
        "قالوا تالله لقد اثرك الله علينا وان كنا لخاطئين",
        "قال لا تثريب عليكم اليوم يغفر الله لكم وهو ارحم الراحمين",
        "اذهبوا بقميصي هذا فالقوه على وجه ابي يات بصيرا واتوني باهلكم اجمعين",
        "ولما فصلت العير قال ابوهم اني لاجد ريح يوسف لولا ان تفندون",
        "قالوا تالله انك لفي ضلالك القديم",
        "فلما ان جاء البشير القاه على وجهه فارتد بصيرا قال الم اقل لكم اني اعلم من الله ما لا تعلمون",
        "قالوا يا ابانا استغفر لنا ذنوبنا انا كنا خاطئين",
        "قال سوف استغفر لكم ربي انه هو الغفور الرحيم",
        "فلما دخلوا على يوسف اوى اليه ابويه وقال ادخلوا مصر ان شاء الله امنين",
        "ورفع ابويه على العرش وخروا له سجدا وقال يا ابت هذا تاويل رؤياي من قبل قد جعلها ربي حقا وقد احسن بي اذ اخرجني من السجن وجاء بكم من البدو من بعد ان نزغ الشيطان بيني وبين اخوتي ان ربي لطيف لما يشاء انه هو العليم الحكيم",
        "رب قد اتيتني من الملك وعلمتني من تاويل الاحاديث فاطر السماوات والارض انت وليي في الدنيا والاخرة توفني مسلما والحقني بالصالحين",
        "ذلك من انباء الغيب نوحيه اليك وما كنت لديهم اذ اجمعوا امرهم وهم يمكرون",
        "وما اكثر الناس ولو حرصت بمؤمنين",
        "وما تسالهم عليه من اجر ان هو الا ذكر للعالمين",
        "وكاين من اية في السماوات والارض يمرون عليها وهم عنها معرضون",
        "وما يؤمن اكثرهم بالله الا وهم مشركون",
        "افامنوا ان تاتيهم غاشية من عذاب الله او تاتيهم الساعة بغتة وهم لا يشعرون",
        "قل هذه سبيلي ادعو الى الله على بصيرة انا ومن اتبعني وسبحان الله وما انا من المشركين",
        "وما ارسلنا من قبلك الا رجالا نوحي اليهم من اهل القرى افلم يسيروا في الارض فينظروا كيف كان عاقبة الذين من قبلهم ولدار الاخرة خير للذين اتقوا افلا تعقلون",
        "حتى اذا استياس الرسل وظنوا انهم قد كذبوا جاءهم نصرنا فنجي من نشاء ولا يرد باسنا عن القوم المجرمين",
        "لقد كان في قصصهم عبرة لاولي الالباب ما كان حديثا يفترى ولكن تصديق الذي بين يديه وتفصيل كل شيء وهدى ورحمة لقوم يؤمنون"
    ]
}