{
    "surahName": "Ar-Ra'd",
    "surahNameArabic": "الرعد",
    "surahNameArabicLong": "سورة الرعد",
    "surahNameTranslation": "The Thunder",
    "revelationPlace": "Madina",
    "totalAyah": 43,
    "surahNo": 13,
    "english": [
        "Alif-Lãm-Mĩm-Ra. These are the verses of the Book. What has been revealed to you ˹O Prophet˺ from your Lord is the truth, but most people do not believe.",
        "It is Allah Who has raised the heavens without pillars—as you can see—then established Himself on the Throne. He has subjected the sun and the moon, each orbiting for an appointed term. He conducts the whole affair. He makes the signs clear so that you may be certain of the meeting with your Lord.",
        "And He is the One Who spread out the earth and placed firm mountains and rivers upon it, and created fruits of every kind in pairs. He covers the day with night. Surely in this are signs for those who reflect.",
        "And on the earth there are ˹different˺ neighbouring tracts, gardens of grapevines, ˹various˺ crops, palm trees—some stemming from the same root, others standing alone. They are all irrigated with the same water, yet We make some taste better than others. Surely in this are signs for those who understand.",
        "˹Now,˺ if anything should amaze you ˹O Prophet˺, then it is their question: “When we are reduced to dust, will we really be raised as a new creation?” It is they who have disbelieved in their Lord. It is they who will have shackles around their necks. And it is they who will be the residents of the Fire. They will be there forever.",
        "They ask you ˹O Prophet˺ to hasten the torment rather than grace, though there have ˹already˺ been ˹many˺ torments before them. Surely your Lord is full of forgiveness for people, despite their wrongdoing, and your Lord is truly severe in punishment.",
        "The disbelievers say, “If only a sign could be sent down to him from his Lord.” You ˹O Prophet˺ are only a warner. And every people had a guide.",
        "Allah knows what every female bears and what increases and decreases in the wombs. And with Him everything is determined with precision.",
        "˹He is the˺ Knower of the seen and the unseen—the All-Great, Most Exalted.",
        "It is the same ˹to Him˺ whether any of you speaks secretly or openly, whether one hides in the darkness of night or goes about in broad daylight.",
        "For each one there are successive angels before and behind, protecting them by Allah’s command. Indeed, Allah would never change a people’s state ˹of favour˺ until they change their own state ˹of faith˺. And if it is Allah’s Will to torment a people, it can never be averted, nor can they find a protector other than Him.",
        "He is the One Who shows you lightning, inspiring ˹you with˺ hope and fear, and produces heavy clouds.",
        "The thunder glorifies His praises, as do the angels in awe of Him. He sends thunderbolts, striking with them whoever He wills. Yet they dispute about Allah. And He is tremendous in might.",
        "Calling upon Him ˹alone˺ is the truth. But those ˹idols˺ the pagans invoke besides Him ˹can˺ never respond to them in any way. ˹It is˺ just like someone who stretches out their hands to water, ˹asking it˺ to reach their mouths, but it can never do so. The calls of the disbelievers are only in vain.",
        "To Allah ˹alone˺ bow down ˹in submission˺ all those in the heavens and the earth—willingly or unwillingly—as do their shadows, morning and evening.",
        "Ask ˹them, O  Prophet˺, “Who is the Lord of the heavens and the earth?” Say, “Allah!” Ask ˹them˺, “Why ˹then˺ have you taken besides Him lords who cannot even benefit or protect themselves?” Say, “Can the blind and the sighted be equal? Or can darkness and light be equal?” Or have they associated with Allah partners who ˹supposedly˺ produced a creation like His, leaving them confused between the two creations? Say, “Allah is the Creator of all things, and He is the One, the Supreme.”",
        "He sends down rain from the sky, causing the valleys to flow, each according to its capacity. The currents then carry along rising foam, similar to the slag produced from metal that people melt in the fire for ornaments or tools. This is how Allah compares truth to falsehood. The ˹worthless˺ residue is then cast away, but what benefits people remains on the earth. This is how Allah sets forth parables.",
        "Those who respond to ˹the call of˺ their Lord will have the finest reward. As for those who do not respond to Him, even if they were to possess everything in the world twice over, they would certainly offer it to ransom themselves. They will face strict judgment, and Hell will be their home. What an evil place to rest!",
        "Can the one who knows that your Lord’s revelation to you ˹O Prophet˺ is the truth be like the one who is blind? None will be mindful ˹of this˺ except people of reason.",
        "˹They are˺ those who honour Allah’s covenant, never breaking the pledge;",
        "and those who maintain whatever ˹ties˺ Allah has ordered to be maintained, stand in awe of their Lord, and fear strict judgment.",
        "And ˹they are˺ those who endure patiently, seeking their Lord’s pleasure, establish prayer, donate from what We have provided for them—secretly and openly—and respond to evil with good. It is they who will have the ultimate abode:",
        "the Gardens of Eternity, which they will enter along with the righteous among their parents, spouses, and descendants. And the angels will enter upon them from every gate, ˹saying,˺",
        "“Peace be upon you for your perseverance. How excellent is the ultimate abode!”",
        "And those who violate Allah’s covenant after it has been affirmed, break whatever ˹ties˺ Allah has ordered to be maintained, and spread corruption in the land—it is they who will be condemned and will have the worst abode.",
        "Allah gives abundant or limited provisions to whoever He wills. And the disbelievers become prideful of ˹the pleasures of˺ this worldly life. But the life of this world, compared to the Hereafter, is nothing but a fleeting enjoyment.",
        "The disbelievers say, “If only a sign could be sent down to him from his Lord.” Say, ˹O Prophet,˺ “Indeed, Allah leaves to stray whoever He wills, and guides to Himself whoever turns to Him—",
        "those who believe and whose hearts find comfort in the remembrance of Allah. Surely in the remembrance of Allah do hearts find comfort.",
        "Those who believe and do good, for them will be bliss and an honourable destination.”",
        "And so We have sent you ˹O Prophet˺ to a community, like ˹We did with˺ earlier communities, so that you may recite to them what We have revealed to you. Yet they deny the Most Compassionate. Say, “He is my Lord! There is no god ˹worthy of worship˺ except Him. In Him I put my trust, and to Him I turn ˹in repentance˺.”",
        "If there were a recitation that could cause mountains to move, or the earth to split, or the dead to speak, ˹it would have been this Quran˺. But all matters are by Allah’s Will. Have the believers not yet realized that had Allah willed, He could have guided all of humanity? And disasters will continue to afflict the disbelievers or strike close to their homes for their misdeeds, until Allah’s promise comes to pass. Surely Allah never fails in His promise.",
        "Other messengers had already been ridiculed before you, but I delayed the disbelievers ˹for a while˺ then seized them. And how ˹horrible˺ was My punishment!",
        "Is ˹there any equal to˺ the Vigilant One Who knows what every soul commits? Yet the pagans have associated others with Allah ˹in worship˺. Say, ˹O Prophet,˺ “Name them! Or do you ˹mean to˺ inform Him of something He does not know on the earth? Or are these ˹gods˺ just empty words?” In fact, the disbelievers’ falsehood has been made so appealing to them that they have been turned away from the Path. And whoever Allah leaves to stray will be left with no guide.",
        "For them is punishment in this worldly life, but the punishment of the Hereafter is truly far worse. And none can shield them from Allah.",
        "The description of the Paradise promised to the righteous is that under it rivers flow; eternal is its fruit as well as its shade. That is the ˹ultimate˺ outcome for the righteous. But the outcome for the disbelievers is the Fire!",
        "˹The believers among˺ those who were given the Scripture rejoice at what has been revealed to you ˹O Prophet˺, while some ˹disbelieving˺ factions deny a portion of it. Say, “I have only been commanded to worship Allah, associating none with Him ˹in worship˺. To Him I invite ˹all˺, and to Him is my return.”",
        "And so We have revealed it as an authority in Arabic. And if you were to follow their desires after ˹all˺ the knowledge that has come to you, there would be none to protect or shield you from Allah.",
        "We have certainly sent messengers before you ˹O Prophet˺ and blessed them with wives and offspring. It was not for any messenger to bring a sign without Allah’s permission. Every destined matter has a ˹set˺ time.",
        "Allah eliminates and confirms what He wills, and with Him is the Master Record.",
        "Whether We show you ˹O Prophet˺ some of what We threaten them with, or cause you to die ˹before that˺, your duty is only to deliver ˹the message˺. Judgment is for Us.",
        "Do they not see that We gradually reduce their land from its borders? Allah decides—none can reverse His decision. And He is swift in reckoning.",
        "Those ˹disbelievers˺ before them ˹secretly˺ planned, but Allah has the ultimate plan. He knows what every soul commits. And the disbelievers will soon know who will have the ultimate outcome.",
        "The disbelievers say, “You ˹Muḥammad˺ are no messenger.” Say, ˹O Prophet,˺ “Allah is sufficient as a Witness between me and you, as is whoever has knowledge of the Scripture.”"
    ],
    "arabic1": [
        " الٓمٓر ۚ تِلْكَ ءَايَـٰتُ ٱلْكِتَـٰبِ ۗ وَٱلَّذِىٓ أُنزِلَ إِلَيْكَ مِن رَّبِّكَ ٱلْحَقُّ وَلَـٰكِنَّ أَكْثَرَ ٱلنَّاسِ لَا يُؤْمِنُونَ",
        "ٱللَّهُ ٱلَّذِى رَفَعَ ٱلسَّمَـٰوَٰتِ بِغَيْرِ عَمَدٍ تَرَوْنَهَا ۖ ثُمَّ ٱسْتَوَىٰ عَلَى ٱلْعَرْشِ ۖ وَسَخَّرَ ٱلشَّمْسَ وَٱلْقَمَرَ ۖ كُلٌّ يَجْرِى لِأَجَلٍ مُّسَمًّى ۚ يُدَبِّرُ ٱلْأَمْرَ يُفَصِّلُ ٱلْـَٔايَـٰتِ لَعَلَّكُم بِلِقَآءِ رَبِّكُمْ تُوقِنُونَ",
        "وَهُوَ ٱلَّذِى مَدَّ ٱلْأَرْضَ وَجَعَلَ فِيهَا رَوَٰسِىَ وَأَنْهَـٰرًا ۖ وَمِن كُلِّ ٱلثَّمَرَٰتِ جَعَلَ فِيهَا زَوْجَيْنِ ٱثْنَيْنِ ۖ يُغْشِى ٱلَّيْلَ ٱلنَّهَارَ ۚ إِنَّ فِى ذَٰلِكَ لَـَٔايَـٰتٍ لِّقَوْمٍ يَتَفَكَّرُونَ",
        "وَفِى ٱلْأَرْضِ قِطَعٌ مُّتَجَـٰوِرَٰتٌ وَجَنَّـٰتٌ مِّنْ أَعْنَـٰبٍ وَزَرْعٌ وَنَخِيلٌ صِنْوَانٌ وَغَيْرُ صِنْوَانٍ يُسْقَىٰ بِمَآءٍ وَٰحِدٍ وَنُفَضِّلُ بَعْضَهَا عَلَىٰ بَعْضٍ فِى ٱلْأُكُلِ ۚ إِنَّ فِى ذَٰلِكَ لَـَٔايَـٰتٍ لِّقَوْمٍ يَعْقِلُونَ",
        "۞ وَإِن تَعْجَبْ فَعَجَبٌ قَوْلُهُمْ أَءِذَا كُنَّا تُرَٰبًا أَءِنَّا لَفِى خَلْقٍ جَدِيدٍ ۗ أُو۟لَـٰٓئِكَ ٱلَّذِينَ كَفَرُوا۟ بِرَبِّهِمْ ۖ وَأُو۟لَـٰٓئِكَ ٱلْأَغْلَـٰلُ فِىٓ أَعْنَاقِهِمْ ۖ وَأُو۟لَـٰٓئِكَ أَصْحَـٰبُ ٱلنَّارِ ۖ هُمْ فِيهَا خَـٰلِدُونَ",
        "وَيَسْتَعْجِلُونَكَ بِٱلسَّيِّئَةِ قَبْلَ ٱلْحَسَنَةِ وَقَدْ خَلَتْ مِن قَبْلِهِمُ ٱلْمَثُلَـٰتُ ۗ وَإِنَّ رَبَّكَ لَذُو مَغْفِرَةٍ لِّلنَّاسِ عَلَىٰ ظُلْمِهِمْ ۖ وَإِنَّ رَبَّكَ لَشَدِيدُ ٱلْعِقَابِ",
        "وَيَقُولُ ٱلَّذِينَ كَفَرُوا۟ لَوْلَآ أُنزِلَ عَلَيْهِ ءَايَةٌ مِّن رَّبِّهِۦٓ ۗ إِنَّمَآ أَنتَ مُنذِرٌ ۖ وَلِكُلِّ قَوْمٍ هَادٍ",
        "ٱللَّهُ يَعْلَمُ مَا تَحْمِلُ كُلُّ أُنثَىٰ وَمَا تَغِيضُ ٱلْأَرْحَامُ وَمَا تَزْدَادُ ۖ وَكُلُّ شَىْءٍ عِندَهُۥ بِمِقْدَارٍ",
        "عَـٰلِمُ ٱلْغَيْبِ وَٱلشَّهَـٰدَةِ ٱلْكَبِيرُ ٱلْمُتَعَالِ",
        "سَوَآءٌ مِّنكُم مَّنْ أَسَرَّ ٱلْقَوْلَ وَمَن جَهَرَ بِهِۦ وَمَنْ هُوَ مُسْتَخْفٍۭ بِٱلَّيْلِ وَسَارِبٌۢ بِٱلنَّهَارِ",
        "لَهُۥ مُعَقِّبَـٰتٌ مِّنۢ بَيْنِ يَدَيْهِ وَمِنْ خَلْفِهِۦ يَحْفَظُونَهُۥ مِنْ أَمْرِ ٱللَّهِ ۗ إِنَّ ٱللَّهَ لَا يُغَيِّرُ مَا بِقَوْمٍ حَتَّىٰ يُغَيِّرُوا۟ مَا بِأَنفُسِهِمْ ۗ وَإِذَآ أَرَادَ ٱللَّهُ بِقَوْمٍ سُوٓءًا فَلَا مَرَدَّ لَهُۥ ۚ وَمَا لَهُم مِّن دُونِهِۦ مِن وَالٍ",
        "هُوَ ٱلَّذِى يُرِيكُمُ ٱلْبَرْقَ خَوْفًا وَطَمَعًا وَيُنشِئُ ٱلسَّحَابَ ٱلثِّقَالَ",
        "وَيُسَبِّحُ ٱلرَّعْدُ بِحَمْدِهِۦ وَٱلْمَلَـٰٓئِكَةُ مِنْ خِيفَتِهِۦ وَيُرْسِلُ ٱلصَّوَٰعِقَ فَيُصِيبُ بِهَا مَن يَشَآءُ وَهُمْ يُجَـٰدِلُونَ فِى ٱللَّهِ وَهُوَ شَدِيدُ ٱلْمِحَالِ",
        "لَهُۥ دَعْوَةُ ٱلْحَقِّ ۖ وَٱلَّذِينَ يَدْعُونَ مِن دُونِهِۦ لَا يَسْتَجِيبُونَ لَهُم بِشَىْءٍ إِلَّا كَبَـٰسِطِ كَفَّيْهِ إِلَى ٱلْمَآءِ لِيَبْلُغَ فَاهُ وَمَا هُوَ بِبَـٰلِغِهِۦ ۚ وَمَا دُعَآءُ ٱلْكَـٰفِرِينَ إِلَّا فِى ضَلَـٰلٍ",
        "وَلِلَّهِ يَسْجُدُ مَن فِى ٱلسَّمَـٰوَٰتِ وَٱلْأَرْضِ طَوْعًا وَكَرْهًا وَظِلَـٰلُهُم بِٱلْغُدُوِّ وَٱلْـَٔاصَالِ ۩",
        "قُلْ مَن رَّبُّ ٱلسَّمَـٰوَٰتِ وَٱلْأَرْضِ قُلِ ٱللَّهُ ۚ قُلْ أَفَٱتَّخَذْتُم مِّن دُونِهِۦٓ أَوْلِيَآءَ لَا يَمْلِكُونَ لِأَنفُسِهِمْ نَفْعًا وَلَا ضَرًّا ۚ قُلْ هَلْ يَسْتَوِى ٱلْأَعْمَىٰ وَٱلْبَصِيرُ أَمْ هَلْ تَسْتَوِى ٱلظُّلُمَـٰتُ وَٱلنُّورُ ۗ أَمْ جَعَلُوا۟ لِلَّهِ شُرَكَآءَ خَلَقُوا۟ كَخَلْقِهِۦ فَتَشَـٰبَهَ ٱلْخَلْقُ عَلَيْهِمْ ۚ قُلِ ٱللَّهُ خَـٰلِقُ كُلِّ شَىْءٍ وَهُوَ ٱلْوَٰحِدُ ٱلْقَهَّـٰرُ",
        "أَنزَلَ مِنَ ٱلسَّمَآءِ مَآءً فَسَالَتْ أَوْدِيَةٌۢ بِقَدَرِهَا فَٱحْتَمَلَ ٱلسَّيْلُ زَبَدًا رَّابِيًا ۚ وَمِمَّا يُوقِدُونَ عَلَيْهِ فِى ٱلنَّارِ ٱبْتِغَآءَ حِلْيَةٍ أَوْ مَتَـٰعٍ زَبَدٌ مِّثْلُهُۥ ۚ كَذَٰلِكَ يَضْرِبُ ٱللَّهُ ٱلْحَقَّ وَٱلْبَـٰطِلَ ۚ فَأَمَّا ٱلزَّبَدُ فَيَذْهَبُ جُفَآءً ۖ وَأَمَّا مَا يَنفَعُ ٱلنَّاسَ فَيَمْكُثُ فِى ٱلْأَرْضِ ۚ كَذَٰلِكَ يَضْرِبُ ٱللَّهُ ٱلْأَمْثَالَ",
        "لِلَّذِينَ ٱسْتَجَابُوا۟ لِرَبِّهِمُ ٱلْحُسْنَىٰ ۚ وَٱلَّذِينَ لَمْ يَسْتَجِيبُوا۟ لَهُۥ لَوْ أَنَّ لَهُم مَّا فِى ٱلْأَرْضِ جَمِيعًا وَمِثْلَهُۥ مَعَهُۥ لَٱفْتَدَوْا۟ بِهِۦٓ ۚ أُو۟لَـٰٓئِكَ لَهُمْ سُوٓءُ ٱلْحِسَابِ وَمَأْوَىٰهُمْ جَهَنَّمُ ۖ وَبِئْسَ ٱلْمِهَادُ",
        "۞ أَفَمَن يَعْلَمُ أَنَّمَآ أُنزِلَ إِلَيْكَ مِن رَّبِّكَ ٱلْحَقُّ كَمَنْ هُوَ أَعْمَىٰٓ ۚ إِنَّمَا يَتَذَكَّرُ أُو۟لُوا۟ ٱلْأَلْبَـٰبِ",
        "ٱلَّذِينَ يُوفُونَ بِعَهْدِ ٱللَّهِ وَلَا يَنقُضُونَ ٱلْمِيثَـٰقَ",
        "وَٱلَّذِينَ يَصِلُونَ مَآ أَمَرَ ٱللَّهُ بِهِۦٓ أَن يُوصَلَ وَيَخْشَوْنَ رَبَّهُمْ وَيَخَافُونَ سُوٓءَ ٱلْحِسَابِ",
        "وَٱلَّذِينَ صَبَرُوا۟ ٱبْتِغَآءَ وَجْهِ رَبِّهِمْ وَأَقَامُوا۟ ٱلصَّلَوٰةَ وَأَنفَقُوا۟ مِمَّا رَزَقْنَـٰهُمْ سِرًّا وَعَلَانِيَةً وَيَدْرَءُونَ بِٱلْحَسَنَةِ ٱلسَّيِّئَةَ أُو۟لَـٰٓئِكَ لَهُمْ عُقْبَى ٱلدَّارِ",
        "جَنَّـٰتُ عَدْنٍ يَدْخُلُونَهَا وَمَن صَلَحَ مِنْ ءَابَآئِهِمْ وَأَزْوَٰجِهِمْ وَذُرِّيَّـٰتِهِمْ ۖ وَٱلْمَلَـٰٓئِكَةُ يَدْخُلُونَ عَلَيْهِم مِّن كُلِّ بَابٍ",
        "سَلَـٰمٌ عَلَيْكُم بِمَا صَبَرْتُمْ ۚ فَنِعْمَ عُقْبَى ٱلدَّارِ",
        "وَٱلَّذِينَ يَنقُضُونَ عَهْدَ ٱللَّهِ مِنۢ بَعْدِ مِيثَـٰقِهِۦ وَيَقْطَعُونَ مَآ أَمَرَ ٱللَّهُ بِهِۦٓ أَن يُوصَلَ وَيُفْسِدُونَ فِى ٱلْأَرْضِ ۙ أُو۟لَـٰٓئِكَ لَهُمُ ٱللَّعْنَةُ وَلَهُمْ سُوٓءُ ٱلدَّارِ",
        "ٱللَّهُ يَبْسُطُ ٱلرِّزْقَ لِمَن يَشَآءُ وَيَقْدِرُ ۚ وَفَرِحُوا۟ بِٱلْحَيَوٰةِ ٱلدُّنْيَا وَمَا ٱلْحَيَوٰةُ ٱلدُّنْيَا فِى ٱلْـَٔاخِرَةِ إِلَّا مَتَـٰعٌ",
        "وَيَقُولُ ٱلَّذِينَ كَفَرُوا۟ لَوْلَآ أُنزِلَ عَلَيْهِ ءَايَةٌ مِّن رَّبِّهِۦ ۗ قُلْ إِنَّ ٱللَّهَ يُضِلُّ مَن يَشَآءُ وَيَهْدِىٓ إِلَيْهِ مَنْ أَنَابَ",
        "ٱلَّذِينَ ءَامَنُوا۟ وَتَطْمَئِنُّ قُلُوبُهُم بِذِكْرِ ٱللَّهِ ۗ أَلَا بِذِكْرِ ٱللَّهِ تَطْمَئِنُّ ٱلْقُلُوبُ",
        "ٱلَّذِينَ ءَامَنُوا۟ وَعَمِلُوا۟ ٱلصَّـٰلِحَـٰتِ طُوبَىٰ لَهُمْ وَحُسْنُ مَـَٔابٍ",
        "كَذَٰلِكَ أَرْسَلْنَـٰكَ فِىٓ أُمَّةٍ قَدْ خَلَتْ مِن قَبْلِهَآ أُمَمٌ لِّتَتْلُوَا۟ عَلَيْهِمُ ٱلَّذِىٓ أَوْحَيْنَآ إِلَيْكَ وَهُمْ يَكْفُرُونَ بِٱلرَّحْمَـٰنِ ۚ قُلْ هُوَ رَبِّى لَآ إِلَـٰهَ إِلَّا هُوَ عَلَيْهِ تَوَكَّلْتُ وَإِلَيْهِ مَتَابِ",
        "وَلَوْ أَنَّ قُرْءَانًا سُيِّرَتْ بِهِ ٱلْجِبَالُ أَوْ قُطِّعَتْ بِهِ ٱلْأَرْضُ أَوْ كُلِّمَ بِهِ ٱلْمَوْتَىٰ ۗ بَل لِّلَّهِ ٱلْأَمْرُ جَمِيعًا ۗ أَفَلَمْ يَا۟يْـَٔسِ ٱلَّذِينَ ءَامَنُوٓا۟ أَن لَّوْ يَشَآءُ ٱللَّهُ لَهَدَى ٱلنَّاسَ جَمِيعًا ۗ وَلَا يَزَالُ ٱلَّذِينَ كَفَرُوا۟ تُصِيبُهُم بِمَا صَنَعُوا۟ قَارِعَةٌ أَوْ تَحُلُّ قَرِيبًا مِّن دَارِهِمْ حَتَّىٰ يَأْتِىَ وَعْدُ ٱللَّهِ ۚ إِنَّ ٱللَّهَ لَا يُخْلِفُ ٱلْمِيعَادَ",
        "وَلَقَدِ ٱسْتُهْزِئَ بِرُسُلٍ مِّن قَبْلِكَ فَأَمْلَيْتُ لِلَّذِينَ كَفَرُوا۟ ثُمَّ أَخَذْتُهُمْ ۖ فَكَيْفَ كَانَ عِقَابِ",
        "أَفَمَنْ هُوَ قَآئِمٌ عَلَىٰ كُلِّ نَفْسٍۭ بِمَا كَسَبَتْ ۗ وَجَعَلُوا۟ لِلَّهِ شُرَكَآءَ قُلْ سَمُّوهُمْ ۚ أَمْ تُنَبِّـُٔونَهُۥ بِمَا لَا يَعْلَمُ فِى ٱلْأَرْضِ أَم بِظَـٰهِرٍ مِّنَ ٱلْقَوْلِ ۗ بَلْ زُيِّنَ لِلَّذِينَ كَفَرُوا۟ مَكْرُهُمْ وَصُدُّوا۟ عَنِ ٱلسَّبِيلِ ۗ وَمَن يُضْلِلِ ٱللَّهُ فَمَا لَهُۥ مِنْ هَادٍ",
        "لَّهُمْ عَذَابٌ فِى ٱلْحَيَوٰةِ ٱلدُّنْيَا ۖ وَلَعَذَابُ ٱلْـَٔاخِرَةِ أَشَقُّ ۖ وَمَا لَهُم مِّنَ ٱللَّهِ مِن وَاقٍ",
        "۞ مَّثَلُ ٱلْجَنَّةِ ٱلَّتِى وُعِدَ ٱلْمُتَّقُونَ ۖ تَجْرِى مِن تَحْتِهَا ٱلْأَنْهَـٰرُ ۖ أُكُلُهَا دَآئِمٌ وَظِلُّهَا ۚ تِلْكَ عُقْبَى ٱلَّذِينَ ٱتَّقَوا۟ ۖ وَّعُقْبَى ٱلْكَـٰفِرِينَ ٱلنَّارُ",
        "وَٱلَّذِينَ ءَاتَيْنَـٰهُمُ ٱلْكِتَـٰبَ يَفْرَحُونَ بِمَآ أُنزِلَ إِلَيْكَ ۖ وَمِنَ ٱلْأَحْزَابِ مَن يُنكِرُ بَعْضَهُۥ ۚ قُلْ إِنَّمَآ أُمِرْتُ أَنْ أَعْبُدَ ٱللَّهَ وَلَآ أُشْرِكَ بِهِۦٓ ۚ إِلَيْهِ أَدْعُوا۟ وَإِلَيْهِ مَـَٔابِ",
        "وَكَذَٰلِكَ أَنزَلْنَـٰهُ حُكْمًا عَرَبِيًّا ۚ وَلَئِنِ ٱتَّبَعْتَ أَهْوَآءَهُم بَعْدَ مَا جَآءَكَ مِنَ ٱلْعِلْمِ مَا لَكَ مِنَ ٱللَّهِ مِن وَلِىٍّ وَلَا وَاقٍ",
        "وَلَقَدْ أَرْسَلْنَا رُسُلًا مِّن قَبْلِكَ وَجَعَلْنَا لَهُمْ أَزْوَٰجًا وَذُرِّيَّةً ۚ وَمَا كَانَ لِرَسُولٍ أَن يَأْتِىَ بِـَٔايَةٍ إِلَّا بِإِذْنِ ٱللَّهِ ۗ لِكُلِّ أَجَلٍ كِتَابٌ",
        "يَمْحُوا۟ ٱللَّهُ مَا يَشَآءُ وَيُثْبِتُ ۖ وَعِندَهُۥٓ أُمُّ ٱلْكِتَـٰبِ",
        "وَإِن مَّا نُرِيَنَّكَ بَعْضَ ٱلَّذِى نَعِدُهُمْ أَوْ نَتَوَفَّيَنَّكَ فَإِنَّمَا عَلَيْكَ ٱلْبَلَـٰغُ وَعَلَيْنَا ٱلْحِسَابُ",
        "أَوَلَمْ يَرَوْا۟ أَنَّا نَأْتِى ٱلْأَرْضَ نَنقُصُهَا مِنْ أَطْرَافِهَا ۚ وَٱللَّهُ يَحْكُمُ لَا مُعَقِّبَ لِحُكْمِهِۦ ۚ وَهُوَ سَرِيعُ ٱلْحِسَابِ",
        "وَقَدْ مَكَرَ ٱلَّذِينَ مِن قَبْلِهِمْ فَلِلَّهِ ٱلْمَكْرُ جَمِيعًا ۖ يَعْلَمُ مَا تَكْسِبُ كُلُّ نَفْسٍ ۗ وَسَيَعْلَمُ ٱلْكُفَّـٰرُ لِمَنْ عُقْبَى ٱلدَّارِ",
        "وَيَقُولُ ٱلَّذِينَ كَفَرُوا۟ لَسْتَ مُرْسَلًا ۚ قُلْ كَفَىٰ بِٱللَّهِ شَهِيدًۢا بَيْنِى وَبَيْنَكُمْ وَمَنْ عِندَهُۥ عِلْمُ ٱلْكِتَـٰبِ"
    ],
    "arabic2": [
        "المر تلك ايات الكتاب والذي انزل اليك من ربك الحق ولكن اكثر الناس لا يؤمنون",
        "الله الذي رفع السماوات بغير عمد ترونها ثم استوى على العرش وسخر الشمس والقمر كل يجري لاجل مسمى يدبر الامر يفصل الايات لعلكم بلقاء ربكم توقنون",
        "وهو الذي مد الارض وجعل فيها رواسي وانهارا ومن كل الثمرات جعل فيها زوجين اثنين يغشي الليل النهار ان في ذلك لايات لقوم يتفكرون",
        "وفي الارض قطع متجاورات وجنات من اعناب وزرع ونخيل صنوان وغير صنوان يسقى بماء واحد ونفضل بعضها على بعض في الاكل ان في ذلك لايات لقوم يعقلون",
        "وان تعجب فعجب قولهم ااذا كنا ترابا اانا لفي خلق جديد اولئك الذين كفروا بربهم واولئك الاغلال في اعناقهم واولئك اصحاب النار هم فيها خالدون",
        "ويستعجلونك بالسيئة قبل الحسنة وقد خلت من قبلهم المثلات وان ربك لذو مغفرة للناس على ظلمهم وان ربك لشديد العقاب",
        "ويقول الذين كفروا لولا انزل عليه اية من ربه انما انت منذر ولكل قوم هاد",
        "الله يعلم ما تحمل كل انثى وما تغيض الارحام وما تزداد وكل شيء عنده بمقدار",
        "عالم الغيب والشهادة الكبير المتعال",
        "سواء منكم من اسر القول ومن جهر به ومن هو مستخف بالليل وسارب بالنهار",
        "له معقبات من بين يديه ومن خلفه يحفظونه من امر الله ان الله لا يغير ما بقوم حتى يغيروا ما بانفسهم واذا اراد الله بقوم سوءا فلا مرد له وما لهم من دونه من وال",
        "هو الذي يريكم البرق خوفا وطمعا وينشئ السحاب الثقال",
        "ويسبح الرعد بحمده والملائكة من خيفته ويرسل الصواعق فيصيب بها من يشاء وهم يجادلون في الله وهو شديد المحال",
        "له دعوة الحق والذين يدعون من دونه لا يستجيبون لهم بشيء الا كباسط كفيه الى الماء ليبلغ فاه وما هو ببالغه وما دعاء الكافرين الا في ضلال",
        "ولله يسجد من في السماوات والارض طوعا وكرها وظلالهم بالغدو والاصال",
        "قل من رب السماوات والارض قل الله قل افاتخذتم من دونه اولياء لا يملكون لانفسهم نفعا ولا ضرا قل هل يستوي الاعمى والبصير ام هل تستوي الظلمات والنور ام جعلوا لله شركاء خلقوا كخلقه فتشابه الخلق عليهم قل الله خالق كل شيء وهو الواحد القهار",
        "انزل من السماء ماء فسالت اودية بقدرها فاحتمل السيل زبدا رابيا ومما يوقدون عليه في النار ابتغاء حلية او متاع زبد مثله كذلك يضرب الله الحق والباطل فاما الزبد فيذهب جفاء واما ما ينفع الناس فيمكث في الارض كذلك يضرب الله الامثال",
        "للذين استجابوا لربهم الحسنى والذين لم يستجيبوا له لو ان لهم ما في الارض جميعا ومثله معه لافتدوا به اولئك لهم سوء الحساب وماواهم جهنم وبئس المهاد",
        "افمن يعلم انما انزل اليك من ربك الحق كمن هو اعمى انما يتذكر اولو الالباب",
        "الذين يوفون بعهد الله ولا ينقضون الميثاق",
        "والذين يصلون ما امر الله به ان يوصل ويخشون ربهم ويخافون سوء الحساب",
        "والذين صبروا ابتغاء وجه ربهم واقاموا الصلاة وانفقوا مما رزقناهم سرا وعلانية ويدرءون بالحسنة السيئة اولئك لهم عقبى الدار",
        "جنات عدن يدخلونها ومن صلح من ابائهم وازواجهم وذرياتهم والملائكة يدخلون عليهم من كل باب",
        "سلام عليكم بما صبرتم فنعم عقبى الدار",
        "والذين ينقضون عهد الله من بعد ميثاقه ويقطعون ما امر الله به ان يوصل ويفسدون في الارض اولئك لهم اللعنة ولهم سوء الدار",
        "الله يبسط الرزق لمن يشاء ويقدر وفرحوا بالحياة الدنيا وما الحياة الدنيا في الاخرة الا متاع",
        "ويقول الذين كفروا لولا انزل عليه اية من ربه قل ان الله يضل من يشاء ويهدي اليه من اناب",
        "الذين امنوا وتطمئن قلوبهم بذكر الله الا بذكر الله تطمئن القلوب",
        "الذين امنوا وعملوا الصالحات طوبى لهم وحسن ماب",
        "كذلك ارسلناك في امة قد خلت من قبلها امم لتتلو عليهم الذي اوحينا اليك وهم يكفرون بالرحمن قل هو ربي لا اله الا هو عليه توكلت واليه متاب",
        "ولو ان قرانا سيرت به الجبال او قطعت به الارض او كلم به الموتى بل لله الامر جميعا افلم يياس الذين امنوا ان لو يشاء الله لهدى الناس جميعا ولا يزال الذين كفروا تصيبهم بما صنعوا قارعة او تحل قريبا من دارهم حتى ياتي وعد الله ان الله لا يخلف الميعاد",
        "ولقد استهزئ برسل من قبلك فامليت للذين كفروا ثم اخذتهم فكيف كان عقاب",
        "افمن هو قائم على كل نفس بما كسبت وجعلوا لله شركاء قل سموهم ام تنبئونه بما لا يعلم في الارض ام بظاهر من القول بل زين للذين كفروا مكرهم وصدوا عن السبيل ومن يضلل الله فما له من هاد",
        "لهم عذاب في الحياة الدنيا ولعذاب الاخرة اشق وما لهم من الله من واق",
        "مثل الجنة التي وعد المتقون تجري من تحتها الانهار اكلها دائم وظلها تلك عقبى الذين اتقوا وعقبى الكافرين النار",
        "والذين اتيناهم الكتاب يفرحون بما انزل اليك ومن الاحزاب من ينكر بعضه قل انما امرت ان اعبد الله ولا اشرك به اليه ادعو واليه ماب",
        "وكذلك انزلناه حكما عربيا ولئن اتبعت اهواءهم بعدما جاءك من العلم ما لك من الله من ولي ولا واق",
        "ولقد ارسلنا رسلا من قبلك وجعلنا لهم ازواجا وذرية وما كان لرسول ان ياتي باية الا باذن الله لكل اجل كتاب",
        "يمحو الله ما يشاء ويثبت وعنده ام الكتاب",
        "وان ما نرينك بعض الذي نعدهم او نتوفينك فانما عليك البلاغ وعلينا الحساب",
        "اولم يروا انا ناتي الارض ننقصها من اطرافها والله يحكم لا معقب لحكمه وهو سريع الحساب",
        "وقد مكر الذين من قبلهم فلله المكر جميعا يعلم ما تكسب كل نفس وسيعلم الكفار لمن عقبى الدار",
        "ويقول الذين كفروا لست مرسلا قل كفى بالله شهيدا بيني وبينكم ومن عنده علم الكتاب"
    ]
}