{
    "surahName": "An-Nahl",
    "surahNameArabic": "النحل",
    "surahNameArabicLong": "سورة النحل",
    "surahNameTranslation": "The Bee",
    "revelationPlace": "Mecca",
    "totalAyah": 128,
    "surahNo": 16,
    "english": [
        "The command of Allah is at hand, so do not hasten it. Glorified and Exalted is He above what they associate ˹with Him in worship˺!",
        "He sends down the angels with revelation by His command to whoever He wills of His servants, ˹stating:˺ “Warn ˹humanity˺ that there is no god ˹worthy of worship˺ except Me, so be mindful of Me ˹alone˺.”",
        "He created the heavens and the earth for a purpose. Exalted is He above what they associate with Him ˹in worship˺!",
        "He created humans from a sperm-drop, then—behold!—they openly challenge ˹Him˺.",
        "And He created the cattle for you as a source of warmth, food, and ˹many other˺ benefits.",
        "They are also pleasing to you when you bring them home and when you take them out to graze.",
        "And they carry your loads to ˹distant˺ lands which you could not otherwise reach without great hardship. Surely your Lord is Ever Gracious, Most Merciful.",
        "˹He also created˺ horses, mules, and donkeys for your transportation and adornment. And He creates what you do not know.",
        "It is upon Allah ˹alone˺ to ˹clearly˺ show the Straight Way. Other ways are deviant. Had He willed, He would have easily imposed guidance upon all of you.",
        "He is the One Who sends down rain from the sky, from which you drink and by which plants grow for your cattle to graze.",
        "With it He produces for you ˹various˺ crops, olives, palm trees, grapevines, and every type of fruit. Surely in this is a sign for those who reflect.",
        "And He has subjected for your benefit the day and the night, the sun and the moon. And the stars have been subjected by His command. Surely in this are signs for those who understand.",
        "And ˹He subjected˺ for you whatever He has created on earth of varying colours. Surely in this is a sign for those who are mindful.",
        "And He is the One Who has subjected the sea, so from it you may eat tender seafood and extract ornaments to wear. And you see the ships ploughing their way through it, so you may seek His bounty and give thanks ˹to Him˺.",
        "He has placed into the earth firm mountains, so it does not shake with you, as well as rivers, and pathways so you may find your way.",
        "Also by landmarks and stars do people find their way.",
        "Can the One Who creates be equal to those who do not? Will you not then be mindful?",
        "If you tried to count Allah’s blessings, you would never be able to number them. Surely Allah is All-Forgiving, Most Merciful.",
        "And Allah knows what you conceal and what you reveal.",
        "But those ˹idols˺ they invoke besides Allah cannot create anything—they themselves are created.",
        "They are dead, not alive—not even knowing when their followers will be resurrected.",
        "Your God is ˹only˺ One God. As for those who do not believe in the Hereafter, their hearts are in denial, and they are too proud.",
        "Without a doubt, Allah knows what they conceal and what they reveal. He certainly does not like those who are too proud.",
        "And when it is said to them, “What has your Lord revealed?” They say, “Ancient fables!”",
        "Let them bear their burdens in full on the Day of Judgment as well as some of the burdens of those they mislead without knowledge. Evil indeed is what they will bear!",
        "Indeed, those before them had plotted, but Allah struck at the ˹very˺ foundation of their structure, so the roof collapsed on top of them, and the torment came upon them from where they did not expect.",
        "Then on the Day of Judgment He will humiliate them and say, “Where are My ˹so-called˺ associate-gods for whose sake you used to oppose ˹the believers˺?” Those gifted with knowledge will say, “Surely disgrace and misery today are upon the disbelievers.”",
        "Those whose souls the angels seize while they wrong themselves will then offer ˹full˺ submission ˹and say falsely,˺ “We did not do any evil.” ˹The angels will say,˺ “No! Surely Allah fully knows what you used to do.",
        "So enter the gates of Hell, to stay there forever. Indeed, what an evil home for the arrogant!”",
        "And ˹when˺ it is said to those mindful ˹of Allah˺, “What has your Lord revealed?” They say, “All the best!” For those who do good in this world, there is goodness. But far better is the ˹eternal˺ Home of the Hereafter. How excellent indeed is the home of the righteous:",
        "the Gardens of Eternity which they will enter, under which rivers flow. In it they will have whatever they desire. This is how Allah rewards the righteous—",
        "those whose souls the angels take while they are virtuous, saying ˹to them˺, “Peace be upon you! Enter Paradise for what you used to do.”",
        "Are they only awaiting the coming of the angels or the command of your Lord ˹O Prophet˺? So were those before them. And Allah never wronged them, but it was they who wronged themselves.",
        "Then the evil ˹consequences˺ of their deeds overtook them, and they were overwhelmed by what they used to ridicule.",
        "The polytheists argue, “Had Allah willed, neither we nor our forefathers would have worshipped anything other than Him, nor prohibited anything without His command.” So did those before them. Is not the messengers’ duty only to deliver ˹the message˺ clearly?",
        "We surely sent a messenger to every community, saying, “Worship Allah and shun false gods.” But some of them were guided by Allah, while others were destined to stray. So travel throughout the land and see the fate of the deniers!",
        "Even though you ˹O Prophet˺ are keen on their guidance, Allah certainly does not guide those He leaves to stray, and they will have no helpers.",
        "They swear by Allah their most solemn oaths that Allah will never raise the dead to life. Yes ˹He will˺! It is a true promise binding on Him, but most people do not know.",
        "˹He will do that˺ to make clear to them what they disagreed on, and for the disbelievers to know that they were liars.",
        "If We ever will something ˹to exist˺, all We say is: “Be!” And it is!",
        "As for those who emigrated in ˹the cause of˺ Allah after being persecuted, We will surely bless them with a good home in this world. But the reward of the Hereafter is far better, if only they knew.",
        "˹It is˺ they who have patiently endured, and in their Lord they put their trust.",
        "We did not send ˹messengers˺ before you ˹O Prophet˺ except mere men inspired by Us. If you ˹polytheists˺ do not know ˹this already˺, then ask those who have knowledge ˹of the Scriptures˺.",
        "˹We sent them˺ with clear proofs and divine Books. And We have sent down to you ˹O Prophet˺ the Reminder, so that you may explain to people what has been revealed for them, and perhaps they will reflect.",
        "Do those who devise evil plots feel secure that Allah will not cause the earth to swallow them? Or that the torment will not come upon them in ways they cannot comprehend?",
        "Or that He will not seize them while they go about ˹their day˺, for then they will have no escape?",
        "Or that He will not destroy them gradually? But your Lord is truly Ever Gracious, Most Merciful.",
        "Have they not considered how the shadows of everything Allah has created incline to the right and the left ˹as the sun moves˺, totally submitting to Allah in all humility?",
        "And to Allah ˹alone˺ bows down ˹in submission˺ whatever is in the heavens and whatever is on the earth of living creatures, as do the angels—who are not too proud ˹to do so˺.",
        "They fear their Lord above them, and do whatever they are commanded.",
        "And Allah has said, “Do not take two gods. There is only One God. So be in awe of Me ˹alone˺.”",
        "To Him belongs whatever is in the heavens and the earth, and to Him ˹alone˺ is the everlasting devotion. Will you then fear any other than Allah?",
        "Whatever blessings you have are from Allah. Then whenever hardship touches you, to Him ˹alone˺ you cry ˹for help˺.",
        "Then as soon as He removes the hardship from you, a group of you associates ˹others˺ with their Lord ˹in worship˺",
        "only returning Our favours with ingratitude. So enjoy yourselves, for you will soon know.",
        "And they ˹even˺ assign to those ˹idols˺—who know nothing—a share of what We have provided for them. By Allah! You will certainly be questioned about whatever ˹lies˺ you used to fabricate ˹against Allah˺.",
        "And they attribute ˹angels as˺ daughters to Allah—glory be to Him!—the opposite of what they desire for themselves.",
        "Whenever one of them is given the good news of a baby girl, his face grows gloomy, as he suppresses his rage.",
        "He hides himself from the people because of the bad news he has received. Should he keep her in disgrace, or bury her ˹alive˺ in the ground? Evil indeed is their judgment!",
        "To those who disbelieve in the Hereafter belong all evil qualities, whereas to Allah belong the finest attributes. And He is the Almighty, All-Wise.",
        "If Allah were to punish people ˹immediately˺ for their wrongdoing, He would not have left a single living being on earth. But He delays them for an appointed term. And when their time arrives, they cannot delay it for a moment, nor could they advance it.",
        "They attribute to Allah what they hate ˹for themselves˺, and their tongues utter the lie that they will have the finest reward. Without a doubt, for them is the Fire, where they will be abandoned.",
        "By Allah! We have surely sent messengers to communities before you ˹O Prophet˺, but Satan made their misdeeds appealing to them. So he is their patron today, and they will suffer a painful punishment.",
        "We have revealed to you the Book only to clarify for them what they differed about, and as a guide and mercy for those who believe.",
        "And Allah sends down rain from the sky, giving life to the earth after its death. Surely in this is a sign for those who listen.",
        "And there is certainly a lesson for you in cattle: We give you to drink of what is in their bellies, from between digested food and blood: pure milk, pleasant to drink.",
        "And from the fruits of palm trees and grapevines you derive intoxicants as well as wholesome provision. Surely in this is a sign for those who understand.",
        "And your Lord inspired the bees: “Make ˹your˺ homes in the mountains, the trees, and in what people construct",
        "and feed from ˹the flower of˺ any fruit ˹you please˺ and follow the ways your Lord has made easy for you.” From their bellies comes forth liquid of varying colours, in which there is healing for people. Surely in this is a sign for those who reflect.",
        "Allah has created you, and then causes you to die. And some of you are left to reach the most feeble stage of life so that they may know nothing after having known much. Indeed, Allah is All-Knowing, Most Capable.",
        "And Allah has favoured some of you over others in provision. But those who have been much favoured would not share their wealth with those ˹bondspeople˺ in their possession, making them their equals. Do they then deny Allah’s favours?",
        "And Allah has made for you spouses of your own kind, and given you through your spouses children and grandchildren. And He has granted you good, lawful provisions. Are they then faithful to falsehood and ungrateful for Allah’s favours?",
        "Yet they worship besides Allah those ˹idols˺ who do not afford them any provision from the heavens and the earth, nor do they have the power to.",
        "So do not set up equals to Allah, for Allah certainly knows and you do not know.",
        "Allah sets forth a parable: a slave who lacks all means, compared to a ˹free˺ man to whom We granted a good provision, of which he donates ˹freely,˺ openly and secretly. Are they equal? Praise be to Allah. In fact, most of them do not know.",
        "And Allah sets forth a parable of two men: one of them is dumb, incapable of anything. He is a burden on his master. Wherever he is sent, he brings no good. Can such a person be equal to the one who commands justice and is on the Straight Path?",
        "To Allah ˹alone˺ belongs ˹the knowledge of˺ the unseen in the heavens and the earth. Bringing about the Hour would only take the blink of an eye, or even less. Surely Allah is Most Capable of everything.",
        "And Allah brought you out of the wombs of your mothers while you knew nothing, and gave you hearing, sight, and intellect so perhaps you would be thankful.",
        "Have they not seen the birds glide in the open sky? None holds them up except Allah. Surely in this are signs for those who believe.",
        "And Allah has made your homes a place to rest, and has given you tents from the hide of animals, light to handle when you travel and when you camp. And out of their wool, fur, and hair He has given you furnishings and goods for a while.",
        "And Allah has provided you shade out of what He created, and has given you shelter in the mountains. He has also provided you with clothes protecting you from the heat ˹and cold˺, and armour shielding you in battle. This is how He perfects His favour upon you, so perhaps you will ˹fully˺ submit ˹to Him˺.",
        "But if they turn away, then your duty ˹O Prophet˺ is only to deliver ˹the message˺ clearly.",
        "They are aware of Allah’s favours, but still deny them. And most of them are ˹truly˺ ungrateful.",
        "˹Consider, O  Prophet,˺ the Day We will call ˹a prophet as˺ a witness from every faith-community. Then the disbelievers will neither be allowed to plead nor appease ˹their Lord˺.",
        "And when the wrongdoers face the punishment, it will not be lightened for them, nor will they be delayed ˹from it˺.",
        "And when the polytheists see their associate-gods, they will say, “Our Lord! These are our associate-gods that we used to invoke besides You.” Their gods will throw a rebuttal at them, ˹saying,˺ “You are definitely liars.”",
        "They will offer ˹full˺ submission to Allah on that Day, and whatever ˹gods˺ they fabricated will fail them.",
        "For those who disbelieve and hinder ˹others˺ from the Way of Allah, We will add more punishment to their punishment for all the corruption they spread.",
        "˹Consider, O  Prophet,˺ the Day We will call against every faith-community a witness of their own. And We will call you to be a witness against these ˹people of yours˺. We have revealed to you the Book as an explanation of all things, a guide, a mercy, and good news for those who ˹fully˺ submit.",
        "Indeed, Allah commands justice, grace, as well as courtesy to close relatives. He forbids indecency, wickedness, and aggression. He instructs you so perhaps you will be mindful.",
        "Honour Allah’s covenant when you make a pledge, and do not break your oaths after confirming them, having made Allah your guarantor. Surely Allah knows all you do.",
        "Do not be like the woman who ˹foolishly˺ unravels her yarn after it is firmly spun, by taking your oaths as a means of deceiving one another in favour of a stronger group. Surely Allah tests you through this. And on the Day of Judgment He will certainly make your differences clear to you.",
        "Had Allah willed, He could have easily made you one community ˹of believers˺, but He leaves to stray whoever He wills and guides whoever He wills. And you will certainly be questioned about what you used to do.",
        "And do not take your oaths as a means of deceiving one another or your feet will slip after they have been firm. Then you will taste the evil ˹consequences˺ of hindering ˹others˺ from the Way of Allah, and you will suffer a tremendous punishment.",
        "And do not trade Allah’s covenant for a fleeting gain. What is with Allah is certainly far better for you, if only you knew.",
        "Whatever you have will end, but whatever Allah has is everlasting. And We will certainly reward the steadfast according to the best of their deeds.",
        "Whoever does good, whether male or female, and is a believer, We will surely bless them with a good life, and We will certainly reward them according to the best of their deeds.",
        "When you recite the Quran, seek refuge with Allah from Satan, the accursed.",
        "He certainly has no authority over those who believe and put their trust in their Lord.",
        "His authority is only over those who take him as a patron and who—under his influence—associate ˹others˺ with Allah ˹in worship˺.",
        "When We replace a verse with another—and Allah knows best what He reveals—they say, “You ˹Muḥammad˺ are just a fabricator.” In fact, most of them do not know.",
        "Say, “The holy spirit has brought it down from your Lord with the truth to reassure the believers, and as a guide and good news for those who submit ˹to Allah˺.”",
        "And We surely know that they say, “No one is teaching him except a human.” But the man they refer to speaks a foreign tongue, whereas this ˹Quran˺ is ˹in˺ eloquent Arabic.",
        "Surely those who do not believe in Allah’s revelations will never be guided by Allah, and they will suffer a painful punishment.",
        "No one fabricates lies except those who disbelieve in Allah’s revelations, and it is they who are the ˹true˺ liars.",
        "Whoever disbelieves in Allah after their belief—not those who are forced while their hearts are firm in faith, but those who embrace disbelief wholeheartedly—they will be condemned by Allah and suffer a tremendous punishment.",
        "This is because they prefer the life of this world over the Hereafter. Surely Allah never guides those who ˹choose to˺ disbelieve.",
        "They are the ones whose hearts, ears, and eyes are sealed by Allah, and it is they who are ˹truly˺ heedless.",
        "Without a doubt, they will be the losers in the Hereafter.",
        "As for those who emigrated after being compelled ˹to renounce Islam˺, then struggled ˹in Allah’s cause˺, and persevered, your Lord ˹O Prophet˺ is truly All-Forgiving, Most Merciful after all.",
        "˹Consider˺ the Day ˹when˺ every soul will come pleading for itself, and each will be paid in full for what it did, and none will be wronged.",
        "And Allah sets forth the example of a society which was safe and at ease, receiving its provision in abundance from all directions. But its people met Allah’s favours with ingratitude, so Allah made them taste the clutches of hunger and fear for their misdeeds.",
        "A messenger of their own actually did come to them, but they denied him. So the torment overtook them while they persisted in wrongdoing.",
        "So eat from the good, lawful things which Allah has provided for you, and be grateful for Allah’s favours, if you ˹truly˺ worship Him ˹alone˺.",
        "He has only forbidden you ˹to eat˺ carrion, blood, swine, and what is slaughtered in the name of any other than Allah. But if someone is compelled by necessity—neither driven by desire nor exceeding immediate need—then surely Allah is All-Forgiving, Most Merciful.",
        "Do not falsely declare with your tongues, “This is lawful, and that is unlawful,” ˹only˺ fabricating lies against Allah. Indeed, those who fabricate lies against Allah will never succeed.",
        "˹It is only˺ a brief enjoyment, then they will suffer a painful punishment.",
        "To the Jews, We have forbidden what We related to you before. We did not wrong them, but it was they who wronged themselves.",
        "As for those who commit evil ignorantly ˹or recklessly˺, then repent afterwards and mend their ways, then your Lord is surely All-Forgiving, Most Merciful.",
        "Indeed, Abraham was a model of excellence: devoted to Allah, ˹perfectly˺ upright—not a polytheist—",
        "˹utterly˺ grateful for Allah’s favours. ˹So˺ He chose him and guided him to the Straight Path.",
        "We blessed him with all goodness in this world, and in the Hereafter he will certainly be among the righteous.",
        "Then We revealed to you ˹O Prophet, saying˺: “Follow the faith of Abraham, the upright, who was not one of the polytheists.”",
        "˹Honouring˺ the Sabbath was ordained only for those who disputed about Abraham. And surely your Lord will judge between them on the Day of Judgment regarding their disputes.",
        "Invite ˹all˺ to the Way of your Lord with wisdom and kind advice, and only debate with them in the best manner. Surely your Lord ˹alone˺ knows best who has strayed from His Way and who is ˹rightly˺ guided.",
        "If you retaliate, then let it be equivalent to what you have suffered. But if you patiently endure, it is certainly best for those who are patient.",
        "Be patient ˹O Prophet˺, for your patience is only with Allah’s help. Do not grieve over those ˹who disbelieve˺, nor be distressed by their schemes.",
        "Surely Allah is with those who shun evil and who do good ˹deeds˺."
    ],
    "arabic1": [
        " أَتَىٰٓ أَمْرُ ٱللَّهِ فَلَا تَسْتَعْجِلُوهُ ۚ سُبْحَـٰنَهُۥ وَتَعَـٰلَىٰ عَمَّا يُشْرِكُونَ",
        "يُنَزِّلُ ٱلْمَلَـٰٓئِكَةَ بِٱلرُّوحِ مِنْ أَمْرِهِۦ عَلَىٰ مَن يَشَآءُ مِنْ عِبَادِهِۦٓ أَنْ أَنذِرُوٓا۟ أَنَّهُۥ لَآ إِلَـٰهَ إِلَّآ أَنَا۠ فَٱتَّقُونِ",
        "خَلَقَ ٱلسَّمَـٰوَٰتِ وَٱلْأَرْضَ بِٱلْحَقِّ ۚ تَعَـٰلَىٰ عَمَّا يُشْرِكُونَ",
        "خَلَقَ ٱلْإِنسَـٰنَ مِن نُّطْفَةٍ فَإِذَا هُوَ خَصِيمٌ مُّبِينٌ",
        "وَٱلْأَنْعَـٰمَ خَلَقَهَا ۗ لَكُمْ فِيهَا دِفْءٌ وَمَنَـٰفِعُ وَمِنْهَا تَأْكُلُونَ",
        "وَلَكُمْ فِيهَا جَمَالٌ حِينَ تُرِيحُونَ وَحِينَ تَسْرَحُونَ",
        "وَتَحْمِلُ أَثْقَالَكُمْ إِلَىٰ بَلَدٍ لَّمْ تَكُونُوا۟ بَـٰلِغِيهِ إِلَّا بِشِقِّ ٱلْأَنفُسِ ۚ إِنَّ رَبَّكُمْ لَرَءُوفٌ رَّحِيمٌ",
        "وَٱلْخَيْلَ وَٱلْبِغَالَ وَٱلْحَمِيرَ لِتَرْكَبُوهَا وَزِينَةً ۚ وَيَخْلُقُ مَا لَا تَعْلَمُونَ",
        "وَعَلَى ٱللَّهِ قَصْدُ ٱلسَّبِيلِ وَمِنْهَا جَآئِرٌ ۚ وَلَوْ شَآءَ لَهَدَىٰكُمْ أَجْمَعِينَ",
        "هُوَ ٱلَّذِىٓ أَنزَلَ مِنَ ٱلسَّمَآءِ مَآءً ۖ لَّكُم مِّنْهُ شَرَابٌ وَمِنْهُ شَجَرٌ فِيهِ تُسِيمُونَ",
        "يُنۢبِتُ لَكُم بِهِ ٱلزَّرْعَ وَٱلزَّيْتُونَ وَٱلنَّخِيلَ وَٱلْأَعْنَـٰبَ وَمِن كُلِّ ٱلثَّمَرَٰتِ ۗ إِنَّ فِى ذَٰلِكَ لَـَٔايَةً لِّقَوْمٍ يَتَفَكَّرُونَ",
        "وَسَخَّرَ لَكُمُ ٱلَّيْلَ وَٱلنَّهَارَ وَٱلشَّمْسَ وَٱلْقَمَرَ ۖ وَٱلنُّجُومُ مُسَخَّرَٰتٌۢ بِأَمْرِهِۦٓ ۗ إِنَّ فِى ذَٰلِكَ لَـَٔايَـٰتٍ لِّقَوْمٍ يَعْقِلُونَ",
        "وَمَا ذَرَأَ لَكُمْ فِى ٱلْأَرْضِ مُخْتَلِفًا أَلْوَٰنُهُۥٓ ۗ إِنَّ فِى ذَٰلِكَ لَـَٔايَةً لِّقَوْمٍ يَذَّكَّرُونَ",
        "وَهُوَ ٱلَّذِى سَخَّرَ ٱلْبَحْرَ لِتَأْكُلُوا۟ مِنْهُ لَحْمًا طَرِيًّا وَتَسْتَخْرِجُوا۟ مِنْهُ حِلْيَةً تَلْبَسُونَهَا وَتَرَى ٱلْفُلْكَ مَوَاخِرَ فِيهِ وَلِتَبْتَغُوا۟ مِن فَضْلِهِۦ وَلَعَلَّكُمْ تَشْكُرُونَ",
        "وَأَلْقَىٰ فِى ٱلْأَرْضِ رَوَٰسِىَ أَن تَمِيدَ بِكُمْ وَأَنْهَـٰرًا وَسُبُلًا لَّعَلَّكُمْ تَهْتَدُونَ",
        "وَعَلَـٰمَـٰتٍ ۚ وَبِٱلنَّجْمِ هُمْ يَهْتَدُونَ",
        "أَفَمَن يَخْلُقُ كَمَن لَّا يَخْلُقُ ۗ أَفَلَا تَذَكَّرُونَ",
        "وَإِن تَعُدُّوا۟ نِعْمَةَ ٱللَّهِ لَا تُحْصُوهَآ ۗ إِنَّ ٱللَّهَ لَغَفُورٌ رَّحِيمٌ",
        "وَٱللَّهُ يَعْلَمُ مَا تُسِرُّونَ وَمَا تُعْلِنُونَ",
        "وَٱلَّذِينَ يَدْعُونَ مِن دُونِ ٱللَّهِ لَا يَخْلُقُونَ شَيْـًٔا وَهُمْ يُخْلَقُونَ",
        "أَمْوَٰتٌ غَيْرُ أَحْيَآءٍ ۖ وَمَا يَشْعُرُونَ أَيَّانَ يُبْعَثُونَ",
        "إِلَـٰهُكُمْ إِلَـٰهٌ وَٰحِدٌ ۚ فَٱلَّذِينَ لَا يُؤْمِنُونَ بِٱلْـَٔاخِرَةِ قُلُوبُهُم مُّنكِرَةٌ وَهُم مُّسْتَكْبِرُونَ",
        "لَا جَرَمَ أَنَّ ٱللَّهَ يَعْلَمُ مَا يُسِرُّونَ وَمَا يُعْلِنُونَ ۚ إِنَّهُۥ لَا يُحِبُّ ٱلْمُسْتَكْبِرِينَ",
        "وَإِذَا قِيلَ لَهُم مَّاذَآ أَنزَلَ رَبُّكُمْ ۙ قَالُوٓا۟ أَسَـٰطِيرُ ٱلْأَوَّلِينَ",
        "لِيَحْمِلُوٓا۟ أَوْزَارَهُمْ كَامِلَةً يَوْمَ ٱلْقِيَـٰمَةِ ۙ وَمِنْ أَوْزَارِ ٱلَّذِينَ يُضِلُّونَهُم بِغَيْرِ عِلْمٍ ۗ أَلَا سَآءَ مَا يَزِرُونَ",
        "قَدْ مَكَرَ ٱلَّذِينَ مِن قَبْلِهِمْ فَأَتَى ٱللَّهُ بُنْيَـٰنَهُم مِّنَ ٱلْقَوَاعِدِ فَخَرَّ عَلَيْهِمُ ٱلسَّقْفُ مِن فَوْقِهِمْ وَأَتَىٰهُمُ ٱلْعَذَابُ مِنْ حَيْثُ لَا يَشْعُرُونَ",
        "ثُمَّ يَوْمَ ٱلْقِيَـٰمَةِ يُخْزِيهِمْ وَيَقُولُ أَيْنَ شُرَكَآءِىَ ٱلَّذِينَ كُنتُمْ تُشَـٰٓقُّونَ فِيهِمْ ۚ قَالَ ٱلَّذِينَ أُوتُوا۟ ٱلْعِلْمَ إِنَّ ٱلْخِزْىَ ٱلْيَوْمَ وَٱلسُّوٓءَ عَلَى ٱلْكَـٰفِرِينَ",
        "ٱلَّذِينَ تَتَوَفَّىٰهُمُ ٱلْمَلَـٰٓئِكَةُ ظَالِمِىٓ أَنفُسِهِمْ ۖ فَأَلْقَوُا۟ ٱلسَّلَمَ مَا كُنَّا نَعْمَلُ مِن سُوٓءٍۭ ۚ بَلَىٰٓ إِنَّ ٱللَّهَ عَلِيمٌۢ بِمَا كُنتُمْ تَعْمَلُونَ",
        "فَٱدْخُلُوٓا۟ أَبْوَٰبَ جَهَنَّمَ خَـٰلِدِينَ فِيهَا ۖ فَلَبِئْسَ مَثْوَى ٱلْمُتَكَبِّرِينَ",
        "۞ وَقِيلَ لِلَّذِينَ ٱتَّقَوْا۟ مَاذَآ أَنزَلَ رَبُّكُمْ ۚ قَالُوا۟ خَيْرًا ۗ لِّلَّذِينَ أَحْسَنُوا۟ فِى هَـٰذِهِ ٱلدُّنْيَا حَسَنَةٌ ۚ وَلَدَارُ ٱلْـَٔاخِرَةِ خَيْرٌ ۚ وَلَنِعْمَ دَارُ ٱلْمُتَّقِينَ",
        "جَنَّـٰتُ عَدْنٍ يَدْخُلُونَهَا تَجْرِى مِن تَحْتِهَا ٱلْأَنْهَـٰرُ ۖ لَهُمْ فِيهَا مَا يَشَآءُونَ ۚ كَذَٰلِكَ يَجْزِى ٱللَّهُ ٱلْمُتَّقِينَ",
        "ٱلَّذِينَ تَتَوَفَّىٰهُمُ ٱلْمَلَـٰٓئِكَةُ طَيِّبِينَ ۙ يَقُولُونَ سَلَـٰمٌ عَلَيْكُمُ ٱدْخُلُوا۟ ٱلْجَنَّةَ بِمَا كُنتُمْ تَعْمَلُونَ",
        "هَلْ يَنظُرُونَ إِلَّآ أَن تَأْتِيَهُمُ ٱلْمَلَـٰٓئِكَةُ أَوْ يَأْتِىَ أَمْرُ رَبِّكَ ۚ كَذَٰلِكَ فَعَلَ ٱلَّذِينَ مِن قَبْلِهِمْ ۚ وَمَا ظَلَمَهُمُ ٱللَّهُ وَلَـٰكِن كَانُوٓا۟ أَنفُسَهُمْ يَظْلِمُونَ",
        "فَأَصَابَهُمْ سَيِّـَٔاتُ مَا عَمِلُوا۟ وَحَاقَ بِهِم مَّا كَانُوا۟ بِهِۦ يَسْتَهْزِءُونَ",
        "وَقَالَ ٱلَّذِينَ أَشْرَكُوا۟ لَوْ شَآءَ ٱللَّهُ مَا عَبَدْنَا مِن دُونِهِۦ مِن شَىْءٍ نَّحْنُ وَلَآ ءَابَآؤُنَا وَلَا حَرَّمْنَا مِن دُونِهِۦ مِن شَىْءٍ ۚ كَذَٰلِكَ فَعَلَ ٱلَّذِينَ مِن قَبْلِهِمْ ۚ فَهَلْ عَلَى ٱلرُّسُلِ إِلَّا ٱلْبَلَـٰغُ ٱلْمُبِينُ",
        "وَلَقَدْ بَعَثْنَا فِى كُلِّ أُمَّةٍ رَّسُولًا أَنِ ٱعْبُدُوا۟ ٱللَّهَ وَٱجْتَنِبُوا۟ ٱلطَّـٰغُوتَ ۖ فَمِنْهُم مَّنْ هَدَى ٱللَّهُ وَمِنْهُم مَّنْ حَقَّتْ عَلَيْهِ ٱلضَّلَـٰلَةُ ۚ فَسِيرُوا۟ فِى ٱلْأَرْضِ فَٱنظُرُوا۟ كَيْفَ كَانَ عَـٰقِبَةُ ٱلْمُكَذِّبِينَ",
        "إِن تَحْرِصْ عَلَىٰ هُدَىٰهُمْ فَإِنَّ ٱللَّهَ لَا يَهْدِى مَن يُضِلُّ ۖ وَمَا لَهُم مِّن نَّـٰصِرِينَ",
        "وَأَقْسَمُوا۟ بِٱللَّهِ جَهْدَ أَيْمَـٰنِهِمْ ۙ لَا يَبْعَثُ ٱللَّهُ مَن يَمُوتُ ۚ بَلَىٰ وَعْدًا عَلَيْهِ حَقًّا وَلَـٰكِنَّ أَكْثَرَ ٱلنَّاسِ لَا يَعْلَمُونَ",
        "لِيُبَيِّنَ لَهُمُ ٱلَّذِى يَخْتَلِفُونَ فِيهِ وَلِيَعْلَمَ ٱلَّذِينَ كَفَرُوٓا۟ أَنَّهُمْ كَانُوا۟ كَـٰذِبِينَ",
        "إِنَّمَا قَوْلُنَا لِشَىْءٍ إِذَآ أَرَدْنَـٰهُ أَن نَّقُولَ لَهُۥ كُن فَيَكُونُ",
        "وَٱلَّذِينَ هَاجَرُوا۟ فِى ٱللَّهِ مِنۢ بَعْدِ مَا ظُلِمُوا۟ لَنُبَوِّئَنَّهُمْ فِى ٱلدُّنْيَا حَسَنَةً ۖ وَلَأَجْرُ ٱلْـَٔاخِرَةِ أَكْبَرُ ۚ لَوْ كَانُوا۟ يَعْلَمُونَ",
        "ٱلَّذِينَ صَبَرُوا۟ وَعَلَىٰ رَبِّهِمْ يَتَوَكَّلُونَ",
        "وَمَآ أَرْسَلْنَا مِن قَبْلِكَ إِلَّا رِجَالًا نُّوحِىٓ إِلَيْهِمْ ۚ فَسْـَٔلُوٓا۟ أَهْلَ ٱلذِّكْرِ إِن كُنتُمْ لَا تَعْلَمُونَ",
        "بِٱلْبَيِّنَـٰتِ وَٱلزُّبُرِ ۗ وَأَنزَلْنَآ إِلَيْكَ ٱلذِّكْرَ لِتُبَيِّنَ لِلنَّاسِ مَا نُزِّلَ إِلَيْهِمْ وَلَعَلَّهُمْ يَتَفَكَّرُونَ",
        "أَفَأَمِنَ ٱلَّذِينَ مَكَرُوا۟ ٱلسَّيِّـَٔاتِ أَن يَخْسِفَ ٱللَّهُ بِهِمُ ٱلْأَرْضَ أَوْ يَأْتِيَهُمُ ٱلْعَذَابُ مِنْ حَيْثُ لَا يَشْعُرُونَ",
        "أَوْ يَأْخُذَهُمْ فِى تَقَلُّبِهِمْ فَمَا هُم بِمُعْجِزِينَ",
        "أَوْ يَأْخُذَهُمْ عَلَىٰ تَخَوُّفٍ فَإِنَّ رَبَّكُمْ لَرَءُوفٌ رَّحِيمٌ",
        "أَوَلَمْ يَرَوْا۟ إِلَىٰ مَا خَلَقَ ٱللَّهُ مِن شَىْءٍ يَتَفَيَّؤُا۟ ظِلَـٰلُهُۥ عَنِ ٱلْيَمِينِ وَٱلشَّمَآئِلِ سُجَّدًا لِّلَّهِ وَهُمْ دَٰخِرُونَ",
        "وَلِلَّهِ يَسْجُدُ مَا فِى ٱلسَّمَـٰوَٰتِ وَمَا فِى ٱلْأَرْضِ مِن دَآبَّةٍ وَٱلْمَلَـٰٓئِكَةُ وَهُمْ لَا يَسْتَكْبِرُونَ",
        "يَخَافُونَ رَبَّهُم مِّن فَوْقِهِمْ وَيَفْعَلُونَ مَا يُؤْمَرُونَ ۩",
        "۞ وَقَالَ ٱللَّهُ لَا تَتَّخِذُوٓا۟ إِلَـٰهَيْنِ ٱثْنَيْنِ ۖ إِنَّمَا هُوَ إِلَـٰهٌ وَٰحِدٌ ۖ فَإِيَّـٰىَ فَٱرْهَبُونِ",
        "وَلَهُۥ مَا فِى ٱلسَّمَـٰوَٰتِ وَٱلْأَرْضِ وَلَهُ ٱلدِّينُ وَاصِبًا ۚ أَفَغَيْرَ ٱللَّهِ تَتَّقُونَ",
        "وَمَا بِكُم مِّن نِّعْمَةٍ فَمِنَ ٱللَّهِ ۖ ثُمَّ إِذَا مَسَّكُمُ ٱلضُّرُّ فَإِلَيْهِ تَجْـَٔرُونَ",
        "ثُمَّ إِذَا كَشَفَ ٱلضُّرَّ عَنكُمْ إِذَا فَرِيقٌ مِّنكُم بِرَبِّهِمْ يُشْرِكُونَ",
        "لِيَكْفُرُوا۟ بِمَآ ءَاتَيْنَـٰهُمْ ۚ فَتَمَتَّعُوا۟ ۖ فَسَوْفَ تَعْلَمُونَ",
        "وَيَجْعَلُونَ لِمَا لَا يَعْلَمُونَ نَصِيبًا مِّمَّا رَزَقْنَـٰهُمْ ۗ تَٱللَّهِ لَتُسْـَٔلُنَّ عَمَّا كُنتُمْ تَفْتَرُونَ",
        "وَيَجْعَلُونَ لِلَّهِ ٱلْبَنَـٰتِ سُبْحَـٰنَهُۥ ۙ وَلَهُم مَّا يَشْتَهُونَ",
        "وَإِذَا بُشِّرَ أَحَدُهُم بِٱلْأُنثَىٰ ظَلَّ وَجْهُهُۥ مُسْوَدًّا وَهُوَ كَظِيمٌ",
        "يَتَوَٰرَىٰ مِنَ ٱلْقَوْمِ مِن سُوٓءِ مَا بُشِّرَ بِهِۦٓ ۚ أَيُمْسِكُهُۥ عَلَىٰ هُونٍ أَمْ يَدُسُّهُۥ فِى ٱلتُّرَابِ ۗ أَلَا سَآءَ مَا يَحْكُمُونَ",
        "لِلَّذِينَ لَا يُؤْمِنُونَ بِٱلْـَٔاخِرَةِ مَثَلُ ٱلسَّوْءِ ۖ وَلِلَّهِ ٱلْمَثَلُ ٱلْأَعْلَىٰ ۚ وَهُوَ ٱلْعَزِيزُ ٱلْحَكِيمُ",
        "وَلَوْ يُؤَاخِذُ ٱللَّهُ ٱلنَّاسَ بِظُلْمِهِم مَّا تَرَكَ عَلَيْهَا مِن دَآبَّةٍ وَلَـٰكِن يُؤَخِّرُهُمْ إِلَىٰٓ أَجَلٍ مُّسَمًّى ۖ فَإِذَا جَآءَ أَجَلُهُمْ لَا يَسْتَـْٔخِرُونَ سَاعَةً ۖ وَلَا يَسْتَقْدِمُونَ",
        "وَيَجْعَلُونَ لِلَّهِ مَا يَكْرَهُونَ وَتَصِفُ أَلْسِنَتُهُمُ ٱلْكَذِبَ أَنَّ لَهُمُ ٱلْحُسْنَىٰ ۖ لَا جَرَمَ أَنَّ لَهُمُ ٱلنَّارَ وَأَنَّهُم مُّفْرَطُونَ",
        "تَٱللَّهِ لَقَدْ أَرْسَلْنَآ إِلَىٰٓ أُمَمٍ مِّن قَبْلِكَ فَزَيَّنَ لَهُمُ ٱلشَّيْطَـٰنُ أَعْمَـٰلَهُمْ فَهُوَ وَلِيُّهُمُ ٱلْيَوْمَ وَلَهُمْ عَذَابٌ أَلِيمٌ",
        "وَمَآ أَنزَلْنَا عَلَيْكَ ٱلْكِتَـٰبَ إِلَّا لِتُبَيِّنَ لَهُمُ ٱلَّذِى ٱخْتَلَفُوا۟ فِيهِ ۙ وَهُدًى وَرَحْمَةً لِّقَوْمٍ يُؤْمِنُونَ",
        "وَٱللَّهُ أَنزَلَ مِنَ ٱلسَّمَآءِ مَآءً فَأَحْيَا بِهِ ٱلْأَرْضَ بَعْدَ مَوْتِهَآ ۚ إِنَّ فِى ذَٰلِكَ لَـَٔايَةً لِّقَوْمٍ يَسْمَعُونَ",
        "وَإِنَّ لَكُمْ فِى ٱلْأَنْعَـٰمِ لَعِبْرَةً ۖ نُّسْقِيكُم مِّمَّا فِى بُطُونِهِۦ مِنۢ بَيْنِ فَرْثٍ وَدَمٍ لَّبَنًا خَالِصًا سَآئِغًا لِّلشَّـٰرِبِينَ",
        "وَمِن ثَمَرَٰتِ ٱلنَّخِيلِ وَٱلْأَعْنَـٰبِ تَتَّخِذُونَ مِنْهُ سَكَرًا وَرِزْقًا حَسَنًا ۗ إِنَّ فِى ذَٰلِكَ لَـَٔايَةً لِّقَوْمٍ يَعْقِلُونَ",
        "وَأَوْحَىٰ رَبُّكَ إِلَى ٱلنَّحْلِ أَنِ ٱتَّخِذِى مِنَ ٱلْجِبَالِ بُيُوتًا وَمِنَ ٱلشَّجَرِ وَمِمَّا يَعْرِشُونَ",
        "ثُمَّ كُلِى مِن كُلِّ ٱلثَّمَرَٰتِ فَٱسْلُكِى سُبُلَ رَبِّكِ ذُلُلًا ۚ يَخْرُجُ مِنۢ بُطُونِهَا شَرَابٌ مُّخْتَلِفٌ أَلْوَٰنُهُۥ فِيهِ شِفَآءٌ لِّلنَّاسِ ۗ إِنَّ فِى ذَٰلِكَ لَـَٔايَةً لِّقَوْمٍ يَتَفَكَّرُونَ",
        "وَٱللَّهُ خَلَقَكُمْ ثُمَّ يَتَوَفَّىٰكُمْ ۚ وَمِنكُم مَّن يُرَدُّ إِلَىٰٓ أَرْذَلِ ٱلْعُمُرِ لِكَىْ لَا يَعْلَمَ بَعْدَ عِلْمٍ شَيْـًٔا ۚ إِنَّ ٱللَّهَ عَلِيمٌ قَدِيرٌ",
        "وَٱللَّهُ فَضَّلَ بَعْضَكُمْ عَلَىٰ بَعْضٍ فِى ٱلرِّزْقِ ۚ فَمَا ٱلَّذِينَ فُضِّلُوا۟ بِرَآدِّى رِزْقِهِمْ عَلَىٰ مَا مَلَكَتْ أَيْمَـٰنُهُمْ فَهُمْ فِيهِ سَوَآءٌ ۚ أَفَبِنِعْمَةِ ٱللَّهِ يَجْحَدُونَ",
        "وَٱللَّهُ جَعَلَ لَكُم مِّنْ أَنفُسِكُمْ أَزْوَٰجًا وَجَعَلَ لَكُم مِّنْ أَزْوَٰجِكُم بَنِينَ وَحَفَدَةً وَرَزَقَكُم مِّنَ ٱلطَّيِّبَـٰتِ ۚ أَفَبِٱلْبَـٰطِلِ يُؤْمِنُونَ وَبِنِعْمَتِ ٱللَّهِ هُمْ يَكْفُرُونَ",
        "وَيَعْبُدُونَ مِن دُونِ ٱللَّهِ مَا لَا يَمْلِكُ لَهُمْ رِزْقًا مِّنَ ٱلسَّمَـٰوَٰتِ وَٱلْأَرْضِ شَيْـًٔا وَلَا يَسْتَطِيعُونَ",
        "فَلَا تَضْرِبُوا۟ لِلَّهِ ٱلْأَمْثَالَ ۚ إِنَّ ٱللَّهَ يَعْلَمُ وَأَنتُمْ لَا تَعْلَمُونَ",
        "۞ ضَرَبَ ٱللَّهُ مَثَلًا عَبْدًا مَّمْلُوكًا لَّا يَقْدِرُ عَلَىٰ شَىْءٍ وَمَن رَّزَقْنَـٰهُ مِنَّا رِزْقًا حَسَنًا فَهُوَ يُنفِقُ مِنْهُ سِرًّا وَجَهْرًا ۖ هَلْ يَسْتَوُۥنَ ۚ ٱلْحَمْدُ لِلَّهِ ۚ بَلْ أَكْثَرُهُمْ لَا يَعْلَمُونَ",
        "وَضَرَبَ ٱللَّهُ مَثَلًا رَّجُلَيْنِ أَحَدُهُمَآ أَبْكَمُ لَا يَقْدِرُ عَلَىٰ شَىْءٍ وَهُوَ كَلٌّ عَلَىٰ مَوْلَىٰهُ أَيْنَمَا يُوَجِّههُّ لَا يَأْتِ بِخَيْرٍ ۖ هَلْ يَسْتَوِى هُوَ وَمَن يَأْمُرُ بِٱلْعَدْلِ ۙ وَهُوَ عَلَىٰ صِرَٰطٍ مُّسْتَقِيمٍ",
        "وَلِلَّهِ غَيْبُ ٱلسَّمَـٰوَٰتِ وَٱلْأَرْضِ ۚ وَمَآ أَمْرُ ٱلسَّاعَةِ إِلَّا كَلَمْحِ ٱلْبَصَرِ أَوْ هُوَ أَقْرَبُ ۚ إِنَّ ٱللَّهَ عَلَىٰ كُلِّ شَىْءٍ قَدِيرٌ",
        "وَٱللَّهُ أَخْرَجَكُم مِّنۢ بُطُونِ أُمَّهَـٰتِكُمْ لَا تَعْلَمُونَ شَيْـًٔا وَجَعَلَ لَكُمُ ٱلسَّمْعَ وَٱلْأَبْصَـٰرَ وَٱلْأَفْـِٔدَةَ ۙ لَعَلَّكُمْ تَشْكُرُونَ",
        "أَلَمْ يَرَوْا۟ إِلَى ٱلطَّيْرِ مُسَخَّرَٰتٍ فِى جَوِّ ٱلسَّمَآءِ مَا يُمْسِكُهُنَّ إِلَّا ٱللَّهُ ۗ إِنَّ فِى ذَٰلِكَ لَـَٔايَـٰتٍ لِّقَوْمٍ يُؤْمِنُونَ",
        "وَٱللَّهُ جَعَلَ لَكُم مِّنۢ بُيُوتِكُمْ سَكَنًا وَجَعَلَ لَكُم مِّن جُلُودِ ٱلْأَنْعَـٰمِ بُيُوتًا تَسْتَخِفُّونَهَا يَوْمَ ظَعْنِكُمْ وَيَوْمَ إِقَامَتِكُمْ ۙ وَمِنْ أَصْوَافِهَا وَأَوْبَارِهَا وَأَشْعَارِهَآ أَثَـٰثًا وَمَتَـٰعًا إِلَىٰ حِينٍ",
        "وَٱللَّهُ جَعَلَ لَكُم مِّمَّا خَلَقَ ظِلَـٰلًا وَجَعَلَ لَكُم مِّنَ ٱلْجِبَالِ أَكْنَـٰنًا وَجَعَلَ لَكُمْ سَرَٰبِيلَ تَقِيكُمُ ٱلْحَرَّ وَسَرَٰبِيلَ تَقِيكُم بَأْسَكُمْ ۚ كَذَٰلِكَ يُتِمُّ نِعْمَتَهُۥ عَلَيْكُمْ لَعَلَّكُمْ تُسْلِمُونَ",
        "فَإِن تَوَلَّوْا۟ فَإِنَّمَا عَلَيْكَ ٱلْبَلَـٰغُ ٱلْمُبِينُ",
        "يَعْرِفُونَ نِعْمَتَ ٱللَّهِ ثُمَّ يُنكِرُونَهَا وَأَكْثَرُهُمُ ٱلْكَـٰفِرُونَ",
        "وَيَوْمَ نَبْعَثُ مِن كُلِّ أُمَّةٍ شَهِيدًا ثُمَّ لَا يُؤْذَنُ لِلَّذِينَ كَفَرُوا۟ وَلَا هُمْ يُسْتَعْتَبُونَ",
        "وَإِذَا رَءَا ٱلَّذِينَ ظَلَمُوا۟ ٱلْعَذَابَ فَلَا يُخَفَّفُ عَنْهُمْ وَلَا هُمْ يُنظَرُونَ",
        "وَإِذَا رَءَا ٱلَّذِينَ أَشْرَكُوا۟ شُرَكَآءَهُمْ قَالُوا۟ رَبَّنَا هَـٰٓؤُلَآءِ شُرَكَآؤُنَا ٱلَّذِينَ كُنَّا نَدْعُوا۟ مِن دُونِكَ ۖ فَأَلْقَوْا۟ إِلَيْهِمُ ٱلْقَوْلَ إِنَّكُمْ لَكَـٰذِبُونَ",
        "وَأَلْقَوْا۟ إِلَى ٱللَّهِ يَوْمَئِذٍ ٱلسَّلَمَ ۖ وَضَلَّ عَنْهُم مَّا كَانُوا۟ يَفْتَرُونَ",
        "ٱلَّذِينَ كَفَرُوا۟ وَصَدُّوا۟ عَن سَبِيلِ ٱللَّهِ زِدْنَـٰهُمْ عَذَابًا فَوْقَ ٱلْعَذَابِ بِمَا كَانُوا۟ يُفْسِدُونَ",
        "وَيَوْمَ نَبْعَثُ فِى كُلِّ أُمَّةٍ شَهِيدًا عَلَيْهِم مِّنْ أَنفُسِهِمْ ۖ وَجِئْنَا بِكَ شَهِيدًا عَلَىٰ هَـٰٓؤُلَآءِ ۚ وَنَزَّلْنَا عَلَيْكَ ٱلْكِتَـٰبَ تِبْيَـٰنًا لِّكُلِّ شَىْءٍ وَهُدًى وَرَحْمَةً وَبُشْرَىٰ لِلْمُسْلِمِينَ",
        "۞ إِنَّ ٱللَّهَ يَأْمُرُ بِٱلْعَدْلِ وَٱلْإِحْسَـٰنِ وَإِيتَآئِ ذِى ٱلْقُرْبَىٰ وَيَنْهَىٰ عَنِ ٱلْفَحْشَآءِ وَٱلْمُنكَرِ وَٱلْبَغْىِ ۚ يَعِظُكُمْ لَعَلَّكُمْ تَذَكَّرُونَ",
        "وَأَوْفُوا۟ بِعَهْدِ ٱللَّهِ إِذَا عَـٰهَدتُّمْ وَلَا تَنقُضُوا۟ ٱلْأَيْمَـٰنَ بَعْدَ تَوْكِيدِهَا وَقَدْ جَعَلْتُمُ ٱللَّهَ عَلَيْكُمْ كَفِيلًا ۚ إِنَّ ٱللَّهَ يَعْلَمُ مَا تَفْعَلُونَ",
        "وَلَا تَكُونُوا۟ كَٱلَّتِى نَقَضَتْ غَزْلَهَا مِنۢ بَعْدِ قُوَّةٍ أَنكَـٰثًا تَتَّخِذُونَ أَيْمَـٰنَكُمْ دَخَلًۢا بَيْنَكُمْ أَن تَكُونَ أُمَّةٌ هِىَ أَرْبَىٰ مِنْ أُمَّةٍ ۚ إِنَّمَا يَبْلُوكُمُ ٱللَّهُ بِهِۦ ۚ وَلَيُبَيِّنَنَّ لَكُمْ يَوْمَ ٱلْقِيَـٰمَةِ مَا كُنتُمْ فِيهِ تَخْتَلِفُونَ",
        "وَلَوْ شَآءَ ٱللَّهُ لَجَعَلَكُمْ أُمَّةً وَٰحِدَةً وَلَـٰكِن يُضِلُّ مَن يَشَآءُ وَيَهْدِى مَن يَشَآءُ ۚ وَلَتُسْـَٔلُنَّ عَمَّا كُنتُمْ تَعْمَلُونَ",
        "وَلَا تَتَّخِذُوٓا۟ أَيْمَـٰنَكُمْ دَخَلًۢا بَيْنَكُمْ فَتَزِلَّ قَدَمٌۢ بَعْدَ ثُبُوتِهَا وَتَذُوقُوا۟ ٱلسُّوٓءَ بِمَا صَدَدتُّمْ عَن سَبِيلِ ٱللَّهِ ۖ وَلَكُمْ عَذَابٌ عَظِيمٌ",
        "وَلَا تَشْتَرُوا۟ بِعَهْدِ ٱللَّهِ ثَمَنًا قَلِيلًا ۚ إِنَّمَا عِندَ ٱللَّهِ هُوَ خَيْرٌ لَّكُمْ إِن كُنتُمْ تَعْلَمُونَ",
        "مَا عِندَكُمْ يَنفَدُ ۖ وَمَا عِندَ ٱللَّهِ بَاقٍ ۗ وَلَنَجْزِيَنَّ ٱلَّذِينَ صَبَرُوٓا۟ أَجْرَهُم بِأَحْسَنِ مَا كَانُوا۟ يَعْمَلُونَ",
        "مَنْ عَمِلَ صَـٰلِحًا مِّن ذَكَرٍ أَوْ أُنثَىٰ وَهُوَ مُؤْمِنٌ فَلَنُحْيِيَنَّهُۥ حَيَوٰةً طَيِّبَةً ۖ وَلَنَجْزِيَنَّهُمْ أَجْرَهُم بِأَحْسَنِ مَا كَانُوا۟ يَعْمَلُونَ",
        "فَإِذَا قَرَأْتَ ٱلْقُرْءَانَ فَٱسْتَعِذْ بِٱللَّهِ مِنَ ٱلشَّيْطَـٰنِ ٱلرَّجِيمِ",
        "إِنَّهُۥ لَيْسَ لَهُۥ سُلْطَـٰنٌ عَلَى ٱلَّذِينَ ءَامَنُوا۟ وَعَلَىٰ رَبِّهِمْ يَتَوَكَّلُونَ",
        "إِنَّمَا سُلْطَـٰنُهُۥ عَلَى ٱلَّذِينَ يَتَوَلَّوْنَهُۥ وَٱلَّذِينَ هُم بِهِۦ مُشْرِكُونَ",
        "وَإِذَا بَدَّلْنَآ ءَايَةً مَّكَانَ ءَايَةٍ ۙ وَٱللَّهُ أَعْلَمُ بِمَا يُنَزِّلُ قَالُوٓا۟ إِنَّمَآ أَنتَ مُفْتَرٍۭ ۚ بَلْ أَكْثَرُهُمْ لَا يَعْلَمُونَ",
        "قُلْ نَزَّلَهُۥ رُوحُ ٱلْقُدُسِ مِن رَّبِّكَ بِٱلْحَقِّ لِيُثَبِّتَ ٱلَّذِينَ ءَامَنُوا۟ وَهُدًى وَبُشْرَىٰ لِلْمُسْلِمِينَ",
        "وَلَقَدْ نَعْلَمُ أَنَّهُمْ يَقُولُونَ إِنَّمَا يُعَلِّمُهُۥ بَشَرٌ ۗ لِّسَانُ ٱلَّذِى يُلْحِدُونَ إِلَيْهِ أَعْجَمِىٌّ وَهَـٰذَا لِسَانٌ عَرَبِىٌّ مُّبِينٌ",
        "إِنَّ ٱلَّذِينَ لَا يُؤْمِنُونَ بِـَٔايَـٰتِ ٱللَّهِ لَا يَهْدِيهِمُ ٱللَّهُ وَلَهُمْ عَذَابٌ أَلِيمٌ",
        "إِنَّمَا يَفْتَرِى ٱلْكَذِبَ ٱلَّذِينَ لَا يُؤْمِنُونَ بِـَٔايَـٰتِ ٱللَّهِ ۖ وَأُو۟لَـٰٓئِكَ هُمُ ٱلْكَـٰذِبُونَ",
        "مَن كَفَرَ بِٱللَّهِ مِنۢ بَعْدِ إِيمَـٰنِهِۦٓ إِلَّا مَنْ أُكْرِهَ وَقَلْبُهُۥ مُطْمَئِنٌّۢ بِٱلْإِيمَـٰنِ وَلَـٰكِن مَّن شَرَحَ بِٱلْكُفْرِ صَدْرًا فَعَلَيْهِمْ غَضَبٌ مِّنَ ٱللَّهِ وَلَهُمْ عَذَابٌ عَظِيمٌ",
        "ذَٰلِكَ بِأَنَّهُمُ ٱسْتَحَبُّوا۟ ٱلْحَيَوٰةَ ٱلدُّنْيَا عَلَى ٱلْـَٔاخِرَةِ وَأَنَّ ٱللَّهَ لَا يَهْدِى ٱلْقَوْمَ ٱلْكَـٰفِرِينَ",
        "أُو۟لَـٰٓئِكَ ٱلَّذِينَ طَبَعَ ٱللَّهُ عَلَىٰ قُلُوبِهِمْ وَسَمْعِهِمْ وَأَبْصَـٰرِهِمْ ۖ وَأُو۟لَـٰٓئِكَ هُمُ ٱلْغَـٰفِلُونَ",
        "لَا جَرَمَ أَنَّهُمْ فِى ٱلْـَٔاخِرَةِ هُمُ ٱلْخَـٰسِرُونَ",
        "ثُمَّ إِنَّ رَبَّكَ لِلَّذِينَ هَاجَرُوا۟ مِنۢ بَعْدِ مَا فُتِنُوا۟ ثُمَّ جَـٰهَدُوا۟ وَصَبَرُوٓا۟ إِنَّ رَبَّكَ مِنۢ بَعْدِهَا لَغَفُورٌ رَّحِيمٌ",
        "۞ يَوْمَ تَأْتِى كُلُّ نَفْسٍ تُجَـٰدِلُ عَن نَّفْسِهَا وَتُوَفَّىٰ كُلُّ نَفْسٍ مَّا عَمِلَتْ وَهُمْ لَا يُظْلَمُونَ",
        "وَضَرَبَ ٱللَّهُ مَثَلًا قَرْيَةً كَانَتْ ءَامِنَةً مُّطْمَئِنَّةً يَأْتِيهَا رِزْقُهَا رَغَدًا مِّن كُلِّ مَكَانٍ فَكَفَرَتْ بِأَنْعُمِ ٱللَّهِ فَأَذَٰقَهَا ٱللَّهُ لِبَاسَ ٱلْجُوعِ وَٱلْخَوْفِ بِمَا كَانُوا۟ يَصْنَعُونَ",
        "وَلَقَدْ جَآءَهُمْ رَسُولٌ مِّنْهُمْ فَكَذَّبُوهُ فَأَخَذَهُمُ ٱلْعَذَابُ وَهُمْ ظَـٰلِمُونَ",
        "فَكُلُوا۟ مِمَّا رَزَقَكُمُ ٱللَّهُ حَلَـٰلًا طَيِّبًا وَٱشْكُرُوا۟ نِعْمَتَ ٱللَّهِ إِن كُنتُمْ إِيَّاهُ تَعْبُدُونَ",
        "إِنَّمَا حَرَّمَ عَلَيْكُمُ ٱلْمَيْتَةَ وَٱلدَّمَ وَلَحْمَ ٱلْخِنزِيرِ وَمَآ أُهِلَّ لِغَيْرِ ٱللَّهِ بِهِۦ ۖ فَمَنِ ٱضْطُرَّ غَيْرَ بَاغٍ وَلَا عَادٍ فَإِنَّ ٱللَّهَ غَفُورٌ رَّحِيمٌ",
        "وَلَا تَقُولُوا۟ لِمَا تَصِفُ أَلْسِنَتُكُمُ ٱلْكَذِبَ هَـٰذَا حَلَـٰلٌ وَهَـٰذَا حَرَامٌ لِّتَفْتَرُوا۟ عَلَى ٱللَّهِ ٱلْكَذِبَ ۚ إِنَّ ٱلَّذِينَ يَفْتَرُونَ عَلَى ٱللَّهِ ٱلْكَذِبَ لَا يُفْلِحُونَ",
        "مَتَـٰعٌ قَلِيلٌ وَلَهُمْ عَذَابٌ أَلِيمٌ",
        "وَعَلَى ٱلَّذِينَ هَادُوا۟ حَرَّمْنَا مَا قَصَصْنَا عَلَيْكَ مِن قَبْلُ ۖ وَمَا ظَلَمْنَـٰهُمْ وَلَـٰكِن كَانُوٓا۟ أَنفُسَهُمْ يَظْلِمُونَ",
        "ثُمَّ إِنَّ رَبَّكَ لِلَّذِينَ عَمِلُوا۟ ٱلسُّوٓءَ بِجَهَـٰلَةٍ ثُمَّ تَابُوا۟ مِنۢ بَعْدِ ذَٰلِكَ وَأَصْلَحُوٓا۟ إِنَّ رَبَّكَ مِنۢ بَعْدِهَا لَغَفُورٌ رَّحِيمٌ",
        "إِنَّ إِبْرَٰهِيمَ كَانَ أُمَّةً قَانِتًا لِّلَّهِ حَنِيفًا وَلَمْ يَكُ مِنَ ٱلْمُشْرِكِينَ",
        "شَاكِرًا لِّأَنْعُمِهِ ۚ ٱجْتَبَىٰهُ وَهَدَىٰهُ إِلَىٰ صِرَٰطٍ مُّسْتَقِيمٍ",
        "وَءَاتَيْنَـٰهُ فِى ٱلدُّنْيَا حَسَنَةً ۖ وَإِنَّهُۥ فِى ٱلْـَٔاخِرَةِ لَمِنَ ٱلصَّـٰلِحِينَ",
        "ثُمَّ أَوْحَيْنَآ إِلَيْكَ أَنِ ٱتَّبِعْ مِلَّةَ إِبْرَٰهِيمَ حَنِيفًا ۖ وَمَا كَانَ مِنَ ٱلْمُشْرِكِينَ",
        "إِنَّمَا جُعِلَ ٱلسَّبْتُ عَلَى ٱلَّذِينَ ٱخْتَلَفُوا۟ فِيهِ ۚ وَإِنَّ رَبَّكَ لَيَحْكُمُ بَيْنَهُمْ يَوْمَ ٱلْقِيَـٰمَةِ فِيمَا كَانُوا۟ فِيهِ يَخْتَلِفُونَ",
        "ٱدْعُ إِلَىٰ سَبِيلِ رَبِّكَ بِٱلْحِكْمَةِ وَٱلْمَوْعِظَةِ ٱلْحَسَنَةِ ۖ وَجَـٰدِلْهُم بِٱلَّتِى هِىَ أَحْسَنُ ۚ إِنَّ رَبَّكَ هُوَ أَعْلَمُ بِمَن ضَلَّ عَن سَبِيلِهِۦ ۖ وَهُوَ أَعْلَمُ بِٱلْمُهْتَدِينَ",
        "وَإِنْ عَاقَبْتُمْ فَعَاقِبُوا۟ بِمِثْلِ مَا عُوقِبْتُم بِهِۦ ۖ وَلَئِن صَبَرْتُمْ لَهُوَ خَيْرٌ لِّلصَّـٰبِرِينَ",
        "وَٱصْبِرْ وَمَا صَبْرُكَ إِلَّا بِٱللَّهِ ۚ وَلَا تَحْزَنْ عَلَيْهِمْ وَلَا تَكُ فِى ضَيْقٍ مِّمَّا يَمْكُرُونَ",
        "إِنَّ ٱللَّهَ مَعَ ٱلَّذِينَ ٱتَّقَوا۟ وَّٱلَّذِينَ هُم مُّحْسِنُونَ"
    ],
    "arabic2": [
        "اتى امر الله فلا تستعجلوه سبحانه وتعالى عما يشركون",
        "ينزل الملائكة بالروح من امره على من يشاء من عباده ان انذروا انه لا اله الا انا فاتقون",
        "خلق السماوات والارض بالحق تعالى عما يشركون",
        "خلق الانسان من نطفة فاذا هو خصيم مبين",
        "والانعام خلقها لكم فيها دفء ومنافع ومنها تاكلون",
        "ولكم فيها جمال حين تريحون وحين تسرحون",
        "وتحمل اثقالكم الى بلد لم تكونوا بالغيه الا بشق الانفس ان ربكم لرءوف رحيم",
        "والخيل والبغال والحمير لتركبوها وزينة ويخلق ما لا تعلمون",
        "وعلى الله قصد السبيل ومنها جائر ولو شاء لهداكم اجمعين",
        "هو الذي انزل من السماء ماء لكم منه شراب ومنه شجر فيه تسيمون",
        "ينبت لكم به الزرع والزيتون والنخيل والاعناب ومن كل الثمرات ان في ذلك لاية لقوم يتفكرون",
        "وسخر لكم الليل والنهار والشمس والقمر والنجوم مسخرات بامره ان في ذلك لايات لقوم يعقلون",
        "وما ذرا لكم في الارض مختلفا الوانه ان في ذلك لاية لقوم يذكرون",
        "وهو الذي سخر البحر لتاكلوا منه لحما طريا وتستخرجوا منه حلية تلبسونها وترى الفلك مواخر فيه ولتبتغوا من فضله ولعلكم تشكرون",
        "والقى في الارض رواسي ان تميد بكم وانهارا وسبلا لعلكم تهتدون",
        "وعلامات وبالنجم هم يهتدون",
        "افمن يخلق كمن لا يخلق افلا تذكرون",
        "وان تعدوا نعمة الله لا تحصوها ان الله لغفور رحيم",
        "والله يعلم ما تسرون وما تعلنون",
        "والذين يدعون من دون الله لا يخلقون شيئا وهم يخلقون",
        "اموات غير احياء وما يشعرون ايان يبعثون",
        "الهكم اله واحد فالذين لا يؤمنون بالاخرة قلوبهم منكرة وهم مستكبرون",
        "لا جرم ان الله يعلم ما يسرون وما يعلنون انه لا يحب المستكبرين",
        "واذا قيل لهم ماذا انزل ربكم قالوا اساطير الاولين",
        "ليحملوا اوزارهم كاملة يوم القيامة ومن اوزار الذين يضلونهم بغير علم الا ساء ما يزرون",
        "قد مكر الذين من قبلهم فاتى الله بنيانهم من القواعد فخر عليهم السقف من فوقهم واتاهم العذاب من حيث لا يشعرون",
        "ثم يوم القيامة يخزيهم ويقول اين شركائي الذين كنتم تشاقون فيهم قال الذين اوتوا العلم ان الخزي اليوم والسوء على الكافرين",
        "الذين تتوفاهم الملائكة ظالمي انفسهم فالقوا السلم ما كنا نعمل من سوء بلى ان الله عليم بما كنتم تعملون",
        "فادخلوا ابواب جهنم خالدين فيها فلبئس مثوى المتكبرين",
        "وقيل للذين اتقوا ماذا انزل ربكم قالوا خيرا للذين احسنوا في هذه الدنيا حسنة ولدار الاخرة خير ولنعم دار المتقين",
        "جنات عدن يدخلونها تجري من تحتها الانهار لهم فيها ما يشاءون كذلك يجزي الله المتقين",
        "الذين تتوفاهم الملائكة طيبين يقولون سلام عليكم ادخلوا الجنة بما كنتم تعملون",
        "هل ينظرون الا ان تاتيهم الملائكة او ياتي امر ربك كذلك فعل الذين من قبلهم وما ظلمهم الله ولكن كانوا انفسهم يظلمون",
        "فاصابهم سيئات ما عملوا وحاق بهم ما كانوا به يستهزئون",
        "وقال الذين اشركوا لو شاء الله ما عبدنا من دونه من شيء نحن ولا اباؤنا ولا حرمنا من دونه من شيء كذلك فعل الذين من قبلهم فهل على الرسل الا البلاغ المبين",
        "ولقد بعثنا في كل امة رسولا ان اعبدوا الله واجتنبوا الطاغوت فمنهم من هدى الله ومنهم من حقت عليه الضلالة فسيروا في الارض فانظروا كيف كان عاقبة المكذبين",
        "ان تحرص على هداهم فان الله لا يهدي من يضل وما لهم من ناصرين",
        "واقسموا بالله جهد ايمانهم لا يبعث الله من يموت بلى وعدا عليه حقا ولكن اكثر الناس لا يعلمون",
        "ليبين لهم الذي يختلفون فيه وليعلم الذين كفروا انهم كانوا كاذبين",
        "انما قولنا لشيء اذا اردناه ان نقول له كن فيكون",
        "والذين هاجروا في الله من بعد ما ظلموا لنبوئنهم في الدنيا حسنة ولاجر الاخرة اكبر لو كانوا يعلمون",
        "الذين صبروا وعلى ربهم يتوكلون",
        "وما ارسلنا من قبلك الا رجالا نوحي اليهم فاسالوا اهل الذكر ان كنتم لا تعلمون",
        "بالبينات والزبر وانزلنا اليك الذكر لتبين للناس ما نزل اليهم ولعلهم يتفكرون",
        "افامن الذين مكروا السيئات ان يخسف الله بهم الارض او ياتيهم العذاب من حيث لا يشعرون",
        "او ياخذهم في تقلبهم فما هم بمعجزين",
        "او ياخذهم على تخوف فان ربكم لرءوف رحيم",
        "اولم يروا الى ما خلق الله من شيء يتفيا ظلاله عن اليمين والشمائل سجدا لله وهم داخرون",
        "ولله يسجد ما في السماوات وما في الارض من دابة والملائكة وهم لا يستكبرون",
        "يخافون ربهم من فوقهم ويفعلون ما يؤمرون",
        "وقال الله لا تتخذوا الهين اثنين انما هو اله واحد فاياي فارهبون",
        "وله ما في السماوات والارض وله الدين واصبا افغير الله تتقون",
        "وما بكم من نعمة فمن الله ثم اذا مسكم الضر فاليه تجارون",
        "ثم اذا كشف الضر عنكم اذا فريق منكم بربهم يشركون",
        "ليكفروا بما اتيناهم فتمتعوا فسوف تعلمون",
        "ويجعلون لما لا يعلمون نصيبا مما رزقناهم تالله لتسالن عما كنتم تفترون",
        "ويجعلون لله البنات سبحانه ولهم ما يشتهون",
        "واذا بشر احدهم بالانثى ظل وجهه مسودا وهو كظيم",
        "يتوارى من القوم من سوء ما بشر به ايمسكه على هون ام يدسه في التراب الا ساء ما يحكمون",
        "للذين لا يؤمنون بالاخرة مثل السوء ولله المثل الاعلى وهو العزيز الحكيم",
        "ولو يؤاخذ الله الناس بظلمهم ما ترك عليها من دابة ولكن يؤخرهم الى اجل مسمى فاذا جاء اجلهم لا يستاخرون ساعة ولا يستقدمون",
        "ويجعلون لله ما يكرهون وتصف السنتهم الكذب ان لهم الحسنى لا جرم ان لهم النار وانهم مفرطون",
        "تالله لقد ارسلنا الى امم من قبلك فزين لهم الشيطان اعمالهم فهو وليهم اليوم ولهم عذاب اليم",
        "وما انزلنا عليك الكتاب الا لتبين لهم الذي اختلفوا فيه وهدى ورحمة لقوم يؤمنون",
        "والله انزل من السماء ماء فاحيا به الارض بعد موتها ان في ذلك لاية لقوم يسمعون",
        "وان لكم في الانعام لعبرة نسقيكم مما في بطونه من بين فرث ودم لبنا خالصا سائغا للشاربين",
        "ومن ثمرات النخيل والاعناب تتخذون منه سكرا ورزقا حسنا ان في ذلك لاية لقوم يعقلون",
        "واوحى ربك الى النحل ان اتخذي من الجبال بيوتا ومن الشجر ومما يعرشون",
        "ثم كلي من كل الثمرات فاسلكي سبل ربك ذللا يخرج من بطونها شراب مختلف الوانه فيه شفاء للناس ان في ذلك لاية لقوم يتفكرون",
        "والله خلقكم ثم يتوفاكم ومنكم من يرد الى ارذل العمر لكي لا يعلم بعد علم شيئا ان الله عليم قدير",
        "والله فضل بعضكم على بعض في الرزق فما الذين فضلوا برادي رزقهم على ما ملكت ايمانهم فهم فيه سواء افبنعمة الله يجحدون",
        "والله جعل لكم من انفسكم ازواجا وجعل لكم من ازواجكم بنين وحفدة ورزقكم من الطيبات افبالباطل يؤمنون وبنعمت الله هم يكفرون",
        "ويعبدون من دون الله ما لا يملك لهم رزقا من السماوات والارض شيئا ولا يستطيعون",
        "فلا تضربوا لله الامثال ان الله يعلم وانتم لا تعلمون",
        "ضرب الله مثلا عبدا مملوكا لا يقدر على شيء ومن رزقناه منا رزقا حسنا فهو ينفق منه سرا وجهرا هل يستوون الحمد لله بل اكثرهم لا يعلمون",
        "وضرب الله مثلا رجلين احدهما ابكم لا يقدر على شيء وهو كل على مولاه اينما يوجهه لا يات بخير هل يستوي هو ومن يامر بالعدل وهو على صراط مستقيم",
        "ولله غيب السماوات والارض وما امر الساعة الا كلمح البصر او هو اقرب ان الله على كل شيء قدير",
        "والله اخرجكم من بطون امهاتكم لا تعلمون شيئا وجعل لكم السمع والابصار والافئدة لعلكم تشكرون",
        "الم يروا الى الطير مسخرات في جو السماء ما يمسكهن الا الله ان في ذلك لايات لقوم يؤمنون",
        "والله جعل لكم من بيوتكم سكنا وجعل لكم من جلود الانعام بيوتا تستخفونها يوم ظعنكم ويوم اقامتكم ومن اصوافها واوبارها واشعارها اثاثا ومتاعا الى حين",
        "والله جعل لكم مما خلق ظلالا وجعل لكم من الجبال اكنانا وجعل لكم سرابيل تقيكم الحر وسرابيل تقيكم باسكم كذلك يتم نعمته عليكم لعلكم تسلمون",
        "فان تولوا فانما عليك البلاغ المبين",
        "يعرفون نعمت الله ثم ينكرونها واكثرهم الكافرون",
        "ويوم نبعث من كل امة شهيدا ثم لا يؤذن للذين كفروا ولا هم يستعتبون",
        "واذا راى الذين ظلموا العذاب فلا يخفف عنهم ولا هم ينظرون",
        "واذا راى الذين اشركوا شركاءهم قالوا ربنا هؤلاء شركاؤنا الذين كنا ندعو من دونك فالقوا اليهم القول انكم لكاذبون",
        "والقوا الى الله يومئذ السلم وضل عنهم ما كانوا يفترون",
        "الذين كفروا وصدوا عن سبيل الله زدناهم عذابا فوق العذاب بما كانوا يفسدون",
        "ويوم نبعث في كل امة شهيدا عليهم من انفسهم وجئنا بك شهيدا على هؤلاء ونزلنا عليك الكتاب تبيانا لكل شيء وهدى ورحمة وبشرى للمسلمين",
        "ان الله يامر بالعدل والاحسان وايتاء ذي القربى وينهى عن الفحشاء والمنكر والبغي يعظكم لعلكم تذكرون",
        "واوفوا بعهد الله اذا عاهدتم ولا تنقضوا الايمان بعد توكيدها وقد جعلتم الله عليكم كفيلا ان الله يعلم ما تفعلون",
        "ولا تكونوا كالتي نقضت غزلها من بعد قوة انكاثا تتخذون ايمانكم دخلا بينكم ان تكون امة هي اربى من امة انما يبلوكم الله به وليبينن لكم يوم القيامة ما كنتم فيه تختلفون",
        "ولو شاء الله لجعلكم امة واحدة ولكن يضل من يشاء ويهدي من يشاء ولتسالن عما كنتم تعملون",
        "ولا تتخذوا ايمانكم دخلا بينكم فتزل قدم بعد ثبوتها وتذوقوا السوء بما صددتم عن سبيل الله ولكم عذاب عظيم",
        "ولا تشتروا بعهد الله ثمنا قليلا انما عند الله هو خير لكم ان كنتم تعلمون",
        "ما عندكم ينفد وما عند الله باق ولنجزين الذين صبروا اجرهم باحسن ما كانوا يعملون",
        "من عمل صالحا من ذكر او انثى وهو مؤمن فلنحيينه حياة طيبة ولنجزينهم اجرهم باحسن ما كانوا يعملون",
        "فاذا قرات القران فاستعذ بالله من الشيطان الرجيم",
        "انه ليس له سلطان على الذين امنوا وعلى ربهم يتوكلون",
        "انما سلطانه على الذين يتولونه والذين هم به مشركون",
        "واذا بدلنا اية مكان اية والله اعلم بما ينزل قالوا انما انت مفتر بل اكثرهم لا يعلمون",
        "قل نزله روح القدس من ربك بالحق ليثبت الذين امنوا وهدى وبشرى للمسلمين",
        "ولقد نعلم انهم يقولون انما يعلمه بشر لسان الذي يلحدون اليه اعجمي وهذا لسان عربي مبين",
        "ان الذين لا يؤمنون بايات الله لا يهديهم الله ولهم عذاب اليم",
        "انما يفتري الكذب الذين لا يؤمنون بايات الله واولئك هم الكاذبون",
        "من كفر بالله من بعد ايمانه الا من اكره وقلبه مطمئن بالايمان ولكن من شرح بالكفر صدرا فعليهم غضب من الله ولهم عذاب عظيم",
        "ذلك بانهم استحبوا الحياة الدنيا على الاخرة وان الله لا يهدي القوم الكافرين",
        "اولئك الذين طبع الله على قلوبهم وسمعهم وابصارهم واولئك هم الغافلون",
        "لا جرم انهم في الاخرة هم الخاسرون",
        "ثم ان ربك للذين هاجروا من بعد ما فتنوا ثم جاهدوا وصبروا ان ربك من بعدها لغفور رحيم",
        "يوم تاتي كل نفس تجادل عن نفسها وتوفى كل نفس ما عملت وهم لا يظلمون",
        "وضرب الله مثلا قرية كانت امنة مطمئنة ياتيها رزقها رغدا من كل مكان فكفرت بانعم الله فاذاقها الله لباس الجوع والخوف بما كانوا يصنعون",
        "ولقد جاءهم رسول منهم فكذبوه فاخذهم العذاب وهم ظالمون",
        "فكلوا مما رزقكم الله حلالا طيبا واشكروا نعمت الله ان كنتم اياه تعبدون",
        "انما حرم عليكم الميتة والدم ولحم الخنزير وما اهل لغير الله به فمن اضطر غير باغ ولا عاد فان الله غفور رحيم",
        "ولا تقولوا لما تصف السنتكم الكذب هذا حلال وهذا حرام لتفتروا على الله الكذب ان الذين يفترون على الله الكذب لا يفلحون",
        "متاع قليل ولهم عذاب اليم",
        "وعلى الذين هادوا حرمنا ما قصصنا عليك من قبل وما ظلمناهم ولكن كانوا انفسهم يظلمون",
        "ثم ان ربك للذين عملوا السوء بجهالة ثم تابوا من بعد ذلك واصلحوا ان ربك من بعدها لغفور رحيم",
        "ان ابراهيم كان امة قانتا لله حنيفا ولم يك من المشركين",
        "شاكرا لانعمه اجتباه وهداه الى صراط مستقيم",
        "واتيناه في الدنيا حسنة وانه في الاخرة لمن الصالحين",
        "ثم اوحينا اليك ان اتبع ملة ابراهيم حنيفا وما كان من المشركين",
        "انما جعل السبت على الذين اختلفوا فيه وان ربك ليحكم بينهم يوم القيامة فيما كانوا فيه يختلفون",
        "ادع الى سبيل ربك بالحكمة والموعظة الحسنة وجادلهم بالتي هي احسن ان ربك هو اعلم بمن ضل عن سبيله وهو اعلم بالمهتدين",
        "وان عاقبتم فعاقبوا بمثل ما عوقبتم به ولئن صبرتم لهو خير للصابرين",
        "واصبر وما صبرك الا بالله ولا تحزن عليهم ولا تك في ضيق مما يمكرون",
        "ان الله مع الذين اتقوا والذين هم محسنون"
    ]
}