{
    "surahName": "Al-Israa",
    "surahNameArabic": "الإسراء",
    "surahNameArabicLong": "سورة الإسراء",
    "surahNameTranslation": "The Night Journey",
    "revelationPlace": "Mecca",
    "totalAyah": 111,
    "surahNo": 17,
    "english": [
        "Glory be to the One Who took His servant ˹Muḥammad˺ by night from the Sacred Mosque to the Farthest Mosque whose surroundings We have blessed, so that We may show him some of Our signs. Indeed, He alone is the All-Hearing, All-Seeing.",
        "And We gave Moses the Scripture and made it a guide for the Children of Israel, ˹stating:˺ “Do not take besides Me any other Trustee of Affairs",
        "˹O˺ descendants of those We carried with Noah ˹in the Ark˺! He was indeed a grateful servant.”",
        "And We warned the Children of Israel in the Scripture, “You will certainly cause corruption in the land twice, and you will become extremely arrogant.",
        "When the first of the two warnings would come to pass, We would send against you some of Our servants of great might, who would ravage your homes. This would be a warning fulfilled.",
        "Then ˹after your repentance˺ We would give you the upper hand over them and aid you with wealth and offspring, causing you to outnumber them.",
        "If you act rightly, it is for your own good, but if you do wrong, it is to your own loss. “And when the second warning would come to pass, your enemies would ˹be left to˺ totally disgrace you and enter the Temple ˹of Jerusalem˺ as they entered it the first time, and utterly destroy whatever would fall into their hands.",
        "Perhaps your Lord will have mercy on you ˹if you repent˺, but if you return ˹to sin˺, We will return ˹to punishment˺. And We have made Hell a ˹permanent˺ confinement for the disbelievers.”",
        "Surely this Quran guides to what is most upright, and gives good news to the believers—who do good—that they will have a mighty reward.",
        "And ˹it warns˺ those who do not believe in the Hereafter ˹that˺ We have prepared for them a painful punishment.",
        "And humans ˹swiftly˺ pray for evil as they pray for good. For humankind is ever hasty.",
        "We made the day and night as two signs. So We made the sign of the night devoid of light, and We made the sign of the day ˹perfectly˺ bright, so that you may seek the bounty of your Lord and know the number of years and calculation ˹of time˺. And We have explained everything in detail.",
        "We have bound every human’s destiny to their neck. And on the Day of Judgment We will bring forth to each ˹person˺ a record which they will find laid open.",
        "˹And it will be said,˺ “Read your record. You ˹alone˺ are sufficient this Day to take account of yourself.”",
        "Whoever chooses to be guided, it is only for their own good. And whoever chooses to stray, it is only to their own loss. No soul burdened with sin will bear the burden of another. And We would never punish ˹a people˺ until We have sent a messenger ˹to warn them˺.",
        "Whenever We intend to destroy a society, We command its elite ˹to obey Allah˺ but they act rebelliously in it. So the decree ˹of punishment˺ is justified, and We destroy it utterly.",
        "˹Imagine˺ how many peoples We have destroyed after Noah! And sufficient is your Lord as All-Aware and All-Seeing of the sins of His servants.",
        "Whoever desires this fleeting world ˹alone˺, We hasten in it whatever We please to whoever We will; then We destine them for Hell, where they will burn, condemned and rejected.",
        "But whoever desires the Hereafter and strives for it accordingly, and is a ˹true˺ believer, it is they whose striving will be appreciated.",
        "We provide both the former and the latter from the bounty of your Lord. And the bounty of your Lord can never be withheld.",
        "See how We have favoured some over others ˹in this life˺, but the Hereafter is certainly far greater in rank and in favour.",
        "Do not set up any other god with Allah, or you will end up condemned, abandoned.",
        "For your Lord has decreed that you worship none but Him. And honour your parents. If one or both of them reach old age in your care, never say to them ˹even˺ ‘ugh,’ nor yell at them. Rather, address them respectfully.",
        "And be humble with them out of mercy, and pray, “My Lord! Be merciful to them as they raised me when I was young.”",
        "Your Lord knows best what is within yourselves. If you are righteous, He is certainly All-Forgiving to those who ˹constantly˺ turn to Him.",
        "Give to close relatives their due, as well as the poor and ˹needy˺ travellers. And do not spend wastefully.",
        "Surely the wasteful are ˹like˺ brothers to the devils. And the Devil is ever ungrateful to his Lord.",
        "But if you must turn them down ˹because you lack the means to give˺—while hoping to receive your Lord’s bounty—then ˹at least˺ give them a kind word.",
        "Do not be so tight-fisted, for you will be blameworthy; nor so open-handed, for you will end up in poverty.",
        "Surely your Lord gives abundant or limited provisions to whoever He wills. He is certainly All-Aware, All-Seeing of His servants.",
        "Do not kill your children for fear of poverty. We provide for them and for you. Surely killing them is a heinous sin.",
        "Do not go near adultery. It is truly a shameful deed and an evil way.",
        "Do not take a ˹human˺ life—made sacred by Allah—except with ˹legal˺ right. If anyone is killed unjustly, We have given their heirs the authority, but do not let them exceed limits in retaliation, for they are already supported ˹by law˺.",
        "Do not come near the wealth of the orphan—unless intending to enhance it—until they attain maturity. Honour ˹your˺ pledges, for you will surely be accountable for them.",
        "Give in full when you measure, and weigh with an even balance. That is fairest and best in the end.",
        "Do not follow what you have no ˹sure˺ knowledge of. Indeed, all will be called to account for ˹their˺ hearing, sight, and intellect.",
        "And do not walk on the earth arrogantly. Surely you can neither crack the earth nor stretch to the height of the mountains.",
        "The violation of any of these ˹commandments˺ is detestable to your Lord.",
        "This is part of the wisdom which your Lord has revealed to you ˹O Prophet˺. And do not set up any other god with Allah ˹O humanity˺, or you will be cast into Hell, blameworthy, rejected.",
        "Has your Lord favoured you ˹pagans˺ with sons and taken angels as ˹His˺ daughters? You are truly making an outrageous claim.",
        "We have surely varied ˹the signs˺ in this Quran so perhaps they may be mindful, but it only drives them farther away.",
        "Say, ˹O Prophet,˺ “Had there been other gods besides Him—as they claim—then they would have certainly sought a way to ˹challenge˺ the Lord of the Throne.”",
        "Glorified and Highly Exalted is He above what they claim!",
        "The seven heavens, the earth, and all those in them glorify Him. There is not a single thing that does not glorify His praises—but you ˹simply˺ cannot comprehend their glorification. He is indeed Most Forbearing, All-Forgiving.",
        "When you ˹O Prophet˺ recite the Quran, We put a hidden barrier between you and those who do not believe in the Hereafter.",
        "We have cast veils over their hearts—leaving them unable to comprehend it—and deafness in their ears. And when you mention your Lord alone in the Quran, they turn their backs in aversion.",
        "We know best how they listen to your recitation and what they say privately—when the wrongdoers say, “You would only be following a bewitched man.”",
        "See how they call you names ˹O Prophet˺! So they have gone so ˹far˺ astray that they cannot find the ˹Right˺ Way.",
        "And they say ˹mockingly˺, “When we are reduced to bones and ashes, will we really be raised as a new creation?”",
        "Say, ˹O Prophet,˺ “˹Yes, even if˺ you become stones, or iron",
        "or whatever you think is harder to bring to life!” Then they will ask ˹you˺, “Who will bring us back ˹to life˺?” Say, “The One Who created you the first time.” They will then shake their heads at you and ask, “When will that be?” Say, “Perhaps it is soon!”",
        "On the Day He will call you, you will ˹instantly˺ respond by praising Him, thinking you had remained ˹in the world˺ only for a little while.",
        "Tell My ˹believing˺ servants to say only what is best. Satan certainly seeks to sow discord among them. Satan is indeed a sworn enemy to humankind.",
        "Your Lord knows you best. He may have mercy on you if He wills, or punish you if He wills. We have not sent you ˹O Prophet˺ as a keeper over them.",
        "Your Lord knows best all those in the heavens and the earth. And We have surely favoured some prophets above others, and to David We gave the Psalms.",
        "Say, ˹O Prophet,˺ “Invoke those you claim ˹to be divine˺ besides Him—they do not have the power to undo harm from you or transfer it ˹to someone else˺.”",
        "˹Even˺ the closest ˹to Allah˺ of those invoked would be seeking a way to their Lord, hoping for His mercy, and fearing His punishment. Indeed, your Lord’s torment is fearsome.",
        "There is not a ˹wicked˺ society that We will not destroy or punish with a severe torment before the Day of Judgment. That is written in the Record.",
        "Nothing keeps Us from sending the ˹demanded˺ signs except that they had ˹already˺ been denied by earlier peoples. And We gave Thamûd the she-camel as a clear sign, but they wrongfully rejected it. We only send the signs as a warning.",
        "And ˹remember, O  Prophet˺ when We told you, “Certainly your Lord encompasses the people.” And We have made what We brought you to see as well as the cursed tree ˹mentioned˺ in the Quran only as a test for the people. We keep warning them, but it only increases them greatly in defiance.",
        "And ˹remember˺ when We said to the angels, “Prostrate before Adam,” so they all did—but not Iblîs, who protested, “Should I prostrate to the one You have created from mud?”",
        "Adding, “Do you see this one you honoured above me? If you delay my end until the Day of Judgment, I will certainly take hold of his descendants, except for a few.”",
        "Allah responded, “Be gone! Whoever of them follows you, Hell will surely be the reward for all of you—an ample reward.",
        "And incite whoever you can of them with your voice, mobilize against them all your cavalry and infantry, manipulate them in their wealth and children, and make them promises.” But Satan promises them nothing but delusion.",
        "˹Allah added,˺ “You will truly have no authority over My ˹faithful˺ servants.” And sufficient is your Lord as a Guardian.",
        "It is your Lord Who steers the ships for you through the sea, so that you may seek His bounty. Surely He is ever Merciful to you.",
        "When you are touched with hardship at sea, you ˹totally˺ forget all ˹the gods˺ you ˹normally˺ invoke, except Him. But when He delivers you ˹safely˺ to shore, you turn away. Humankind is ever ungrateful.",
        "Do you feel secure that He will not cause the land to swallow you up, or unleash upon you a storm of stones? Then you will find none to protect you.",
        "Or do you feel secure that He will not send you back to sea once again, and send upon you a violent storm, drowning you for your denial? Then you will find none to avenge you against Us.",
        "Indeed, We have dignified the children of Adam, carried them on land and sea, granted them good and lawful provisions, and privileged them far above many of Our creatures.",
        "˹Beware of˺ the Day We will summon every people with their leader. So whoever will be given their record in their right hand will read it ˹happily˺ and will not be wronged ˹even by the width of˺ the thread of a date stone.",
        "But whoever is blind ˹to the truth˺ in this ˹world˺ will be blind in the Hereafter, and ˹even˺ far more astray from the ˹Right˺ Way.",
        "They definitely ˹thought they˺ were about to lure you away from what We have revealed to you ˹O Prophet˺, hoping that you would attribute something else to Us falsely—and then they would have certainly taken you as a close friend.",
        "Had We not made you steadfast, you probably would have inclined to them a little",
        "and then We truly would have made you taste double ˹punishment˺ both in this life and after death, and you would have found no helper against Us.",
        "They were about to intimidate you to drive you out of the land ˹of Mecca˺, but then they would not have survived after you ˹had left˺ except for a little while.",
        "˹This has been˺ Our way with the messengers We sent before you. And you will never find any change in Our way.",
        "Observe the prayer from the decline of the sun until the darkness of the night and the dawn prayer, for certainly the dawn prayer is witnessed ˹by angels˺.",
        "And rise at ˹the last˺ part of the night, offering additional prayers, so your Lord may raise you to a station of praise.",
        "And say, “My Lord! Grant me an honourable entrance and an honourable exit and give me a supporting authority from Yourself.”",
        "And declare, “The truth has come and falsehood has vanished. Indeed, falsehood is bound to vanish.”",
        "We send down the Quran as a healing and mercy for the believers, but it only increases the wrongdoers in loss.",
        "When We grant people Our favours, they turn away, acting arrogantly. But when touched with evil, they lose all hope.",
        "Say, ˹O Prophet,˺ “Everyone acts in their own way. But your Lord knows best whose way is rightly guided.”",
        "They ask you ˹O Prophet˺ about the spirit. Say, “Its nature is known only to my Lord, and you ˹O humanity˺ have been given but little knowledge.”",
        "If We willed, We could have certainly taken away what We have revealed to you ˹O Prophet˺—then you would find none to guarantee its return from Us—",
        "had it not been for the mercy of your Lord. Indeed, His favour upon you is immense.",
        "Say, ˹O Prophet,˺ “If ˹all˺ humans and jinn were to come together to produce the equivalent of this Quran, they could not produce its equal, no matter how they supported each other.”",
        "And We have truly set forth every ˹kind of˺ lesson for humanity in this Quran, yet most people persist in disbelief.",
        "They challenge ˹the Prophet˺, “We will never believe in you until you cause a spring to gush forth from the earth for us",
        "or until you have a garden of palm trees and vineyards, and cause rivers to flow abundantly in it",
        "or cause the sky to fall upon us in pieces, as you have claimed, or bring Allah and the angels before us, face to face",
        "or until you have a house of gold, or you ascend into heaven—and even then we will not believe in your ascension until you bring down to us a book that we can read.” Say, “Glory be to my Lord! Am I not only a human messenger?”",
        "And nothing has prevented people from believing when guidance comes to them except their protest: “Has Allah sent a human as a messenger?”",
        "Say, ˹O Prophet,˺ “Had there been angels walking the earth, well settled, We would have surely sent down for them an angel from heaven as a messenger.”",
        "Say, “Sufficient is Allah as a Witness between me and you. He is certainly All-Knowing, All-Seeing of His servants.”",
        "Whoever Allah guides is truly guided. And whoever He leaves to stray, you will find no guardians for them besides Him. And We will drag them on their faces on the Day of Judgment—deaf, dumb, and blind. Hell will be their home. Whenever it dies down, We will flare it up for them.",
        "That is their reward for rejecting Our signs and asking ˹mockingly˺, “When we are reduced to bones and ashes, will we really be raised as a new creation?”",
        "Have they not realized that Allah, Who created the heavens and the earth, can ˹easily˺ re-create them? He has ˹already˺ set for them a time, about which there is no doubt. But the wrongdoers persist in denial.",
        "Say ˹to them, O  Prophet˺, “Even if you were to possess the ˹infinite˺ treasuries of my Lord’s mercy, then you would certainly withhold ˹them˺, fearing they would run out—for humankind is ever stingy!”",
        "We surely gave Moses nine clear signs. ˹You, O  Prophet, can˺ ask the Children of Israel. When Moses came to them, Pharaoh said to him, “I really think that you, O  Moses, are bewitched.”",
        "Moses replied, “You know well that none has sent these ˹signs˺ down except the Lord of the heavens and the earth as insights. And I really think that you, O  Pharaoh, are doomed.”",
        "So Pharaoh wanted to scare the Israelites out of the land ˹of Egypt˺, but We drowned him and all of those with him.",
        "And We said to the Children of Israel after Pharaoh, “Reside in the land, but when the promise of the Hereafter comes to pass, We will bring you all together.”",
        "We have sent down the Quran in truth, and with the truth it has come down. We have sent you ˹O Prophet˺ only as a deliverer of good news and a warner.",
        "˹It is˺ a Quran We have revealed in stages so that you may recite it to people at a deliberate pace. And We have sent it down in successive revelations.",
        "Say, ˹O Prophet,˺ “Believe in this ˹Quran˺, or do not. Indeed, when it is recited to those who were gifted with knowledge before it ˹was revealed˺, they fall upon their faces in prostration",
        "and say, ‘Glory be to our Lord! Surely the promise of our Lord has been fulfilled.’",
        "And they fall down upon their faces weeping, and it increases them in humility.”",
        "Say, ˹O Prophet,˺ “Call upon Allah or call upon the Most Compassionate—whichever you call, He has the Most Beautiful Names.” Do not recite your prayers too loudly or silently, but seek a way between.",
        "And say, “All praise is for Allah, Who has never had ˹any˺ offspring; nor does He have a partner in ˹governing˺ the kingdom; nor is He pathetic, needing a protector. And revere Him immensely.”"
    ],
    "arabic1": [
        " سُبْحَـٰنَ ٱلَّذِىٓ أَسْرَىٰ بِعَبْدِهِۦ لَيْلًا مِّنَ ٱلْمَسْجِدِ ٱلْحَرَامِ إِلَى ٱلْمَسْجِدِ ٱلْأَقْصَا ٱلَّذِى بَـٰرَكْنَا حَوْلَهُۥ لِنُرِيَهُۥ مِنْ ءَايَـٰتِنَآ ۚ إِنَّهُۥ هُوَ ٱلسَّمِيعُ ٱلْبَصِيرُ",
        "وَءَاتَيْنَا مُوسَى ٱلْكِتَـٰبَ وَجَعَلْنَـٰهُ هُدًى لِّبَنِىٓ إِسْرَٰٓءِيلَ أَلَّا تَتَّخِذُوا۟ مِن دُونِى وَكِيلًا",
        "ذُرِّيَّةَ مَنْ حَمَلْنَا مَعَ نُوحٍ ۚ إِنَّهُۥ كَانَ عَبْدًا شَكُورًا",
        "وَقَضَيْنَآ إِلَىٰ بَنِىٓ إِسْرَٰٓءِيلَ فِى ٱلْكِتَـٰبِ لَتُفْسِدُنَّ فِى ٱلْأَرْضِ مَرَّتَيْنِ وَلَتَعْلُنَّ عُلُوًّا كَبِيرًا",
        "فَإِذَا جَآءَ وَعْدُ أُولَىٰهُمَا بَعَثْنَا عَلَيْكُمْ عِبَادًا لَّنَآ أُو۟لِى بَأْسٍ شَدِيدٍ فَجَاسُوا۟ خِلَـٰلَ ٱلدِّيَارِ ۚ وَكَانَ وَعْدًا مَّفْعُولًا",
        "ثُمَّ رَدَدْنَا لَكُمُ ٱلْكَرَّةَ عَلَيْهِمْ وَأَمْدَدْنَـٰكُم بِأَمْوَٰلٍ وَبَنِينَ وَجَعَلْنَـٰكُمْ أَكْثَرَ نَفِيرًا",
        "إِنْ أَحْسَنتُمْ أَحْسَنتُمْ لِأَنفُسِكُمْ ۖ وَإِنْ أَسَأْتُمْ فَلَهَا ۚ فَإِذَا جَآءَ وَعْدُ ٱلْـَٔاخِرَةِ لِيَسُـۥٓـُٔوا۟ وُجُوهَكُمْ وَلِيَدْخُلُوا۟ ٱلْمَسْجِدَ كَمَا دَخَلُوهُ أَوَّلَ مَرَّةٍ وَلِيُتَبِّرُوا۟ مَا عَلَوْا۟ تَتْبِيرًا",
        "عَسَىٰ رَبُّكُمْ أَن يَرْحَمَكُمْ ۚ وَإِنْ عُدتُّمْ عُدْنَا ۘ وَجَعَلْنَا جَهَنَّمَ لِلْكَـٰفِرِينَ حَصِيرًا",
        "إِنَّ هَـٰذَا ٱلْقُرْءَانَ يَهْدِى لِلَّتِى هِىَ أَقْوَمُ وَيُبَشِّرُ ٱلْمُؤْمِنِينَ ٱلَّذِينَ يَعْمَلُونَ ٱلصَّـٰلِحَـٰتِ أَنَّ لَهُمْ أَجْرًا كَبِيرًا",
        "وَأَنَّ ٱلَّذِينَ لَا يُؤْمِنُونَ بِٱلْـَٔاخِرَةِ أَعْتَدْنَا لَهُمْ عَذَابًا أَلِيمًا",
        "وَيَدْعُ ٱلْإِنسَـٰنُ بِٱلشَّرِّ دُعَآءَهُۥ بِٱلْخَيْرِ ۖ وَكَانَ ٱلْإِنسَـٰنُ عَجُولًا",
        "وَجَعَلْنَا ٱلَّيْلَ وَٱلنَّهَارَ ءَايَتَيْنِ ۖ فَمَحَوْنَآ ءَايَةَ ٱلَّيْلِ وَجَعَلْنَآ ءَايَةَ ٱلنَّهَارِ مُبْصِرَةً لِّتَبْتَغُوا۟ فَضْلًا مِّن رَّبِّكُمْ وَلِتَعْلَمُوا۟ عَدَدَ ٱلسِّنِينَ وَٱلْحِسَابَ ۚ وَكُلَّ شَىْءٍ فَصَّلْنَـٰهُ تَفْصِيلًا",
        "وَكُلَّ إِنسَـٰنٍ أَلْزَمْنَـٰهُ طَـٰٓئِرَهُۥ فِى عُنُقِهِۦ ۖ وَنُخْرِجُ لَهُۥ يَوْمَ ٱلْقِيَـٰمَةِ كِتَـٰبًا يَلْقَىٰهُ مَنشُورًا",
        "ٱقْرَأْ كِتَـٰبَكَ كَفَىٰ بِنَفْسِكَ ٱلْيَوْمَ عَلَيْكَ حَسِيبًا",
        "مَّنِ ٱهْتَدَىٰ فَإِنَّمَا يَهْتَدِى لِنَفْسِهِۦ ۖ وَمَن ضَلَّ فَإِنَّمَا يَضِلُّ عَلَيْهَا ۚ وَلَا تَزِرُ وَازِرَةٌ وِزْرَ أُخْرَىٰ ۗ وَمَا كُنَّا مُعَذِّبِينَ حَتَّىٰ نَبْعَثَ رَسُولًا",
        "وَإِذَآ أَرَدْنَآ أَن نُّهْلِكَ قَرْيَةً أَمَرْنَا مُتْرَفِيهَا فَفَسَقُوا۟ فِيهَا فَحَقَّ عَلَيْهَا ٱلْقَوْلُ فَدَمَّرْنَـٰهَا تَدْمِيرًا",
        "وَكَمْ أَهْلَكْنَا مِنَ ٱلْقُرُونِ مِنۢ بَعْدِ نُوحٍ ۗ وَكَفَىٰ بِرَبِّكَ بِذُنُوبِ عِبَادِهِۦ خَبِيرًۢا بَصِيرًا",
        "مَّن كَانَ يُرِيدُ ٱلْعَاجِلَةَ عَجَّلْنَا لَهُۥ فِيهَا مَا نَشَآءُ لِمَن نُّرِيدُ ثُمَّ جَعَلْنَا لَهُۥ جَهَنَّمَ يَصْلَىٰهَا مَذْمُومًا مَّدْحُورًا",
        "وَمَنْ أَرَادَ ٱلْـَٔاخِرَةَ وَسَعَىٰ لَهَا سَعْيَهَا وَهُوَ مُؤْمِنٌ فَأُو۟لَـٰٓئِكَ كَانَ سَعْيُهُم مَّشْكُورًا",
        "كُلًّا نُّمِدُّ هَـٰٓؤُلَآءِ وَهَـٰٓؤُلَآءِ مِنْ عَطَآءِ رَبِّكَ ۚ وَمَا كَانَ عَطَآءُ رَبِّكَ مَحْظُورًا",
        "ٱنظُرْ كَيْفَ فَضَّلْنَا بَعْضَهُمْ عَلَىٰ بَعْضٍ ۚ وَلَلْـَٔاخِرَةُ أَكْبَرُ دَرَجَـٰتٍ وَأَكْبَرُ تَفْضِيلًا",
        "لَّا تَجْعَلْ مَعَ ٱللَّهِ إِلَـٰهًا ءَاخَرَ فَتَقْعُدَ مَذْمُومًا مَّخْذُولًا",
        "۞ وَقَضَىٰ رَبُّكَ أَلَّا تَعْبُدُوٓا۟ إِلَّآ إِيَّاهُ وَبِٱلْوَٰلِدَيْنِ إِحْسَـٰنًا ۚ إِمَّا يَبْلُغَنَّ عِندَكَ ٱلْكِبَرَ أَحَدُهُمَآ أَوْ كِلَاهُمَا فَلَا تَقُل لَّهُمَآ أُفٍّ وَلَا تَنْهَرْهُمَا وَقُل لَّهُمَا قَوْلًا كَرِيمًا",
        "وَٱخْفِضْ لَهُمَا جَنَاحَ ٱلذُّلِّ مِنَ ٱلرَّحْمَةِ وَقُل رَّبِّ ٱرْحَمْهُمَا كَمَا رَبَّيَانِى صَغِيرًا",
        "رَّبُّكُمْ أَعْلَمُ بِمَا فِى نُفُوسِكُمْ ۚ إِن تَكُونُوا۟ صَـٰلِحِينَ فَإِنَّهُۥ كَانَ لِلْأَوَّٰبِينَ غَفُورًا",
        "وَءَاتِ ذَا ٱلْقُرْبَىٰ حَقَّهُۥ وَٱلْمِسْكِينَ وَٱبْنَ ٱلسَّبِيلِ وَلَا تُبَذِّرْ تَبْذِيرًا",
        "إِنَّ ٱلْمُبَذِّرِينَ كَانُوٓا۟ إِخْوَٰنَ ٱلشَّيَـٰطِينِ ۖ وَكَانَ ٱلشَّيْطَـٰنُ لِرَبِّهِۦ كَفُورًا",
        "وَإِمَّا تُعْرِضَنَّ عَنْهُمُ ٱبْتِغَآءَ رَحْمَةٍ مِّن رَّبِّكَ تَرْجُوهَا فَقُل لَّهُمْ قَوْلًا مَّيْسُورًا",
        "وَلَا تَجْعَلْ يَدَكَ مَغْلُولَةً إِلَىٰ عُنُقِكَ وَلَا تَبْسُطْهَا كُلَّ ٱلْبَسْطِ فَتَقْعُدَ مَلُومًا مَّحْسُورًا",
        "إِنَّ رَبَّكَ يَبْسُطُ ٱلرِّزْقَ لِمَن يَشَآءُ وَيَقْدِرُ ۚ إِنَّهُۥ كَانَ بِعِبَادِهِۦ خَبِيرًۢا بَصِيرًا",
        "وَلَا تَقْتُلُوٓا۟ أَوْلَـٰدَكُمْ خَشْيَةَ إِمْلَـٰقٍ ۖ نَّحْنُ نَرْزُقُهُمْ وَإِيَّاكُمْ ۚ إِنَّ قَتْلَهُمْ كَانَ خِطْـًٔا كَبِيرًا",
        "وَلَا تَقْرَبُوا۟ ٱلزِّنَىٰٓ ۖ إِنَّهُۥ كَانَ فَـٰحِشَةً وَسَآءَ سَبِيلًا",
        "وَلَا تَقْتُلُوا۟ ٱلنَّفْسَ ٱلَّتِى حَرَّمَ ٱللَّهُ إِلَّا بِٱلْحَقِّ ۗ وَمَن قُتِلَ مَظْلُومًا فَقَدْ جَعَلْنَا لِوَلِيِّهِۦ سُلْطَـٰنًا فَلَا يُسْرِف فِّى ٱلْقَتْلِ ۖ إِنَّهُۥ كَانَ مَنصُورًا",
        "وَلَا تَقْرَبُوا۟ مَالَ ٱلْيَتِيمِ إِلَّا بِٱلَّتِى هِىَ أَحْسَنُ حَتَّىٰ يَبْلُغَ أَشُدَّهُۥ ۚ وَأَوْفُوا۟ بِٱلْعَهْدِ ۖ إِنَّ ٱلْعَهْدَ كَانَ مَسْـُٔولًا",
        "وَأَوْفُوا۟ ٱلْكَيْلَ إِذَا كِلْتُمْ وَزِنُوا۟ بِٱلْقِسْطَاسِ ٱلْمُسْتَقِيمِ ۚ ذَٰلِكَ خَيْرٌ وَأَحْسَنُ تَأْوِيلًا",
        "وَلَا تَقْفُ مَا لَيْسَ لَكَ بِهِۦ عِلْمٌ ۚ إِنَّ ٱلسَّمْعَ وَٱلْبَصَرَ وَٱلْفُؤَادَ كُلُّ أُو۟لَـٰٓئِكَ كَانَ عَنْهُ مَسْـُٔولًا",
        "وَلَا تَمْشِ فِى ٱلْأَرْضِ مَرَحًا ۖ إِنَّكَ لَن تَخْرِقَ ٱلْأَرْضَ وَلَن تَبْلُغَ ٱلْجِبَالَ طُولًا",
        "كُلُّ ذَٰلِكَ كَانَ سَيِّئُهُۥ عِندَ رَبِّكَ مَكْرُوهًا",
        "ذَٰلِكَ مِمَّآ أَوْحَىٰٓ إِلَيْكَ رَبُّكَ مِنَ ٱلْحِكْمَةِ ۗ وَلَا تَجْعَلْ مَعَ ٱللَّهِ إِلَـٰهًا ءَاخَرَ فَتُلْقَىٰ فِى جَهَنَّمَ مَلُومًا مَّدْحُورًا",
        "أَفَأَصْفَىٰكُمْ رَبُّكُم بِٱلْبَنِينَ وَٱتَّخَذَ مِنَ ٱلْمَلَـٰٓئِكَةِ إِنَـٰثًا ۚ إِنَّكُمْ لَتَقُولُونَ قَوْلًا عَظِيمًا",
        "وَلَقَدْ صَرَّفْنَا فِى هَـٰذَا ٱلْقُرْءَانِ لِيَذَّكَّرُوا۟ وَمَا يَزِيدُهُمْ إِلَّا نُفُورًا",
        "قُل لَّوْ كَانَ مَعَهُۥٓ ءَالِهَةٌ كَمَا يَقُولُونَ إِذًا لَّٱبْتَغَوْا۟ إِلَىٰ ذِى ٱلْعَرْشِ سَبِيلًا",
        "سُبْحَـٰنَهُۥ وَتَعَـٰلَىٰ عَمَّا يَقُولُونَ عُلُوًّا كَبِيرًا",
        "تُسَبِّحُ لَهُ ٱلسَّمَـٰوَٰتُ ٱلسَّبْعُ وَٱلْأَرْضُ وَمَن فِيهِنَّ ۚ وَإِن مِّن شَىْءٍ إِلَّا يُسَبِّحُ بِحَمْدِهِۦ وَلَـٰكِن لَّا تَفْقَهُونَ تَسْبِيحَهُمْ ۗ إِنَّهُۥ كَانَ حَلِيمًا غَفُورًا",
        "وَإِذَا قَرَأْتَ ٱلْقُرْءَانَ جَعَلْنَا بَيْنَكَ وَبَيْنَ ٱلَّذِينَ لَا يُؤْمِنُونَ بِٱلْـَٔاخِرَةِ حِجَابًا مَّسْتُورًا",
        "وَجَعَلْنَا عَلَىٰ قُلُوبِهِمْ أَكِنَّةً أَن يَفْقَهُوهُ وَفِىٓ ءَاذَانِهِمْ وَقْرًا ۚ وَإِذَا ذَكَرْتَ رَبَّكَ فِى ٱلْقُرْءَانِ وَحْدَهُۥ وَلَّوْا۟ عَلَىٰٓ أَدْبَـٰرِهِمْ نُفُورًا",
        "نَّحْنُ أَعْلَمُ بِمَا يَسْتَمِعُونَ بِهِۦٓ إِذْ يَسْتَمِعُونَ إِلَيْكَ وَإِذْ هُمْ نَجْوَىٰٓ إِذْ يَقُولُ ٱلظَّـٰلِمُونَ إِن تَتَّبِعُونَ إِلَّا رَجُلًا مَّسْحُورًا",
        "ٱنظُرْ كَيْفَ ضَرَبُوا۟ لَكَ ٱلْأَمْثَالَ فَضَلُّوا۟ فَلَا يَسْتَطِيعُونَ سَبِيلًا",
        "وَقَالُوٓا۟ أَءِذَا كُنَّا عِظَـٰمًا وَرُفَـٰتًا أَءِنَّا لَمَبْعُوثُونَ خَلْقًا جَدِيدًا",
        "۞ قُلْ كُونُوا۟ حِجَارَةً أَوْ حَدِيدًا",
        "أَوْ خَلْقًا مِّمَّا يَكْبُرُ فِى صُدُورِكُمْ ۚ فَسَيَقُولُونَ مَن يُعِيدُنَا ۖ قُلِ ٱلَّذِى فَطَرَكُمْ أَوَّلَ مَرَّةٍ ۚ فَسَيُنْغِضُونَ إِلَيْكَ رُءُوسَهُمْ وَيَقُولُونَ مَتَىٰ هُوَ ۖ قُلْ عَسَىٰٓ أَن يَكُونَ قَرِيبًا",
        "يَوْمَ يَدْعُوكُمْ فَتَسْتَجِيبُونَ بِحَمْدِهِۦ وَتَظُنُّونَ إِن لَّبِثْتُمْ إِلَّا قَلِيلًا",
        "وَقُل لِّعِبَادِى يَقُولُوا۟ ٱلَّتِى هِىَ أَحْسَنُ ۚ إِنَّ ٱلشَّيْطَـٰنَ يَنزَغُ بَيْنَهُمْ ۚ إِنَّ ٱلشَّيْطَـٰنَ كَانَ لِلْإِنسَـٰنِ عَدُوًّا مُّبِينًا",
        "رَّبُّكُمْ أَعْلَمُ بِكُمْ ۖ إِن يَشَأْ يَرْحَمْكُمْ أَوْ إِن يَشَأْ يُعَذِّبْكُمْ ۚ وَمَآ أَرْسَلْنَـٰكَ عَلَيْهِمْ وَكِيلًا",
        "وَرَبُّكَ أَعْلَمُ بِمَن فِى ٱلسَّمَـٰوَٰتِ وَٱلْأَرْضِ ۗ وَلَقَدْ فَضَّلْنَا بَعْضَ ٱلنَّبِيِّـۧنَ عَلَىٰ بَعْضٍ ۖ وَءَاتَيْنَا دَاوُۥدَ زَبُورًا",
        "قُلِ ٱدْعُوا۟ ٱلَّذِينَ زَعَمْتُم مِّن دُونِهِۦ فَلَا يَمْلِكُونَ كَشْفَ ٱلضُّرِّ عَنكُمْ وَلَا تَحْوِيلًا",
        "أُو۟لَـٰٓئِكَ ٱلَّذِينَ يَدْعُونَ يَبْتَغُونَ إِلَىٰ رَبِّهِمُ ٱلْوَسِيلَةَ أَيُّهُمْ أَقْرَبُ وَيَرْجُونَ رَحْمَتَهُۥ وَيَخَافُونَ عَذَابَهُۥٓ ۚ إِنَّ عَذَابَ رَبِّكَ كَانَ مَحْذُورًا",
        "وَإِن مِّن قَرْيَةٍ إِلَّا نَحْنُ مُهْلِكُوهَا قَبْلَ يَوْمِ ٱلْقِيَـٰمَةِ أَوْ مُعَذِّبُوهَا عَذَابًا شَدِيدًا ۚ كَانَ ذَٰلِكَ فِى ٱلْكِتَـٰبِ مَسْطُورًا",
        "وَمَا مَنَعَنَآ أَن نُّرْسِلَ بِٱلْـَٔايَـٰتِ إِلَّآ أَن كَذَّبَ بِهَا ٱلْأَوَّلُونَ ۚ وَءَاتَيْنَا ثَمُودَ ٱلنَّاقَةَ مُبْصِرَةً فَظَلَمُوا۟ بِهَا ۚ وَمَا نُرْسِلُ بِٱلْـَٔايَـٰتِ إِلَّا تَخْوِيفًا",
        "وَإِذْ قُلْنَا لَكَ إِنَّ رَبَّكَ أَحَاطَ بِٱلنَّاسِ ۚ وَمَا جَعَلْنَا ٱلرُّءْيَا ٱلَّتِىٓ أَرَيْنَـٰكَ إِلَّا فِتْنَةً لِّلنَّاسِ وَٱلشَّجَرَةَ ٱلْمَلْعُونَةَ فِى ٱلْقُرْءَانِ ۚ وَنُخَوِّفُهُمْ فَمَا يَزِيدُهُمْ إِلَّا طُغْيَـٰنًا كَبِيرًا",
        "وَإِذْ قُلْنَا لِلْمَلَـٰٓئِكَةِ ٱسْجُدُوا۟ لِـَٔادَمَ فَسَجَدُوٓا۟ إِلَّآ إِبْلِيسَ قَالَ ءَأَسْجُدُ لِمَنْ خَلَقْتَ طِينًا",
        "قَالَ أَرَءَيْتَكَ هَـٰذَا ٱلَّذِى كَرَّمْتَ عَلَىَّ لَئِنْ أَخَّرْتَنِ إِلَىٰ يَوْمِ ٱلْقِيَـٰمَةِ لَأَحْتَنِكَنَّ ذُرِّيَّتَهُۥٓ إِلَّا قَلِيلًا",
        "قَالَ ٱذْهَبْ فَمَن تَبِعَكَ مِنْهُمْ فَإِنَّ جَهَنَّمَ جَزَآؤُكُمْ جَزَآءً مَّوْفُورًا",
        "وَٱسْتَفْزِزْ مَنِ ٱسْتَطَعْتَ مِنْهُم بِصَوْتِكَ وَأَجْلِبْ عَلَيْهِم بِخَيْلِكَ وَرَجِلِكَ وَشَارِكْهُمْ فِى ٱلْأَمْوَٰلِ وَٱلْأَوْلَـٰدِ وَعِدْهُمْ ۚ وَمَا يَعِدُهُمُ ٱلشَّيْطَـٰنُ إِلَّا غُرُورًا",
        "إِنَّ عِبَادِى لَيْسَ لَكَ عَلَيْهِمْ سُلْطَـٰنٌ ۚ وَكَفَىٰ بِرَبِّكَ وَكِيلًا",
        "رَّبُّكُمُ ٱلَّذِى يُزْجِى لَكُمُ ٱلْفُلْكَ فِى ٱلْبَحْرِ لِتَبْتَغُوا۟ مِن فَضْلِهِۦٓ ۚ إِنَّهُۥ كَانَ بِكُمْ رَحِيمًا",
        "وَإِذَا مَسَّكُمُ ٱلضُّرُّ فِى ٱلْبَحْرِ ضَلَّ مَن تَدْعُونَ إِلَّآ إِيَّاهُ ۖ فَلَمَّا نَجَّىٰكُمْ إِلَى ٱلْبَرِّ أَعْرَضْتُمْ ۚ وَكَانَ ٱلْإِنسَـٰنُ كَفُورًا",
        "أَفَأَمِنتُمْ أَن يَخْسِفَ بِكُمْ جَانِبَ ٱلْبَرِّ أَوْ يُرْسِلَ عَلَيْكُمْ حَاصِبًا ثُمَّ لَا تَجِدُوا۟ لَكُمْ وَكِيلًا",
        "أَمْ أَمِنتُمْ أَن يُعِيدَكُمْ فِيهِ تَارَةً أُخْرَىٰ فَيُرْسِلَ عَلَيْكُمْ قَاصِفًا مِّنَ ٱلرِّيحِ فَيُغْرِقَكُم بِمَا كَفَرْتُمْ ۙ ثُمَّ لَا تَجِدُوا۟ لَكُمْ عَلَيْنَا بِهِۦ تَبِيعًا",
        "۞ وَلَقَدْ كَرَّمْنَا بَنِىٓ ءَادَمَ وَحَمَلْنَـٰهُمْ فِى ٱلْبَرِّ وَٱلْبَحْرِ وَرَزَقْنَـٰهُم مِّنَ ٱلطَّيِّبَـٰتِ وَفَضَّلْنَـٰهُمْ عَلَىٰ كَثِيرٍ مِّمَّنْ خَلَقْنَا تَفْضِيلًا",
        "يَوْمَ نَدْعُوا۟ كُلَّ أُنَاسٍۭ بِإِمَـٰمِهِمْ ۖ فَمَنْ أُوتِىَ كِتَـٰبَهُۥ بِيَمِينِهِۦ فَأُو۟لَـٰٓئِكَ يَقْرَءُونَ كِتَـٰبَهُمْ وَلَا يُظْلَمُونَ فَتِيلًا",
        "وَمَن كَانَ فِى هَـٰذِهِۦٓ أَعْمَىٰ فَهُوَ فِى ٱلْـَٔاخِرَةِ أَعْمَىٰ وَأَضَلُّ سَبِيلًا",
        "وَإِن كَادُوا۟ لَيَفْتِنُونَكَ عَنِ ٱلَّذِىٓ أَوْحَيْنَآ إِلَيْكَ لِتَفْتَرِىَ عَلَيْنَا غَيْرَهُۥ ۖ وَإِذًا لَّٱتَّخَذُوكَ خَلِيلًا",
        "وَلَوْلَآ أَن ثَبَّتْنَـٰكَ لَقَدْ كِدتَّ تَرْكَنُ إِلَيْهِمْ شَيْـًٔا قَلِيلًا",
        "إِذًا لَّأَذَقْنَـٰكَ ضِعْفَ ٱلْحَيَوٰةِ وَضِعْفَ ٱلْمَمَاتِ ثُمَّ لَا تَجِدُ لَكَ عَلَيْنَا نَصِيرًا",
        "وَإِن كَادُوا۟ لَيَسْتَفِزُّونَكَ مِنَ ٱلْأَرْضِ لِيُخْرِجُوكَ مِنْهَا ۖ وَإِذًا لَّا يَلْبَثُونَ خِلَـٰفَكَ إِلَّا قَلِيلًا",
        "سُنَّةَ مَن قَدْ أَرْسَلْنَا قَبْلَكَ مِن رُّسُلِنَا ۖ وَلَا تَجِدُ لِسُنَّتِنَا تَحْوِيلًا",
        "أَقِمِ ٱلصَّلَوٰةَ لِدُلُوكِ ٱلشَّمْسِ إِلَىٰ غَسَقِ ٱلَّيْلِ وَقُرْءَانَ ٱلْفَجْرِ ۖ إِنَّ قُرْءَانَ ٱلْفَجْرِ كَانَ مَشْهُودًا",
        "وَمِنَ ٱلَّيْلِ فَتَهَجَّدْ بِهِۦ نَافِلَةً لَّكَ عَسَىٰٓ أَن يَبْعَثَكَ رَبُّكَ مَقَامًا مَّحْمُودًا",
        "وَقُل رَّبِّ أَدْخِلْنِى مُدْخَلَ صِدْقٍ وَأَخْرِجْنِى مُخْرَجَ صِدْقٍ وَٱجْعَل لِّى مِن لَّدُنكَ سُلْطَـٰنًا نَّصِيرًا",
        "وَقُلْ جَآءَ ٱلْحَقُّ وَزَهَقَ ٱلْبَـٰطِلُ ۚ إِنَّ ٱلْبَـٰطِلَ كَانَ زَهُوقًا",
        "وَنُنَزِّلُ مِنَ ٱلْقُرْءَانِ مَا هُوَ شِفَآءٌ وَرَحْمَةٌ لِّلْمُؤْمِنِينَ ۙ وَلَا يَزِيدُ ٱلظَّـٰلِمِينَ إِلَّا خَسَارًا",
        "وَإِذَآ أَنْعَمْنَا عَلَى ٱلْإِنسَـٰنِ أَعْرَضَ وَنَـَٔا بِجَانِبِهِۦ ۖ وَإِذَا مَسَّهُ ٱلشَّرُّ كَانَ يَـُٔوسًا",
        "قُلْ كُلٌّ يَعْمَلُ عَلَىٰ شَاكِلَتِهِۦ فَرَبُّكُمْ أَعْلَمُ بِمَنْ هُوَ أَهْدَىٰ سَبِيلًا",
        "وَيَسْـَٔلُونَكَ عَنِ ٱلرُّوحِ ۖ قُلِ ٱلرُّوحُ مِنْ أَمْرِ رَبِّى وَمَآ أُوتِيتُم مِّنَ ٱلْعِلْمِ إِلَّا قَلِيلًا",
        "وَلَئِن شِئْنَا لَنَذْهَبَنَّ بِٱلَّذِىٓ أَوْحَيْنَآ إِلَيْكَ ثُمَّ لَا تَجِدُ لَكَ بِهِۦ عَلَيْنَا وَكِيلًا",
        "إِلَّا رَحْمَةً مِّن رَّبِّكَ ۚ إِنَّ فَضْلَهُۥ كَانَ عَلَيْكَ كَبِيرًا",
        "قُل لَّئِنِ ٱجْتَمَعَتِ ٱلْإِنسُ وَٱلْجِنُّ عَلَىٰٓ أَن يَأْتُوا۟ بِمِثْلِ هَـٰذَا ٱلْقُرْءَانِ لَا يَأْتُونَ بِمِثْلِهِۦ وَلَوْ كَانَ بَعْضُهُمْ لِبَعْضٍ ظَهِيرًا",
        "وَلَقَدْ صَرَّفْنَا لِلنَّاسِ فِى هَـٰذَا ٱلْقُرْءَانِ مِن كُلِّ مَثَلٍ فَأَبَىٰٓ أَكْثَرُ ٱلنَّاسِ إِلَّا كُفُورًا",
        "وَقَالُوا۟ لَن نُّؤْمِنَ لَكَ حَتَّىٰ تَفْجُرَ لَنَا مِنَ ٱلْأَرْضِ يَنۢبُوعًا",
        "أَوْ تَكُونَ لَكَ جَنَّةٌ مِّن نَّخِيلٍ وَعِنَبٍ فَتُفَجِّرَ ٱلْأَنْهَـٰرَ خِلَـٰلَهَا تَفْجِيرًا",
        "أَوْ تُسْقِطَ ٱلسَّمَآءَ كَمَا زَعَمْتَ عَلَيْنَا كِسَفًا أَوْ تَأْتِىَ بِٱللَّهِ وَٱلْمَلَـٰٓئِكَةِ قَبِيلًا",
        "أَوْ يَكُونَ لَكَ بَيْتٌ مِّن زُخْرُفٍ أَوْ تَرْقَىٰ فِى ٱلسَّمَآءِ وَلَن نُّؤْمِنَ لِرُقِيِّكَ حَتَّىٰ تُنَزِّلَ عَلَيْنَا كِتَـٰبًا نَّقْرَؤُهُۥ ۗ قُلْ سُبْحَانَ رَبِّى هَلْ كُنتُ إِلَّا بَشَرًا رَّسُولًا",
        "وَمَا مَنَعَ ٱلنَّاسَ أَن يُؤْمِنُوٓا۟ إِذْ جَآءَهُمُ ٱلْهُدَىٰٓ إِلَّآ أَن قَالُوٓا۟ أَبَعَثَ ٱللَّهُ بَشَرًا رَّسُولًا",
        "قُل لَّوْ كَانَ فِى ٱلْأَرْضِ مَلَـٰٓئِكَةٌ يَمْشُونَ مُطْمَئِنِّينَ لَنَزَّلْنَا عَلَيْهِم مِّنَ ٱلسَّمَآءِ مَلَكًا رَّسُولًا",
        "قُلْ كَفَىٰ بِٱللَّهِ شَهِيدًۢا بَيْنِى وَبَيْنَكُمْ ۚ إِنَّهُۥ كَانَ بِعِبَادِهِۦ خَبِيرًۢا بَصِيرًا",
        "وَمَن يَهْدِ ٱللَّهُ فَهُوَ ٱلْمُهْتَدِ ۖ وَمَن يُضْلِلْ فَلَن تَجِدَ لَهُمْ أَوْلِيَآءَ مِن دُونِهِۦ ۖ وَنَحْشُرُهُمْ يَوْمَ ٱلْقِيَـٰمَةِ عَلَىٰ وُجُوهِهِمْ عُمْيًا وَبُكْمًا وَصُمًّا ۖ مَّأْوَىٰهُمْ جَهَنَّمُ ۖ كُلَّمَا خَبَتْ زِدْنَـٰهُمْ سَعِيرًا",
        "ذَٰلِكَ جَزَآؤُهُم بِأَنَّهُمْ كَفَرُوا۟ بِـَٔايَـٰتِنَا وَقَالُوٓا۟ أَءِذَا كُنَّا عِظَـٰمًا وَرُفَـٰتًا أَءِنَّا لَمَبْعُوثُونَ خَلْقًا جَدِيدًا",
        "۞ أَوَلَمْ يَرَوْا۟ أَنَّ ٱللَّهَ ٱلَّذِى خَلَقَ ٱلسَّمَـٰوَٰتِ وَٱلْأَرْضَ قَادِرٌ عَلَىٰٓ أَن يَخْلُقَ مِثْلَهُمْ وَجَعَلَ لَهُمْ أَجَلًا لَّا رَيْبَ فِيهِ فَأَبَى ٱلظَّـٰلِمُونَ إِلَّا كُفُورًا",
        "قُل لَّوْ أَنتُمْ تَمْلِكُونَ خَزَآئِنَ رَحْمَةِ رَبِّىٓ إِذًا لَّأَمْسَكْتُمْ خَشْيَةَ ٱلْإِنفَاقِ ۚ وَكَانَ ٱلْإِنسَـٰنُ قَتُورًا",
        "وَلَقَدْ ءَاتَيْنَا مُوسَىٰ تِسْعَ ءَايَـٰتٍۭ بَيِّنَـٰتٍ ۖ فَسْـَٔلْ بَنِىٓ إِسْرَٰٓءِيلَ إِذْ جَآءَهُمْ فَقَالَ لَهُۥ فِرْعَوْنُ إِنِّى لَأَظُنُّكَ يَـٰمُوسَىٰ مَسْحُورًا",
        "قَالَ لَقَدْ عَلِمْتَ مَآ أَنزَلَ هَـٰٓؤُلَآءِ إِلَّا رَبُّ ٱلسَّمَـٰوَٰتِ وَٱلْأَرْضِ بَصَآئِرَ وَإِنِّى لَأَظُنُّكَ يَـٰفِرْعَوْنُ مَثْبُورًا",
        "فَأَرَادَ أَن يَسْتَفِزَّهُم مِّنَ ٱلْأَرْضِ فَأَغْرَقْنَـٰهُ وَمَن مَّعَهُۥ جَمِيعًا",
        "وَقُلْنَا مِنۢ بَعْدِهِۦ لِبَنِىٓ إِسْرَٰٓءِيلَ ٱسْكُنُوا۟ ٱلْأَرْضَ فَإِذَا جَآءَ وَعْدُ ٱلْـَٔاخِرَةِ جِئْنَا بِكُمْ لَفِيفًا",
        "وَبِٱلْحَقِّ أَنزَلْنَـٰهُ وَبِٱلْحَقِّ نَزَلَ ۗ وَمَآ أَرْسَلْنَـٰكَ إِلَّا مُبَشِّرًا وَنَذِيرًا",
        "وَقُرْءَانًا فَرَقْنَـٰهُ لِتَقْرَأَهُۥ عَلَى ٱلنَّاسِ عَلَىٰ مُكْثٍ وَنَزَّلْنَـٰهُ تَنزِيلًا",
        "قُلْ ءَامِنُوا۟ بِهِۦٓ أَوْ لَا تُؤْمِنُوٓا۟ ۚ إِنَّ ٱلَّذِينَ أُوتُوا۟ ٱلْعِلْمَ مِن قَبْلِهِۦٓ إِذَا يُتْلَىٰ عَلَيْهِمْ يَخِرُّونَ لِلْأَذْقَانِ سُجَّدًا",
        "وَيَقُولُونَ سُبْحَـٰنَ رَبِّنَآ إِن كَانَ وَعْدُ رَبِّنَا لَمَفْعُولًا",
        "وَيَخِرُّونَ لِلْأَذْقَانِ يَبْكُونَ وَيَزِيدُهُمْ خُشُوعًا ۩",
        "قُلِ ٱدْعُوا۟ ٱللَّهَ أَوِ ٱدْعُوا۟ ٱلرَّحْمَـٰنَ ۖ أَيًّا مَّا تَدْعُوا۟ فَلَهُ ٱلْأَسْمَآءُ ٱلْحُسْنَىٰ ۚ وَلَا تَجْهَرْ بِصَلَاتِكَ وَلَا تُخَافِتْ بِهَا وَٱبْتَغِ بَيْنَ ذَٰلِكَ سَبِيلًا",
        "وَقُلِ ٱلْحَمْدُ لِلَّهِ ٱلَّذِى لَمْ يَتَّخِذْ وَلَدًا وَلَمْ يَكُن لَّهُۥ شَرِيكٌ فِى ٱلْمُلْكِ وَلَمْ يَكُن لَّهُۥ وَلِىٌّ مِّنَ ٱلذُّلِّ ۖ وَكَبِّرْهُ تَكْبِيرًۢا"
    ],
    "arabic2": [
        "سبحان الذي اسرى بعبده ليلا من المسجد الحرام الى المسجد الاقصى الذي باركنا حوله لنريه من اياتنا انه هو السميع البصير",
        "واتينا موسى الكتاب وجعلناه هدى لبني اسرائيل الا تتخذوا من دوني وكيلا",
        "ذرية من حملنا مع نوح انه كان عبدا شكورا",
        "وقضينا الى بني اسرائيل في الكتاب لتفسدن في الارض مرتين ولتعلن علوا كبيرا",
        "فاذا جاء وعد اولاهما بعثنا عليكم عبادا لنا اولي باس شديد فجاسوا خلال الديار وكان وعدا مفعولا",
        "ثم رددنا لكم الكرة عليهم وامددناكم باموال وبنين وجعلناكم اكثر نفيرا",
        "ان احسنتم احسنتم لانفسكم وان اساتم فلها فاذا جاء وعد الاخرة ليسوءوا وجوهكم وليدخلوا المسجد كما دخلوه اول مرة وليتبروا ما علوا تتبيرا",
        "عسى ربكم ان يرحمكم وان عدتم عدنا وجعلنا جهنم للكافرين حصيرا",
        "ان هذا القران يهدي للتي هي اقوم ويبشر المؤمنين الذين يعملون الصالحات ان لهم اجرا كبيرا",
        "وان الذين لا يؤمنون بالاخرة اعتدنا لهم عذابا اليما",
        "ويدع الانسان بالشر دعاءه بالخير وكان الانسان عجولا",
        "وجعلنا الليل والنهار ايتين فمحونا اية الليل وجعلنا اية النهار مبصرة لتبتغوا فضلا من ربكم ولتعلموا عدد السنين والحساب وكل شيء فصلناه تفصيلا",
        "وكل انسان الزمناه طائره في عنقه ونخرج له يوم القيامة كتابا يلقاه منشورا",
        "اقرا كتابك كفى بنفسك اليوم عليك حسيبا",
        "من اهتدى فانما يهتدي لنفسه ومن ضل فانما يضل عليها ولا تزر وازرة وزر اخرى وما كنا معذبين حتى نبعث رسولا",
        "واذا اردنا ان نهلك قرية امرنا مترفيها ففسقوا فيها فحق عليها القول فدمرناها تدميرا",
        "وكم اهلكنا من القرون من بعد نوح وكفى بربك بذنوب عباده خبيرا بصيرا",
        "من كان يريد العاجلة عجلنا له فيها ما نشاء لمن نريد ثم جعلنا له جهنم يصلاها مذموما مدحورا",
        "ومن اراد الاخرة وسعى لها سعيها وهو مؤمن فاولئك كان سعيهم مشكورا",
        "كلا نمد هؤلاء وهؤلاء من عطاء ربك وما كان عطاء ربك محظورا",
        "انظر كيف فضلنا بعضهم على بعض وللاخرة اكبر درجات واكبر تفضيلا",
        "لا تجعل مع الله الها اخر فتقعد مذموما مخذولا",
        "وقضى ربك الا تعبدوا الا اياه وبالوالدين احسانا اما يبلغن عندك الكبر احدهما او كلاهما فلا تقل لهما اف ولا تنهرهما وقل لهما قولا كريما",
        "واخفض لهما جناح الذل من الرحمة وقل رب ارحمهما كما ربياني صغيرا",
        "ربكم اعلم بما في نفوسكم ان تكونوا صالحين فانه كان للاوابين غفورا",
        "وات ذا القربى حقه والمسكين وابن السبيل ولا تبذر تبذيرا",
        "ان المبذرين كانوا اخوان الشياطين وكان الشيطان لربه كفورا",
        "واما تعرضن عنهم ابتغاء رحمة من ربك ترجوها فقل لهم قولا ميسورا",
        "ولا تجعل يدك مغلولة الى عنقك ولا تبسطها كل البسط فتقعد ملوما محسورا",
        "ان ربك يبسط الرزق لمن يشاء ويقدر انه كان بعباده خبيرا بصيرا",
        "ولا تقتلوا اولادكم خشية املاق نحن نرزقهم واياكم ان قتلهم كان خطئا كبيرا",
        "ولا تقربوا الزنا انه كان فاحشة وساء سبيلا",
        "ولا تقتلوا النفس التي حرم الله الا بالحق ومن قتل مظلوما فقد جعلنا لوليه سلطانا فلا يسرف في القتل انه كان منصورا",
        "ولا تقربوا مال اليتيم الا بالتي هي احسن حتى يبلغ اشده واوفوا بالعهد ان العهد كان مسئولا",
        "واوفوا الكيل اذا كلتم وزنوا بالقسطاس المستقيم ذلك خير واحسن تاويلا",
        "ولا تقف ما ليس لك به علم ان السمع والبصر والفؤاد كل اولئك كان عنه مسئولا",
        "ولا تمش في الارض مرحا انك لن تخرق الارض ولن تبلغ الجبال طولا",
        "كل ذلك كان سيئه عند ربك مكروها",
        "ذلك مما اوحى اليك ربك من الحكمة ولا تجعل مع الله الها اخر فتلقى في جهنم ملوما مدحورا",
        "افاصفاكم ربكم بالبنين واتخذ من الملائكة اناثا انكم لتقولون قولا عظيما",
        "ولقد صرفنا في هذا القران ليذكروا وما يزيدهم الا نفورا",
        "قل لو كان معه الهة كما يقولون اذا لابتغوا الى ذي العرش سبيلا",
        "سبحانه وتعالى عما يقولون علوا كبيرا",
        "تسبح له السماوات السبع والارض ومن فيهن وان من شيء الا يسبح بحمده ولكن لا تفقهون تسبيحهم انه كان حليما غفورا",
        "واذا قرات القران جعلنا بينك وبين الذين لا يؤمنون بالاخرة حجابا مستورا",
        "وجعلنا على قلوبهم اكنة ان يفقهوه وفي اذانهم وقرا واذا ذكرت ربك في القران وحده ولوا على ادبارهم نفورا",
        "نحن اعلم بما يستمعون به اذ يستمعون اليك واذ هم نجوى اذ يقول الظالمون ان تتبعون الا رجلا مسحورا",
        "انظر كيف ضربوا لك الامثال فضلوا فلا يستطيعون سبيلا",
        "وقالوا ااذا كنا عظاما ورفاتا اانا لمبعوثون خلقا جديدا",
        "قل كونوا حجارة او حديدا",
        "او خلقا مما يكبر في صدوركم فسيقولون من يعيدنا قل الذي فطركم اول مرة فسينغضون اليك رءوسهم ويقولون متى هو قل عسى ان يكون قريبا",
        "يوم يدعوكم فتستجيبون بحمده وتظنون ان لبثتم الا قليلا",
        "وقل لعبادي يقولوا التي هي احسن ان الشيطان ينزغ بينهم ان الشيطان كان للانسان عدوا مبينا",
        "ربكم اعلم بكم ان يشا يرحمكم او ان يشا يعذبكم وما ارسلناك عليهم وكيلا",
        "وربك اعلم بمن في السماوات والارض ولقد فضلنا بعض النبيين على بعض واتينا داوود زبورا",
        "قل ادعوا الذين زعمتم من دونه فلا يملكون كشف الضر عنكم ولا تحويلا",
        "اولئك الذين يدعون يبتغون الى ربهم الوسيلة ايهم اقرب ويرجون رحمته ويخافون عذابه ان عذاب ربك كان محذورا",
        "وان من قرية الا نحن مهلكوها قبل يوم القيامة او معذبوها عذابا شديدا كان ذلك في الكتاب مسطورا",
        "وما منعنا ان نرسل بالايات الا ان كذب بها الاولون واتينا ثمود الناقة مبصرة فظلموا بها وما نرسل بالايات الا تخويفا",
        "واذ قلنا لك ان ربك احاط بالناس وما جعلنا الرؤيا التي اريناك الا فتنة للناس والشجرة الملعونة في القران ونخوفهم فما يزيدهم الا طغيانا كبيرا",
        "واذ قلنا للملائكة اسجدوا لادم فسجدوا الا ابليس قال ااسجد لمن خلقت طينا",
        "قال ارايتك هذا الذي كرمت علي لئن اخرتن الى يوم القيامة لاحتنكن ذريته الا قليلا",
        "قال اذهب فمن تبعك منهم فان جهنم جزاؤكم جزاء موفورا",
        "واستفزز من استطعت منهم بصوتك واجلب عليهم بخيلك ورجلك وشاركهم في الاموال والاولاد وعدهم وما يعدهم الشيطان الا غرورا",
        "ان عبادي ليس لك عليهم سلطان وكفى بربك وكيلا",
        "ربكم الذي يزجي لكم الفلك في البحر لتبتغوا من فضله انه كان بكم رحيما",
        "واذا مسكم الضر في البحر ضل من تدعون الا اياه فلما نجاكم الى البر اعرضتم وكان الانسان كفورا",
        "افامنتم ان يخسف بكم جانب البر او يرسل عليكم حاصبا ثم لا تجدوا لكم وكيلا",
        "ام امنتم ان يعيدكم فيه تارة اخرى فيرسل عليكم قاصفا من الريح فيغرقكم بما كفرتم ثم لا تجدوا لكم علينا به تبيعا",
        "ولقد كرمنا بني ادم وحملناهم في البر والبحر ورزقناهم من الطيبات وفضلناهم على كثير ممن خلقنا تفضيلا",
        "يوم ندعو كل اناس بامامهم فمن اوتي كتابه بيمينه فاولئك يقرءون كتابهم ولا يظلمون فتيلا",
        "ومن كان في هذه اعمى فهو في الاخرة اعمى واضل سبيلا",
        "وان كادوا ليفتنونك عن الذي اوحينا اليك لتفتري علينا غيره واذا لاتخذوك خليلا",
        "ولولا ان ثبتناك لقد كدت تركن اليهم شيئا قليلا",
        "اذا لاذقناك ضعف الحياة وضعف الممات ثم لا تجد لك علينا نصيرا",
        "وان كادوا ليستفزونك من الارض ليخرجوك منها واذا لا يلبثون خلافك الا قليلا",
        "سنة من قد ارسلنا قبلك من رسلنا ولا تجد لسنتنا تحويلا",
        "اقم الصلاة لدلوك الشمس الى غسق الليل وقران الفجر ان قران الفجر كان مشهودا",
        "ومن الليل فتهجد به نافلة لك عسى ان يبعثك ربك مقاما محمودا",
        "وقل رب ادخلني مدخل صدق واخرجني مخرج صدق واجعل لي من لدنك سلطانا نصيرا",
        "وقل جاء الحق وزهق الباطل ان الباطل كان زهوقا",
        "وننزل من القران ما هو شفاء ورحمة للمؤمنين ولا يزيد الظالمين الا خسارا",
        "واذا انعمنا على الانسان اعرض وناى بجانبه واذا مسه الشر كان يئوسا",
        "قل كل يعمل على شاكلته فربكم اعلم بمن هو اهدى سبيلا",
        "ويسالونك عن الروح قل الروح من امر ربي وما اوتيتم من العلم الا قليلا",
        "ولئن شئنا لنذهبن بالذي اوحينا اليك ثم لا تجد لك به علينا وكيلا",
        "الا رحمة من ربك ان فضله كان عليك كبيرا",
        "قل لئن اجتمعت الانس والجن على ان ياتوا بمثل هذا القران لا ياتون بمثله ولو كان بعضهم لبعض ظهيرا",
        "ولقد صرفنا للناس في هذا القران من كل مثل فابى اكثر الناس الا كفورا",
        "وقالوا لن نؤمن لك حتى تفجر لنا من الارض ينبوعا",
        "او تكون لك جنة من نخيل وعنب فتفجر الانهار خلالها تفجيرا",
        "او تسقط السماء كما زعمت علينا كسفا او تاتي بالله والملائكة قبيلا",
        "او يكون لك بيت من زخرف او ترقى في السماء ولن نؤمن لرقيك حتى تنزل علينا كتابا نقرؤه قل سبحان ربي هل كنت الا بشرا رسولا",
        "وما منع الناس ان يؤمنوا اذ جاءهم الهدى الا ان قالوا ابعث الله بشرا رسولا",
        "قل لو كان في الارض ملائكة يمشون مطمئنين لنزلنا عليهم من السماء ملكا رسولا",
        "قل كفى بالله شهيدا بيني وبينكم انه كان بعباده خبيرا بصيرا",
        "ومن يهد الله فهو المهتد ومن يضلل فلن تجد لهم اولياء من دونه ونحشرهم يوم القيامة على وجوههم عميا وبكما وصما ماواهم جهنم كلما خبت زدناهم سعيرا",
        "ذلك جزاؤهم بانهم كفروا باياتنا وقالوا ااذا كنا عظاما ورفاتا اانا لمبعوثون خلقا جديدا",
        "اولم يروا ان الله الذي خلق السماوات والارض قادر على ان يخلق مثلهم وجعل لهم اجلا لا ريب فيه فابى الظالمون الا كفورا",
        "قل لو انتم تملكون خزائن رحمة ربي اذا لامسكتم خشية الانفاق وكان الانسان قتورا",
        "ولقد اتينا موسى تسع ايات بينات فاسال بني اسرائيل اذ جاءهم فقال له فرعون اني لاظنك يا موسى مسحورا",
        "قال لقد علمت ما انزل هؤلاء الا رب السماوات والارض بصائر واني لاظنك يا فرعون مثبورا",
        "فاراد ان يستفزهم من الارض فاغرقناه ومن معه جميعا",
        "وقلنا من بعده لبني اسرائيل اسكنوا الارض فاذا جاء وعد الاخرة جئنا بكم لفيفا",
        "وبالحق انزلناه وبالحق نزل وما ارسلناك الا مبشرا ونذيرا",
        "وقرانا فرقناه لتقراه على الناس على مكث ونزلناه تنزيلا",
        "قل امنوا به او لا تؤمنوا ان الذين اوتوا العلم من قبله اذا يتلى عليهم يخرون للاذقان سجدا",
        "ويقولون سبحان ربنا ان كان وعد ربنا لمفعولا",
        "ويخرون للاذقان يبكون ويزيدهم خشوعا",
        "قل ادعوا الله او ادعوا الرحمن ايا ما تدعوا فله الاسماء الحسنى ولا تجهر بصلاتك ولا تخافت بها وابتغ بين ذلك سبيلا",
        "وقل الحمد لله الذي لم يتخذ ولدا ولم يكن له شريك في الملك ولم يكن له ولي من الذل وكبره تكبيرا"
    ]
}