{
    "surahName": "Al-Kahf",
    "surahNameArabic": "الكهف",
    "surahNameArabicLong": "سورة الكهف",
    "surahNameTranslation": "The Cave",
    "revelationPlace": "Mecca",
    "totalAyah": 110,
    "surahNo": 18,
    "english": [
        "All praise is for Allah Who has revealed the Book to His servant, allowing no crookedness in it",
        "˹making it˺ perfectly upright, to warn ˹the disbelievers˺ of a severe torment from Him; to give good news to the believers—who do good—that they will have a fine reward",
        "in which they will remain forever;",
        "and to warn those who claim, “Allah has offspring.”",
        "They have no knowledge of this, nor did their forefathers. What a terrible claim that comes out of their mouths! They say nothing but lies.",
        "Now, perhaps you ˹O Prophet˺ will grieve yourself to death over their denial, if they ˹continue to˺ disbelieve in this message.",
        "We have indeed made whatever is on earth as an adornment for it, in order to test which of them is best in deeds.",
        "And We will certainly reduce whatever is on it to barren ground.",
        "Have you ˹O Prophet˺ thought that the people of the cave and the plaque were ˹the only˺ wonders of Our signs?",
        "˹Remember˺ when those youths took refuge in the cave, and said, “Our Lord! Grant us mercy from Yourself and guide us rightly through our ordeal.”",
        "So We caused them to fall into a dead sleep in the cave for many years",
        "then We raised them so We may show which of the two groups would make a better estimation of the length of their stay.",
        "We relate to you ˹O Prophet˺ their story in truth. They were youths who truly believed in their Lord, and We increased them in guidance.",
        "And We strengthened their hearts when they stood up and declared, “Our Lord is the Lord of the heavens and the earth. We will never call upon any god besides Him, or we would truly be uttering an outrageous lie.”",
        "˹Then they said to one another,˺ “These people of ours have taken gods besides Him. Why do they not produce a clear proof of them? Who then does more wrong than those who fabricate lies against Allah?",
        "Since you have distanced yourselves from them and what they worship besides Allah, take refuge in the cave. Your Lord will extend His mercy to you and accommodate you in your ordeal.”",
        "And you would have seen the sun, as it rose, inclining away from their cave to the right, and as it set, declining away from them to the left, while they lay in its open space. That is one of the signs of Allah. Whoever Allah guides is truly guided. But whoever He leaves to stray, you will never find for them a guiding mentor.",
        "And you would have thought they were awake, though they were asleep. We turned them over, to the right and left, while their dog stretched his forelegs at the entrance. Had you looked at them, you would have certainly fled away from them, filled with horror.",
        "And so We awakened them so that they might question one another. One of them exclaimed, “How long have you remained ˹asleep˺?” Some replied, “Perhaps a day, or part of a day.” They said ˹to one another˺, “Your Lord knows best how long you have remained. So send one of you with these silver coins of yours to the city, and let him find which food is the purest, and then bring you provisions from it. Let him be ˹exceptionally˺ cautious, and do not let him give you away.",
        "For, indeed, if they find out about you, they will stone you ˹to death˺, or force you back into their faith, and then you will never succeed.”",
        "That is how We caused them to be discovered so that their people might know that Allah’s promise ˹of resurrection˺ is true and that there is no doubt about the Hour. When the people disputed with each other about the case of the youth ˹after their death˺, some proposed, “Build a structure around them. Their Lord knows best about them.” Those who prevailed in the matter said, “We will surely build a place of worship over them.”",
        "Some will say, “They were three, their dog was the fourth,” while others will say, “They were five, their dog was the sixth,” ˹only˺ guessing blindly. And others will say, “They were seven and their dog was the eighth.” Say, ˹O Prophet,˺ “My Lord knows best their ˹exact˺ number. Only a few people know as well.” So do not argue about them except with sure knowledge, nor consult any of those ˹who debate˺ about them.",
        "And never say of anything, “I will definitely do this tomorrow,”",
        "without adding, “if Allah so wills!” But if you forget, then remember your Lord, and say, “I trust my Lord will guide me to what is more right than this.”",
        "They had remained in their cave for three hundred years, adding nine.",
        "Say, ˹O Prophet,˺ “Allah knows best how long they stayed. With Him ˹alone˺ is ˹the knowledge of˺ the unseen of the heavens and the earth. How perfectly He hears and sees! They have no guardian besides Him, and He shares His command with none.”",
        "Recite what has been revealed to you from the Book of your Lord. None can change His Words, nor can you find any refuge besides Him.",
        "And patiently stick with those who call upon their Lord morning and evening, seeking His pleasure. Do not let your eyes look beyond them, desiring the luxuries of this worldly life. And do not obey those whose hearts We have made heedless of Our remembrance, who follow ˹only˺ their desires and whose state is ˹total˺ loss.",
        "And say, ˹O Prophet,˺ “˹This is˺ the truth from your Lord. Whoever wills let them believe, and whoever wills let them disbelieve.” Surely We have prepared for the wrongdoers a Fire whose walls will ˹completely˺ surround them. When they cry for aid, they will be aided with water like molten metal, which will burn ˹their˺ faces. What a horrible drink! And what a terrible place to rest!",
        "As for those who believe and do good, We certainly never deny the reward of those who are best in deeds.",
        "It is they who will have the Gardens of Eternity, with rivers flowing under their feet. There they will be adorned with bracelets of gold, and wear green garments of fine silk and rich brocade, reclining there on ˹canopied˺ couches. What a marvellous reward! And what a fabulous place to rest!",
        "Give them ˹O Prophet˺ an example of two men. To ˹the disbelieving˺ one We gave two gardens of grapevines, which We surrounded with palm trees and placed ˹various˺ crops in between.",
        "Each garden yielded ˹all˺ its produce, never falling short. And We caused a river to flow between them.",
        "And he had other resources ˹as well˺. So he boasted to a ˹poor˺ companion of his, while conversing with him, “I am greater than you in wealth and superior in manpower.”",
        "And he entered his property, while wronging his soul, saying, “I do not think this will ever perish",
        "nor do I think the Hour will ˹ever˺ come. And if in fact I am returned to my Lord, I will definitely get a far better outcome than ˹all˺ this.”",
        "His ˹believing˺ companion replied, while conversing with him, “Do you disbelieve in the One Who created you from dust, then ˹developed you˺ from a sperm-drop, then formed you into a man?",
        "But as for me: He is Allah, my Lord, and I will never associate anyone with my Lord ˹in worship˺.",
        "If only you had said, upon entering your property, ‘This is what Allah has willed! There is no power except with Allah!’ Even though you see me inferior to you in wealth and offspring",
        "perhaps my Lord will grant me ˹something˺ better than your garden, and send down upon your garden a thunderbolt from the sky, turning it into a barren waste.",
        "Or its water may sink ˹into the earth˺, and then you will never be able to seek it out.”",
        "And so all his produce was ˹totally˺ ruined, so he started to wring his hands for all he had spent on it, while it had collapsed on its trellises. He cried, “Alas! I wish I had never associated anyone with my Lord ˹in worship˺!”",
        "And he had no manpower to help him against Allah, nor could he ˹even˺ help himself.",
        "At this time, support comes ˹only˺ from Allah—the True ˹Lord˺. He is best in reward and best in outcome.",
        "And give them a parable of this worldly life. ˹It is˺ like the plants of the earth, thriving when sustained by the rain We send down from the sky. Then they ˹soon˺ turn into chaff scattered by the wind. And Allah is fully capable of ˹doing˺ all things.",
        "Wealth and children are the adornment of this worldly life, but the everlasting good deeds are far better with your Lord in reward and in hope.",
        "˹Beware of˺ the Day We will blow the mountains away, and you will see the earth laid bare. And We will gather all ˹humankind˺, leaving none behind.",
        "They will be presented before your Lord in rows, ˹and the deniers will be told,˺ “You have surely returned to Us ˹all alone˺ as We created you the first time, although you ˹always˺ claimed that We would never appoint a time for your return.”",
        "And the record ˹of deeds˺ will be laid ˹open˺, and you will see the wicked in fear of what is ˹written˺ in it. They will cry, “Woe to us! What kind of record is this that does not leave any sin, small or large, unlisted?” They will find whatever they did present ˹before them˺. And your Lord will never wrong anyone.",
        "And ˹remember˺ when We said to the angels, “Prostrate before Adam,” so they all did—but not Iblîs, who was one of the jinn, but he rebelled against the command of his Lord. Would you then take him and his descendants as patrons instead of Me, although they are your enemy? What an evil alternative for the wrongdoers ˹to choose˺!",
        "I never called them to witness the creation of the heavens and the earth or ˹even˺ their own creation, nor would I take the misleaders as helpers.",
        "And ˹beware of˺ the Day He will say, “Call upon those you claimed were My associate-gods.” So they will call them, but will receive no response. And We will make them ˹all˺ share in the same doom.",
        "The wicked will see the Fire and realize that they are bound to fall into it, and will find no way to avoid it.",
        "We have surely set forth in this Quran every ˹kind of˺ lesson for people, but humankind is the most argumentative of all beings.",
        "And nothing prevents people from believing when guidance comes to them and from seeking their Lord’s forgiveness except ˹their demand˺ to meet the same fate of earlier deniers or that the torment would confront them face to face.",
        "We do not send the messengers except as deliverers of good news and warners. But the disbelievers argue in falsehood, ˹hoping˺ to discredit the truth with it, and make a mockery of My revelations and warnings.",
        "And who does more wrong than those who, when reminded of their Lord’s revelations, turn away from them and forget what their own hands have done? We have certainly cast veils over their hearts—leaving them unable to comprehend this ˹Quran˺—and deafness in their ears. And if you ˹O Prophet˺ invite them to ˹true˺ guidance, they will never be ˹rightly˺ guided.",
        "Your Lord is the All-Forgiving, Full of Mercy. If He were to seize them ˹immediately˺ for what they commit, He would have certainly hastened their punishment. But they have an appointed time, from which they will find no refuge.",
        "Those ˹are the˺ societies We destroyed when they persisted in wrong, and We had set a time for their destruction.",
        "And ˹remember˺ when Moses said to his young assistant, “I will never give up until I reach the junction of the two seas, even if I travel for ages.”",
        "But when they ˹finally˺ reached the point where the seas met, they forgot their ˹salted˺ fish, and it made its way into the sea, slipping away ˹wondrously˺.",
        "When they had passed further, he said to his assistant, “Bring us our meal! We have certainly been exhausted by today’s journey.”",
        "He replied, “Do you remember when we rested by the rock? ˹That is when˺ I forgot the fish. None made me forget to mention this except Satan. And the fish made its way into the sea miraculously.”",
        "Moses responded, “That is ˹exactly˺ what we were looking for.” So they returned, retracing their footsteps.",
        "There they found a servant of Ours, to whom We had granted mercy from Us and enlightened with knowledge of Our Own.",
        "Moses said to him, “May I follow you, provided that you teach me some of the right guidance you have been taught?”",
        "He said, “You certainly cannot be patient ˹enough˺ with me.",
        "And how can you be patient with what is beyond your ˹realm of˺ knowledge?”",
        "Moses assured ˹him˺, “You will find me patient, Allah willing, and I will not disobey any of your orders.”",
        "He responded, “Then if you follow me, do not question me about anything until I ˹myself˺ clarify it for you.”",
        "So they set out, but after they had boarded a ship, the man made a hole in it. Moses protested, “Have you done this to drown its people? You have certainly done a terrible thing!”",
        "He replied, “Did I not say that you cannot have patience with me?”",
        "Moses pleaded, “Excuse me for forgetting, and do not be hard on me.”",
        "So they proceeded until they came across a boy, and the man killed him. Moses protested, “Have you killed an innocent soul, who killed no one? You have certainly done a horrible thing.”",
        "He answered, “Did I not tell you that you cannot have patience with me?”",
        "Moses replied, “If I ever question you about anything after this, then do not keep me in your company, for by then I would have given you enough of an excuse.”",
        "So they moved on until they came to the people of a town. They asked them for food, but the people refused to give them hospitality. There they found a wall ready to collapse, so the man set it right. Moses protested, “If you wanted, you could have demanded a fee for this.”",
        "He replied, “This is the parting of our ways. I will explain to you what you could not bear patiently.",
        "“As for the ship, it belonged to some poor people, working at sea. So I intended to damage it, for there was a ˹tyrant˺ king ahead of them who seizes every ˹good˺ ship by force.",
        "“And as for the boy, his parents were ˹true˺ believers, and we feared that he would pressure them into defiance and disbelief.",
        "So we hoped that their Lord would give them another, more virtuous and caring in his place.",
        "“And as for the wall, it belonged to two orphan boys in the city, and under the wall was a treasure that belonged to them, and their father had been a righteous man. So your Lord willed that these children should come of age and retrieve their treasure, as a mercy from your Lord. I did not do it ˹all˺ on my own. This is the explanation of what you could not bear patiently.”",
        "They ask you ˹O Prophet˺ about Ⱬul-Qarnain. Say, “I will relate to you something of his narrative.”",
        "Surely We established him in the land, and gave him the means to all things.",
        "So he travelled a course",
        "until he reached the setting ˹point˺ of the sun, which appeared to him to be setting in a spring of murky water, where he found some people. We said, “O Ⱬul-Qarnain! Either punish them or treat them kindly.”",
        "He responded, “Whoever does wrong will be punished by us, then will be returned to their Lord, Who will punish them with a horrible torment.",
        "As for those who believe and do good, they will have the finest reward, and we will assign them easy commands.”",
        "Then he travelled a ˹different˺ course",
        "until he reached the rising ˹point˺ of the sun. He found it rising on a people for whom We had provided no shelter from it.",
        "So it was. And We truly had full knowledge of him.",
        "Then he travelled a ˹third˺ course",
        "until he reached ˹a pass˺ between two mountains. He found in front of them a people who could hardly understand ˹his˺ language.",
        "They pleaded, “O Ⱬul-Qarnain! Surely Gog and Magog are spreading corruption throughout the land. Should we pay you tribute, provided that you build a wall between us and them?”",
        "He responded, “What my Lord has provided for me is far better. But assist me with resources, and I will build a barrier between you and them.",
        "Bring me blocks of iron!” Then, when he had filled up ˹the gap˺ between the two mountains, he ordered, “Blow!” When the iron became red hot, he said, “Bring me molten copper to pour over it.”",
        "And so the enemies could neither scale nor tunnel through it.",
        "He declared, “This is a mercy from my Lord. But when the promise of my Lord comes to pass, He will level it to the ground. And my Lord’s promise is ever true.”",
        "On that Day, We will let them surge ˹like waves˺ over one another. Later, the Trumpet will be blown, and We will gather all ˹people˺ together.",
        "On that Day We will display Hell clearly for the disbelievers",
        "those who turned a blind eye to My Reminder and could not stand listening ˹to it˺.",
        "Do the disbelievers think they can ˹simply˺ take My servants as lords instead of Me? We have surely prepared Hell as an accommodation for the disbelievers.",
        "Say, ˹O Prophet,˺ “Shall we inform you of who will lose the most deeds?",
        "˹They are˺ those whose efforts are in vain in this worldly life, while they think they are doing good!”",
        "It is they who reject the signs of their Lord and their meeting with Him, rendering their deeds void, so We will not give their deeds any weight on Judgment Day.",
        "That is their reward: Hell, for their disbelief and mockery of My signs and messengers.",
        "Indeed, those who believe and do good will have the Gardens of Paradise as an accommodation",
        "where they will be forever, never desiring anywhere else.",
        "Say, ˹O Prophet,˺ “If the ocean were ink for ˹writing˺ the Words of my Lord, it would certainly run out before the Words of my Lord were finished, even if We refilled it with its equal.”",
        "Say, ˹O Prophet,˺ “I am only a man like you, ˹but˺ it has been revealed to me that your God is only One God. So whoever hopes for the meeting with their Lord, let them do good deeds and associate none in the worship of their Lord.”"
    ],
    "arabic1": [
        " ٱلْحَمْدُ لِلَّهِ ٱلَّذِىٓ أَنزَلَ عَلَىٰ عَبْدِهِ ٱلْكِتَـٰبَ وَلَمْ يَجْعَل لَّهُۥ عِوَجَا ۜ",
        "قَيِّمًا لِّيُنذِرَ بَأْسًا شَدِيدًا مِّن لَّدُنْهُ وَيُبَشِّرَ ٱلْمُؤْمِنِينَ ٱلَّذِينَ يَعْمَلُونَ ٱلصَّـٰلِحَـٰتِ أَنَّ لَهُمْ أَجْرًا حَسَنًا",
        "مَّـٰكِثِينَ فِيهِ أَبَدًا",
        "وَيُنذِرَ ٱلَّذِينَ قَالُوا۟ ٱتَّخَذَ ٱللَّهُ وَلَدًا",
        "مَّا لَهُم بِهِۦ مِنْ عِلْمٍ وَلَا لِـَٔابَآئِهِمْ ۚ كَبُرَتْ كَلِمَةً تَخْرُجُ مِنْ أَفْوَٰهِهِمْ ۚ إِن يَقُولُونَ إِلَّا كَذِبًا",
        "فَلَعَلَّكَ بَـٰخِعٌ نَّفْسَكَ عَلَىٰٓ ءَاثَـٰرِهِمْ إِن لَّمْ يُؤْمِنُوا۟ بِهَـٰذَا ٱلْحَدِيثِ أَسَفًا",
        "إِنَّا جَعَلْنَا مَا عَلَى ٱلْأَرْضِ زِينَةً لَّهَا لِنَبْلُوَهُمْ أَيُّهُمْ أَحْسَنُ عَمَلًا",
        "وَإِنَّا لَجَـٰعِلُونَ مَا عَلَيْهَا صَعِيدًا جُرُزًا",
        "أَمْ حَسِبْتَ أَنَّ أَصْحَـٰبَ ٱلْكَهْفِ وَٱلرَّقِيمِ كَانُوا۟ مِنْ ءَايَـٰتِنَا عَجَبًا",
        "إِذْ أَوَى ٱلْفِتْيَةُ إِلَى ٱلْكَهْفِ فَقَالُوا۟ رَبَّنَآ ءَاتِنَا مِن لَّدُنكَ رَحْمَةً وَهَيِّئْ لَنَا مِنْ أَمْرِنَا رَشَدًا",
        "فَضَرَبْنَا عَلَىٰٓ ءَاذَانِهِمْ فِى ٱلْكَهْفِ سِنِينَ عَدَدًا",
        "ثُمَّ بَعَثْنَـٰهُمْ لِنَعْلَمَ أَىُّ ٱلْحِزْبَيْنِ أَحْصَىٰ لِمَا لَبِثُوٓا۟ أَمَدًا",
        "نَّحْنُ نَقُصُّ عَلَيْكَ نَبَأَهُم بِٱلْحَقِّ ۚ إِنَّهُمْ فِتْيَةٌ ءَامَنُوا۟ بِرَبِّهِمْ وَزِدْنَـٰهُمْ هُدًى",
        "وَرَبَطْنَا عَلَىٰ قُلُوبِهِمْ إِذْ قَامُوا۟ فَقَالُوا۟ رَبُّنَا رَبُّ ٱلسَّمَـٰوَٰتِ وَٱلْأَرْضِ لَن نَّدْعُوَا۟ مِن دُونِهِۦٓ إِلَـٰهًا ۖ لَّقَدْ قُلْنَآ إِذًا شَطَطًا",
        "هَـٰٓؤُلَآءِ قَوْمُنَا ٱتَّخَذُوا۟ مِن دُونِهِۦٓ ءَالِهَةً ۖ لَّوْلَا يَأْتُونَ عَلَيْهِم بِسُلْطَـٰنٍۭ بَيِّنٍ ۖ فَمَنْ أَظْلَمُ مِمَّنِ ٱفْتَرَىٰ عَلَى ٱللَّهِ كَذِبًا",
        "وَإِذِ ٱعْتَزَلْتُمُوهُمْ وَمَا يَعْبُدُونَ إِلَّا ٱللَّهَ فَأْوُۥٓا۟ إِلَى ٱلْكَهْفِ يَنشُرْ لَكُمْ رَبُّكُم مِّن رَّحْمَتِهِۦ وَيُهَيِّئْ لَكُم مِّنْ أَمْرِكُم مِّرْفَقًا",
        "۞ وَتَرَى ٱلشَّمْسَ إِذَا طَلَعَت تَّزَٰوَرُ عَن كَهْفِهِمْ ذَاتَ ٱلْيَمِينِ وَإِذَا غَرَبَت تَّقْرِضُهُمْ ذَاتَ ٱلشِّمَالِ وَهُمْ فِى فَجْوَةٍ مِّنْهُ ۚ ذَٰلِكَ مِنْ ءَايَـٰتِ ٱللَّهِ ۗ مَن يَهْدِ ٱللَّهُ فَهُوَ ٱلْمُهْتَدِ ۖ وَمَن يُضْلِلْ فَلَن تَجِدَ لَهُۥ وَلِيًّا مُّرْشِدًا",
        "وَتَحْسَبُهُمْ أَيْقَاظًا وَهُمْ رُقُودٌ ۚ وَنُقَلِّبُهُمْ ذَاتَ ٱلْيَمِينِ وَذَاتَ ٱلشِّمَالِ ۖ وَكَلْبُهُم بَـٰسِطٌ ذِرَاعَيْهِ بِٱلْوَصِيدِ ۚ لَوِ ٱطَّلَعْتَ عَلَيْهِمْ لَوَلَّيْتَ مِنْهُمْ فِرَارًا وَلَمُلِئْتَ مِنْهُمْ رُعْبًا",
        "وَكَذَٰلِكَ بَعَثْنَـٰهُمْ لِيَتَسَآءَلُوا۟ بَيْنَهُمْ ۚ قَالَ قَآئِلٌ مِّنْهُمْ كَمْ لَبِثْتُمْ ۖ قَالُوا۟ لَبِثْنَا يَوْمًا أَوْ بَعْضَ يَوْمٍ ۚ قَالُوا۟ رَبُّكُمْ أَعْلَمُ بِمَا لَبِثْتُمْ فَٱبْعَثُوٓا۟ أَحَدَكُم بِوَرِقِكُمْ هَـٰذِهِۦٓ إِلَى ٱلْمَدِينَةِ فَلْيَنظُرْ أَيُّهَآ أَزْكَىٰ طَعَامًا فَلْيَأْتِكُم بِرِزْقٍ مِّنْهُ وَلْيَتَلَطَّفْ وَلَا يُشْعِرَنَّ بِكُمْ أَحَدًا",
        "إِنَّهُمْ إِن يَظْهَرُوا۟ عَلَيْكُمْ يَرْجُمُوكُمْ أَوْ يُعِيدُوكُمْ فِى مِلَّتِهِمْ وَلَن تُفْلِحُوٓا۟ إِذًا أَبَدًا",
        "وَكَذَٰلِكَ أَعْثَرْنَا عَلَيْهِمْ لِيَعْلَمُوٓا۟ أَنَّ وَعْدَ ٱللَّهِ حَقٌّ وَأَنَّ ٱلسَّاعَةَ لَا رَيْبَ فِيهَآ إِذْ يَتَنَـٰزَعُونَ بَيْنَهُمْ أَمْرَهُمْ ۖ فَقَالُوا۟ ٱبْنُوا۟ عَلَيْهِم بُنْيَـٰنًا ۖ رَّبُّهُمْ أَعْلَمُ بِهِمْ ۚ قَالَ ٱلَّذِينَ غَلَبُوا۟ عَلَىٰٓ أَمْرِهِمْ لَنَتَّخِذَنَّ عَلَيْهِم مَّسْجِدًا",
        "سَيَقُولُونَ ثَلَـٰثَةٌ رَّابِعُهُمْ كَلْبُهُمْ وَيَقُولُونَ خَمْسَةٌ سَادِسُهُمْ كَلْبُهُمْ رَجْمًۢا بِٱلْغَيْبِ ۖ وَيَقُولُونَ سَبْعَةٌ وَثَامِنُهُمْ كَلْبُهُمْ ۚ قُل رَّبِّىٓ أَعْلَمُ بِعِدَّتِهِم مَّا يَعْلَمُهُمْ إِلَّا قَلِيلٌ ۗ فَلَا تُمَارِ فِيهِمْ إِلَّا مِرَآءً ظَـٰهِرًا وَلَا تَسْتَفْتِ فِيهِم مِّنْهُمْ أَحَدًا",
        "وَلَا تَقُولَنَّ لِشَا۟ىْءٍ إِنِّى فَاعِلٌ ذَٰلِكَ غَدًا",
        "إِلَّآ أَن يَشَآءَ ٱللَّهُ ۚ وَٱذْكُر رَّبَّكَ إِذَا نَسِيتَ وَقُلْ عَسَىٰٓ أَن يَهْدِيَنِ رَبِّى لِأَقْرَبَ مِنْ هَـٰذَا رَشَدًا",
        "وَلَبِثُوا۟ فِى كَهْفِهِمْ ثَلَـٰثَ مِا۟ئَةٍ سِنِينَ وَٱزْدَادُوا۟ تِسْعًا",
        "قُلِ ٱللَّهُ أَعْلَمُ بِمَا لَبِثُوا۟ ۖ لَهُۥ غَيْبُ ٱلسَّمَـٰوَٰتِ وَٱلْأَرْضِ ۖ أَبْصِرْ بِهِۦ وَأَسْمِعْ ۚ مَا لَهُم مِّن دُونِهِۦ مِن وَلِىٍّ وَلَا يُشْرِكُ فِى حُكْمِهِۦٓ أَحَدًا",
        "وَٱتْلُ مَآ أُوحِىَ إِلَيْكَ مِن كِتَابِ رَبِّكَ ۖ لَا مُبَدِّلَ لِكَلِمَـٰتِهِۦ وَلَن تَجِدَ مِن دُونِهِۦ مُلْتَحَدًا",
        "وَٱصْبِرْ نَفْسَكَ مَعَ ٱلَّذِينَ يَدْعُونَ رَبَّهُم بِٱلْغَدَوٰةِ وَٱلْعَشِىِّ يُرِيدُونَ وَجْهَهُۥ ۖ وَلَا تَعْدُ عَيْنَاكَ عَنْهُمْ تُرِيدُ زِينَةَ ٱلْحَيَوٰةِ ٱلدُّنْيَا ۖ وَلَا تُطِعْ مَنْ أَغْفَلْنَا قَلْبَهُۥ عَن ذِكْرِنَا وَٱتَّبَعَ هَوَىٰهُ وَكَانَ أَمْرُهُۥ فُرُطًا",
        "وَقُلِ ٱلْحَقُّ مِن رَّبِّكُمْ ۖ فَمَن شَآءَ فَلْيُؤْمِن وَمَن شَآءَ فَلْيَكْفُرْ ۚ إِنَّآ أَعْتَدْنَا لِلظَّـٰلِمِينَ نَارًا أَحَاطَ بِهِمْ سُرَادِقُهَا ۚ وَإِن يَسْتَغِيثُوا۟ يُغَاثُوا۟ بِمَآءٍ كَٱلْمُهْلِ يَشْوِى ٱلْوُجُوهَ ۚ بِئْسَ ٱلشَّرَابُ وَسَآءَتْ مُرْتَفَقًا",
        "إِنَّ ٱلَّذِينَ ءَامَنُوا۟ وَعَمِلُوا۟ ٱلصَّـٰلِحَـٰتِ إِنَّا لَا نُضِيعُ أَجْرَ مَنْ أَحْسَنَ عَمَلًا",
        "أُو۟لَـٰٓئِكَ لَهُمْ جَنَّـٰتُ عَدْنٍ تَجْرِى مِن تَحْتِهِمُ ٱلْأَنْهَـٰرُ يُحَلَّوْنَ فِيهَا مِنْ أَسَاوِرَ مِن ذَهَبٍ وَيَلْبَسُونَ ثِيَابًا خُضْرًا مِّن سُندُسٍ وَإِسْتَبْرَقٍ مُّتَّكِـِٔينَ فِيهَا عَلَى ٱلْأَرَآئِكِ ۚ نِعْمَ ٱلثَّوَابُ وَحَسُنَتْ مُرْتَفَقًا",
        "۞ وَٱضْرِبْ لَهُم مَّثَلًا رَّجُلَيْنِ جَعَلْنَا لِأَحَدِهِمَا جَنَّتَيْنِ مِنْ أَعْنَـٰبٍ وَحَفَفْنَـٰهُمَا بِنَخْلٍ وَجَعَلْنَا بَيْنَهُمَا زَرْعًا",
        "كِلْتَا ٱلْجَنَّتَيْنِ ءَاتَتْ أُكُلَهَا وَلَمْ تَظْلِم مِّنْهُ شَيْـًٔا ۚ وَفَجَّرْنَا خِلَـٰلَهُمَا نَهَرًا",
        "وَكَانَ لَهُۥ ثَمَرٌ فَقَالَ لِصَـٰحِبِهِۦ وَهُوَ يُحَاوِرُهُۥٓ أَنَا۠ أَكْثَرُ مِنكَ مَالًا وَأَعَزُّ نَفَرًا",
        "وَدَخَلَ جَنَّتَهُۥ وَهُوَ ظَالِمٌ لِّنَفْسِهِۦ قَالَ مَآ أَظُنُّ أَن تَبِيدَ هَـٰذِهِۦٓ أَبَدًا",
        "وَمَآ أَظُنُّ ٱلسَّاعَةَ قَآئِمَةً وَلَئِن رُّدِدتُّ إِلَىٰ رَبِّى لَأَجِدَنَّ خَيْرًا مِّنْهَا مُنقَلَبًا",
        "قَالَ لَهُۥ صَاحِبُهُۥ وَهُوَ يُحَاوِرُهُۥٓ أَكَفَرْتَ بِٱلَّذِى خَلَقَكَ مِن تُرَابٍ ثُمَّ مِن نُّطْفَةٍ ثُمَّ سَوَّىٰكَ رَجُلًا",
        "لَّـٰكِنَّا۠ هُوَ ٱللَّهُ رَبِّى وَلَآ أُشْرِكُ بِرَبِّىٓ أَحَدًا",
        "وَلَوْلَآ إِذْ دَخَلْتَ جَنَّتَكَ قُلْتَ مَا شَآءَ ٱللَّهُ لَا قُوَّةَ إِلَّا بِٱللَّهِ ۚ إِن تَرَنِ أَنَا۠ أَقَلَّ مِنكَ مَالًا وَوَلَدًا",
        "فَعَسَىٰ رَبِّىٓ أَن يُؤْتِيَنِ خَيْرًا مِّن جَنَّتِكَ وَيُرْسِلَ عَلَيْهَا حُسْبَانًا مِّنَ ٱلسَّمَآءِ فَتُصْبِحَ صَعِيدًا زَلَقًا",
        "أَوْ يُصْبِحَ مَآؤُهَا غَوْرًا فَلَن تَسْتَطِيعَ لَهُۥ طَلَبًا",
        "وَأُحِيطَ بِثَمَرِهِۦ فَأَصْبَحَ يُقَلِّبُ كَفَّيْهِ عَلَىٰ مَآ أَنفَقَ فِيهَا وَهِىَ خَاوِيَةٌ عَلَىٰ عُرُوشِهَا وَيَقُولُ يَـٰلَيْتَنِى لَمْ أُشْرِكْ بِرَبِّىٓ أَحَدًا",
        "وَلَمْ تَكُن لَّهُۥ فِئَةٌ يَنصُرُونَهُۥ مِن دُونِ ٱللَّهِ وَمَا كَانَ مُنتَصِرًا",
        "هُنَالِكَ ٱلْوَلَـٰيَةُ لِلَّهِ ٱلْحَقِّ ۚ هُوَ خَيْرٌ ثَوَابًا وَخَيْرٌ عُقْبًا",
        "وَٱضْرِبْ لَهُم مَّثَلَ ٱلْحَيَوٰةِ ٱلدُّنْيَا كَمَآءٍ أَنزَلْنَـٰهُ مِنَ ٱلسَّمَآءِ فَٱخْتَلَطَ بِهِۦ نَبَاتُ ٱلْأَرْضِ فَأَصْبَحَ هَشِيمًا تَذْرُوهُ ٱلرِّيَـٰحُ ۗ وَكَانَ ٱللَّهُ عَلَىٰ كُلِّ شَىْءٍ مُّقْتَدِرًا",
        "ٱلْمَالُ وَٱلْبَنُونَ زِينَةُ ٱلْحَيَوٰةِ ٱلدُّنْيَا ۖ وَٱلْبَـٰقِيَـٰتُ ٱلصَّـٰلِحَـٰتُ خَيْرٌ عِندَ رَبِّكَ ثَوَابًا وَخَيْرٌ أَمَلًا",
        "وَيَوْمَ نُسَيِّرُ ٱلْجِبَالَ وَتَرَى ٱلْأَرْضَ بَارِزَةً وَحَشَرْنَـٰهُمْ فَلَمْ نُغَادِرْ مِنْهُمْ أَحَدًا",
        "وَعُرِضُوا۟ عَلَىٰ رَبِّكَ صَفًّا لَّقَدْ جِئْتُمُونَا كَمَا خَلَقْنَـٰكُمْ أَوَّلَ مَرَّةٍۭ ۚ بَلْ زَعَمْتُمْ أَلَّن نَّجْعَلَ لَكُم مَّوْعِدًا",
        "وَوُضِعَ ٱلْكِتَـٰبُ فَتَرَى ٱلْمُجْرِمِينَ مُشْفِقِينَ مِمَّا فِيهِ وَيَقُولُونَ يَـٰوَيْلَتَنَا مَالِ هَـٰذَا ٱلْكِتَـٰبِ لَا يُغَادِرُ صَغِيرَةً وَلَا كَبِيرَةً إِلَّآ أَحْصَىٰهَا ۚ وَوَجَدُوا۟ مَا عَمِلُوا۟ حَاضِرًا ۗ وَلَا يَظْلِمُ رَبُّكَ أَحَدًا",
        "وَإِذْ قُلْنَا لِلْمَلَـٰٓئِكَةِ ٱسْجُدُوا۟ لِـَٔادَمَ فَسَجَدُوٓا۟ إِلَّآ إِبْلِيسَ كَانَ مِنَ ٱلْجِنِّ فَفَسَقَ عَنْ أَمْرِ رَبِّهِۦٓ ۗ أَفَتَتَّخِذُونَهُۥ وَذُرِّيَّتَهُۥٓ أَوْلِيَآءَ مِن دُونِى وَهُمْ لَكُمْ عَدُوٌّۢ ۚ بِئْسَ لِلظَّـٰلِمِينَ بَدَلًا",
        "۞ مَّآ أَشْهَدتُّهُمْ خَلْقَ ٱلسَّمَـٰوَٰتِ وَٱلْأَرْضِ وَلَا خَلْقَ أَنفُسِهِمْ وَمَا كُنتُ مُتَّخِذَ ٱلْمُضِلِّينَ عَضُدًا",
        "وَيَوْمَ يَقُولُ نَادُوا۟ شُرَكَآءِىَ ٱلَّذِينَ زَعَمْتُمْ فَدَعَوْهُمْ فَلَمْ يَسْتَجِيبُوا۟ لَهُمْ وَجَعَلْنَا بَيْنَهُم مَّوْبِقًا",
        "وَرَءَا ٱلْمُجْرِمُونَ ٱلنَّارَ فَظَنُّوٓا۟ أَنَّهُم مُّوَاقِعُوهَا وَلَمْ يَجِدُوا۟ عَنْهَا مَصْرِفًا",
        "وَلَقَدْ صَرَّفْنَا فِى هَـٰذَا ٱلْقُرْءَانِ لِلنَّاسِ مِن كُلِّ مَثَلٍ ۚ وَكَانَ ٱلْإِنسَـٰنُ أَكْثَرَ شَىْءٍ جَدَلًا",
        "وَمَا مَنَعَ ٱلنَّاسَ أَن يُؤْمِنُوٓا۟ إِذْ جَآءَهُمُ ٱلْهُدَىٰ وَيَسْتَغْفِرُوا۟ رَبَّهُمْ إِلَّآ أَن تَأْتِيَهُمْ سُنَّةُ ٱلْأَوَّلِينَ أَوْ يَأْتِيَهُمُ ٱلْعَذَابُ قُبُلًا",
        "وَمَا نُرْسِلُ ٱلْمُرْسَلِينَ إِلَّا مُبَشِّرِينَ وَمُنذِرِينَ ۚ وَيُجَـٰدِلُ ٱلَّذِينَ كَفَرُوا۟ بِٱلْبَـٰطِلِ لِيُدْحِضُوا۟ بِهِ ٱلْحَقَّ ۖ وَٱتَّخَذُوٓا۟ ءَايَـٰتِى وَمَآ أُنذِرُوا۟ هُزُوًا",
        "وَمَنْ أَظْلَمُ مِمَّن ذُكِّرَ بِـَٔايَـٰتِ رَبِّهِۦ فَأَعْرَضَ عَنْهَا وَنَسِىَ مَا قَدَّمَتْ يَدَاهُ ۚ إِنَّا جَعَلْنَا عَلَىٰ قُلُوبِهِمْ أَكِنَّةً أَن يَفْقَهُوهُ وَفِىٓ ءَاذَانِهِمْ وَقْرًا ۖ وَإِن تَدْعُهُمْ إِلَى ٱلْهُدَىٰ فَلَن يَهْتَدُوٓا۟ إِذًا أَبَدًا",
        "وَرَبُّكَ ٱلْغَفُورُ ذُو ٱلرَّحْمَةِ ۖ لَوْ يُؤَاخِذُهُم بِمَا كَسَبُوا۟ لَعَجَّلَ لَهُمُ ٱلْعَذَابَ ۚ بَل لَّهُم مَّوْعِدٌ لَّن يَجِدُوا۟ مِن دُونِهِۦ مَوْئِلًا",
        "وَتِلْكَ ٱلْقُرَىٰٓ أَهْلَكْنَـٰهُمْ لَمَّا ظَلَمُوا۟ وَجَعَلْنَا لِمَهْلِكِهِم مَّوْعِدًا",
        "وَإِذْ قَالَ مُوسَىٰ لِفَتَىٰهُ لَآ أَبْرَحُ حَتَّىٰٓ أَبْلُغَ مَجْمَعَ ٱلْبَحْرَيْنِ أَوْ أَمْضِىَ حُقُبًا",
        "فَلَمَّا بَلَغَا مَجْمَعَ بَيْنِهِمَا نَسِيَا حُوتَهُمَا فَٱتَّخَذَ سَبِيلَهُۥ فِى ٱلْبَحْرِ سَرَبًا",
        "فَلَمَّا جَاوَزَا قَالَ لِفَتَىٰهُ ءَاتِنَا غَدَآءَنَا لَقَدْ لَقِينَا مِن سَفَرِنَا هَـٰذَا نَصَبًا",
        "قَالَ أَرَءَيْتَ إِذْ أَوَيْنَآ إِلَى ٱلصَّخْرَةِ فَإِنِّى نَسِيتُ ٱلْحُوتَ وَمَآ أَنسَىٰنِيهُ إِلَّا ٱلشَّيْطَـٰنُ أَنْ أَذْكُرَهُۥ ۚ وَٱتَّخَذَ سَبِيلَهُۥ فِى ٱلْبَحْرِ عَجَبًا",
        "قَالَ ذَٰلِكَ مَا كُنَّا نَبْغِ ۚ فَٱرْتَدَّا عَلَىٰٓ ءَاثَارِهِمَا قَصَصًا",
        "فَوَجَدَا عَبْدًا مِّنْ عِبَادِنَآ ءَاتَيْنَـٰهُ رَحْمَةً مِّنْ عِندِنَا وَعَلَّمْنَـٰهُ مِن لَّدُنَّا عِلْمًا",
        "قَالَ لَهُۥ مُوسَىٰ هَلْ أَتَّبِعُكَ عَلَىٰٓ أَن تُعَلِّمَنِ مِمَّا عُلِّمْتَ رُشْدًا",
        "قَالَ إِنَّكَ لَن تَسْتَطِيعَ مَعِىَ صَبْرًا",
        "وَكَيْفَ تَصْبِرُ عَلَىٰ مَا لَمْ تُحِطْ بِهِۦ خُبْرًا",
        "قَالَ سَتَجِدُنِىٓ إِن شَآءَ ٱللَّهُ صَابِرًا وَلَآ أَعْصِى لَكَ أَمْرًا",
        "قَالَ فَإِنِ ٱتَّبَعْتَنِى فَلَا تَسْـَٔلْنِى عَن شَىْءٍ حَتَّىٰٓ أُحْدِثَ لَكَ مِنْهُ ذِكْرًا",
        "فَٱنطَلَقَا حَتَّىٰٓ إِذَا رَكِبَا فِى ٱلسَّفِينَةِ خَرَقَهَا ۖ قَالَ أَخَرَقْتَهَا لِتُغْرِقَ أَهْلَهَا لَقَدْ جِئْتَ شَيْـًٔا إِمْرًا",
        "قَالَ أَلَمْ أَقُلْ إِنَّكَ لَن تَسْتَطِيعَ مَعِىَ صَبْرًا",
        "قَالَ لَا تُؤَاخِذْنِى بِمَا نَسِيتُ وَلَا تُرْهِقْنِى مِنْ أَمْرِى عُسْرًا",
        "فَٱنطَلَقَا حَتَّىٰٓ إِذَا لَقِيَا غُلَـٰمًا فَقَتَلَهُۥ قَالَ أَقَتَلْتَ نَفْسًا زَكِيَّةًۢ بِغَيْرِ نَفْسٍ لَّقَدْ جِئْتَ شَيْـًٔا نُّكْرًا",
        "۞ قَالَ أَلَمْ أَقُل لَّكَ إِنَّكَ لَن تَسْتَطِيعَ مَعِىَ صَبْرًا",
        "قَالَ إِن سَأَلْتُكَ عَن شَىْءٍۭ بَعْدَهَا فَلَا تُصَـٰحِبْنِى ۖ قَدْ بَلَغْتَ مِن لَّدُنِّى عُذْرًا",
        "فَٱنطَلَقَا حَتَّىٰٓ إِذَآ أَتَيَآ أَهْلَ قَرْيَةٍ ٱسْتَطْعَمَآ أَهْلَهَا فَأَبَوْا۟ أَن يُضَيِّفُوهُمَا فَوَجَدَا فِيهَا جِدَارًا يُرِيدُ أَن يَنقَضَّ فَأَقَامَهُۥ ۖ قَالَ لَوْ شِئْتَ لَتَّخَذْتَ عَلَيْهِ أَجْرًا",
        "قَالَ هَـٰذَا فِرَاقُ بَيْنِى وَبَيْنِكَ ۚ سَأُنَبِّئُكَ بِتَأْوِيلِ مَا لَمْ تَسْتَطِع عَّلَيْهِ صَبْرًا",
        "أَمَّا ٱلسَّفِينَةُ فَكَانَتْ لِمَسَـٰكِينَ يَعْمَلُونَ فِى ٱلْبَحْرِ فَأَرَدتُّ أَنْ أَعِيبَهَا وَكَانَ وَرَآءَهُم مَّلِكٌ يَأْخُذُ كُلَّ سَفِينَةٍ غَصْبًا",
        "وَأَمَّا ٱلْغُلَـٰمُ فَكَانَ أَبَوَاهُ مُؤْمِنَيْنِ فَخَشِينَآ أَن يُرْهِقَهُمَا طُغْيَـٰنًا وَكُفْرًا",
        "فَأَرَدْنَآ أَن يُبْدِلَهُمَا رَبُّهُمَا خَيْرًا مِّنْهُ زَكَوٰةً وَأَقْرَبَ رُحْمًا",
        "وَأَمَّا ٱلْجِدَارُ فَكَانَ لِغُلَـٰمَيْنِ يَتِيمَيْنِ فِى ٱلْمَدِينَةِ وَكَانَ تَحْتَهُۥ كَنزٌ لَّهُمَا وَكَانَ أَبُوهُمَا صَـٰلِحًا فَأَرَادَ رَبُّكَ أَن يَبْلُغَآ أَشُدَّهُمَا وَيَسْتَخْرِجَا كَنزَهُمَا رَحْمَةً مِّن رَّبِّكَ ۚ وَمَا فَعَلْتُهُۥ عَنْ أَمْرِى ۚ ذَٰلِكَ تَأْوِيلُ مَا لَمْ تَسْطِع عَّلَيْهِ صَبْرًا",
        "وَيَسْـَٔلُونَكَ عَن ذِى ٱلْقَرْنَيْنِ ۖ قُلْ سَأَتْلُوا۟ عَلَيْكُم مِّنْهُ ذِكْرًا",
        "إِنَّا مَكَّنَّا لَهُۥ فِى ٱلْأَرْضِ وَءَاتَيْنَـٰهُ مِن كُلِّ شَىْءٍ سَبَبًا",
        "فَأَتْبَعَ سَبَبًا",
        "حَتَّىٰٓ إِذَا بَلَغَ مَغْرِبَ ٱلشَّمْسِ وَجَدَهَا تَغْرُبُ فِى عَيْنٍ حَمِئَةٍ وَوَجَدَ عِندَهَا قَوْمًا ۗ قُلْنَا يَـٰذَا ٱلْقَرْنَيْنِ إِمَّآ أَن تُعَذِّبَ وَإِمَّآ أَن تَتَّخِذَ فِيهِمْ حُسْنًا",
        "قَالَ أَمَّا مَن ظَلَمَ فَسَوْفَ نُعَذِّبُهُۥ ثُمَّ يُرَدُّ إِلَىٰ رَبِّهِۦ فَيُعَذِّبُهُۥ عَذَابًا نُّكْرًا",
        "وَأَمَّا مَنْ ءَامَنَ وَعَمِلَ صَـٰلِحًا فَلَهُۥ جَزَآءً ٱلْحُسْنَىٰ ۖ وَسَنَقُولُ لَهُۥ مِنْ أَمْرِنَا يُسْرًا",
        "ثُمَّ أَتْبَعَ سَبَبًا",
        "حَتَّىٰٓ إِذَا بَلَغَ مَطْلِعَ ٱلشَّمْسِ وَجَدَهَا تَطْلُعُ عَلَىٰ قَوْمٍ لَّمْ نَجْعَل لَّهُم مِّن دُونِهَا سِتْرًا",
        "كَذَٰلِكَ وَقَدْ أَحَطْنَا بِمَا لَدَيْهِ خُبْرًا",
        "ثُمَّ أَتْبَعَ سَبَبًا",
        "حَتَّىٰٓ إِذَا بَلَغَ بَيْنَ ٱلسَّدَّيْنِ وَجَدَ مِن دُونِهِمَا قَوْمًا لَّا يَكَادُونَ يَفْقَهُونَ قَوْلًا",
        "قَالُوا۟ يَـٰذَا ٱلْقَرْنَيْنِ إِنَّ يَأْجُوجَ وَمَأْجُوجَ مُفْسِدُونَ فِى ٱلْأَرْضِ فَهَلْ نَجْعَلُ لَكَ خَرْجًا عَلَىٰٓ أَن تَجْعَلَ بَيْنَنَا وَبَيْنَهُمْ سَدًّا",
        "قَالَ مَا مَكَّنِّى فِيهِ رَبِّى خَيْرٌ فَأَعِينُونِى بِقُوَّةٍ أَجْعَلْ بَيْنَكُمْ وَبَيْنَهُمْ رَدْمًا",
        "ءَاتُونِى زُبَرَ ٱلْحَدِيدِ ۖ حَتَّىٰٓ إِذَا سَاوَىٰ بَيْنَ ٱلصَّدَفَيْنِ قَالَ ٱنفُخُوا۟ ۖ حَتَّىٰٓ إِذَا جَعَلَهُۥ نَارًا قَالَ ءَاتُونِىٓ أُفْرِغْ عَلَيْهِ قِطْرًا",
        "فَمَا ٱسْطَـٰعُوٓا۟ أَن يَظْهَرُوهُ وَمَا ٱسْتَطَـٰعُوا۟ لَهُۥ نَقْبًا",
        "قَالَ هَـٰذَا رَحْمَةٌ مِّن رَّبِّى ۖ فَإِذَا جَآءَ وَعْدُ رَبِّى جَعَلَهُۥ دَكَّآءَ ۖ وَكَانَ وَعْدُ رَبِّى حَقًّا",
        "۞ وَتَرَكْنَا بَعْضَهُمْ يَوْمَئِذٍ يَمُوجُ فِى بَعْضٍ ۖ وَنُفِخَ فِى ٱلصُّورِ فَجَمَعْنَـٰهُمْ جَمْعًا",
        "وَعَرَضْنَا جَهَنَّمَ يَوْمَئِذٍ لِّلْكَـٰفِرِينَ عَرْضًا",
        "ٱلَّذِينَ كَانَتْ أَعْيُنُهُمْ فِى غِطَآءٍ عَن ذِكْرِى وَكَانُوا۟ لَا يَسْتَطِيعُونَ سَمْعًا",
        "أَفَحَسِبَ ٱلَّذِينَ كَفَرُوٓا۟ أَن يَتَّخِذُوا۟ عِبَادِى مِن دُونِىٓ أَوْلِيَآءَ ۚ إِنَّآ أَعْتَدْنَا جَهَنَّمَ لِلْكَـٰفِرِينَ نُزُلًا",
        "قُلْ هَلْ نُنَبِّئُكُم بِٱلْأَخْسَرِينَ أَعْمَـٰلًا",
        "ٱلَّذِينَ ضَلَّ سَعْيُهُمْ فِى ٱلْحَيَوٰةِ ٱلدُّنْيَا وَهُمْ يَحْسَبُونَ أَنَّهُمْ يُحْسِنُونَ صُنْعًا",
        "أُو۟لَـٰٓئِكَ ٱلَّذِينَ كَفَرُوا۟ بِـَٔايَـٰتِ رَبِّهِمْ وَلِقَآئِهِۦ فَحَبِطَتْ أَعْمَـٰلُهُمْ فَلَا نُقِيمُ لَهُمْ يَوْمَ ٱلْقِيَـٰمَةِ وَزْنًا",
        "ذَٰلِكَ جَزَآؤُهُمْ جَهَنَّمُ بِمَا كَفَرُوا۟ وَٱتَّخَذُوٓا۟ ءَايَـٰتِى وَرُسُلِى هُزُوًا",
        "إِنَّ ٱلَّذِينَ ءَامَنُوا۟ وَعَمِلُوا۟ ٱلصَّـٰلِحَـٰتِ كَانَتْ لَهُمْ جَنَّـٰتُ ٱلْفِرْدَوْسِ نُزُلًا",
        "خَـٰلِدِينَ فِيهَا لَا يَبْغُونَ عَنْهَا حِوَلًا",
        "قُل لَّوْ كَانَ ٱلْبَحْرُ مِدَادًا لِّكَلِمَـٰتِ رَبِّى لَنَفِدَ ٱلْبَحْرُ قَبْلَ أَن تَنفَدَ كَلِمَـٰتُ رَبِّى وَلَوْ جِئْنَا بِمِثْلِهِۦ مَدَدًا",
        "قُلْ إِنَّمَآ أَنَا۠ بَشَرٌ مِّثْلُكُمْ يُوحَىٰٓ إِلَىَّ أَنَّمَآ إِلَـٰهُكُمْ إِلَـٰهٌ وَٰحِدٌ ۖ فَمَن كَانَ يَرْجُوا۟ لِقَآءَ رَبِّهِۦ فَلْيَعْمَلْ عَمَلًا صَـٰلِحًا وَلَا يُشْرِكْ بِعِبَادَةِ رَبِّهِۦٓ أَحَدًۢا"
    ],
    "arabic2": [
        "الحمد لله الذي انزل على عبده الكتاب ولم يجعل له عوجا",
        "قيما لينذر باسا شديدا من لدنه ويبشر المؤمنين الذين يعملون الصالحات ان لهم اجرا حسنا",
        "ماكثين فيه ابدا",
        "وينذر الذين قالوا اتخذ الله ولدا",
        "ما لهم به من علم ولا لابائهم كبرت كلمة تخرج من افواههم ان يقولون الا كذبا",
        "فلعلك باخع نفسك على اثارهم ان لم يؤمنوا بهذا الحديث اسفا",
        "انا جعلنا ما على الارض زينة لها لنبلوهم ايهم احسن عملا",
        "وانا لجاعلون ما عليها صعيدا جرزا",
        "ام حسبت ان اصحاب الكهف والرقيم كانوا من اياتنا عجبا",
        "اذ اوى الفتية الى الكهف فقالوا ربنا اتنا من لدنك رحمة وهيئ لنا من امرنا رشدا",
        "فضربنا على اذانهم في الكهف سنين عددا",
        "ثم بعثناهم لنعلم اي الحزبين احصى لما لبثوا امدا",
        "نحن نقص عليك نباهم بالحق انهم فتية امنوا بربهم وزدناهم هدى",
        "وربطنا على قلوبهم اذ قاموا فقالوا ربنا رب السماوات والارض لن ندعو من دونه الها لقد قلنا اذا شططا",
        "هؤلاء قومنا اتخذوا من دونه الهة لولا ياتون عليهم بسلطان بين فمن اظلم ممن افترى على الله كذبا",
        "واذ اعتزلتموهم وما يعبدون الا الله فاووا الى الكهف ينشر لكم ربكم من رحمته ويهيئ لكم من امركم مرفقا",
        "وترى الشمس اذا طلعت تزاور عن كهفهم ذات اليمين واذا غربت تقرضهم ذات الشمال وهم في فجوة منه ذلك من ايات الله من يهد الله فهو المهتد ومن يضلل فلن تجد له وليا مرشدا",
        "وتحسبهم ايقاظا وهم رقود ونقلبهم ذات اليمين وذات الشمال وكلبهم باسط ذراعيه بالوصيد لو اطلعت عليهم لوليت منهم فرارا ولملئت منهم رعبا",
        "وكذلك بعثناهم ليتساءلوا بينهم قال قائل منهم كم لبثتم قالوا لبثنا يوما او بعض يوم قالوا ربكم اعلم بما لبثتم فابعثوا احدكم بورقكم هذه الى المدينة فلينظر ايها ازكى طعاما فلياتكم برزق منه وليتلطف ولا يشعرن بكم احدا",
        "انهم ان يظهروا عليكم يرجموكم او يعيدوكم في ملتهم ولن تفلحوا اذا ابدا",
        "وكذلك اعثرنا عليهم ليعلموا ان وعد الله حق وان الساعة لا ريب فيها اذ يتنازعون بينهم امرهم فقالوا ابنوا عليهم بنيانا ربهم اعلم بهم قال الذين غلبوا على امرهم لنتخذن عليهم مسجدا",
        "سيقولون ثلاثة رابعهم كلبهم ويقولون خمسة سادسهم كلبهم رجما بالغيب ويقولون سبعة وثامنهم كلبهم قل ربي اعلم بعدتهم ما يعلمهم الا قليل فلا تمار فيهم الا مراء ظاهرا ولا تستفت فيهم منهم احدا",
        "ولا تقولن لشيء اني فاعل ذلك غدا",
        "الا ان يشاء الله واذكر ربك اذا نسيت وقل عسى ان يهدين ربي لاقرب من هذا رشدا",
        "ولبثوا في كهفهم ثلاث مائة سنين وازدادوا تسعا",
        "قل الله اعلم بما لبثوا له غيب السماوات والارض ابصر به واسمع ما لهم من دونه من ولي ولا يشرك في حكمه احدا",
        "واتل ما اوحي اليك من كتاب ربك لا مبدل لكلماته ولن تجد من دونه ملتحدا",
        "واصبر نفسك مع الذين يدعون ربهم بالغداة والعشي يريدون وجهه ولا تعد عيناك عنهم تريد زينة الحياة الدنيا ولا تطع من اغفلنا قلبه عن ذكرنا واتبع هواه وكان امره فرطا",
        "وقل الحق من ربكم فمن شاء فليؤمن ومن شاء فليكفر انا اعتدنا للظالمين نارا احاط بهم سرادقها وان يستغيثوا يغاثوا بماء كالمهل يشوي الوجوه بئس الشراب وساءت مرتفقا",
        "ان الذين امنوا وعملوا الصالحات انا لا نضيع اجر من احسن عملا",
        "اولئك لهم جنات عدن تجري من تحتهم الانهار يحلون فيها من اساور من ذهب ويلبسون ثيابا خضرا من سندس واستبرق متكئين فيها على الارائك نعم الثواب وحسنت مرتفقا",
        "واضرب لهم مثلا رجلين جعلنا لاحدهما جنتين من اعناب وحففناهما بنخل وجعلنا بينهما زرعا",
        "كلتا الجنتين اتت اكلها ولم تظلم منه شيئا وفجرنا خلالهما نهرا",
        "وكان له ثمر فقال لصاحبه وهو يحاوره انا اكثر منك مالا واعز نفرا",
        "ودخل جنته وهو ظالم لنفسه قال ما اظن ان تبيد هذه ابدا",
        "وما اظن الساعة قائمة ولئن رددت الى ربي لاجدن خيرا منها منقلبا",
        "قال له صاحبه وهو يحاوره اكفرت بالذي خلقك من تراب ثم من نطفة ثم سواك رجلا",
        "لكنا هو الله ربي ولا اشرك بربي احدا",
        "ولولا اذ دخلت جنتك قلت ما شاء الله لا قوة الا بالله ان ترن انا اقل منك مالا وولدا",
        "فعسى ربي ان يؤتين خيرا من جنتك ويرسل عليها حسبانا من السماء فتصبح صعيدا زلقا",
        "او يصبح ماؤها غورا فلن تستطيع له طلبا",
        "واحيط بثمره فاصبح يقلب كفيه على ما انفق فيها وهي خاوية على عروشها ويقول يا ليتني لم اشرك بربي احدا",
        "ولم تكن له فئة ينصرونه من دون الله وما كان منتصرا",
        "هنالك الولاية لله الحق هو خير ثوابا وخير عقبا",
        "واضرب لهم مثل الحياة الدنيا كماء انزلناه من السماء فاختلط به نبات الارض فاصبح هشيما تذروه الرياح وكان الله على كل شيء مقتدرا",
        "المال والبنون زينة الحياة الدنيا والباقيات الصالحات خير عند ربك ثوابا وخير املا",
        "ويوم نسير الجبال وترى الارض بارزة وحشرناهم فلم نغادر منهم احدا",
        "وعرضوا على ربك صفا لقد جئتمونا كما خلقناكم اول مرة بل زعمتم الن نجعل لكم موعدا",
        "ووضع الكتاب فترى المجرمين مشفقين مما فيه ويقولون يا ويلتنا مال هذا الكتاب لا يغادر صغيرة ولا كبيرة الا احصاها ووجدوا ما عملوا حاضرا ولا يظلم ربك احدا",
        "واذ قلنا للملائكة اسجدوا لادم فسجدوا الا ابليس كان من الجن ففسق عن امر ربه افتتخذونه وذريته اولياء من دوني وهم لكم عدو بئس للظالمين بدلا",
        "ما اشهدتهم خلق السماوات والارض ولا خلق انفسهم وما كنت متخذ المضلين عضدا",
        "ويوم يقول نادوا شركائي الذين زعمتم فدعوهم فلم يستجيبوا لهم وجعلنا بينهم موبقا",
        "وراى المجرمون النار فظنوا انهم مواقعوها ولم يجدوا عنها مصرفا",
        "ولقد صرفنا في هذا القران للناس من كل مثل وكان الانسان اكثر شيء جدلا",
        "وما منع الناس ان يؤمنوا اذ جاءهم الهدى ويستغفروا ربهم الا ان تاتيهم سنة الاولين او ياتيهم العذاب قبلا",
        "وما نرسل المرسلين الا مبشرين ومنذرين ويجادل الذين كفروا بالباطل ليدحضوا به الحق واتخذوا اياتي وما انذروا هزوا",
        "ومن اظلم ممن ذكر بايات ربه فاعرض عنها ونسي ما قدمت يداه انا جعلنا على قلوبهم اكنة ان يفقهوه وفي اذانهم وقرا وان تدعهم الى الهدى فلن يهتدوا اذا ابدا",
        "وربك الغفور ذو الرحمة لو يؤاخذهم بما كسبوا لعجل لهم العذاب بل لهم موعد لن يجدوا من دونه موئلا",
        "وتلك القرى اهلكناهم لما ظلموا وجعلنا لمهلكهم موعدا",
        "واذ قال موسى لفتاه لا ابرح حتى ابلغ مجمع البحرين او امضي حقبا",
        "فلما بلغا مجمع بينهما نسيا حوتهما فاتخذ سبيله في البحر سربا",
        "فلما جاوزا قال لفتاه اتنا غداءنا لقد لقينا من سفرنا هذا نصبا",
        "قال ارايت اذ اوينا الى الصخرة فاني نسيت الحوت وما انسانيه الا الشيطان ان اذكره واتخذ سبيله في البحر عجبا",
        "قال ذلك ما كنا نبغ فارتدا على اثارهما قصصا",
        "فوجدا عبدا من عبادنا اتيناه رحمة من عندنا وعلمناه من لدنا علما",
        "قال له موسى هل اتبعك على ان تعلمن مما علمت رشدا",
        "قال انك لن تستطيع معي صبرا",
        "وكيف تصبر على ما لم تحط به خبرا",
        "قال ستجدني ان شاء الله صابرا ولا اعصي لك امرا",
        "قال فان اتبعتني فلا تسالني عن شيء حتى احدث لك منه ذكرا",
        "فانطلقا حتى اذا ركبا في السفينة خرقها قال اخرقتها لتغرق اهلها لقد جئت شيئا امرا",
        "قال الم اقل انك لن تستطيع معي صبرا",
        "قال لا تؤاخذني بما نسيت ولا ترهقني من امري عسرا",
        "فانطلقا حتى اذا لقيا غلاما فقتله قال اقتلت نفسا زكية بغير نفس لقد جئت شيئا نكرا",
        "قال الم اقل لك انك لن تستطيع معي صبرا",
        "قال ان سالتك عن شيء بعدها فلا تصاحبني قد بلغت من لدني عذرا",
        "فانطلقا حتى اذا اتيا اهل قرية استطعما اهلها فابوا ان يضيفوهما فوجدا فيها جدارا يريد ان ينقض فاقامه قال لو شئت لاتخذت عليه اجرا",
        "قال هذا فراق بيني وبينك سانبئك بتاويل ما لم تستطع عليه صبرا",
        "اما السفينة فكانت لمساكين يعملون في البحر فاردت ان اعيبها وكان وراءهم ملك ياخذ كل سفينة غصبا",
        "واما الغلام فكان ابواه مؤمنين فخشينا ان يرهقهما طغيانا وكفرا",
        "فاردنا ان يبدلهما ربهما خيرا منه زكاة واقرب رحما",
        "واما الجدار فكان لغلامين يتيمين في المدينة وكان تحته كنز لهما وكان ابوهما صالحا فاراد ربك ان يبلغا اشدهما ويستخرجا كنزهما رحمة من ربك وما فعلته عن امري ذلك تاويل ما لم تسطع عليه صبرا",
        "ويسالونك عن ذي القرنين قل ساتلو عليكم منه ذكرا",
        "انا مكنا له في الارض واتيناه من كل شيء سببا",
        "فاتبع سببا",
        "حتى اذا بلغ مغرب الشمس وجدها تغرب في عين حمئة ووجد عندها قوما قلنا يا ذا القرنين اما ان تعذب واما ان تتخذ فيهم حسنا",
        "قال اما من ظلم فسوف نعذبه ثم يرد الى ربه فيعذبه عذابا نكرا",
        "واما من امن وعمل صالحا فله جزاء الحسنى وسنقول له من امرنا يسرا",
        "ثم اتبع سببا",
        "حتى اذا بلغ مطلع الشمس وجدها تطلع على قوم لم نجعل لهم من دونها سترا",
        "كذلك وقد احطنا بما لديه خبرا",
        "ثم اتبع سببا",
        "حتى اذا بلغ بين السدين وجد من دونهما قوما لا يكادون يفقهون قولا",
        "قالوا يا ذا القرنين ان ياجوج وماجوج مفسدون في الارض فهل نجعل لك خرجا على ان تجعل بيننا وبينهم سدا",
        "قال ما مكني فيه ربي خير فاعينوني بقوة اجعل بينكم وبينهم ردما",
        "اتوني زبر الحديد حتى اذا ساوى بين الصدفين قال انفخوا حتى اذا جعله نارا قال اتوني افرغ عليه قطرا",
        "فما اسطاعوا ان يظهروه وما استطاعوا له نقبا",
        "قال هذا رحمة من ربي فاذا جاء وعد ربي جعله دكاء وكان وعد ربي حقا",
        "وتركنا بعضهم يومئذ يموج في بعض ونفخ في الصور فجمعناهم جمعا",
        "وعرضنا جهنم يومئذ للكافرين عرضا",
        "الذين كانت اعينهم في غطاء عن ذكري وكانوا لا يستطيعون سمعا",
        "افحسب الذين كفروا ان يتخذوا عبادي من دوني اولياء انا اعتدنا جهنم للكافرين نزلا",
        "قل هل ننبئكم بالاخسرين اعمالا",
        "الذين ضل سعيهم في الحياة الدنيا وهم يحسبون انهم يحسنون صنعا",
        "اولئك الذين كفروا بايات ربهم ولقائه فحبطت اعمالهم فلا نقيم لهم يوم القيامة وزنا",
        "ذلك جزاؤهم جهنم بما كفروا واتخذوا اياتي ورسلي هزوا",
        "ان الذين امنوا وعملوا الصالحات كانت لهم جنات الفردوس نزلا",
        "خالدين فيها لا يبغون عنها حولا",
        "قل لو كان البحر مدادا لكلمات ربي لنفد البحر قبل ان تنفد كلمات ربي ولو جئنا بمثله مددا",
        "قل انما انا بشر مثلكم يوحى الي انما الهكم اله واحد فمن كان يرجو لقاء ربه فليعمل عملا صالحا ولا يشرك بعبادة ربه احدا"
    ]
}