{
    "surahName": "Taa-Haa",
    "surahNameArabic": "طه",
    "surahNameArabicLong": "سورة طه",
    "surahNameTranslation": "Taa-Haa",
    "revelationPlace": "Mecca",
    "totalAyah": 135,
    "surahNo": 20,
    "english": [
        "Ṭâ-Hâ.",
        "We have not revealed the Quran to you ˹O Prophet˺ to cause you distress",
        "but as a reminder to those in awe ˹of Allah˺.",
        "˹It is˺ a revelation from the One Who created the earth and the high heavens—",
        "the Most Compassionate, ˹Who is˺ established on the Throne.",
        "To Him belongs whatever is in the heavens and whatever is on the earth and whatever is in between and whatever is underground.",
        "Whether you speak openly ˹or not˺, He certainly knows what is secret and what is even more hidden.",
        "Allah—there is no god ˹worthy of worship˺ except Him. He has the Most Beautiful Names.",
        "Has the story of Moses reached you ˹O Prophet˺?",
        "When he saw a fire, he said to his family, “Wait here, ˹for˺ I have spotted a fire. Perhaps I can bring you a torch from it, or find some guidance at the fire.”",
        "But when he approached it, he was called, “O Moses!",
        "It is truly I. I am your Lord! So take off your sandals, for you are in the sacred valley of Ṭuwa.",
        "I have chosen you, so listen to what is revealed:",
        "‘It is truly I. I am Allah! There is no god ˹worthy of worship˺ except Me. So worship Me ˹alone˺, and establish prayer for My remembrance.",
        "The Hour is sure to come. My Will is to keep it hidden, so that every soul may be rewarded according to their efforts.",
        "So do not let those who disbelieve in it and follow their desires distract you from it, or you will be doomed.’”",
        "˹Allah added,˺ “And what is that in your right hand, O  Moses?”",
        "He replied, “It is my staff! I lean on it, and with it I beat down ˹branches˺ for my sheep, and have other uses for it.”",
        "Allah said, “Throw it down, O  Moses!”",
        "So he did, then—behold!—it became a serpent, slithering.",
        "Allah said, “Take it, and have no fear. We will return it to its former state.",
        "And put your hand under your armpit, it will come out ˹shining˺ white, unblemished, as another sign",
        "so that We may show you some of Our greatest signs.",
        "Go to Pharaoh, for he has truly transgressed ˹all bounds˺.”",
        "Moses prayed, “My Lord! Uplift my heart for me",
        "and make my task easy",
        "and remove the impediment from my tongue",
        "so people may understand my speech",
        "and grant me a helper from my family",
        "Aaron, my brother.",
        "Strengthen me through him",
        "and let him share my task",
        "so that we may glorify You much",
        "and remember You much",
        "for truly You have ˹always˺ been overseeing us.”",
        "Allah responded, “All that you requested has been granted, O  Moses!",
        "And surely We had shown You favour before",
        "when We inspired your mother with this:",
        "‘Put him into a chest, then put it into the river. The river will wash it ashore, and he will be taken by ˹Pharaoh,˺ an enemy of Mine and his.’ And I blessed you with lovability from Me ˹O Moses˺ so that you would be brought up under My ˹watchful˺ Eye.",
        "˹Remember˺ when your sister came along and proposed, ‘Shall I direct you to someone who will nurse him?’ So We reunited you with your mother so that her heart would be put at ease, and she would not grieve. ˹Later˺ you killed a man ˹by mistake˺, but We saved you from sorrow, as well as other tests We put you through. Then you stayed for a number of years among the people of Midian. Then you came here as pre-destined, O  Moses!",
        "And I have selected you for My service.",
        "Go forth, you and your brother, with My signs and never falter in remembering Me.",
        "Go, both of you, to Pharaoh, for he has truly transgressed ˹all bounds˺.",
        "Speak to him gently, so perhaps he may be mindful ˹of Me˺ or fearful ˹of My punishment˺.”",
        "They both pleaded, “Our Lord! We fear that he may be quick to harm us or act tyrannically.”",
        "Allah reassured ˹them˺, “Have no fear! I am with you, hearing and seeing.",
        "So go to him and say, ‘Indeed we are both messengers from your Lord, so let the Children of Israel go with us, and do not oppress them. We have come to you with a sign from your Lord. And salvation will be for whoever follows the ˹right˺ guidance.",
        "It has indeed been revealed to us that the punishment will be upon whoever denies ˹the truth˺ and turns away.’”",
        "Pharaoh asked, “Who then is the Lord of you two, O  Moses?”",
        "He answered, “Our Lord is the One Who has given everything its ˹distinctive˺ form, then guided ˹it˺.”",
        "Pharaoh asked, “And what about previous peoples?”",
        "He replied, “That knowledge is with my Lord in a Record. My Lord neither falters nor forgets ˹anything˺.”",
        "˹He is the One˺ Who has laid out the earth for ˹all of˺ you, and set in it pathways for you, and sends down rain from the sky, causing various types of plants to grow",
        "˹so˺ eat and graze your cattle. Surely in this are signs for people of sound judgment.",
        "From the earth We created you, and into it We will return you, and from it We will bring you back again.",
        "And We certainly showed Pharaoh all of Our signs, but he denied them and refused ˹to believe˺.",
        "He said, “Have you come to drive us out of our land with your magic, O  Moses?",
        "We can surely meet you with similar magic. So set for us an appointment that neither of us will fail to keep, in a central place.”",
        "Moses said, “Your appointment is on the Day of the Festival, and let the people be gathered mid-morning.”",
        "Pharaoh then withdrew, orchestrated his scheme, then returned.",
        "Moses warned the magicians, “Woe to you! Do not fabricate a lie against Allah, or He will wipe you out with a torment. Whoever fabricates ˹lies˺ is bound to fail.”",
        "So the magicians disputed the matter among themselves, conversing privately.",
        "They concluded, “These two are only magicians who want to drive you out of your land with their magic, and do away with your most cherished traditions.",
        "So orchestrate your plan, then come forward in ˹perfect˺ ranks. And whoever prevails today will certainly be successful.”",
        "They said, “O Moses! Either you cast, or let us be the first to cast.”",
        "Moses responded, “No, you go first.” And suddenly their ropes and staffs appeared to him—by their magic—to be slithering.",
        "So Moses concealed fear within himself.",
        "We reassured ˹him˺, “Do not fear! It is certainly you who will prevail.",
        "Cast what is in your right hand, and it will swallow up what they have made, for what they have made is no more than a magic trick. And magicians can never succeed wherever they go.”",
        "So the magicians fell down in prostration, declaring, “We believe in the Lord of Aaron and Moses.”",
        "Pharaoh threatened, “How dare you believe in him before I give you permission? He must be your master who taught you magic. I will certainly cut off your hands and feet on opposite sides, and crucify you on the trunks of palm trees. You will really see whose punishment is more severe and more lasting.”",
        "They responded, “By the One Who created us! We will never prefer you over the clear proofs that have come to us. So do whatever you want! Your authority only covers the ˹fleeting˺ life of this world.",
        "Indeed, we have believed in our Lord so He may forgive our sins and that magic you have forced us to practice. And Allah is far superior ˹in reward˺ and more lasting ˹in punishment˺.”",
        "Whoever comes to their Lord as an evildoer will certainly have Hell, where they can neither live nor die.",
        "But whoever comes to Him as a believer, having done good, they will have the highest ranks:",
        "the Gardens of Eternity, under which rivers flow, where they will stay forever. That is the reward of those who purify themselves.",
        "And We surely inspired Moses, ˹saying,˺ “Leave with My servants ˹at night˺ and strike a dry passage for them across the sea. Have no fear of being overtaken, nor be concerned ˹of drowning˺.”",
        "Then Pharaoh pursued them with his soldiers—but how overwhelming were the waters that submerged them!",
        "And ˹so˺ Pharaoh led his people astray, and did not guide ˹them rightly˺.",
        "O Children of Israel! We saved you from your enemy, and made an appointment with you on the right side of Mount Ṭûr, and sent down to you manna and quails",
        "˹saying,˺ “Eat from the good things We have provided for you, but do not transgress in them, or My wrath will befall you. And whoever My wrath befalls is certainly doomed.",
        "But I am truly Most Forgiving to whoever repents, believes, and does good, then persists on ˹true˺ guidance.”",
        "˹Allah asked,˺ “Why have you come with such haste ahead of your people, O  Moses?”",
        "He replied, “They are close on my tracks. And I have hastened to You, my Lord, so You will be pleased.”",
        "Allah responded, “We have indeed tested your people in your absence, and the Sâmiri has led them astray.”",
        "So Moses returned to his people, furious and sorrowful. He said, “O my people! Had your Lord not made you a good promise? Has my absence been too long for you? Or have you wished for wrath from your Lord to befall you, so you broke your promise to me?”",
        "They argued, “We did not break our promise to you of our own free will, but we were made to carry the burden of the people’s ˹golden˺ jewellery, then we threw it ˹into the fire˺, and so did the Sâmiri.”",
        "Then he moulded for them an idol of a calf that made a lowing sound. They said, “This is your god and the god of Moses, but Moses forgot ˹where it was˺!”",
        "Did they not see that it did not respond to them, nor could it protect or benefit them?",
        "Aaron had already warned them beforehand, “O my people! You are only being tested by this, for indeed your ˹one true˺ Lord is the Most Compassionate. So follow me and obey my orders.”",
        "They replied, “We will not cease to worship it until Moses returns to us.”",
        "Moses scolded ˹his brother˺, “O Aaron! What prevented you, when you saw them going astray",
        "from following after me? How could you disobey my orders?”",
        "Aaron pleaded, “O son of my mother! Do not seize me by my beard or ˹the hair of˺ my head. I really feared that you would say, ‘You have caused division among the Children of Israel, and did not observe my word.’”",
        "Moses then asked, “What did you think you were doing, O  Sâmiri?”",
        "He said, “I saw what they did not see, so I took a handful ˹of dust˺ from the hoof-prints of ˹the horse of˺ the messenger-angel ˹Gabriel˺ then cast it ˹on the moulded calf˺. This is what my lower-self tempted me into.”",
        "Moses said, “Go away then! And for ˹the rest of your˺ life you will surely be crying, ‘Do not touch ˹me˺!’ Then you will certainly have a fate that you cannot escape. Now look at your god to which you have been devoted: we will burn it up, then scatter it in the sea completely.”",
        "˹Then Moses addressed his people,˺ “Your only god is Allah, there is no god ˹worthy of worship˺ except Him. He encompasses everything in ˹His˺ knowledge.”",
        "This is how We relate to you ˹O Prophet˺ some of the stories of the past. And We have certainly granted you a Reminder from Us.",
        "Whoever turns away from it will surely bear the burden ˹of sin˺ on the Day of Judgment",
        "suffering its consequences forever. What an evil burden they will carry on Judgment Day!",
        "˹Beware of˺ the Day the Trumpet will be blown, and We will gather the wicked on that Day blue-faced ˹from horror and thirst˺.",
        "They will whisper among themselves, “You stayed no more than ten days ˹on the earth˺.”",
        "We know best what they will say—the most reasonable of them will say, “You stayed no more than a day.”",
        "And ˹if˺ they ask you ˹O Prophet˺ about the mountains, ˹then˺ say, “My Lord will wipe them out completely",
        "leaving the earth level and bare",
        "with neither depressions nor elevations to be seen.”",
        "On that Day all will follow the caller ˹for assembly˺, ˹and˺ none will dare to deviate. All voices will be hushed before the Most Compassionate. Only whispers will be heard.",
        "On that Day no intercession will be of any benefit, except by those granted permission by the Most Compassionate and whose words are agreeable to Him.",
        "He ˹fully˺ knows what is ahead of them and what is behind them, but they cannot encompass Him in ˹their˺ knowledge.",
        "And all faces will be humbled before the Ever-Living, All-Sustaining. And those burdened with wrongdoing will be in loss.",
        "But whoever does good and is a believer will have no fear of being wronged or denied ˹their reward˺.",
        "And so We have sent it down as an Arabic Quran and varied the warnings in it, so perhaps they will shun evil or it may cause them to be mindful.",
        "Exalted is Allah, the True King! Do not rush to recite ˹a revelation of˺ the Quran ˹O Prophet˺ before it is ˹properly˺ conveyed to you, and pray, “My Lord! Increase me in knowledge.”",
        "And indeed, We once made a covenant with Adam, but he forgot, and ˹so˺ We did not find determination in him.",
        "And ˹remember˺ when We said to the angels, “Prostrate before Adam,” so they all did—but not Iblîs, who refused ˹arrogantly˺.",
        "So We cautioned, “O Adam! This is surely an enemy to you and to your wife. So do not let him drive you both out of Paradise, for you ˹O Adam˺ would then suffer ˹hardship˺.",
        "Here it is guaranteed that you will never go hungry or unclothed",
        "nor will you ˹ever˺ suffer from thirst or ˹the sun’s˺ heat.”",
        "But Satan whispered to him, saying, “O Adam! Shall I show you the Tree of Immortality and a kingdom that does not fade away?”",
        "So they both ate from the tree and then their nakedness was exposed to them, prompting them to cover themselves with leaves from Paradise. So Adam disobeyed his Lord, and ˹so˺ lost his way.",
        "Then his Lord chose him ˹for His grace˺, accepted his repentance, and guided him ˹rightly˺.",
        "Allah said, “Descend, both of you, from here together ˹with Satan˺ as enemies to each other. Then when guidance comes to you from Me, whoever follows My guidance will neither go astray ˹in this life˺ nor suffer ˹in the next˺.",
        "But whoever turns away from My Reminder will certainly have a miserable life, then We will raise them up blind on the Day of Judgment.”",
        "They will cry, “My Lord! Why have you raised me up blind, although I used to see?”",
        "Allah will respond, “It is so, just as Our revelations came to you and you neglected them, so Today you are neglected.”",
        "This is how We reward whoever transgresses and does not believe in the revelations of their Lord. And the punishment of the Hereafter is far more severe and more lasting.",
        "Is it not yet clear to them how many peoples We destroyed before them, whose ruins they still pass by? Surely in this are signs for people of sound judgment.",
        "Had it not been for a prior decree from your Lord ˹O Prophet˺ and a term already set, their ˹instant˺ doom would have been inevitable.",
        "So be patient ˹O Prophet˺ with what they say. And glorify the praises of your Lord before sunrise and before sunset, and glorify Him in the hours of the night and at both ends of the day, so that you may be pleased ˹with the reward˺.",
        "Do not let your eyes crave what We have allowed some of the disbelievers to enjoy; the ˹fleeting˺ splendour of this worldly life, which We test them with. But your Lord’s provision ˹in the Hereafter˺ is far better and more lasting.",
        "Bid your people to pray, and be diligent in ˹observing˺ it. We do not ask you to provide. It is We Who provide for you. And the ultimate outcome is ˹only˺ for ˹the people of˺ righteousness.",
        "They demand, “If only he could bring us a sign from his Lord!” Have they not ˹already˺ received a confirmation of what is in earlier Scriptures?",
        "Had We destroyed them with a torment before this ˹Prophet came˺, they would have surely argued, “Our Lord! If only You had sent us a messenger, we would have followed Your revelations before being humiliated and put to shame.”",
        "Say ˹to them, O  Prophet˺, “Each ˹of us˺ is waiting, so keep waiting! You will soon know who is on the Straight Path and is ˹rightly˺ guided.”"
    ],
    "arabic1": [
        " طه",
        "مَآ أَنزَلْنَا عَلَيْكَ ٱلْقُرْءَانَ لِتَشْقَىٰٓ",
        "إِلَّا تَذْكِرَةً لِّمَن يَخْشَىٰ",
        "تَنزِيلًا مِّمَّنْ خَلَقَ ٱلْأَرْضَ وَٱلسَّمَـٰوَٰتِ ٱلْعُلَى",
        "ٱلرَّحْمَـٰنُ عَلَى ٱلْعَرْشِ ٱسْتَوَىٰ",
        "لَهُۥ مَا فِى ٱلسَّمَـٰوَٰتِ وَمَا فِى ٱلْأَرْضِ وَمَا بَيْنَهُمَا وَمَا تَحْتَ ٱلثَّرَىٰ",
        "وَإِن تَجْهَرْ بِٱلْقَوْلِ فَإِنَّهُۥ يَعْلَمُ ٱلسِّرَّ وَأَخْفَى",
        "ٱللَّهُ لَآ إِلَـٰهَ إِلَّا هُوَ ۖ لَهُ ٱلْأَسْمَآءُ ٱلْحُسْنَىٰ",
        "وَهَلْ أَتَىٰكَ حَدِيثُ مُوسَىٰٓ",
        "إِذْ رَءَا نَارًا فَقَالَ لِأَهْلِهِ ٱمْكُثُوٓا۟ إِنِّىٓ ءَانَسْتُ نَارًا لَّعَلِّىٓ ءَاتِيكُم مِّنْهَا بِقَبَسٍ أَوْ أَجِدُ عَلَى ٱلنَّارِ هُدًى",
        "فَلَمَّآ أَتَىٰهَا نُودِىَ يَـٰمُوسَىٰٓ",
        "إِنِّىٓ أَنَا۠ رَبُّكَ فَٱخْلَعْ نَعْلَيْكَ ۖ إِنَّكَ بِٱلْوَادِ ٱلْمُقَدَّسِ طُوًى",
        "وَأَنَا ٱخْتَرْتُكَ فَٱسْتَمِعْ لِمَا يُوحَىٰٓ",
        "إِنَّنِىٓ أَنَا ٱللَّهُ لَآ إِلَـٰهَ إِلَّآ أَنَا۠ فَٱعْبُدْنِى وَأَقِمِ ٱلصَّلَوٰةَ لِذِكْرِىٓ",
        "إِنَّ ٱلسَّاعَةَ ءَاتِيَةٌ أَكَادُ أُخْفِيهَا لِتُجْزَىٰ كُلُّ نَفْسٍۭ بِمَا تَسْعَىٰ",
        "فَلَا يَصُدَّنَّكَ عَنْهَا مَن لَّا يُؤْمِنُ بِهَا وَٱتَّبَعَ هَوَىٰهُ فَتَرْدَىٰ",
        "وَمَا تِلْكَ بِيَمِينِكَ يَـٰمُوسَىٰ",
        "قَالَ هِىَ عَصَاىَ أَتَوَكَّؤُا۟ عَلَيْهَا وَأَهُشُّ بِهَا عَلَىٰ غَنَمِى وَلِىَ فِيهَا مَـَٔارِبُ أُخْرَىٰ",
        "قَالَ أَلْقِهَا يَـٰمُوسَىٰ",
        "فَأَلْقَىٰهَا فَإِذَا هِىَ حَيَّةٌ تَسْعَىٰ",
        "قَالَ خُذْهَا وَلَا تَخَفْ ۖ سَنُعِيدُهَا سِيرَتَهَا ٱلْأُولَىٰ",
        "وَٱضْمُمْ يَدَكَ إِلَىٰ جَنَاحِكَ تَخْرُجْ بَيْضَآءَ مِنْ غَيْرِ سُوٓءٍ ءَايَةً أُخْرَىٰ",
        "لِنُرِيَكَ مِنْ ءَايَـٰتِنَا ٱلْكُبْرَى",
        "ٱذْهَبْ إِلَىٰ فِرْعَوْنَ إِنَّهُۥ طَغَىٰ",
        "قَالَ رَبِّ ٱشْرَحْ لِى صَدْرِى",
        "وَيَسِّرْ لِىٓ أَمْرِى",
        "وَٱحْلُلْ عُقْدَةً مِّن لِّسَانِى",
        "يَفْقَهُوا۟ قَوْلِى",
        "وَٱجْعَل لِّى وَزِيرًا مِّنْ أَهْلِى",
        "هَـٰرُونَ أَخِى",
        "ٱشْدُدْ بِهِۦٓ أَزْرِى",
        "وَأَشْرِكْهُ فِىٓ أَمْرِى",
        "كَىْ نُسَبِّحَكَ كَثِيرًا",
        "وَنَذْكُرَكَ كَثِيرًا",
        "إِنَّكَ كُنتَ بِنَا بَصِيرًا",
        "قَالَ قَدْ أُوتِيتَ سُؤْلَكَ يَـٰمُوسَىٰ",
        "وَلَقَدْ مَنَنَّا عَلَيْكَ مَرَّةً أُخْرَىٰٓ",
        "إِذْ أَوْحَيْنَآ إِلَىٰٓ أُمِّكَ مَا يُوحَىٰٓ",
        "أَنِ ٱقْذِفِيهِ فِى ٱلتَّابُوتِ فَٱقْذِفِيهِ فِى ٱلْيَمِّ فَلْيُلْقِهِ ٱلْيَمُّ بِٱلسَّاحِلِ يَأْخُذْهُ عَدُوٌّ لِّى وَعَدُوٌّ لَّهُۥ ۚ وَأَلْقَيْتُ عَلَيْكَ مَحَبَّةً مِّنِّى وَلِتُصْنَعَ عَلَىٰ عَيْنِىٓ",
        "إِذْ تَمْشِىٓ أُخْتُكَ فَتَقُولُ هَلْ أَدُلُّكُمْ عَلَىٰ مَن يَكْفُلُهُۥ ۖ فَرَجَعْنَـٰكَ إِلَىٰٓ أُمِّكَ كَىْ تَقَرَّ عَيْنُهَا وَلَا تَحْزَنَ ۚ وَقَتَلْتَ نَفْسًا فَنَجَّيْنَـٰكَ مِنَ ٱلْغَمِّ وَفَتَنَّـٰكَ فُتُونًا ۚ فَلَبِثْتَ سِنِينَ فِىٓ أَهْلِ مَدْيَنَ ثُمَّ جِئْتَ عَلَىٰ قَدَرٍ يَـٰمُوسَىٰ",
        "وَٱصْطَنَعْتُكَ لِنَفْسِى",
        "ٱذْهَبْ أَنتَ وَأَخُوكَ بِـَٔايَـٰتِى وَلَا تَنِيَا فِى ذِكْرِى",
        "ٱذْهَبَآ إِلَىٰ فِرْعَوْنَ إِنَّهُۥ طَغَىٰ",
        "فَقُولَا لَهُۥ قَوْلًا لَّيِّنًا لَّعَلَّهُۥ يَتَذَكَّرُ أَوْ يَخْشَىٰ",
        "قَالَا رَبَّنَآ إِنَّنَا نَخَافُ أَن يَفْرُطَ عَلَيْنَآ أَوْ أَن يَطْغَىٰ",
        "قَالَ لَا تَخَافَآ ۖ إِنَّنِى مَعَكُمَآ أَسْمَعُ وَأَرَىٰ",
        "فَأْتِيَاهُ فَقُولَآ إِنَّا رَسُولَا رَبِّكَ فَأَرْسِلْ مَعَنَا بَنِىٓ إِسْرَٰٓءِيلَ وَلَا تُعَذِّبْهُمْ ۖ قَدْ جِئْنَـٰكَ بِـَٔايَةٍ مِّن رَّبِّكَ ۖ وَٱلسَّلَـٰمُ عَلَىٰ مَنِ ٱتَّبَعَ ٱلْهُدَىٰٓ",
        "إِنَّا قَدْ أُوحِىَ إِلَيْنَآ أَنَّ ٱلْعَذَابَ عَلَىٰ مَن كَذَّبَ وَتَوَلَّىٰ",
        "قَالَ فَمَن رَّبُّكُمَا يَـٰمُوسَىٰ",
        "قَالَ رَبُّنَا ٱلَّذِىٓ أَعْطَىٰ كُلَّ شَىْءٍ خَلْقَهُۥ ثُمَّ هَدَىٰ",
        "قَالَ فَمَا بَالُ ٱلْقُرُونِ ٱلْأُولَىٰ",
        "قَالَ عِلْمُهَا عِندَ رَبِّى فِى كِتَـٰبٍ ۖ لَّا يَضِلُّ رَبِّى وَلَا يَنسَى",
        "ٱلَّذِى جَعَلَ لَكُمُ ٱلْأَرْضَ مَهْدًا وَسَلَكَ لَكُمْ فِيهَا سُبُلًا وَأَنزَلَ مِنَ ٱلسَّمَآءِ مَآءً فَأَخْرَجْنَا بِهِۦٓ أَزْوَٰجًا مِّن نَّبَاتٍ شَتَّىٰ",
        "كُلُوا۟ وَٱرْعَوْا۟ أَنْعَـٰمَكُمْ ۗ إِنَّ فِى ذَٰلِكَ لَـَٔايَـٰتٍ لِّأُو۟لِى ٱلنُّهَىٰ",
        "۞ مِنْهَا خَلَقْنَـٰكُمْ وَفِيهَا نُعِيدُكُمْ وَمِنْهَا نُخْرِجُكُمْ تَارَةً أُخْرَىٰ",
        "وَلَقَدْ أَرَيْنَـٰهُ ءَايَـٰتِنَا كُلَّهَا فَكَذَّبَ وَأَبَىٰ",
        "قَالَ أَجِئْتَنَا لِتُخْرِجَنَا مِنْ أَرْضِنَا بِسِحْرِكَ يَـٰمُوسَىٰ",
        "فَلَنَأْتِيَنَّكَ بِسِحْرٍ مِّثْلِهِۦ فَٱجْعَلْ بَيْنَنَا وَبَيْنَكَ مَوْعِدًا لَّا نُخْلِفُهُۥ نَحْنُ وَلَآ أَنتَ مَكَانًا سُوًى",
        "قَالَ مَوْعِدُكُمْ يَوْمُ ٱلزِّينَةِ وَأَن يُحْشَرَ ٱلنَّاسُ ضُحًى",
        "فَتَوَلَّىٰ فِرْعَوْنُ فَجَمَعَ كَيْدَهُۥ ثُمَّ أَتَىٰ",
        "قَالَ لَهُم مُّوسَىٰ وَيْلَكُمْ لَا تَفْتَرُوا۟ عَلَى ٱللَّهِ كَذِبًا فَيُسْحِتَكُم بِعَذَابٍ ۖ وَقَدْ خَابَ مَنِ ٱفْتَرَىٰ",
        "فَتَنَـٰزَعُوٓا۟ أَمْرَهُم بَيْنَهُمْ وَأَسَرُّوا۟ ٱلنَّجْوَىٰ",
        "قَالُوٓا۟ إِنْ هَـٰذَٰنِ لَسَـٰحِرَٰنِ يُرِيدَانِ أَن يُخْرِجَاكُم مِّنْ أَرْضِكُم بِسِحْرِهِمَا وَيَذْهَبَا بِطَرِيقَتِكُمُ ٱلْمُثْلَىٰ",
        "فَأَجْمِعُوا۟ كَيْدَكُمْ ثُمَّ ٱئْتُوا۟ صَفًّا ۚ وَقَدْ أَفْلَحَ ٱلْيَوْمَ مَنِ ٱسْتَعْلَىٰ",
        "قَالُوا۟ يَـٰمُوسَىٰٓ إِمَّآ أَن تُلْقِىَ وَإِمَّآ أَن نَّكُونَ أَوَّلَ مَنْ أَلْقَىٰ",
        "قَالَ بَلْ أَلْقُوا۟ ۖ فَإِذَا حِبَالُهُمْ وَعِصِيُّهُمْ يُخَيَّلُ إِلَيْهِ مِن سِحْرِهِمْ أَنَّهَا تَسْعَىٰ",
        "فَأَوْجَسَ فِى نَفْسِهِۦ خِيفَةً مُّوسَىٰ",
        "قُلْنَا لَا تَخَفْ إِنَّكَ أَنتَ ٱلْأَعْلَىٰ",
        "وَأَلْقِ مَا فِى يَمِينِكَ تَلْقَفْ مَا صَنَعُوٓا۟ ۖ إِنَّمَا صَنَعُوا۟ كَيْدُ سَـٰحِرٍ ۖ وَلَا يُفْلِحُ ٱلسَّاحِرُ حَيْثُ أَتَىٰ",
        "فَأُلْقِىَ ٱلسَّحَرَةُ سُجَّدًا قَالُوٓا۟ ءَامَنَّا بِرَبِّ هَـٰرُونَ وَمُوسَىٰ",
        "قَالَ ءَامَنتُمْ لَهُۥ قَبْلَ أَنْ ءَاذَنَ لَكُمْ ۖ إِنَّهُۥ لَكَبِيرُكُمُ ٱلَّذِى عَلَّمَكُمُ ٱلسِّحْرَ ۖ فَلَأُقَطِّعَنَّ أَيْدِيَكُمْ وَأَرْجُلَكُم مِّنْ خِلَـٰفٍ وَلَأُصَلِّبَنَّكُمْ فِى جُذُوعِ ٱلنَّخْلِ وَلَتَعْلَمُنَّ أَيُّنَآ أَشَدُّ عَذَابًا وَأَبْقَىٰ",
        "قَالُوا۟ لَن نُّؤْثِرَكَ عَلَىٰ مَا جَآءَنَا مِنَ ٱلْبَيِّنَـٰتِ وَٱلَّذِى فَطَرَنَا ۖ فَٱقْضِ مَآ أَنتَ قَاضٍ ۖ إِنَّمَا تَقْضِى هَـٰذِهِ ٱلْحَيَوٰةَ ٱلدُّنْيَآ",
        "إِنَّآ ءَامَنَّا بِرَبِّنَا لِيَغْفِرَ لَنَا خَطَـٰيَـٰنَا وَمَآ أَكْرَهْتَنَا عَلَيْهِ مِنَ ٱلسِّحْرِ ۗ وَٱللَّهُ خَيْرٌ وَأَبْقَىٰٓ",
        "إِنَّهُۥ مَن يَأْتِ رَبَّهُۥ مُجْرِمًا فَإِنَّ لَهُۥ جَهَنَّمَ لَا يَمُوتُ فِيهَا وَلَا يَحْيَىٰ",
        "وَمَن يَأْتِهِۦ مُؤْمِنًا قَدْ عَمِلَ ٱلصَّـٰلِحَـٰتِ فَأُو۟لَـٰٓئِكَ لَهُمُ ٱلدَّرَجَـٰتُ ٱلْعُلَىٰ",
        "جَنَّـٰتُ عَدْنٍ تَجْرِى مِن تَحْتِهَا ٱلْأَنْهَـٰرُ خَـٰلِدِينَ فِيهَا ۚ وَذَٰلِكَ جَزَآءُ مَن تَزَكَّىٰ",
        "وَلَقَدْ أَوْحَيْنَآ إِلَىٰ مُوسَىٰٓ أَنْ أَسْرِ بِعِبَادِى فَٱضْرِبْ لَهُمْ طَرِيقًا فِى ٱلْبَحْرِ يَبَسًا لَّا تَخَـٰفُ دَرَكًا وَلَا تَخْشَىٰ",
        "فَأَتْبَعَهُمْ فِرْعَوْنُ بِجُنُودِهِۦ فَغَشِيَهُم مِّنَ ٱلْيَمِّ مَا غَشِيَهُمْ",
        "وَأَضَلَّ فِرْعَوْنُ قَوْمَهُۥ وَمَا هَدَىٰ",
        "يَـٰبَنِىٓ إِسْرَٰٓءِيلَ قَدْ أَنجَيْنَـٰكُم مِّنْ عَدُوِّكُمْ وَوَٰعَدْنَـٰكُمْ جَانِبَ ٱلطُّورِ ٱلْأَيْمَنَ وَنَزَّلْنَا عَلَيْكُمُ ٱلْمَنَّ وَٱلسَّلْوَىٰ",
        "كُلُوا۟ مِن طَيِّبَـٰتِ مَا رَزَقْنَـٰكُمْ وَلَا تَطْغَوْا۟ فِيهِ فَيَحِلَّ عَلَيْكُمْ غَضَبِى ۖ وَمَن يَحْلِلْ عَلَيْهِ غَضَبِى فَقَدْ هَوَىٰ",
        "وَإِنِّى لَغَفَّارٌ لِّمَن تَابَ وَءَامَنَ وَعَمِلَ صَـٰلِحًا ثُمَّ ٱهْتَدَىٰ",
        "۞ وَمَآ أَعْجَلَكَ عَن قَوْمِكَ يَـٰمُوسَىٰ",
        "قَالَ هُمْ أُو۟لَآءِ عَلَىٰٓ أَثَرِى وَعَجِلْتُ إِلَيْكَ رَبِّ لِتَرْضَىٰ",
        "قَالَ فَإِنَّا قَدْ فَتَنَّا قَوْمَكَ مِنۢ بَعْدِكَ وَأَضَلَّهُمُ ٱلسَّامِرِىُّ",
        "فَرَجَعَ مُوسَىٰٓ إِلَىٰ قَوْمِهِۦ غَضْبَـٰنَ أَسِفًا ۚ قَالَ يَـٰقَوْمِ أَلَمْ يَعِدْكُمْ رَبُّكُمْ وَعْدًا حَسَنًا ۚ أَفَطَالَ عَلَيْكُمُ ٱلْعَهْدُ أَمْ أَرَدتُّمْ أَن يَحِلَّ عَلَيْكُمْ غَضَبٌ مِّن رَّبِّكُمْ فَأَخْلَفْتُم مَّوْعِدِى",
        "قَالُوا۟ مَآ أَخْلَفْنَا مَوْعِدَكَ بِمَلْكِنَا وَلَـٰكِنَّا حُمِّلْنَآ أَوْزَارًا مِّن زِينَةِ ٱلْقَوْمِ فَقَذَفْنَـٰهَا فَكَذَٰلِكَ أَلْقَى ٱلسَّامِرِىُّ",
        "فَأَخْرَجَ لَهُمْ عِجْلًا جَسَدًا لَّهُۥ خُوَارٌ فَقَالُوا۟ هَـٰذَآ إِلَـٰهُكُمْ وَإِلَـٰهُ مُوسَىٰ فَنَسِىَ",
        "أَفَلَا يَرَوْنَ أَلَّا يَرْجِعُ إِلَيْهِمْ قَوْلًا وَلَا يَمْلِكُ لَهُمْ ضَرًّا وَلَا نَفْعًا",
        "وَلَقَدْ قَالَ لَهُمْ هَـٰرُونُ مِن قَبْلُ يَـٰقَوْمِ إِنَّمَا فُتِنتُم بِهِۦ ۖ وَإِنَّ رَبَّكُمُ ٱلرَّحْمَـٰنُ فَٱتَّبِعُونِى وَأَطِيعُوٓا۟ أَمْرِى",
        "قَالُوا۟ لَن نَّبْرَحَ عَلَيْهِ عَـٰكِفِينَ حَتَّىٰ يَرْجِعَ إِلَيْنَا مُوسَىٰ",
        "قَالَ يَـٰهَـٰرُونُ مَا مَنَعَكَ إِذْ رَأَيْتَهُمْ ضَلُّوٓا۟",
        "أَلَّا تَتَّبِعَنِ ۖ أَفَعَصَيْتَ أَمْرِى",
        "قَالَ يَبْنَؤُمَّ لَا تَأْخُذْ بِلِحْيَتِى وَلَا بِرَأْسِىٓ ۖ إِنِّى خَشِيتُ أَن تَقُولَ فَرَّقْتَ بَيْنَ بَنِىٓ إِسْرَٰٓءِيلَ وَلَمْ تَرْقُبْ قَوْلِى",
        "قَالَ فَمَا خَطْبُكَ يَـٰسَـٰمِرِىُّ",
        "قَالَ بَصُرْتُ بِمَا لَمْ يَبْصُرُوا۟ بِهِۦ فَقَبَضْتُ قَبْضَةً مِّنْ أَثَرِ ٱلرَّسُولِ فَنَبَذْتُهَا وَكَذَٰلِكَ سَوَّلَتْ لِى نَفْسِى",
        "قَالَ فَٱذْهَبْ فَإِنَّ لَكَ فِى ٱلْحَيَوٰةِ أَن تَقُولَ لَا مِسَاسَ ۖ وَإِنَّ لَكَ مَوْعِدًا لَّن تُخْلَفَهُۥ ۖ وَٱنظُرْ إِلَىٰٓ إِلَـٰهِكَ ٱلَّذِى ظَلْتَ عَلَيْهِ عَاكِفًا ۖ لَّنُحَرِّقَنَّهُۥ ثُمَّ لَنَنسِفَنَّهُۥ فِى ٱلْيَمِّ نَسْفًا",
        "إِنَّمَآ إِلَـٰهُكُمُ ٱللَّهُ ٱلَّذِى لَآ إِلَـٰهَ إِلَّا هُوَ ۚ وَسِعَ كُلَّ شَىْءٍ عِلْمًا",
        "كَذَٰلِكَ نَقُصُّ عَلَيْكَ مِنْ أَنۢبَآءِ مَا قَدْ سَبَقَ ۚ وَقَدْ ءَاتَيْنَـٰكَ مِن لَّدُنَّا ذِكْرًا",
        "مَّنْ أَعْرَضَ عَنْهُ فَإِنَّهُۥ يَحْمِلُ يَوْمَ ٱلْقِيَـٰمَةِ وِزْرًا",
        "خَـٰلِدِينَ فِيهِ ۖ وَسَآءَ لَهُمْ يَوْمَ ٱلْقِيَـٰمَةِ حِمْلًا",
        "يَوْمَ يُنفَخُ فِى ٱلصُّورِ ۚ وَنَحْشُرُ ٱلْمُجْرِمِينَ يَوْمَئِذٍ زُرْقًا",
        "يَتَخَـٰفَتُونَ بَيْنَهُمْ إِن لَّبِثْتُمْ إِلَّا عَشْرًا",
        "نَّحْنُ أَعْلَمُ بِمَا يَقُولُونَ إِذْ يَقُولُ أَمْثَلُهُمْ طَرِيقَةً إِن لَّبِثْتُمْ إِلَّا يَوْمًا",
        "وَيَسْـَٔلُونَكَ عَنِ ٱلْجِبَالِ فَقُلْ يَنسِفُهَا رَبِّى نَسْفًا",
        "فَيَذَرُهَا قَاعًا صَفْصَفًا",
        "لَّا تَرَىٰ فِيهَا عِوَجًا وَلَآ أَمْتًا",
        "يَوْمَئِذٍ يَتَّبِعُونَ ٱلدَّاعِىَ لَا عِوَجَ لَهُۥ ۖ وَخَشَعَتِ ٱلْأَصْوَاتُ لِلرَّحْمَـٰنِ فَلَا تَسْمَعُ إِلَّا هَمْسًا",
        "يَوْمَئِذٍ لَّا تَنفَعُ ٱلشَّفَـٰعَةُ إِلَّا مَنْ أَذِنَ لَهُ ٱلرَّحْمَـٰنُ وَرَضِىَ لَهُۥ قَوْلًا",
        "يَعْلَمُ مَا بَيْنَ أَيْدِيهِمْ وَمَا خَلْفَهُمْ وَلَا يُحِيطُونَ بِهِۦ عِلْمًا",
        "۞ وَعَنَتِ ٱلْوُجُوهُ لِلْحَىِّ ٱلْقَيُّومِ ۖ وَقَدْ خَابَ مَنْ حَمَلَ ظُلْمًا",
        "وَمَن يَعْمَلْ مِنَ ٱلصَّـٰلِحَـٰتِ وَهُوَ مُؤْمِنٌ فَلَا يَخَافُ ظُلْمًا وَلَا هَضْمًا",
        "وَكَذَٰلِكَ أَنزَلْنَـٰهُ قُرْءَانًا عَرَبِيًّا وَصَرَّفْنَا فِيهِ مِنَ ٱلْوَعِيدِ لَعَلَّهُمْ يَتَّقُونَ أَوْ يُحْدِثُ لَهُمْ ذِكْرًا",
        "فَتَعَـٰلَى ٱللَّهُ ٱلْمَلِكُ ٱلْحَقُّ ۗ وَلَا تَعْجَلْ بِٱلْقُرْءَانِ مِن قَبْلِ أَن يُقْضَىٰٓ إِلَيْكَ وَحْيُهُۥ ۖ وَقُل رَّبِّ زِدْنِى عِلْمًا",
        "وَلَقَدْ عَهِدْنَآ إِلَىٰٓ ءَادَمَ مِن قَبْلُ فَنَسِىَ وَلَمْ نَجِدْ لَهُۥ عَزْمًا",
        "وَإِذْ قُلْنَا لِلْمَلَـٰٓئِكَةِ ٱسْجُدُوا۟ لِـَٔادَمَ فَسَجَدُوٓا۟ إِلَّآ إِبْلِيسَ أَبَىٰ",
        "فَقُلْنَا يَـٰٓـَٔادَمُ إِنَّ هَـٰذَا عَدُوٌّ لَّكَ وَلِزَوْجِكَ فَلَا يُخْرِجَنَّكُمَا مِنَ ٱلْجَنَّةِ فَتَشْقَىٰٓ",
        "إِنَّ لَكَ أَلَّا تَجُوعَ فِيهَا وَلَا تَعْرَىٰ",
        "وَأَنَّكَ لَا تَظْمَؤُا۟ فِيهَا وَلَا تَضْحَىٰ",
        "فَوَسْوَسَ إِلَيْهِ ٱلشَّيْطَـٰنُ قَالَ يَـٰٓـَٔادَمُ هَلْ أَدُلُّكَ عَلَىٰ شَجَرَةِ ٱلْخُلْدِ وَمُلْكٍ لَّا يَبْلَىٰ",
        "فَأَكَلَا مِنْهَا فَبَدَتْ لَهُمَا سَوْءَٰتُهُمَا وَطَفِقَا يَخْصِفَانِ عَلَيْهِمَا مِن وَرَقِ ٱلْجَنَّةِ ۚ وَعَصَىٰٓ ءَادَمُ رَبَّهُۥ فَغَوَىٰ",
        "ثُمَّ ٱجْتَبَـٰهُ رَبُّهُۥ فَتَابَ عَلَيْهِ وَهَدَىٰ",
        "قَالَ ٱهْبِطَا مِنْهَا جَمِيعًۢا ۖ بَعْضُكُمْ لِبَعْضٍ عَدُوٌّ ۖ فَإِمَّا يَأْتِيَنَّكُم مِّنِّى هُدًى فَمَنِ ٱتَّبَعَ هُدَاىَ فَلَا يَضِلُّ وَلَا يَشْقَىٰ",
        "وَمَنْ أَعْرَضَ عَن ذِكْرِى فَإِنَّ لَهُۥ مَعِيشَةً ضَنكًا وَنَحْشُرُهُۥ يَوْمَ ٱلْقِيَـٰمَةِ أَعْمَىٰ",
        "قَالَ رَبِّ لِمَ حَشَرْتَنِىٓ أَعْمَىٰ وَقَدْ كُنتُ بَصِيرًا",
        "قَالَ كَذَٰلِكَ أَتَتْكَ ءَايَـٰتُنَا فَنَسِيتَهَا ۖ وَكَذَٰلِكَ ٱلْيَوْمَ تُنسَىٰ",
        "وَكَذَٰلِكَ نَجْزِى مَنْ أَسْرَفَ وَلَمْ يُؤْمِنۢ بِـَٔايَـٰتِ رَبِّهِۦ ۚ وَلَعَذَابُ ٱلْـَٔاخِرَةِ أَشَدُّ وَأَبْقَىٰٓ",
        "أَفَلَمْ يَهْدِ لَهُمْ كَمْ أَهْلَكْنَا قَبْلَهُم مِّنَ ٱلْقُرُونِ يَمْشُونَ فِى مَسَـٰكِنِهِمْ ۗ إِنَّ فِى ذَٰلِكَ لَـَٔايَـٰتٍ لِّأُو۟لِى ٱلنُّهَىٰ",
        "وَلَوْلَا كَلِمَةٌ سَبَقَتْ مِن رَّبِّكَ لَكَانَ لِزَامًا وَأَجَلٌ مُّسَمًّى",
        "فَٱصْبِرْ عَلَىٰ مَا يَقُولُونَ وَسَبِّحْ بِحَمْدِ رَبِّكَ قَبْلَ طُلُوعِ ٱلشَّمْسِ وَقَبْلَ غُرُوبِهَا ۖ وَمِنْ ءَانَآئِ ٱلَّيْلِ فَسَبِّحْ وَأَطْرَافَ ٱلنَّهَارِ لَعَلَّكَ تَرْضَىٰ",
        "وَلَا تَمُدَّنَّ عَيْنَيْكَ إِلَىٰ مَا مَتَّعْنَا بِهِۦٓ أَزْوَٰجًا مِّنْهُمْ زَهْرَةَ ٱلْحَيَوٰةِ ٱلدُّنْيَا لِنَفْتِنَهُمْ فِيهِ ۚ وَرِزْقُ رَبِّكَ خَيْرٌ وَأَبْقَىٰ",
        "وَأْمُرْ أَهْلَكَ بِٱلصَّلَوٰةِ وَٱصْطَبِرْ عَلَيْهَا ۖ لَا نَسْـَٔلُكَ رِزْقًا ۖ نَّحْنُ نَرْزُقُكَ ۗ وَٱلْعَـٰقِبَةُ لِلتَّقْوَىٰ",
        "وَقَالُوا۟ لَوْلَا يَأْتِينَا بِـَٔايَةٍ مِّن رَّبِّهِۦٓ ۚ أَوَلَمْ تَأْتِهِم بَيِّنَةُ مَا فِى ٱلصُّحُفِ ٱلْأُولَىٰ",
        "وَلَوْ أَنَّآ أَهْلَكْنَـٰهُم بِعَذَابٍ مِّن قَبْلِهِۦ لَقَالُوا۟ رَبَّنَا لَوْلَآ أَرْسَلْتَ إِلَيْنَا رَسُولًا فَنَتَّبِعَ ءَايَـٰتِكَ مِن قَبْلِ أَن نَّذِلَّ وَنَخْزَىٰ",
        "قُلْ كُلٌّ مُّتَرَبِّصٌ فَتَرَبَّصُوا۟ ۖ فَسَتَعْلَمُونَ مَنْ أَصْحَـٰبُ ٱلصِّرَٰطِ ٱلسَّوِىِّ وَمَنِ ٱهْتَدَىٰ"
    ],
    "arabic2": [
        "طه",
        "ما انزلنا عليك القران لتشقى",
        "الا تذكرة لمن يخشى",
        "تنزيلا ممن خلق الارض والسماوات العلى",
        "الرحمن على العرش استوى",
        "له ما في السماوات وما في الارض وما بينهما وما تحت الثرى",
        "وان تجهر بالقول فانه يعلم السر واخفى",
        "الله لا اله الا هو له الاسماء الحسنى",
        "وهل اتاك حديث موسى",
        "اذ راى نارا فقال لاهله امكثوا اني انست نارا لعلي اتيكم منها بقبس او اجد على النار هدى",
        "فلما اتاها نودي يا موسى",
        "اني انا ربك فاخلع نعليك انك بالواد المقدس طوى",
        "وانا اخترتك فاستمع لما يوحى",
        "انني انا الله لا اله الا انا فاعبدني واقم الصلاة لذكري",
        "ان الساعة اتية اكاد اخفيها لتجزى كل نفس بما تسعى",
        "فلا يصدنك عنها من لا يؤمن بها واتبع هواه فتردى",
        "وما تلك بيمينك يا موسى",
        "قال هي عصاي اتوكا عليها واهش بها على غنمي ولي فيها مارب اخرى",
        "قال القها يا موسى",
        "فالقاها فاذا هي حية تسعى",
        "قال خذها ولا تخف سنعيدها سيرتها الاولى",
        "واضمم يدك الى جناحك تخرج بيضاء من غير سوء اية اخرى",
        "لنريك من اياتنا الكبرى",
        "اذهب الى فرعون انه طغى",
        "قال رب اشرح لي صدري",
        "ويسر لي امري",
        "واحلل عقدة من لساني",
        "يفقهوا قولي",
        "واجعل لي وزيرا من اهلي",
        "هارون اخي",
        "اشدد به ازري",
        "واشركه في امري",
        "كي نسبحك كثيرا",
        "ونذكرك كثيرا",
        "انك كنت بنا بصيرا",
        "قال قد اوتيت سؤلك يا موسى",
        "ولقد مننا عليك مرة اخرى",
        "اذ اوحينا الى امك ما يوحى",
        "ان اقذفيه في التابوت فاقذفيه في اليم فليلقه اليم بالساحل ياخذه عدو لي وعدو له والقيت عليك محبة مني ولتصنع على عيني",
        "اذ تمشي اختك فتقول هل ادلكم على من يكفله فرجعناك الى امك كي تقر عينها ولا تحزن وقتلت نفسا فنجيناك من الغم وفتناك فتونا فلبثت سنين في اهل مدين ثم جئت على قدر يا موسى",
        "واصطنعتك لنفسي",
        "اذهب انت واخوك باياتي ولا تنيا في ذكري",
        "اذهبا الى فرعون انه طغى",
        "فقولا له قولا لينا لعله يتذكر او يخشى",
        "قالا ربنا اننا نخاف ان يفرط علينا او ان يطغى",
        "قال لا تخافا انني معكما اسمع وارى",
        "فاتياه فقولا انا رسولا ربك فارسل معنا بني اسرائيل ولا تعذبهم قد جئناك باية من ربك والسلام على من اتبع الهدى",
        "انا قد اوحي الينا ان العذاب على من كذب وتولى",
        "قال فمن ربكما يا موسى",
        "قال ربنا الذي اعطى كل شيء خلقه ثم هدى",
        "قال فما بال القرون الاولى",
        "قال علمها عند ربي في كتاب لا يضل ربي ولا ينسى",
        "الذي جعل لكم الارض مهدا وسلك لكم فيها سبلا وانزل من السماء ماء فاخرجنا به ازواجا من نبات شتى",
        "كلوا وارعوا انعامكم ان في ذلك لايات لاولي النهى",
        "منها خلقناكم وفيها نعيدكم ومنها نخرجكم تارة اخرى",
        "ولقد اريناه اياتنا كلها فكذب وابى",
        "قال اجئتنا لتخرجنا من ارضنا بسحرك يا موسى",
        "فلناتينك بسحر مثله فاجعل بيننا وبينك موعدا لا نخلفه نحن ولا انت مكانا سوى",
        "قال موعدكم يوم الزينة وان يحشر الناس ضحى",
        "فتولى فرعون فجمع كيده ثم اتى",
        "قال لهم موسى ويلكم لا تفتروا على الله كذبا فيسحتكم بعذاب وقد خاب من افترى",
        "فتنازعوا امرهم بينهم واسروا النجوى",
        "قالوا ان هذان لساحران يريدان ان يخرجاكم من ارضكم بسحرهما ويذهبا بطريقتكم المثلى",
        "فاجمعوا كيدكم ثم ائتوا صفا وقد افلح اليوم من استعلى",
        "قالوا يا موسى اما ان تلقي واما ان نكون اول من القى",
        "قال بل القوا فاذا حبالهم وعصيهم يخيل اليه من سحرهم انها تسعى",
        "فاوجس في نفسه خيفة موسى",
        "قلنا لا تخف انك انت الاعلى",
        "والق ما في يمينك تلقف ما صنعوا انما صنعوا كيد ساحر ولا يفلح الساحر حيث اتى",
        "فالقي السحرة سجدا قالوا امنا برب هارون وموسى",
        "قال امنتم له قبل ان اذن لكم انه لكبيركم الذي علمكم السحر فلاقطعن ايديكم وارجلكم من خلاف ولاصلبنكم في جذوع النخل ولتعلمن اينا اشد عذابا وابقى",
        "قالوا لن نؤثرك على ما جاءنا من البينات والذي فطرنا فاقض ما انت قاض انما تقضي هذه الحياة الدنيا",
        "انا امنا بربنا ليغفر لنا خطايانا وما اكرهتنا عليه من السحر والله خير وابقى",
        "انه من يات ربه مجرما فان له جهنم لا يموت فيها ولا يحيى",
        "ومن ياته مؤمنا قد عمل الصالحات فاولئك لهم الدرجات العلى",
        "جنات عدن تجري من تحتها الانهار خالدين فيها وذلك جزاء من تزكى",
        "ولقد اوحينا الى موسى ان اسر بعبادي فاضرب لهم طريقا في البحر يبسا لا تخاف دركا ولا تخشى",
        "فاتبعهم فرعون بجنوده فغشيهم من اليم ما غشيهم",
        "واضل فرعون قومه وما هدى",
        "يا بني اسرائيل قد انجيناكم من عدوكم وواعدناكم جانب الطور الايمن ونزلنا عليكم المن والسلوى",
        "كلوا من طيبات ما رزقناكم ولا تطغوا فيه فيحل عليكم غضبي ومن يحلل عليه غضبي فقد هوى",
        "واني لغفار لمن تاب وامن وعمل صالحا ثم اهتدى",
        "وما اعجلك عن قومك يا موسى",
        "قال هم اولاء على اثري وعجلت اليك رب لترضى",
        "قال فانا قد فتنا قومك من بعدك واضلهم السامري",
        "فرجع موسى الى قومه غضبان اسفا قال يا قوم الم يعدكم ربكم وعدا حسنا افطال عليكم العهد ام اردتم ان يحل عليكم غضب من ربكم فاخلفتم موعدي",
        "قالوا ما اخلفنا موعدك بملكنا ولكنا حملنا اوزارا من زينة القوم فقذفناها فكذلك القى السامري",
        "فاخرج لهم عجلا جسدا له خوار فقالوا هذا الهكم واله موسى فنسي",
        "افلا يرون الا يرجع اليهم قولا ولا يملك لهم ضرا ولا نفعا",
        "ولقد قال لهم هارون من قبل يا قوم انما فتنتم به وان ربكم الرحمن فاتبعوني واطيعوا امري",
        "قالوا لن نبرح عليه عاكفين حتى يرجع الينا موسى",
        "قال يا هارون ما منعك اذ رايتهم ضلوا",
        "الا تتبعن افعصيت امري",
        "قال يا ابن ام لا تاخذ بلحيتي ولا براسي اني خشيت ان تقول فرقت بين بني اسرائيل ولم ترقب قولي",
        "قال فما خطبك يا سامري",
        "قال بصرت بما لم يبصروا به فقبضت قبضة من اثر الرسول فنبذتها وكذلك سولت لي نفسي",
        "قال فاذهب فان لك في الحياة ان تقول لا مساس وان لك موعدا لن تخلفه وانظر الى الهك الذي ظلت عليه عاكفا لنحرقنه ثم لننسفنه في اليم نسفا",
        "انما الهكم الله الذي لا اله الا هو وسع كل شيء علما",
        "كذلك نقص عليك من انباء ما قد سبق وقد اتيناك من لدنا ذكرا",
        "من اعرض عنه فانه يحمل يوم القيامة وزرا",
        "خالدين فيه وساء لهم يوم القيامة حملا",
        "يوم ينفخ في الصور ونحشر المجرمين يومئذ زرقا",
        "يتخافتون بينهم ان لبثتم الا عشرا",
        "نحن اعلم بما يقولون اذ يقول امثلهم طريقة ان لبثتم الا يوما",
        "ويسالونك عن الجبال فقل ينسفها ربي نسفا",
        "فيذرها قاعا صفصفا",
        "لا ترى فيها عوجا ولا امتا",
        "يومئذ يتبعون الداعي لا عوج له وخشعت الاصوات للرحمن فلا تسمع الا همسا",
        "يومئذ لا تنفع الشفاعة الا من اذن له الرحمن ورضي له قولا",
        "يعلم ما بين ايديهم وما خلفهم ولا يحيطون به علما",
        "وعنت الوجوه للحي القيوم وقد خاب من حمل ظلما",
        "ومن يعمل من الصالحات وهو مؤمن فلا يخاف ظلما ولا هضما",
        "وكذلك انزلناه قرانا عربيا وصرفنا فيه من الوعيد لعلهم يتقون او يحدث لهم ذكرا",
        "فتعالى الله الملك الحق ولا تعجل بالقران من قبل ان يقضى اليك وحيه وقل رب زدني علما",
        "ولقد عهدنا الى ادم من قبل فنسي ولم نجد له عزما",
        "واذ قلنا للملائكة اسجدوا لادم فسجدوا الا ابليس ابى",
        "فقلنا يا ادم ان هذا عدو لك ولزوجك فلا يخرجنكما من الجنة فتشقى",
        "ان لك الا تجوع فيها ولا تعرى",
        "وانك لا تظما فيها ولا تضحى",
        "فوسوس اليه الشيطان قال يا ادم هل ادلك على شجرة الخلد وملك لا يبلى",
        "فاكلا منها فبدت لهما سواتهما وطفقا يخصفان عليهما من ورق الجنة وعصى ادم ربه فغوى",
        "ثم اجتباه ربه فتاب عليه وهدى",
        "قال اهبطا منها جميعا بعضكم لبعض عدو فاما ياتينكم مني هدى فمن اتبع هداي فلا يضل ولا يشقى",
        "ومن اعرض عن ذكري فان له معيشة ضنكا ونحشره يوم القيامة اعمى",
        "قال رب لم حشرتني اعمى وقد كنت بصيرا",
        "قال كذلك اتتك اياتنا فنسيتها وكذلك اليوم تنسى",
        "وكذلك نجزي من اسرف ولم يؤمن بايات ربه ولعذاب الاخرة اشد وابقى",
        "افلم يهد لهم كم اهلكنا قبلهم من القرون يمشون في مساكنهم ان في ذلك لايات لاولي النهى",
        "ولولا كلمة سبقت من ربك لكان لزاما واجل مسمى",
        "فاصبر على ما يقولون وسبح بحمد ربك قبل طلوع الشمس وقبل غروبها ومن اناء الليل فسبح واطراف النهار لعلك ترضى",
        "ولا تمدن عينيك الى ما متعنا به ازواجا منهم زهرة الحياة الدنيا لنفتنهم فيه ورزق ربك خير وابقى",
        "وامر اهلك بالصلاة واصطبر عليها لا نسالك رزقا نحن نرزقك والعاقبة للتقوى",
        "وقالوا لولا ياتينا باية من ربه اولم تاتهم بينة ما في الصحف الاولى",
        "ولو انا اهلكناهم بعذاب من قبله لقالوا ربنا لولا ارسلت الينا رسولا فنتبع اياتك من قبل ان نذل ونخزى",
        "قل كل متربص فتربصوا فستعلمون من اصحاب الصراط السوي ومن اهتدى"
    ]
}