{
    "surahName": "Al-Anbiyaa",
    "surahNameArabic": "الأنبياء",
    "surahNameArabicLong": "سورة الأنبياء",
    "surahNameTranslation": "The Prophets",
    "revelationPlace": "Mecca",
    "totalAyah": 112,
    "surahNo": 21,
    "english": [
        "˹The time of˺ people’s judgment has drawn near, yet they are heedlessly turning away.",
        "Whatever new reminder comes to them from their Lord, they only listen to it jokingly",
        "with their hearts ˹totally˺ distracted. The evildoers would converse secretly, ˹saying,˺ “Is this ˹one˺ not human like yourselves? Would you fall for ˹this˺ witchcraft, even though you can ˹clearly˺ see?”",
        "The Prophet responded, “My Lord ˹fully˺ knows every word spoken in the heavens and the earth. For He is the All-Hearing, All-Knowing.”",
        "Yet they say, “This ˹Quran˺ is a set of confused dreams! No, he has fabricated it! No, he must be a poet! So let him bring us a ˹tangible˺ sign like those ˹prophets˺ sent before.”",
        "Not a ˹single˺ society We destroyed before them ever believed ˹after receiving the signs˺. Will these ˹pagans˺ then believe?",
        "We did not send ˹messengers˺ before you ˹O Prophet˺ except mere men inspired by Us. If you ˹polytheists˺ do not know ˹this already˺, then ask those who have knowledge ˹of the Scriptures˺.",
        "We did not give those messengers ˹supernatural˺ bodies that did not need food, nor were they immortal.",
        "Then We fulfilled Our promise to them, saving them along with whoever We willed and destroying the transgressors.",
        "We have surely revealed to you a Book, in which there is glory for you. Will you not then understand?",
        "˹Imagine˺ how many societies of wrongdoers We have destroyed, raising up other people after them!",
        "When the wrongdoers sensed ˹the arrival of˺ Our torment, they started to run away from their cities.",
        "˹They were told,˺ “Do not run away! Return to your luxuries and your homes, so you may be questioned ˹about your fate˺.”",
        "They cried, “Woe to us! We have surely been wrongdoers.”",
        "They kept repeating their cry until We mowed them down, ˹leaving them˺ lifeless.",
        "We did not create the heavens and the earth and everything in between for sport.",
        "Had We intended to take ˹some˺ amusement, We could have found it in Our presence, if that had been Our Will.",
        "In fact, We hurl the truth against falsehood, leaving it crushed, and it quickly vanishes. And woe be to you for what you claim!",
        "To Him belong all those in the heavens and the earth. And those nearest to Him are not too proud to worship Him, nor do they tire.",
        "They glorify ˹Him˺ day and night, never wavering.",
        "Or have they taken gods from the earth, who can raise the dead?",
        "Had there been other gods besides Allah in the heavens or the earth, both ˹realms˺ would have surely been corrupted. So Glorified is Allah, Lord of the Throne, far above what they claim.",
        "He cannot be questioned about what He does, but they will ˹all˺ be questioned.",
        "Or have they taken other gods besides Him? Say, ˹O Prophet,˺ “Show ˹me˺ your proof. Here is ˹the Quran,˺ the Reminder for those with me; along with ˹earlier Scriptures,˺ the Reminder for those before me.” But most of them do not know the truth, so they turn away.",
        "We never sent a messenger before you ˹O Prophet˺ without revealing to him: “There is no god ˹worthy of worship˺ except Me, so worship Me ˹alone˺.”",
        "And they say, “The Most Compassionate has offspring!” Glory be to Him! In fact, those ˹angels˺ are only ˹His˺ honoured servants",
        "who do not speak until He has spoken, ˹only˺ acting at His command.",
        "He ˹fully˺ knows what is ahead of them and what is behind them. They do not intercede except for whom He approves, and they tremble in awe of Him.",
        "Whoever of them were to say, “I am a god besides Him,” they would be rewarded with Hell by Us. This is how We reward the wrongdoers.",
        "Do the disbelievers not realize that the heavens and earth were ˹once˺ one mass then We split them apart? And We created from water every living thing. Will they not then believe?",
        "And We have placed firm mountains upon the earth so it does not shake with them, and made in it broad pathways so they may find their way.",
        "And We have made the sky a well-protected canopy, still they turn away from its signs.",
        "And He is the One Who created the day and the night, the sun and the moon—each travelling in an orbit.",
        "We have not granted immortality to any human before you ˹O Prophet˺: so if you die, will they live forever?",
        "Every soul will taste death. And We test you ˹O humanity˺ with good and evil as a trial, then to Us you will ˹all˺ be returned.",
        "When the disbelievers see you ˹O Prophet˺, they only make fun of you, ˹saying,˺ “Is this the one who speaks ˹ill˺ of your gods?” while they disbelieve at the mention of the Most Compassionate.",
        "Humankind is made of haste. I will soon show you My signs, so do not ask Me to hasten them.",
        "They ask ˹the believers˺, “When will this threat come to pass if what you say is true?”",
        "If only the disbelievers knew that a time will come when they will not be able to keep the Fire off their faces or backs, nor will they be helped.",
        "In fact, the Hour will take them by surprise, leaving them stunned. So they will not be able to avert it, nor will it be delayed from them.",
        "˹Other˺ messengers had already been ridiculed before you ˹O Prophet˺, but those who mocked them were overtaken by what they used to ridicule.",
        "Ask ˹them, O  Prophet,˺ “Who can defend you by day or by night against the Most Compassionate?” Still they turn away from the remembrance of their Lord.",
        "Or do they have gods—other than Us—that can protect them? They cannot ˹even˺ protect themselves, nor will they be aided against Us.",
        "In fact, We have allowed enjoyment for these ˹Meccans˺ and their forefathers for such a long time ˹that they took it for granted˺. Do they not see that We gradually reduce ˹their˺ land from its borders? Is it they who will then prevail?",
        "Say, ˹O Prophet,˺ “I warn you only by revelation.” But the deaf cannot hear the call when they are warned!",
        "If they were touched by even a breath of your Lord’s torment, they would certainly cry, “Woe to us! We have really been wrongdoers.”",
        "We will set up the scales of justice on the Day of Judgment, so no soul will be wronged in the least. And ˹even˺ if a deed is the weight of a mustard seed, We will bring it forth. And sufficient are We as a ˹vigilant˺ Reckoner.",
        "Indeed, We granted Moses and Aaron the standard ˹to distinguish between right and wrong˺—a light and a reminder for the righteous",
        "who are in awe of their Lord without seeing Him, and are fearful of the Hour.",
        "And this ˹Quran˺ is a blessed reminder which We have revealed. Will you ˹pagans˺ then deny it?",
        "And indeed, We had granted Abraham sound judgment early on, for We knew him well ˹to be worthy of it˺.",
        "˹Remember˺ when he questioned his father and his people, “What are these statues to which you are so devoted?”",
        "They replied, “We found our forefathers worshipping them.”",
        "He responded, “Indeed, you and your forefathers have been clearly astray.”",
        "They asked, “Have you come to us with the truth, or is this a joke?”",
        "He replied, “In fact, your Lord is the Lord of the heavens and the earth, Who created them ˹both˺. And to that I bear witness.”",
        "˹Then he said to himself,˺ “By Allah! I will surely plot against your idols after you have turned your backs and gone away.”",
        "So he smashed them into pieces, except the biggest of them, so they might turn to it ˹for answers˺.",
        "They protested, “Who dared do this to our gods? It must be an evildoer!”",
        "Some said, “We heard a young man, called Abraham, speaking ˹ill˺ of them.”",
        "They demanded, “Bring him before the eyes of the people, so that they may witness ˹his trial˺.”",
        "They asked, “Was it you who did this to our gods, O  Abraham?”",
        "He replied ˹sarcastically˺, “No, this one—the biggest of them—did it! So ask them, if they can talk!”",
        "So they came back to their senses, saying ˹to one another˺, “You yourselves are truly the wrongdoers!”",
        "Then they ˹quickly˺ regressed to their ˹original˺ mind-set, ˹arguing,˺ “You already know that those ˹idols˺ cannot talk.”",
        "He rebuked ˹them˺, “Do you then worship—instead of Allah—what can neither benefit nor harm you in any way?",
        "Shame on you and whatever you worship instead of Allah! Do you not have any sense?”",
        "They concluded, “Burn him up to avenge your gods, if you must act.”",
        "We ordered, “O fire! Be cool and safe for Abraham!”",
        "They had sought to harm him, but We made them the worst losers.",
        "Then We delivered him, along with Lot, to the land We had showered with blessings for all people.",
        "And We blessed him with Isaac ˹as a son˺ and Jacob ˹as a grandson˺, as an additional favour—making all of them righteous.",
        "We ˹also˺ made them leaders, guiding by Our command, and inspired them to do good deeds, establish prayer, and pay alms-tax. And they were devoted to Our worship.",
        "And to Lot We gave wisdom and knowledge, and delivered him from the society engrossed in shameful practices. They were certainly an evil, rebellious people.",
        "And We admitted him into Our mercy, ˹for˺ he was truly one of the righteous.",
        "And ˹remember˺ when Noah had cried out to Us earlier, so We responded to him and delivered him and his family from the great distress.",
        "And We made him prevail over those who had rejected Our signs. They were truly an evil people, so We drowned them all.",
        "And ˹remember˺ when David and Solomon passed judgment regarding the crops ruined ˹at night˺ by someone’s sheep, and We were witness to their judgments.",
        "We guided ˹young˺ Solomon to a fairer settlement, and granted each of them wisdom and knowledge. We subjected the mountains as well as the birds to hymn ˹Our praises˺ along with David. It is We Who did ˹it all˺.",
        "We taught him the art of making body armour to protect you in battle. Will you then be grateful?",
        "And to Solomon We subjected the raging winds, blowing by his command to the land We had showered with blessings. It is We Who know everything.",
        "And ˹We subjected˺ some jinn that dived for him, and performed other duties. It is We Who kept them in check.",
        "And ˹remember˺ when Job cried out to his Lord, “I have been touched with adversity, and You are the Most Merciful of the merciful.”",
        "So We answered his prayer and removed his adversity, and gave him back his family, twice as many, as a mercy from Us and a lesson for the ˹devoted˺ worshippers.",
        "And ˹remember˺ Ishmael, Enoch, and Ⱬul-Kifl. They were all steadfast.",
        "We admitted them into Our mercy, for they were truly of the righteous.",
        "And ˹remember˺ when the Man of the Whale stormed off ˹from his city˺ in a rage, thinking We would not restrain him. Then in the ˹veils of˺ darkness he cried out, “There is no god ˹worthy of worship˺ except You. Glory be to You! I have certainly done wrong.”",
        "So We answered his prayer and rescued him from anguish. And so do We save the ˹true˺ believers.",
        "And ˹remember˺ when Zachariah cried out to his Lord, “My Lord! Do not leave me childless, though You are the Best of Successors.”",
        "So We answered his prayer, granted him John, and made his wife fertile. Indeed, they used to race in doing good, and call upon Us with hope and fear, totally humbling themselves before Us.",
        "And ˹remember˺ the one who guarded her chastity, so We breathed into her through Our angel, ˹Gabriel,˺ making her and her son a sign for all peoples.",
        "˹O prophets!˺ Indeed, this religion of yours is ˹only˺ one, and I am your Lord, so worship Me ˹alone˺.",
        "Yet the people have divided it into sects. But to Us they will all return.",
        "So whoever does good and is a believer will never be denied ˹the reward for˺ their striving, for We are recording it all.",
        "It is impossible for a society which We have destroyed to ever rise again",
        "until ˹after˺ Gog and Magog have broken loose ˹from the barrier˺, swarming down from every hill",
        "ushering in the True Promise. Then—behold!—the disbelievers will stare ˹in horror, crying,˺ “Oh, woe to us! We have truly been heedless of this. In fact, we have been wrongdoers.”",
        "Certainly you ˹disbelievers˺ and whatever you worship instead of Allah will be the fuel of Hell. You are ˹all˺ bound to enter it.",
        "Had those idols been ˹true˺ gods, they would not have entered it. And they will be there forever.",
        "In it they will groan, and will not be able to hear.",
        "Surely those for whom We have destined the finest reward will be kept far away from Hell",
        "not even hearing the slightest hissing from it. And they will delight forever in what their souls desire.",
        "The Supreme Horror ˹of that Day˺ will not disturb them, and the angels will greet them, ˹saying,˺ “This is your Day, which you have been promised.”",
        "On that Day We will roll up the heavens like a scroll of writings. Just as We produced the first creation, ˹so˺ shall We reproduce it. That is a promise binding on Us. We truly uphold ˹Our promises˺!",
        "Surely, following the ˹heavenly˺ Record, We decreed in the Scriptures: “My righteous servants shall inherit the land.”",
        "Surely this ˹Quran˺ is sufficient ˹as a reminder˺ for those devoted to worship.",
        "We have sent you ˹O Prophet˺ only as a mercy for the whole world.",
        "Say, “What has been revealed to me is this: ‘Your God is only One God.’ Will you then submit?”",
        "If they turn away, then say, “I have warned you all equally. I do not know if what you are threatened with is near or far.",
        "Allah surely knows what you say openly and whatever you hide.",
        "I do not know if this ˹delay˺ is possibly a test for you and an enjoyment for a while.”",
        "˹In the end,˺ the Prophet said, “My Lord! Judge ˹between us˺ in truth. And our Lord is the Most Compassionate, Whose help is sought against what you claim.”"
    ],
    "arabic1": [
        " ٱقْتَرَبَ لِلنَّاسِ حِسَابُهُمْ وَهُمْ فِى غَفْلَةٍ مُّعْرِضُونَ",
        "مَا يَأْتِيهِم مِّن ذِكْرٍ مِّن رَّبِّهِم مُّحْدَثٍ إِلَّا ٱسْتَمَعُوهُ وَهُمْ يَلْعَبُونَ",
        "لَاهِيَةً قُلُوبُهُمْ ۗ وَأَسَرُّوا۟ ٱلنَّجْوَى ٱلَّذِينَ ظَلَمُوا۟ هَلْ هَـٰذَآ إِلَّا بَشَرٌ مِّثْلُكُمْ ۖ أَفَتَأْتُونَ ٱلسِّحْرَ وَأَنتُمْ تُبْصِرُونَ",
        "قَالَ رَبِّى يَعْلَمُ ٱلْقَوْلَ فِى ٱلسَّمَآءِ وَٱلْأَرْضِ ۖ وَهُوَ ٱلسَّمِيعُ ٱلْعَلِيمُ",
        "بَلْ قَالُوٓا۟ أَضْغَـٰثُ أَحْلَـٰمٍۭ بَلِ ٱفْتَرَىٰهُ بَلْ هُوَ شَاعِرٌ فَلْيَأْتِنَا بِـَٔايَةٍ كَمَآ أُرْسِلَ ٱلْأَوَّلُونَ",
        "مَآ ءَامَنَتْ قَبْلَهُم مِّن قَرْيَةٍ أَهْلَكْنَـٰهَآ ۖ أَفَهُمْ يُؤْمِنُونَ",
        "وَمَآ أَرْسَلْنَا قَبْلَكَ إِلَّا رِجَالًا نُّوحِىٓ إِلَيْهِمْ ۖ فَسْـَٔلُوٓا۟ أَهْلَ ٱلذِّكْرِ إِن كُنتُمْ لَا تَعْلَمُونَ",
        "وَمَا جَعَلْنَـٰهُمْ جَسَدًا لَّا يَأْكُلُونَ ٱلطَّعَامَ وَمَا كَانُوا۟ خَـٰلِدِينَ",
        "ثُمَّ صَدَقْنَـٰهُمُ ٱلْوَعْدَ فَأَنجَيْنَـٰهُمْ وَمَن نَّشَآءُ وَأَهْلَكْنَا ٱلْمُسْرِفِينَ",
        "لَقَدْ أَنزَلْنَآ إِلَيْكُمْ كِتَـٰبًا فِيهِ ذِكْرُكُمْ ۖ أَفَلَا تَعْقِلُونَ",
        "وَكَمْ قَصَمْنَا مِن قَرْيَةٍ كَانَتْ ظَالِمَةً وَأَنشَأْنَا بَعْدَهَا قَوْمًا ءَاخَرِينَ",
        "فَلَمَّآ أَحَسُّوا۟ بَأْسَنَآ إِذَا هُم مِّنْهَا يَرْكُضُونَ",
        "لَا تَرْكُضُوا۟ وَٱرْجِعُوٓا۟ إِلَىٰ مَآ أُتْرِفْتُمْ فِيهِ وَمَسَـٰكِنِكُمْ لَعَلَّكُمْ تُسْـَٔلُونَ",
        "قَالُوا۟ يَـٰوَيْلَنَآ إِنَّا كُنَّا ظَـٰلِمِينَ",
        "فَمَا زَالَت تِّلْكَ دَعْوَىٰهُمْ حَتَّىٰ جَعَلْنَـٰهُمْ حَصِيدًا خَـٰمِدِينَ",
        "وَمَا خَلَقْنَا ٱلسَّمَآءَ وَٱلْأَرْضَ وَمَا بَيْنَهُمَا لَـٰعِبِينَ",
        "لَوْ أَرَدْنَآ أَن نَّتَّخِذَ لَهْوًا لَّٱتَّخَذْنَـٰهُ مِن لَّدُنَّآ إِن كُنَّا فَـٰعِلِينَ",
        "بَلْ نَقْذِفُ بِٱلْحَقِّ عَلَى ٱلْبَـٰطِلِ فَيَدْمَغُهُۥ فَإِذَا هُوَ زَاهِقٌ ۚ وَلَكُمُ ٱلْوَيْلُ مِمَّا تَصِفُونَ",
        "وَلَهُۥ مَن فِى ٱلسَّمَـٰوَٰتِ وَٱلْأَرْضِ ۚ وَمَنْ عِندَهُۥ لَا يَسْتَكْبِرُونَ عَنْ عِبَادَتِهِۦ وَلَا يَسْتَحْسِرُونَ",
        "يُسَبِّحُونَ ٱلَّيْلَ وَٱلنَّهَارَ لَا يَفْتُرُونَ",
        "أَمِ ٱتَّخَذُوٓا۟ ءَالِهَةً مِّنَ ٱلْأَرْضِ هُمْ يُنشِرُونَ",
        "لَوْ كَانَ فِيهِمَآ ءَالِهَةٌ إِلَّا ٱللَّهُ لَفَسَدَتَا ۚ فَسُبْحَـٰنَ ٱللَّهِ رَبِّ ٱلْعَرْشِ عَمَّا يَصِفُونَ",
        "لَا يُسْـَٔلُ عَمَّا يَفْعَلُ وَهُمْ يُسْـَٔلُونَ",
        "أَمِ ٱتَّخَذُوا۟ مِن دُونِهِۦٓ ءَالِهَةً ۖ قُلْ هَاتُوا۟ بُرْهَـٰنَكُمْ ۖ هَـٰذَا ذِكْرُ مَن مَّعِىَ وَذِكْرُ مَن قَبْلِى ۗ بَلْ أَكْثَرُهُمْ لَا يَعْلَمُونَ ٱلْحَقَّ ۖ فَهُم مُّعْرِضُونَ",
        "وَمَآ أَرْسَلْنَا مِن قَبْلِكَ مِن رَّسُولٍ إِلَّا نُوحِىٓ إِلَيْهِ أَنَّهُۥ لَآ إِلَـٰهَ إِلَّآ أَنَا۠ فَٱعْبُدُونِ",
        "وَقَالُوا۟ ٱتَّخَذَ ٱلرَّحْمَـٰنُ وَلَدًا ۗ سُبْحَـٰنَهُۥ ۚ بَلْ عِبَادٌ مُّكْرَمُونَ",
        "لَا يَسْبِقُونَهُۥ بِٱلْقَوْلِ وَهُم بِأَمْرِهِۦ يَعْمَلُونَ",
        "يَعْلَمُ مَا بَيْنَ أَيْدِيهِمْ وَمَا خَلْفَهُمْ وَلَا يَشْفَعُونَ إِلَّا لِمَنِ ٱرْتَضَىٰ وَهُم مِّنْ خَشْيَتِهِۦ مُشْفِقُونَ",
        "۞ وَمَن يَقُلْ مِنْهُمْ إِنِّىٓ إِلَـٰهٌ مِّن دُونِهِۦ فَذَٰلِكَ نَجْزِيهِ جَهَنَّمَ ۚ كَذَٰلِكَ نَجْزِى ٱلظَّـٰلِمِينَ",
        "أَوَلَمْ يَرَ ٱلَّذِينَ كَفَرُوٓا۟ أَنَّ ٱلسَّمَـٰوَٰتِ وَٱلْأَرْضَ كَانَتَا رَتْقًا فَفَتَقْنَـٰهُمَا ۖ وَجَعَلْنَا مِنَ ٱلْمَآءِ كُلَّ شَىْءٍ حَىٍّ ۖ أَفَلَا يُؤْمِنُونَ",
        "وَجَعَلْنَا فِى ٱلْأَرْضِ رَوَٰسِىَ أَن تَمِيدَ بِهِمْ وَجَعَلْنَا فِيهَا فِجَاجًا سُبُلًا لَّعَلَّهُمْ يَهْتَدُونَ",
        "وَجَعَلْنَا ٱلسَّمَآءَ سَقْفًا مَّحْفُوظًا ۖ وَهُمْ عَنْ ءَايَـٰتِهَا مُعْرِضُونَ",
        "وَهُوَ ٱلَّذِى خَلَقَ ٱلَّيْلَ وَٱلنَّهَارَ وَٱلشَّمْسَ وَٱلْقَمَرَ ۖ كُلٌّ فِى فَلَكٍ يَسْبَحُونَ",
        "وَمَا جَعَلْنَا لِبَشَرٍ مِّن قَبْلِكَ ٱلْخُلْدَ ۖ أَفَإِي۟ن مِّتَّ فَهُمُ ٱلْخَـٰلِدُونَ",
        "كُلُّ نَفْسٍ ذَآئِقَةُ ٱلْمَوْتِ ۗ وَنَبْلُوكُم بِٱلشَّرِّ وَٱلْخَيْرِ فِتْنَةً ۖ وَإِلَيْنَا تُرْجَعُونَ",
        "وَإِذَا رَءَاكَ ٱلَّذِينَ كَفَرُوٓا۟ إِن يَتَّخِذُونَكَ إِلَّا هُزُوًا أَهَـٰذَا ٱلَّذِى يَذْكُرُ ءَالِهَتَكُمْ وَهُم بِذِكْرِ ٱلرَّحْمَـٰنِ هُمْ كَـٰفِرُونَ",
        "خُلِقَ ٱلْإِنسَـٰنُ مِنْ عَجَلٍ ۚ سَأُو۟رِيكُمْ ءَايَـٰتِى فَلَا تَسْتَعْجِلُونِ",
        "وَيَقُولُونَ مَتَىٰ هَـٰذَا ٱلْوَعْدُ إِن كُنتُمْ صَـٰدِقِينَ",
        "لَوْ يَعْلَمُ ٱلَّذِينَ كَفَرُوا۟ حِينَ لَا يَكُفُّونَ عَن وُجُوهِهِمُ ٱلنَّارَ وَلَا عَن ظُهُورِهِمْ وَلَا هُمْ يُنصَرُونَ",
        "بَلْ تَأْتِيهِم بَغْتَةً فَتَبْهَتُهُمْ فَلَا يَسْتَطِيعُونَ رَدَّهَا وَلَا هُمْ يُنظَرُونَ",
        "وَلَقَدِ ٱسْتُهْزِئَ بِرُسُلٍ مِّن قَبْلِكَ فَحَاقَ بِٱلَّذِينَ سَخِرُوا۟ مِنْهُم مَّا كَانُوا۟ بِهِۦ يَسْتَهْزِءُونَ",
        "قُلْ مَن يَكْلَؤُكُم بِٱلَّيْلِ وَٱلنَّهَارِ مِنَ ٱلرَّحْمَـٰنِ ۗ بَلْ هُمْ عَن ذِكْرِ رَبِّهِم مُّعْرِضُونَ",
        "أَمْ لَهُمْ ءَالِهَةٌ تَمْنَعُهُم مِّن دُونِنَا ۚ لَا يَسْتَطِيعُونَ نَصْرَ أَنفُسِهِمْ وَلَا هُم مِّنَّا يُصْحَبُونَ",
        "بَلْ مَتَّعْنَا هَـٰٓؤُلَآءِ وَءَابَآءَهُمْ حَتَّىٰ طَالَ عَلَيْهِمُ ٱلْعُمُرُ ۗ أَفَلَا يَرَوْنَ أَنَّا نَأْتِى ٱلْأَرْضَ نَنقُصُهَا مِنْ أَطْرَافِهَآ ۚ أَفَهُمُ ٱلْغَـٰلِبُونَ",
        "قُلْ إِنَّمَآ أُنذِرُكُم بِٱلْوَحْىِ ۚ وَلَا يَسْمَعُ ٱلصُّمُّ ٱلدُّعَآءَ إِذَا مَا يُنذَرُونَ",
        "وَلَئِن مَّسَّتْهُمْ نَفْحَةٌ مِّنْ عَذَابِ رَبِّكَ لَيَقُولُنَّ يَـٰوَيْلَنَآ إِنَّا كُنَّا ظَـٰلِمِينَ",
        "وَنَضَعُ ٱلْمَوَٰزِينَ ٱلْقِسْطَ لِيَوْمِ ٱلْقِيَـٰمَةِ فَلَا تُظْلَمُ نَفْسٌ شَيْـًٔا ۖ وَإِن كَانَ مِثْقَالَ حَبَّةٍ مِّنْ خَرْدَلٍ أَتَيْنَا بِهَا ۗ وَكَفَىٰ بِنَا حَـٰسِبِينَ",
        "وَلَقَدْ ءَاتَيْنَا مُوسَىٰ وَهَـٰرُونَ ٱلْفُرْقَانَ وَضِيَآءً وَذِكْرًا لِّلْمُتَّقِينَ",
        "ٱلَّذِينَ يَخْشَوْنَ رَبَّهُم بِٱلْغَيْبِ وَهُم مِّنَ ٱلسَّاعَةِ مُشْفِقُونَ",
        "وَهَـٰذَا ذِكْرٌ مُّبَارَكٌ أَنزَلْنَـٰهُ ۚ أَفَأَنتُمْ لَهُۥ مُنكِرُونَ",
        "۞ وَلَقَدْ ءَاتَيْنَآ إِبْرَٰهِيمَ رُشْدَهُۥ مِن قَبْلُ وَكُنَّا بِهِۦ عَـٰلِمِينَ",
        "إِذْ قَالَ لِأَبِيهِ وَقَوْمِهِۦ مَا هَـٰذِهِ ٱلتَّمَاثِيلُ ٱلَّتِىٓ أَنتُمْ لَهَا عَـٰكِفُونَ",
        "قَالُوا۟ وَجَدْنَآ ءَابَآءَنَا لَهَا عَـٰبِدِينَ",
        "قَالَ لَقَدْ كُنتُمْ أَنتُمْ وَءَابَآؤُكُمْ فِى ضَلَـٰلٍ مُّبِينٍ",
        "قَالُوٓا۟ أَجِئْتَنَا بِٱلْحَقِّ أَمْ أَنتَ مِنَ ٱللَّـٰعِبِينَ",
        "قَالَ بَل رَّبُّكُمْ رَبُّ ٱلسَّمَـٰوَٰتِ وَٱلْأَرْضِ ٱلَّذِى فَطَرَهُنَّ وَأَنَا۠ عَلَىٰ ذَٰلِكُم مِّنَ ٱلشَّـٰهِدِينَ",
        "وَتَٱللَّهِ لَأَكِيدَنَّ أَصْنَـٰمَكُم بَعْدَ أَن تُوَلُّوا۟ مُدْبِرِينَ",
        "فَجَعَلَهُمْ جُذَٰذًا إِلَّا كَبِيرًا لَّهُمْ لَعَلَّهُمْ إِلَيْهِ يَرْجِعُونَ",
        "قَالُوا۟ مَن فَعَلَ هَـٰذَا بِـَٔالِهَتِنَآ إِنَّهُۥ لَمِنَ ٱلظَّـٰلِمِينَ",
        "قَالُوا۟ سَمِعْنَا فَتًى يَذْكُرُهُمْ يُقَالُ لَهُۥٓ إِبْرَٰهِيمُ",
        "قَالُوا۟ فَأْتُوا۟ بِهِۦ عَلَىٰٓ أَعْيُنِ ٱلنَّاسِ لَعَلَّهُمْ يَشْهَدُونَ",
        "قَالُوٓا۟ ءَأَنتَ فَعَلْتَ هَـٰذَا بِـَٔالِهَتِنَا يَـٰٓإِبْرَٰهِيمُ",
        "قَالَ بَلْ فَعَلَهُۥ كَبِيرُهُمْ هَـٰذَا فَسْـَٔلُوهُمْ إِن كَانُوا۟ يَنطِقُونَ",
        "فَرَجَعُوٓا۟ إِلَىٰٓ أَنفُسِهِمْ فَقَالُوٓا۟ إِنَّكُمْ أَنتُمُ ٱلظَّـٰلِمُونَ",
        "ثُمَّ نُكِسُوا۟ عَلَىٰ رُءُوسِهِمْ لَقَدْ عَلِمْتَ مَا هَـٰٓؤُلَآءِ يَنطِقُونَ",
        "قَالَ أَفَتَعْبُدُونَ مِن دُونِ ٱللَّهِ مَا لَا يَنفَعُكُمْ شَيْـًٔا وَلَا يَضُرُّكُمْ",
        "أُفٍّ لَّكُمْ وَلِمَا تَعْبُدُونَ مِن دُونِ ٱللَّهِ ۖ أَفَلَا تَعْقِلُونَ",
        "قَالُوا۟ حَرِّقُوهُ وَٱنصُرُوٓا۟ ءَالِهَتَكُمْ إِن كُنتُمْ فَـٰعِلِينَ",
        "قُلْنَا يَـٰنَارُ كُونِى بَرْدًا وَسَلَـٰمًا عَلَىٰٓ إِبْرَٰهِيمَ",
        "وَأَرَادُوا۟ بِهِۦ كَيْدًا فَجَعَلْنَـٰهُمُ ٱلْأَخْسَرِينَ",
        "وَنَجَّيْنَـٰهُ وَلُوطًا إِلَى ٱلْأَرْضِ ٱلَّتِى بَـٰرَكْنَا فِيهَا لِلْعَـٰلَمِينَ",
        "وَوَهَبْنَا لَهُۥٓ إِسْحَـٰقَ وَيَعْقُوبَ نَافِلَةً ۖ وَكُلًّا جَعَلْنَا صَـٰلِحِينَ",
        "وَجَعَلْنَـٰهُمْ أَئِمَّةً يَهْدُونَ بِأَمْرِنَا وَأَوْحَيْنَآ إِلَيْهِمْ فِعْلَ ٱلْخَيْرَٰتِ وَإِقَامَ ٱلصَّلَوٰةِ وَإِيتَآءَ ٱلزَّكَوٰةِ ۖ وَكَانُوا۟ لَنَا عَـٰبِدِينَ",
        "وَلُوطًا ءَاتَيْنَـٰهُ حُكْمًا وَعِلْمًا وَنَجَّيْنَـٰهُ مِنَ ٱلْقَرْيَةِ ٱلَّتِى كَانَت تَّعْمَلُ ٱلْخَبَـٰٓئِثَ ۗ إِنَّهُمْ كَانُوا۟ قَوْمَ سَوْءٍ فَـٰسِقِينَ",
        "وَأَدْخَلْنَـٰهُ فِى رَحْمَتِنَآ ۖ إِنَّهُۥ مِنَ ٱلصَّـٰلِحِينَ",
        "وَنُوحًا إِذْ نَادَىٰ مِن قَبْلُ فَٱسْتَجَبْنَا لَهُۥ فَنَجَّيْنَـٰهُ وَأَهْلَهُۥ مِنَ ٱلْكَرْبِ ٱلْعَظِيمِ",
        "وَنَصَرْنَـٰهُ مِنَ ٱلْقَوْمِ ٱلَّذِينَ كَذَّبُوا۟ بِـَٔايَـٰتِنَآ ۚ إِنَّهُمْ كَانُوا۟ قَوْمَ سَوْءٍ فَأَغْرَقْنَـٰهُمْ أَجْمَعِينَ",
        "وَدَاوُۥدَ وَسُلَيْمَـٰنَ إِذْ يَحْكُمَانِ فِى ٱلْحَرْثِ إِذْ نَفَشَتْ فِيهِ غَنَمُ ٱلْقَوْمِ وَكُنَّا لِحُكْمِهِمْ شَـٰهِدِينَ",
        "فَفَهَّمْنَـٰهَا سُلَيْمَـٰنَ ۚ وَكُلًّا ءَاتَيْنَا حُكْمًا وَعِلْمًا ۚ وَسَخَّرْنَا مَعَ دَاوُۥدَ ٱلْجِبَالَ يُسَبِّحْنَ وَٱلطَّيْرَ ۚ وَكُنَّا فَـٰعِلِينَ",
        "وَعَلَّمْنَـٰهُ صَنْعَةَ لَبُوسٍ لَّكُمْ لِتُحْصِنَكُم مِّنۢ بَأْسِكُمْ ۖ فَهَلْ أَنتُمْ شَـٰكِرُونَ",
        "وَلِسُلَيْمَـٰنَ ٱلرِّيحَ عَاصِفَةً تَجْرِى بِأَمْرِهِۦٓ إِلَى ٱلْأَرْضِ ٱلَّتِى بَـٰرَكْنَا فِيهَا ۚ وَكُنَّا بِكُلِّ شَىْءٍ عَـٰلِمِينَ",
        "وَمِنَ ٱلشَّيَـٰطِينِ مَن يَغُوصُونَ لَهُۥ وَيَعْمَلُونَ عَمَلًا دُونَ ذَٰلِكَ ۖ وَكُنَّا لَهُمْ حَـٰفِظِينَ",
        "۞ وَأَيُّوبَ إِذْ نَادَىٰ رَبَّهُۥٓ أَنِّى مَسَّنِىَ ٱلضُّرُّ وَأَنتَ أَرْحَمُ ٱلرَّٰحِمِينَ",
        "فَٱسْتَجَبْنَا لَهُۥ فَكَشَفْنَا مَا بِهِۦ مِن ضُرٍّ ۖ وَءَاتَيْنَـٰهُ أَهْلَهُۥ وَمِثْلَهُم مَّعَهُمْ رَحْمَةً مِّنْ عِندِنَا وَذِكْرَىٰ لِلْعَـٰبِدِينَ",
        "وَإِسْمَـٰعِيلَ وَإِدْرِيسَ وَذَا ٱلْكِفْلِ ۖ كُلٌّ مِّنَ ٱلصَّـٰبِرِينَ",
        "وَأَدْخَلْنَـٰهُمْ فِى رَحْمَتِنَآ ۖ إِنَّهُم مِّنَ ٱلصَّـٰلِحِينَ",
        "وَذَا ٱلنُّونِ إِذ ذَّهَبَ مُغَـٰضِبًا فَظَنَّ أَن لَّن نَّقْدِرَ عَلَيْهِ فَنَادَىٰ فِى ٱلظُّلُمَـٰتِ أَن لَّآ إِلَـٰهَ إِلَّآ أَنتَ سُبْحَـٰنَكَ إِنِّى كُنتُ مِنَ ٱلظَّـٰلِمِينَ",
        "فَٱسْتَجَبْنَا لَهُۥ وَنَجَّيْنَـٰهُ مِنَ ٱلْغَمِّ ۚ وَكَذَٰلِكَ نُـۨجِى ٱلْمُؤْمِنِينَ",
        "وَزَكَرِيَّآ إِذْ نَادَىٰ رَبَّهُۥ رَبِّ لَا تَذَرْنِى فَرْدًا وَأَنتَ خَيْرُ ٱلْوَٰرِثِينَ",
        "فَٱسْتَجَبْنَا لَهُۥ وَوَهَبْنَا لَهُۥ يَحْيَىٰ وَأَصْلَحْنَا لَهُۥ زَوْجَهُۥٓ ۚ إِنَّهُمْ كَانُوا۟ يُسَـٰرِعُونَ فِى ٱلْخَيْرَٰتِ وَيَدْعُونَنَا رَغَبًا وَرَهَبًا ۖ وَكَانُوا۟ لَنَا خَـٰشِعِينَ",
        "وَٱلَّتِىٓ أَحْصَنَتْ فَرْجَهَا فَنَفَخْنَا فِيهَا مِن رُّوحِنَا وَجَعَلْنَـٰهَا وَٱبْنَهَآ ءَايَةً لِّلْعَـٰلَمِينَ",
        "إِنَّ هَـٰذِهِۦٓ أُمَّتُكُمْ أُمَّةً وَٰحِدَةً وَأَنَا۠ رَبُّكُمْ فَٱعْبُدُونِ",
        "وَتَقَطَّعُوٓا۟ أَمْرَهُم بَيْنَهُمْ ۖ كُلٌّ إِلَيْنَا رَٰجِعُونَ",
        "فَمَن يَعْمَلْ مِنَ ٱلصَّـٰلِحَـٰتِ وَهُوَ مُؤْمِنٌ فَلَا كُفْرَانَ لِسَعْيِهِۦ وَإِنَّا لَهُۥ كَـٰتِبُونَ",
        "وَحَرَٰمٌ عَلَىٰ قَرْيَةٍ أَهْلَكْنَـٰهَآ أَنَّهُمْ لَا يَرْجِعُونَ",
        "حَتَّىٰٓ إِذَا فُتِحَتْ يَأْجُوجُ وَمَأْجُوجُ وَهُم مِّن كُلِّ حَدَبٍ يَنسِلُونَ",
        "وَٱقْتَرَبَ ٱلْوَعْدُ ٱلْحَقُّ فَإِذَا هِىَ شَـٰخِصَةٌ أَبْصَـٰرُ ٱلَّذِينَ كَفَرُوا۟ يَـٰوَيْلَنَا قَدْ كُنَّا فِى غَفْلَةٍ مِّنْ هَـٰذَا بَلْ كُنَّا ظَـٰلِمِينَ",
        "إِنَّكُمْ وَمَا تَعْبُدُونَ مِن دُونِ ٱللَّهِ حَصَبُ جَهَنَّمَ أَنتُمْ لَهَا وَٰرِدُونَ",
        "لَوْ كَانَ هَـٰٓؤُلَآءِ ءَالِهَةً مَّا وَرَدُوهَا ۖ وَكُلٌّ فِيهَا خَـٰلِدُونَ",
        "لَهُمْ فِيهَا زَفِيرٌ وَهُمْ فِيهَا لَا يَسْمَعُونَ",
        "إِنَّ ٱلَّذِينَ سَبَقَتْ لَهُم مِّنَّا ٱلْحُسْنَىٰٓ أُو۟لَـٰٓئِكَ عَنْهَا مُبْعَدُونَ",
        "لَا يَسْمَعُونَ حَسِيسَهَا ۖ وَهُمْ فِى مَا ٱشْتَهَتْ أَنفُسُهُمْ خَـٰلِدُونَ",
        "لَا يَحْزُنُهُمُ ٱلْفَزَعُ ٱلْأَكْبَرُ وَتَتَلَقَّىٰهُمُ ٱلْمَلَـٰٓئِكَةُ هَـٰذَا يَوْمُكُمُ ٱلَّذِى كُنتُمْ تُوعَدُونَ",
        "يَوْمَ نَطْوِى ٱلسَّمَآءَ كَطَىِّ ٱلسِّجِلِّ لِلْكُتُبِ ۚ كَمَا بَدَأْنَآ أَوَّلَ خَلْقٍ نُّعِيدُهُۥ ۚ وَعْدًا عَلَيْنَآ ۚ إِنَّا كُنَّا فَـٰعِلِينَ",
        "وَلَقَدْ كَتَبْنَا فِى ٱلزَّبُورِ مِنۢ بَعْدِ ٱلذِّكْرِ أَنَّ ٱلْأَرْضَ يَرِثُهَا عِبَادِىَ ٱلصَّـٰلِحُونَ",
        "إِنَّ فِى هَـٰذَا لَبَلَـٰغًا لِّقَوْمٍ عَـٰبِدِينَ",
        "وَمَآ أَرْسَلْنَـٰكَ إِلَّا رَحْمَةً لِّلْعَـٰلَمِينَ",
        "قُلْ إِنَّمَا يُوحَىٰٓ إِلَىَّ أَنَّمَآ إِلَـٰهُكُمْ إِلَـٰهٌ وَٰحِدٌ ۖ فَهَلْ أَنتُم مُّسْلِمُونَ",
        "فَإِن تَوَلَّوْا۟ فَقُلْ ءَاذَنتُكُمْ عَلَىٰ سَوَآءٍ ۖ وَإِنْ أَدْرِىٓ أَقَرِيبٌ أَم بَعِيدٌ مَّا تُوعَدُونَ",
        "إِنَّهُۥ يَعْلَمُ ٱلْجَهْرَ مِنَ ٱلْقَوْلِ وَيَعْلَمُ مَا تَكْتُمُونَ",
        "وَإِنْ أَدْرِى لَعَلَّهُۥ فِتْنَةٌ لَّكُمْ وَمَتَـٰعٌ إِلَىٰ حِينٍ",
        "قَـٰلَ رَبِّ ٱحْكُم بِٱلْحَقِّ ۗ وَرَبُّنَا ٱلرَّحْمَـٰنُ ٱلْمُسْتَعَانُ عَلَىٰ مَا تَصِفُونَ"
    ],
    "arabic2": [
        "اقترب للناس حسابهم وهم في غفلة معرضون",
        "ما ياتيهم من ذكر من ربهم محدث الا استمعوه وهم يلعبون",
        "لاهية قلوبهم واسروا النجوى الذين ظلموا هل هذا الا بشر مثلكم افتاتون السحر وانتم تبصرون",
        "قال ربي يعلم القول في السماء والارض وهو السميع العليم",
        "بل قالوا اضغاث احلام بل افتراه بل هو شاعر فلياتنا باية كما ارسل الاولون",
        "ما امنت قبلهم من قرية اهلكناها افهم يؤمنون",
        "وما ارسلنا قبلك الا رجالا نوحي اليهم فاسالوا اهل الذكر ان كنتم لا تعلمون",
        "وما جعلناهم جسدا لا ياكلون الطعام وما كانوا خالدين",
        "ثم صدقناهم الوعد فانجيناهم ومن نشاء واهلكنا المسرفين",
        "لقد انزلنا اليكم كتابا فيه ذكركم افلا تعقلون",
        "وكم قصمنا من قرية كانت ظالمة وانشانا بعدها قوما اخرين",
        "فلما احسوا باسنا اذا هم منها يركضون",
        "لا تركضوا وارجعوا الى ما اترفتم فيه ومساكنكم لعلكم تسالون",
        "قالوا يا ويلنا انا كنا ظالمين",
        "فما زالت تلك دعواهم حتى جعلناهم حصيدا خامدين",
        "وما خلقنا السماء والارض وما بينهما لاعبين",
        "لو اردنا ان نتخذ لهوا لاتخذناه من لدنا ان كنا فاعلين",
        "بل نقذف بالحق على الباطل فيدمغه فاذا هو زاهق ولكم الويل مما تصفون",
        "وله من في السماوات والارض ومن عنده لا يستكبرون عن عبادته ولا يستحسرون",
        "يسبحون الليل والنهار لا يفترون",
        "ام اتخذوا الهة من الارض هم ينشرون",
        "لو كان فيهما الهة الا الله لفسدتا فسبحان الله رب العرش عما يصفون",
        "لا يسال عما يفعل وهم يسالون",
        "ام اتخذوا من دونه الهة قل هاتوا برهانكم هذا ذكر من معي وذكر من قبلي بل اكثرهم لا يعلمون الحق فهم معرضون",
        "وما ارسلنا من قبلك من رسول الا نوحي اليه انه لا اله الا انا فاعبدون",
        "وقالوا اتخذ الرحمن ولدا سبحانه بل عباد مكرمون",
        "لا يسبقونه بالقول وهم بامره يعملون",
        "يعلم ما بين ايديهم وما خلفهم ولا يشفعون الا لمن ارتضى وهم من خشيته مشفقون",
        "ومن يقل منهم اني اله من دونه فذلك نجزيه جهنم كذلك نجزي الظالمين",
        "اولم ير الذين كفروا ان السماوات والارض كانتا رتقا ففتقناهما وجعلنا من الماء كل شيء حي افلا يؤمنون",
        "وجعلنا في الارض رواسي ان تميد بهم وجعلنا فيها فجاجا سبلا لعلهم يهتدون",
        "وجعلنا السماء سقفا محفوظا وهم عن اياتها معرضون",
        "وهو الذي خلق الليل والنهار والشمس والقمر كل في فلك يسبحون",
        "وما جعلنا لبشر من قبلك الخلد افان مت فهم الخالدون",
        "كل نفس ذائقة الموت ونبلوكم بالشر والخير فتنة والينا ترجعون",
        "واذا راك الذين كفروا ان يتخذونك الا هزوا اهذا الذي يذكر الهتكم وهم بذكر الرحمن هم كافرون",
        "خلق الانسان من عجل ساريكم اياتي فلا تستعجلون",
        "ويقولون متى هذا الوعد ان كنتم صادقين",
        "لو يعلم الذين كفروا حين لا يكفون عن وجوههم النار ولا عن ظهورهم ولا هم ينصرون",
        "بل تاتيهم بغتة فتبهتهم فلا يستطيعون ردها ولا هم ينظرون",
        "ولقد استهزئ برسل من قبلك فحاق بالذين سخروا منهم ما كانوا به يستهزئون",
        "قل من يكلؤكم بالليل والنهار من الرحمن بل هم عن ذكر ربهم معرضون",
        "ام لهم الهة تمنعهم من دوننا لا يستطيعون نصر انفسهم ولا هم منا يصحبون",
        "بل متعنا هؤلاء واباءهم حتى طال عليهم العمر افلا يرون انا ناتي الارض ننقصها من اطرافها افهم الغالبون",
        "قل انما انذركم بالوحي ولا يسمع الصم الدعاء اذا ما ينذرون",
        "ولئن مستهم نفحة من عذاب ربك ليقولن يا ويلنا انا كنا ظالمين",
        "ونضع الموازين القسط ليوم القيامة فلا تظلم نفس شيئا وان كان مثقال حبة من خردل اتينا بها وكفى بنا حاسبين",
        "ولقد اتينا موسى وهارون الفرقان وضياء وذكرا للمتقين",
        "الذين يخشون ربهم بالغيب وهم من الساعة مشفقون",
        "وهذا ذكر مبارك انزلناه افانتم له منكرون",
        "ولقد اتينا ابراهيم رشده من قبل وكنا به عالمين",
        "اذ قال لابيه وقومه ما هذه التماثيل التي انتم لها عاكفون",
        "قالوا وجدنا اباءنا لها عابدين",
        "قال لقد كنتم انتم واباؤكم في ضلال مبين",
        "قالوا اجئتنا بالحق ام انت من اللاعبين",
        "قال بل ربكم رب السماوات والارض الذي فطرهن وانا على ذلكم من الشاهدين",
        "وتالله لاكيدن اصنامكم بعد ان تولوا مدبرين",
        "فجعلهم جذاذا الا كبيرا لهم لعلهم اليه يرجعون",
        "قالوا من فعل هذا بالهتنا انه لمن الظالمين",
        "قالوا سمعنا فتى يذكرهم يقال له ابراهيم",
        "قالوا فاتوا به على اعين الناس لعلهم يشهدون",
        "قالوا اانت فعلت هذا بالهتنا يا ابراهيم",
        "قال بل فعله كبيرهم هذا فاسالوهم ان كانوا ينطقون",
        "فرجعوا الى انفسهم فقالوا انكم انتم الظالمون",
        "ثم نكسوا على رءوسهم لقد علمت ما هؤلاء ينطقون",
        "قال افتعبدون من دون الله ما لا ينفعكم شيئا ولا يضركم",
        "اف لكم ولما تعبدون من دون الله افلا تعقلون",
        "قالوا حرقوه وانصروا الهتكم ان كنتم فاعلين",
        "قلنا يا نار كوني بردا وسلاما على ابراهيم",
        "وارادوا به كيدا فجعلناهم الاخسرين",
        "ونجيناه ولوطا الى الارض التي باركنا فيها للعالمين",
        "ووهبنا له اسحاق ويعقوب نافلة وكلا جعلنا صالحين",
        "وجعلناهم ائمة يهدون بامرنا واوحينا اليهم فعل الخيرات واقام الصلاة وايتاء الزكاة وكانوا لنا عابدين",
        "ولوطا اتيناه حكما وعلما ونجيناه من القرية التي كانت تعمل الخبائث انهم كانوا قوم سوء فاسقين",
        "وادخلناه في رحمتنا انه من الصالحين",
        "ونوحا اذ نادى من قبل فاستجبنا له فنجيناه واهله من الكرب العظيم",
        "ونصرناه من القوم الذين كذبوا باياتنا انهم كانوا قوم سوء فاغرقناهم اجمعين",
        "وداوود وسليمان اذ يحكمان في الحرث اذ نفشت فيه غنم القوم وكنا لحكمهم شاهدين",
        "ففهمناها سليمان وكلا اتينا حكما وعلما وسخرنا مع داوود الجبال يسبحن والطير وكنا فاعلين",
        "وعلمناه صنعة لبوس لكم لتحصنكم من باسكم فهل انتم شاكرون",
        "ولسليمان الريح عاصفة تجري بامره الى الارض التي باركنا فيها وكنا بكل شيء عالمين",
        "ومن الشياطين من يغوصون له ويعملون عملا دون ذلك وكنا لهم حافظين",
        "وايوب اذ نادى ربه اني مسني الضر وانت ارحم الراحمين",
        "فاستجبنا له فكشفنا ما به من ضر واتيناه اهله ومثلهم معهم رحمة من عندنا وذكرى للعابدين",
        "واسماعيل وادريس وذا الكفل كل من الصابرين",
        "وادخلناهم في رحمتنا انهم من الصالحين",
        "وذا النون اذ ذهب مغاضبا فظن ان لن نقدر عليه فنادى في الظلمات ان لا اله الا انت سبحانك اني كنت من الظالمين",
        "فاستجبنا له ونجيناه من الغم وكذلك ننجي المؤمنين",
        "وزكريا اذ نادى ربه رب لا تذرني فردا وانت خير الوارثين",
        "فاستجبنا له ووهبنا له يحيى واصلحنا له زوجه انهم كانوا يسارعون في الخيرات ويدعوننا رغبا ورهبا وكانوا لنا خاشعين",
        "والتي احصنت فرجها فنفخنا فيها من روحنا وجعلناها وابنها اية للعالمين",
        "ان هذه امتكم امة واحدة وانا ربكم فاعبدون",
        "وتقطعوا امرهم بينهم كل الينا راجعون",
        "فمن يعمل من الصالحات وهو مؤمن فلا كفران لسعيه وانا له كاتبون",
        "وحرام على قرية اهلكناها انهم لا يرجعون",
        "حتى اذا فتحت ياجوج وماجوج وهم من كل حدب ينسلون",
        "واقترب الوعد الحق فاذا هي شاخصة ابصار الذين كفروا يا ويلنا قد كنا في غفلة من هذا بل كنا ظالمين",
        "انكم وما تعبدون من دون الله حصب جهنم انتم لها واردون",
        "لو كان هؤلاء الهة ما وردوها وكل فيها خالدون",
        "لهم فيها زفير وهم فيها لا يسمعون",
        "ان الذين سبقت لهم منا الحسنى اولئك عنها مبعدون",
        "لا يسمعون حسيسها وهم في ما اشتهت انفسهم خالدون",
        "لا يحزنهم الفزع الاكبر وتتلقاهم الملائكة هذا يومكم الذي كنتم توعدون",
        "يوم نطوي السماء كطي السجل للكتب كما بدانا اول خلق نعيده وعدا علينا انا كنا فاعلين",
        "ولقد كتبنا في الزبور من بعد الذكر ان الارض يرثها عبادي الصالحون",
        "ان في هذا لبلاغا لقوم عابدين",
        "وما ارسلناك الا رحمة للعالمين",
        "قل انما يوحى الي انما الهكم اله واحد فهل انتم مسلمون",
        "فان تولوا فقل اذنتكم على سواء وان ادري اقريب ام بعيد ما توعدون",
        "انه يعلم الجهر من القول ويعلم ما تكتمون",
        "وان ادري لعله فتنة لكم ومتاع الى حين",
        "قال رب احكم بالحق وربنا الرحمن المستعان على ما تصفون"
    ]
}