{
    "surahName": "Al-Hajj",
    "surahNameArabic": "الحج",
    "surahNameArabicLong": "سورة الحج",
    "surahNameTranslation": "The Pilgrimage",
    "revelationPlace": "Madina",
    "totalAyah": 78,
    "surahNo": 22,
    "english": [
        "O humanity! Fear your Lord, for the ˹violent˺ quaking at the Hour is surely a dreadful thing.",
        "The Day you see it, every nursing mother will abandon what she is nursing, and every pregnant woman will deliver her burden ˹prematurely˺. And you will see people ˹as if they were˺ drunk, though they will not be drunk; but the torment of Allah is ˹terribly˺ severe.",
        "˹Still˺ there are some who dispute about Allah without knowledge, and follow every rebellious devil.",
        "It has been decreed for such devils that whoever takes them as a guide will be misguided and led by them into the torment of the Blaze.",
        "O humanity! If you are in doubt about the Resurrection, then ˹know that˺ We did create you from dust, then from a sperm-drop, then ˹developed you into˺ a clinging clot ˹of blood˺, then a lump of flesh—fully formed or unformed—in order to demonstrate ˹Our power˺ to you. ˹Then˺ We settle whatever ˹embryo˺ We will in the womb for an appointed term, then bring you forth as infants, so that you may reach your prime. Some of you ˹may˺ die ˹young˺, while others are left to reach the most feeble stage of life so that they may know nothing after having known much. And you see the earth lifeless, but as soon as We send down rain upon it, it begins to stir ˹to life˺ and swell, producing every type of pleasant plant.",
        "That is because Allah ˹alone˺ is the Truth, He ˹alone˺ gives life to the dead, and He ˹alone˺ is Most Capable of everything.",
        "And certainly the Hour is coming, there is no doubt about it. And Allah will surely resurrect those in the graves.",
        "˹Still˺ there are some who dispute about Allah without knowledge, guidance, or an enlightening scripture",
        "turning away ˹in pride˺ to lead ˹others˺ astray from Allah’s Way. They will suffer disgrace in this world, and on the Day of Judgment We will make them taste the torment of burning.",
        "˹They will be told,˺ “This is ˹the reward˺ for what your hands have done. And Allah is never unjust to ˹His˺ creation.”",
        "And there are some who worship Allah on the verge ˹of faith˺: if they are blessed with something good, they are content with it; but if they are afflicted with a trial, they relapse ˹into disbelief˺, losing this world and the Hereafter. That is ˹truly˺ the clearest loss.",
        "They call besides Allah what can neither harm nor benefit them. That is ˹truly˺ the farthest one can stray.",
        "They invoke those whose worship leads to harm, not benefit. What an evil patron and what an evil associate!",
        "Indeed, Allah will admit those who believe and do good into Gardens, under which rivers flow. Surely Allah does what He wills.",
        "Whoever thinks that Allah will not help His Prophet in this world and the Hereafter, let them stretch out a rope to the ceiling and strangle themselves, then let them see if this plan will do away with ˹the cause of˺ their rage.",
        "And so We revealed this ˹Quran˺ as clear verses. And Allah certainly guides whoever He wills.",
        "Indeed, the believers, Jews, Sabians, Christians, Magi, and the polytheists—Allah will judge between them ˹all˺ on Judgment Day. Surely Allah is a Witness over all things.",
        "Do you not see that to Allah bow down ˹in submission˺ all those in the heavens and all those on the earth, as well as the sun, the moon, the stars, the mountains, the trees, and ˹all˺ living beings, as well as many humans, while many are deserving of punishment. And whoever Allah disgraces, none can honour. Surely Allah does what He wills.",
        "These are two opposing groups that disagree about their Lord: as for the disbelievers, garments of Fire will be cut out for them and boiling water will be poured over their heads",
        "melting whatever is in their bellies, along with their skin.",
        "And awaiting them are maces of iron.",
        "Whenever they try to escape from Hell—out of anguish—they will be forced back into it, ˹and will be told,˺ “Taste the torment of burning!”",
        "˹But˺ Allah will surely admit those who believe and do good into Gardens, under which rivers flow, where they will be adorned with bracelets of gold and pearls, and their clothing will be silk",
        "for they have been guided to the best of speech, and they have been guided to the Commendable Path.",
        "Indeed, those who persist in disbelief and hinder ˹others˺ from the Way of Allah and from the Sacred Mosque—which We have appointed for all people, residents and visitors alike—along with whoever intends to deviate by doing wrong in it, We will cause them to taste a painful punishment.",
        "And ˹remember˺ when We assigned to Abraham the site of the House, ˹saying,˺ “Do not associate anything with Me ˹in worship˺ and purify My House for those who circle ˹the Ka’bah˺, stand ˹in prayer˺, and bow and prostrate themselves.",
        "Call ˹all˺ people to the pilgrimage. They will come to you on foot and on every lean camel from every distant path",
        "so they may obtain the benefits ˹in store˺ for them, and pronounce the Name of Allah on appointed days over the sacrificial animals He has provided for them. So eat from their meat and feed the desperately poor.",
        "Then let them groom themselves, fulfil their vows, and circle the Ancient House.”",
        "That is so. And whoever honours the rituals of Allah, it is best for them in the sight of their Lord. The ˹meat of˺ cattle has been made lawful for you, except what has ˹already˺ been recited to you. So shun the impurity of idolatry, and shun words of falsehood.",
        "Be upright ˹in devotion˺ to Allah, associating none with Him ˹in worship˺. For whoever associates ˹others˺ with Allah is like someone who has fallen from the sky and is either snatched away by birds or swept by the wind to a remote place.",
        "That is so. And whoever honours the symbols of Allah, it is certainly out of the piety of the heart.",
        "You may benefit from sacrificial animals for an appointed term, then their place of sacrifice is at the Ancient House.",
        "For every community We appointed a rite of sacrifice so that they may pronounce the Name of Allah over the sacrificial animals He has provided for them. For your God is only One God, so submit yourselves to Him ˹alone˺. And give good news ˹O Prophet˺ to the humble:",
        "those whose hearts tremble at the remembrance of Allah, who patiently endure whatever may befall them, and who establish prayer and donate from what We have provided for them.",
        "We have made sacrificial camels ˹and cattle˺ among the symbols of Allah, in which there is ˹much˺ good for you. So pronounce the Name of Allah over them when they are lined up ˹for sacrifice˺. Once they have fallen ˹lifeless˺ on their sides, you may eat from their meat, and feed the needy—those who do not beg, and those who do. In this way We have subjected these ˹animals˺ to you so that you may be grateful.",
        "Neither their meat nor blood reaches Allah. Rather, it is your piety that reaches Him. This is how He has subjected them to you so that you may proclaim the greatness of Allah for what He has guided you to, and give good news to the good-doers.",
        "Indeed, Allah defends those who believe. Surely Allah does not like whoever is deceitful, ungrateful.",
        "Permission ˹to fight back˺ is ˹hereby˺ granted to those being fought, for they have been wronged. And Allah is truly Most Capable of helping them ˹prevail˺.",
        "˹They are˺ those who have been expelled from their homes for no reason other than proclaiming: “Our Lord is Allah.” Had Allah not repelled ˹the aggression of˺ some people by means of others, destruction would have surely claimed monasteries, churches, synagogues, and mosques in which Allah’s Name is often mentioned. Allah will certainly help those who stand up for Him. Allah is truly All-Powerful, Almighty.",
        "˹They are˺ those who, if established in the land by Us, would perform prayer, pay alms-tax, encourage what is good, and forbid what is evil. And with Allah rests the outcome of all affairs.",
        "If they deny you ˹O Prophet˺, so did the people of Noah before them, as well as ˹the tribes of˺ ’Ȃd and Thamûd",
        "the people of Abraham, the people of Lot",
        "and the residents of Midian. And Moses was denied ˹too˺. But I delayed ˹the fate of˺ the disbelievers ˹until their appointed time˺ then seized them. And how severe was My response!",
        "Many are the societies We have destroyed for persisting in wrongdoing, leaving them in total ruin. ˹Many are˺ also the abandoned wells and lofty palaces!",
        "Have they not travelled throughout the land so their hearts may reason, and their ears may listen? Indeed, it is not the eyes that are blind, but it is the hearts in the chests that grow blind.",
        "They challenge you ˹O Prophet˺ to hasten the torment. And Allah will never fail in His promise. But a day with your Lord is indeed like a thousand years by your counting.",
        "Many are the societies whose end We delayed while they did wrong, then seized them. And to Me is the final return.",
        "Say, ˹O Prophet,˺ “O humanity! I am only sent to you with a clear warning.",
        "So those who believe and do good will have forgiveness and an honourable provision.",
        "But those who strive to discredit Our revelations, they will be the residents of the Hellfire.”",
        "Whenever We sent a messenger or a prophet before you ˹O Prophet˺ and he recited ˹Our revelations˺, Satan would influence ˹people’s understanding of˺ his recitation. But ˹eventually˺ Allah would eliminate Satan’s influence. Then Allah would ˹firmly˺ establish His revelations. And Allah is All-Knowing, All-Wise.",
        "All that so He may make Satan’s influence a trial for those ˹hypocrites˺ whose hearts are sick and those ˹disbelievers˺ whose hearts are hardened. Surely the wrongdoers are totally engrossed in opposition.",
        "˹This is˺ also so that those gifted with knowledge would know that this ˹revelation˺ is the truth from your Lord, so they have faith in it, and so their hearts would submit humbly to it. And Allah surely guides the believers to the Straight Path.",
        "Yet the disbelievers will persist in doubt about this ˹revelation˺ until the Hour takes them by surprise, or the torment of a terminating Day comes to them.",
        "All authority on that Day is for Allah ˹alone˺. He will judge between them. So those who believe and do good will be in the Gardens of Bliss.",
        "But those who disbelieve and deny Our revelations, it is they who will suffer a humiliating punishment.",
        "As for those who emigrate in the cause of Allah and then are martyred or die, Allah will indeed grant them a good provision. Surely Allah is the Best Provider.",
        "He will certainly admit them into a place they will be pleased with. For Allah is truly All-Knowing, Most Forbearing.",
        "That is so. And whoever retaliates in equivalence to the injury they have received, and then are wronged ˹again˺, Allah will certainly help them. Surely Allah is Ever-Pardoning, All-Forgiving.",
        "That is because Allah causes the night to merge into the day, and the day into the night. Indeed, Allah is All-Hearing, All-Seeing.",
        "That is because Allah ˹alone˺ is the Truth and what they invoke besides Him is falsehood, and Allah ˹alone˺ is truly the Most High, All-Great.",
        "Do you not see that Allah sends down rain from the sky, then the earth becomes green? Surely Allah is Most Subtle, All-Aware.",
        "To Him belongs whatever is in the heavens and whatever is on the earth. Allah ˹alone˺ is truly the Self-Sufficient, Praiseworthy.",
        "Do you not see that Allah has subjected to you whatever is in the earth as well as the ships ˹that˺ sail through the sea by His command? He keeps the sky from falling down on the earth except by His permission. Surely Allah is Ever Gracious and Most Merciful to humanity.",
        "And He is the One Who gave you life, then will cause you to die, and then will bring you back to life. ˹But˺ surely humankind is ever ungrateful.",
        "For every community We appointed a code of life to follow. So do not let them dispute with you ˹O Prophet˺ in this matter. And invite ˹all˺ to your Lord, for you are truly on the Right Guidance.",
        "But if they argue with you, then say, “Allah knows best what you do.”",
        "Allah will judge between you ˹all˺ on Judgment Day regarding your differences.",
        "Do you not know that Allah ˹fully˺ knows whatever is in the heavens and the earth? Surely it is all ˹written˺ in a Record. That is certainly easy for Allah.",
        "Yet they worship besides Allah that for which He has sent down no authority, and of which they have no knowledge. The wrongdoers will have no helper.",
        "Whenever Our clear revelations are recited to them, you ˹O Prophet˺ recognize rage on the faces of the disbelievers, as if they are going to snap at those who recite Our revelations to them. Say, “Shall I inform you of something far more enraging than that? ˹It is˺ the Fire with which Allah has threatened those who disbelieve. What an evil destination!”",
        "O humanity! A lesson is set forth, so listen to it ˹carefully˺: those ˹idols˺ you invoke besides Allah can never create ˹so much as˺ a fly, even if they ˹all˺ were to come together for that. And if a fly were to snatch anything away from them, they cannot ˹even˺ retrieve it from the fly. How powerless are those who invoke and those invoked!",
        "They have not shown Allah the reverence He deserves. Surely Allah is All-Powerful, Almighty.",
        "Allah selects messengers from both angels and people, for Allah is truly All-Hearing, All-Seeing.",
        "He knows what is ahead of them and what is behind them. And to Allah ˹all˺ matters will be returned ˹for judgment˺.",
        "O believers! Bow down, prostrate yourselves, worship your Lord, and do ˹what is˺ good so that you may be successful.",
        "Strive for ˹the cause of˺ Allah in the way He deserves, for ˹it is˺ He ˹Who˺ has chosen you, and laid upon you no hardship in the religion—the way of your forefather Abraham. ˹It is Allah˺ Who named you ‘the ones who submit’ ˹in the˺ earlier ˹Scriptures˺ and in this ˹Quran˺, so that the Messenger may be a witness over you, and that you may be witnesses over humanity. So establish prayer, pay alms-tax, and hold fast to Allah. He ˹alone˺ is your Guardian. What an excellent Guardian, and what an excellent Helper!"
    ],
    "arabic1": [
        " يَـٰٓأَيُّهَا ٱلنَّاسُ ٱتَّقُوا۟ رَبَّكُمْ ۚ إِنَّ زَلْزَلَةَ ٱلسَّاعَةِ شَىْءٌ عَظِيمٌ",
        "يَوْمَ تَرَوْنَهَا تَذْهَلُ كُلُّ مُرْضِعَةٍ عَمَّآ أَرْضَعَتْ وَتَضَعُ كُلُّ ذَاتِ حَمْلٍ حَمْلَهَا وَتَرَى ٱلنَّاسَ سُكَـٰرَىٰ وَمَا هُم بِسُكَـٰرَىٰ وَلَـٰكِنَّ عَذَابَ ٱللَّهِ شَدِيدٌ",
        "وَمِنَ ٱلنَّاسِ مَن يُجَـٰدِلُ فِى ٱللَّهِ بِغَيْرِ عِلْمٍ وَيَتَّبِعُ كُلَّ شَيْطَـٰنٍ مَّرِيدٍ",
        "كُتِبَ عَلَيْهِ أَنَّهُۥ مَن تَوَلَّاهُ فَأَنَّهُۥ يُضِلُّهُۥ وَيَهْدِيهِ إِلَىٰ عَذَابِ ٱلسَّعِيرِ",
        "يَـٰٓأَيُّهَا ٱلنَّاسُ إِن كُنتُمْ فِى رَيْبٍ مِّنَ ٱلْبَعْثِ فَإِنَّا خَلَقْنَـٰكُم مِّن تُرَابٍ ثُمَّ مِن نُّطْفَةٍ ثُمَّ مِنْ عَلَقَةٍ ثُمَّ مِن مُّضْغَةٍ مُّخَلَّقَةٍ وَغَيْرِ مُخَلَّقَةٍ لِّنُبَيِّنَ لَكُمْ ۚ وَنُقِرُّ فِى ٱلْأَرْحَامِ مَا نَشَآءُ إِلَىٰٓ أَجَلٍ مُّسَمًّى ثُمَّ نُخْرِجُكُمْ طِفْلًا ثُمَّ لِتَبْلُغُوٓا۟ أَشُدَّكُمْ ۖ وَمِنكُم مَّن يُتَوَفَّىٰ وَمِنكُم مَّن يُرَدُّ إِلَىٰٓ أَرْذَلِ ٱلْعُمُرِ لِكَيْلَا يَعْلَمَ مِنۢ بَعْدِ عِلْمٍ شَيْـًٔا ۚ وَتَرَى ٱلْأَرْضَ هَامِدَةً فَإِذَآ أَنزَلْنَا عَلَيْهَا ٱلْمَآءَ ٱهْتَزَّتْ وَرَبَتْ وَأَنۢبَتَتْ مِن كُلِّ زَوْجٍۭ بَهِيجٍ",
        "ذَٰلِكَ بِأَنَّ ٱللَّهَ هُوَ ٱلْحَقُّ وَأَنَّهُۥ يُحْىِ ٱلْمَوْتَىٰ وَأَنَّهُۥ عَلَىٰ كُلِّ شَىْءٍ قَدِيرٌ",
        "وَأَنَّ ٱلسَّاعَةَ ءَاتِيَةٌ لَّا رَيْبَ فِيهَا وَأَنَّ ٱللَّهَ يَبْعَثُ مَن فِى ٱلْقُبُورِ",
        "وَمِنَ ٱلنَّاسِ مَن يُجَـٰدِلُ فِى ٱللَّهِ بِغَيْرِ عِلْمٍ وَلَا هُدًى وَلَا كِتَـٰبٍ مُّنِيرٍ",
        "ثَانِىَ عِطْفِهِۦ لِيُضِلَّ عَن سَبِيلِ ٱللَّهِ ۖ لَهُۥ فِى ٱلدُّنْيَا خِزْىٌ ۖ وَنُذِيقُهُۥ يَوْمَ ٱلْقِيَـٰمَةِ عَذَابَ ٱلْحَرِيقِ",
        "ذَٰلِكَ بِمَا قَدَّمَتْ يَدَاكَ وَأَنَّ ٱللَّهَ لَيْسَ بِظَلَّـٰمٍ لِّلْعَبِيدِ",
        "وَمِنَ ٱلنَّاسِ مَن يَعْبُدُ ٱللَّهَ عَلَىٰ حَرْفٍ ۖ فَإِنْ أَصَابَهُۥ خَيْرٌ ٱطْمَأَنَّ بِهِۦ ۖ وَإِنْ أَصَابَتْهُ فِتْنَةٌ ٱنقَلَبَ عَلَىٰ وَجْهِهِۦ خَسِرَ ٱلدُّنْيَا وَٱلْـَٔاخِرَةَ ۚ ذَٰلِكَ هُوَ ٱلْخُسْرَانُ ٱلْمُبِينُ",
        "يَدْعُوا۟ مِن دُونِ ٱللَّهِ مَا لَا يَضُرُّهُۥ وَمَا لَا يَنفَعُهُۥ ۚ ذَٰلِكَ هُوَ ٱلضَّلَـٰلُ ٱلْبَعِيدُ",
        "يَدْعُوا۟ لَمَن ضَرُّهُۥٓ أَقْرَبُ مِن نَّفْعِهِۦ ۚ لَبِئْسَ ٱلْمَوْلَىٰ وَلَبِئْسَ ٱلْعَشِيرُ",
        "إِنَّ ٱللَّهَ يُدْخِلُ ٱلَّذِينَ ءَامَنُوا۟ وَعَمِلُوا۟ ٱلصَّـٰلِحَـٰتِ جَنَّـٰتٍ تَجْرِى مِن تَحْتِهَا ٱلْأَنْهَـٰرُ ۚ إِنَّ ٱللَّهَ يَفْعَلُ مَا يُرِيدُ",
        "مَن كَانَ يَظُنُّ أَن لَّن يَنصُرَهُ ٱللَّهُ فِى ٱلدُّنْيَا وَٱلْـَٔاخِرَةِ فَلْيَمْدُدْ بِسَبَبٍ إِلَى ٱلسَّمَآءِ ثُمَّ لْيَقْطَعْ فَلْيَنظُرْ هَلْ يُذْهِبَنَّ كَيْدُهُۥ مَا يَغِيظُ",
        "وَكَذَٰلِكَ أَنزَلْنَـٰهُ ءَايَـٰتٍۭ بَيِّنَـٰتٍ وَأَنَّ ٱللَّهَ يَهْدِى مَن يُرِيدُ",
        "إِنَّ ٱلَّذِينَ ءَامَنُوا۟ وَٱلَّذِينَ هَادُوا۟ وَٱلصَّـٰبِـِٔينَ وَٱلنَّصَـٰرَىٰ وَٱلْمَجُوسَ وَٱلَّذِينَ أَشْرَكُوٓا۟ إِنَّ ٱللَّهَ يَفْصِلُ بَيْنَهُمْ يَوْمَ ٱلْقِيَـٰمَةِ ۚ إِنَّ ٱللَّهَ عَلَىٰ كُلِّ شَىْءٍ شَهِيدٌ",
        "أَلَمْ تَرَ أَنَّ ٱللَّهَ يَسْجُدُ لَهُۥ مَن فِى ٱلسَّمَـٰوَٰتِ وَمَن فِى ٱلْأَرْضِ وَٱلشَّمْسُ وَٱلْقَمَرُ وَٱلنُّجُومُ وَٱلْجِبَالُ وَٱلشَّجَرُ وَٱلدَّوَآبُّ وَكَثِيرٌ مِّنَ ٱلنَّاسِ ۖ وَكَثِيرٌ حَقَّ عَلَيْهِ ٱلْعَذَابُ ۗ وَمَن يُهِنِ ٱللَّهُ فَمَا لَهُۥ مِن مُّكْرِمٍ ۚ إِنَّ ٱللَّهَ يَفْعَلُ مَا يَشَآءُ ۩",
        "۞ هَـٰذَانِ خَصْمَانِ ٱخْتَصَمُوا۟ فِى رَبِّهِمْ ۖ فَٱلَّذِينَ كَفَرُوا۟ قُطِّعَتْ لَهُمْ ثِيَابٌ مِّن نَّارٍ يُصَبُّ مِن فَوْقِ رُءُوسِهِمُ ٱلْحَمِيمُ",
        "يُصْهَرُ بِهِۦ مَا فِى بُطُونِهِمْ وَٱلْجُلُودُ",
        "وَلَهُم مَّقَـٰمِعُ مِنْ حَدِيدٍ",
        "كُلَّمَآ أَرَادُوٓا۟ أَن يَخْرُجُوا۟ مِنْهَا مِنْ غَمٍّ أُعِيدُوا۟ فِيهَا وَذُوقُوا۟ عَذَابَ ٱلْحَرِيقِ",
        "إِنَّ ٱللَّهَ يُدْخِلُ ٱلَّذِينَ ءَامَنُوا۟ وَعَمِلُوا۟ ٱلصَّـٰلِحَـٰتِ جَنَّـٰتٍ تَجْرِى مِن تَحْتِهَا ٱلْأَنْهَـٰرُ يُحَلَّوْنَ فِيهَا مِنْ أَسَاوِرَ مِن ذَهَبٍ وَلُؤْلُؤًا ۖ وَلِبَاسُهُمْ فِيهَا حَرِيرٌ",
        "وَهُدُوٓا۟ إِلَى ٱلطَّيِّبِ مِنَ ٱلْقَوْلِ وَهُدُوٓا۟ إِلَىٰ صِرَٰطِ ٱلْحَمِيدِ",
        "إِنَّ ٱلَّذِينَ كَفَرُوا۟ وَيَصُدُّونَ عَن سَبِيلِ ٱللَّهِ وَٱلْمَسْجِدِ ٱلْحَرَامِ ٱلَّذِى جَعَلْنَـٰهُ لِلنَّاسِ سَوَآءً ٱلْعَـٰكِفُ فِيهِ وَٱلْبَادِ ۚ وَمَن يُرِدْ فِيهِ بِإِلْحَادٍۭ بِظُلْمٍ نُّذِقْهُ مِنْ عَذَابٍ أَلِيمٍ",
        "وَإِذْ بَوَّأْنَا لِإِبْرَٰهِيمَ مَكَانَ ٱلْبَيْتِ أَن لَّا تُشْرِكْ بِى شَيْـًٔا وَطَهِّرْ بَيْتِىَ لِلطَّآئِفِينَ وَٱلْقَآئِمِينَ وَٱلرُّكَّعِ ٱلسُّجُودِ",
        "وَأَذِّن فِى ٱلنَّاسِ بِٱلْحَجِّ يَأْتُوكَ رِجَالًا وَعَلَىٰ كُلِّ ضَامِرٍ يَأْتِينَ مِن كُلِّ فَجٍّ عَمِيقٍ",
        "لِّيَشْهَدُوا۟ مَنَـٰفِعَ لَهُمْ وَيَذْكُرُوا۟ ٱسْمَ ٱللَّهِ فِىٓ أَيَّامٍ مَّعْلُومَـٰتٍ عَلَىٰ مَا رَزَقَهُم مِّنۢ بَهِيمَةِ ٱلْأَنْعَـٰمِ ۖ فَكُلُوا۟ مِنْهَا وَأَطْعِمُوا۟ ٱلْبَآئِسَ ٱلْفَقِيرَ",
        "ثُمَّ لْيَقْضُوا۟ تَفَثَهُمْ وَلْيُوفُوا۟ نُذُورَهُمْ وَلْيَطَّوَّفُوا۟ بِٱلْبَيْتِ ٱلْعَتِيقِ",
        "ذَٰلِكَ وَمَن يُعَظِّمْ حُرُمَـٰتِ ٱللَّهِ فَهُوَ خَيْرٌ لَّهُۥ عِندَ رَبِّهِۦ ۗ وَأُحِلَّتْ لَكُمُ ٱلْأَنْعَـٰمُ إِلَّا مَا يُتْلَىٰ عَلَيْكُمْ ۖ فَٱجْتَنِبُوا۟ ٱلرِّجْسَ مِنَ ٱلْأَوْثَـٰنِ وَٱجْتَنِبُوا۟ قَوْلَ ٱلزُّورِ",
        "حُنَفَآءَ لِلَّهِ غَيْرَ مُشْرِكِينَ بِهِۦ ۚ وَمَن يُشْرِكْ بِٱللَّهِ فَكَأَنَّمَا خَرَّ مِنَ ٱلسَّمَآءِ فَتَخْطَفُهُ ٱلطَّيْرُ أَوْ تَهْوِى بِهِ ٱلرِّيحُ فِى مَكَانٍ سَحِيقٍ",
        "ذَٰلِكَ وَمَن يُعَظِّمْ شَعَـٰٓئِرَ ٱللَّهِ فَإِنَّهَا مِن تَقْوَى ٱلْقُلُوبِ",
        "لَكُمْ فِيهَا مَنَـٰفِعُ إِلَىٰٓ أَجَلٍ مُّسَمًّى ثُمَّ مَحِلُّهَآ إِلَى ٱلْبَيْتِ ٱلْعَتِيقِ",
        "وَلِكُلِّ أُمَّةٍ جَعَلْنَا مَنسَكًا لِّيَذْكُرُوا۟ ٱسْمَ ٱللَّهِ عَلَىٰ مَا رَزَقَهُم مِّنۢ بَهِيمَةِ ٱلْأَنْعَـٰمِ ۗ فَإِلَـٰهُكُمْ إِلَـٰهٌ وَٰحِدٌ فَلَهُۥٓ أَسْلِمُوا۟ ۗ وَبَشِّرِ ٱلْمُخْبِتِينَ",
        "ٱلَّذِينَ إِذَا ذُكِرَ ٱللَّهُ وَجِلَتْ قُلُوبُهُمْ وَٱلصَّـٰبِرِينَ عَلَىٰ مَآ أَصَابَهُمْ وَٱلْمُقِيمِى ٱلصَّلَوٰةِ وَمِمَّا رَزَقْنَـٰهُمْ يُنفِقُونَ",
        "وَٱلْبُدْنَ جَعَلْنَـٰهَا لَكُم مِّن شَعَـٰٓئِرِ ٱللَّهِ لَكُمْ فِيهَا خَيْرٌ ۖ فَٱذْكُرُوا۟ ٱسْمَ ٱللَّهِ عَلَيْهَا صَوَآفَّ ۖ فَإِذَا وَجَبَتْ جُنُوبُهَا فَكُلُوا۟ مِنْهَا وَأَطْعِمُوا۟ ٱلْقَانِعَ وَٱلْمُعْتَرَّ ۚ كَذَٰلِكَ سَخَّرْنَـٰهَا لَكُمْ لَعَلَّكُمْ تَشْكُرُونَ",
        "لَن يَنَالَ ٱللَّهَ لُحُومُهَا وَلَا دِمَآؤُهَا وَلَـٰكِن يَنَالُهُ ٱلتَّقْوَىٰ مِنكُمْ ۚ كَذَٰلِكَ سَخَّرَهَا لَكُمْ لِتُكَبِّرُوا۟ ٱللَّهَ عَلَىٰ مَا هَدَىٰكُمْ ۗ وَبَشِّرِ ٱلْمُحْسِنِينَ",
        "۞ إِنَّ ٱللَّهَ يُدَٰفِعُ عَنِ ٱلَّذِينَ ءَامَنُوٓا۟ ۗ إِنَّ ٱللَّهَ لَا يُحِبُّ كُلَّ خَوَّانٍ كَفُورٍ",
        "أُذِنَ لِلَّذِينَ يُقَـٰتَلُونَ بِأَنَّهُمْ ظُلِمُوا۟ ۚ وَإِنَّ ٱللَّهَ عَلَىٰ نَصْرِهِمْ لَقَدِيرٌ",
        "ٱلَّذِينَ أُخْرِجُوا۟ مِن دِيَـٰرِهِم بِغَيْرِ حَقٍّ إِلَّآ أَن يَقُولُوا۟ رَبُّنَا ٱللَّهُ ۗ وَلَوْلَا دَفْعُ ٱللَّهِ ٱلنَّاسَ بَعْضَهُم بِبَعْضٍ لَّهُدِّمَتْ صَوَٰمِعُ وَبِيَعٌ وَصَلَوَٰتٌ وَمَسَـٰجِدُ يُذْكَرُ فِيهَا ٱسْمُ ٱللَّهِ كَثِيرًا ۗ وَلَيَنصُرَنَّ ٱللَّهُ مَن يَنصُرُهُۥٓ ۗ إِنَّ ٱللَّهَ لَقَوِىٌّ عَزِيزٌ",
        "ٱلَّذِينَ إِن مَّكَّنَّـٰهُمْ فِى ٱلْأَرْضِ أَقَامُوا۟ ٱلصَّلَوٰةَ وَءَاتَوُا۟ ٱلزَّكَوٰةَ وَأَمَرُوا۟ بِٱلْمَعْرُوفِ وَنَهَوْا۟ عَنِ ٱلْمُنكَرِ ۗ وَلِلَّهِ عَـٰقِبَةُ ٱلْأُمُورِ",
        "وَإِن يُكَذِّبُوكَ فَقَدْ كَذَّبَتْ قَبْلَهُمْ قَوْمُ نُوحٍ وَعَادٌ وَثَمُودُ",
        "وَقَوْمُ إِبْرَٰهِيمَ وَقَوْمُ لُوطٍ",
        "وَأَصْحَـٰبُ مَدْيَنَ ۖ وَكُذِّبَ مُوسَىٰ فَأَمْلَيْتُ لِلْكَـٰفِرِينَ ثُمَّ أَخَذْتُهُمْ ۖ فَكَيْفَ كَانَ نَكِيرِ",
        "فَكَأَيِّن مِّن قَرْيَةٍ أَهْلَكْنَـٰهَا وَهِىَ ظَالِمَةٌ فَهِىَ خَاوِيَةٌ عَلَىٰ عُرُوشِهَا وَبِئْرٍ مُّعَطَّلَةٍ وَقَصْرٍ مَّشِيدٍ",
        "أَفَلَمْ يَسِيرُوا۟ فِى ٱلْأَرْضِ فَتَكُونَ لَهُمْ قُلُوبٌ يَعْقِلُونَ بِهَآ أَوْ ءَاذَانٌ يَسْمَعُونَ بِهَا ۖ فَإِنَّهَا لَا تَعْمَى ٱلْأَبْصَـٰرُ وَلَـٰكِن تَعْمَى ٱلْقُلُوبُ ٱلَّتِى فِى ٱلصُّدُورِ",
        "وَيَسْتَعْجِلُونَكَ بِٱلْعَذَابِ وَلَن يُخْلِفَ ٱللَّهُ وَعْدَهُۥ ۚ وَإِنَّ يَوْمًا عِندَ رَبِّكَ كَأَلْفِ سَنَةٍ مِّمَّا تَعُدُّونَ",
        "وَكَأَيِّن مِّن قَرْيَةٍ أَمْلَيْتُ لَهَا وَهِىَ ظَالِمَةٌ ثُمَّ أَخَذْتُهَا وَإِلَىَّ ٱلْمَصِيرُ",
        "قُلْ يَـٰٓأَيُّهَا ٱلنَّاسُ إِنَّمَآ أَنَا۠ لَكُمْ نَذِيرٌ مُّبِينٌ",
        "فَٱلَّذِينَ ءَامَنُوا۟ وَعَمِلُوا۟ ٱلصَّـٰلِحَـٰتِ لَهُم مَّغْفِرَةٌ وَرِزْقٌ كَرِيمٌ",
        "وَٱلَّذِينَ سَعَوْا۟ فِىٓ ءَايَـٰتِنَا مُعَـٰجِزِينَ أُو۟لَـٰٓئِكَ أَصْحَـٰبُ ٱلْجَحِيمِ",
        "وَمَآ أَرْسَلْنَا مِن قَبْلِكَ مِن رَّسُولٍ وَلَا نَبِىٍّ إِلَّآ إِذَا تَمَنَّىٰٓ أَلْقَى ٱلشَّيْطَـٰنُ فِىٓ أُمْنِيَّتِهِۦ فَيَنسَخُ ٱللَّهُ مَا يُلْقِى ٱلشَّيْطَـٰنُ ثُمَّ يُحْكِمُ ٱللَّهُ ءَايَـٰتِهِۦ ۗ وَٱللَّهُ عَلِيمٌ حَكِيمٌ",
        "لِّيَجْعَلَ مَا يُلْقِى ٱلشَّيْطَـٰنُ فِتْنَةً لِّلَّذِينَ فِى قُلُوبِهِم مَّرَضٌ وَٱلْقَاسِيَةِ قُلُوبُهُمْ ۗ وَإِنَّ ٱلظَّـٰلِمِينَ لَفِى شِقَاقٍۭ بَعِيدٍ",
        "وَلِيَعْلَمَ ٱلَّذِينَ أُوتُوا۟ ٱلْعِلْمَ أَنَّهُ ٱلْحَقُّ مِن رَّبِّكَ فَيُؤْمِنُوا۟ بِهِۦ فَتُخْبِتَ لَهُۥ قُلُوبُهُمْ ۗ وَإِنَّ ٱللَّهَ لَهَادِ ٱلَّذِينَ ءَامَنُوٓا۟ إِلَىٰ صِرَٰطٍ مُّسْتَقِيمٍ",
        "وَلَا يَزَالُ ٱلَّذِينَ كَفَرُوا۟ فِى مِرْيَةٍ مِّنْهُ حَتَّىٰ تَأْتِيَهُمُ ٱلسَّاعَةُ بَغْتَةً أَوْ يَأْتِيَهُمْ عَذَابُ يَوْمٍ عَقِيمٍ",
        "ٱلْمُلْكُ يَوْمَئِذٍ لِّلَّهِ يَحْكُمُ بَيْنَهُمْ ۚ فَٱلَّذِينَ ءَامَنُوا۟ وَعَمِلُوا۟ ٱلصَّـٰلِحَـٰتِ فِى جَنَّـٰتِ ٱلنَّعِيمِ",
        "وَٱلَّذِينَ كَفَرُوا۟ وَكَذَّبُوا۟ بِـَٔايَـٰتِنَا فَأُو۟لَـٰٓئِكَ لَهُمْ عَذَابٌ مُّهِينٌ",
        "وَٱلَّذِينَ هَاجَرُوا۟ فِى سَبِيلِ ٱللَّهِ ثُمَّ قُتِلُوٓا۟ أَوْ مَاتُوا۟ لَيَرْزُقَنَّهُمُ ٱللَّهُ رِزْقًا حَسَنًا ۚ وَإِنَّ ٱللَّهَ لَهُوَ خَيْرُ ٱلرَّٰزِقِينَ",
        "لَيُدْخِلَنَّهُم مُّدْخَلًا يَرْضَوْنَهُۥ ۗ وَإِنَّ ٱللَّهَ لَعَلِيمٌ حَلِيمٌ",
        "۞ ذَٰلِكَ وَمَنْ عَاقَبَ بِمِثْلِ مَا عُوقِبَ بِهِۦ ثُمَّ بُغِىَ عَلَيْهِ لَيَنصُرَنَّهُ ٱللَّهُ ۗ إِنَّ ٱللَّهَ لَعَفُوٌّ غَفُورٌ",
        "ذَٰلِكَ بِأَنَّ ٱللَّهَ يُولِجُ ٱلَّيْلَ فِى ٱلنَّهَارِ وَيُولِجُ ٱلنَّهَارَ فِى ٱلَّيْلِ وَأَنَّ ٱللَّهَ سَمِيعٌۢ بَصِيرٌ",
        "ذَٰلِكَ بِأَنَّ ٱللَّهَ هُوَ ٱلْحَقُّ وَأَنَّ مَا يَدْعُونَ مِن دُونِهِۦ هُوَ ٱلْبَـٰطِلُ وَأَنَّ ٱللَّهَ هُوَ ٱلْعَلِىُّ ٱلْكَبِيرُ",
        "أَلَمْ تَرَ أَنَّ ٱللَّهَ أَنزَلَ مِنَ ٱلسَّمَآءِ مَآءً فَتُصْبِحُ ٱلْأَرْضُ مُخْضَرَّةً ۗ إِنَّ ٱللَّهَ لَطِيفٌ خَبِيرٌ",
        "لَّهُۥ مَا فِى ٱلسَّمَـٰوَٰتِ وَمَا فِى ٱلْأَرْضِ ۗ وَإِنَّ ٱللَّهَ لَهُوَ ٱلْغَنِىُّ ٱلْحَمِيدُ",
        "أَلَمْ تَرَ أَنَّ ٱللَّهَ سَخَّرَ لَكُم مَّا فِى ٱلْأَرْضِ وَٱلْفُلْكَ تَجْرِى فِى ٱلْبَحْرِ بِأَمْرِهِۦ وَيُمْسِكُ ٱلسَّمَآءَ أَن تَقَعَ عَلَى ٱلْأَرْضِ إِلَّا بِإِذْنِهِۦٓ ۗ إِنَّ ٱللَّهَ بِٱلنَّاسِ لَرَءُوفٌ رَّحِيمٌ",
        "وَهُوَ ٱلَّذِىٓ أَحْيَاكُمْ ثُمَّ يُمِيتُكُمْ ثُمَّ يُحْيِيكُمْ ۗ إِنَّ ٱلْإِنسَـٰنَ لَكَفُورٌ",
        "لِّكُلِّ أُمَّةٍ جَعَلْنَا مَنسَكًا هُمْ نَاسِكُوهُ ۖ فَلَا يُنَـٰزِعُنَّكَ فِى ٱلْأَمْرِ ۚ وَٱدْعُ إِلَىٰ رَبِّكَ ۖ إِنَّكَ لَعَلَىٰ هُدًى مُّسْتَقِيمٍ",
        "وَإِن جَـٰدَلُوكَ فَقُلِ ٱللَّهُ أَعْلَمُ بِمَا تَعْمَلُونَ",
        "ٱللَّهُ يَحْكُمُ بَيْنَكُمْ يَوْمَ ٱلْقِيَـٰمَةِ فِيمَا كُنتُمْ فِيهِ تَخْتَلِفُونَ",
        "أَلَمْ تَعْلَمْ أَنَّ ٱللَّهَ يَعْلَمُ مَا فِى ٱلسَّمَآءِ وَٱلْأَرْضِ ۗ إِنَّ ذَٰلِكَ فِى كِتَـٰبٍ ۚ إِنَّ ذَٰلِكَ عَلَى ٱللَّهِ يَسِيرٌ",
        "وَيَعْبُدُونَ مِن دُونِ ٱللَّهِ مَا لَمْ يُنَزِّلْ بِهِۦ سُلْطَـٰنًا وَمَا لَيْسَ لَهُم بِهِۦ عِلْمٌ ۗ وَمَا لِلظَّـٰلِمِينَ مِن نَّصِيرٍ",
        "وَإِذَا تُتْلَىٰ عَلَيْهِمْ ءَايَـٰتُنَا بَيِّنَـٰتٍ تَعْرِفُ فِى وُجُوهِ ٱلَّذِينَ كَفَرُوا۟ ٱلْمُنكَرَ ۖ يَكَادُونَ يَسْطُونَ بِٱلَّذِينَ يَتْلُونَ عَلَيْهِمْ ءَايَـٰتِنَا ۗ قُلْ أَفَأُنَبِّئُكُم بِشَرٍّ مِّن ذَٰلِكُمُ ۗ ٱلنَّارُ وَعَدَهَا ٱللَّهُ ٱلَّذِينَ كَفَرُوا۟ ۖ وَبِئْسَ ٱلْمَصِيرُ",
        "يَـٰٓأَيُّهَا ٱلنَّاسُ ضُرِبَ مَثَلٌ فَٱسْتَمِعُوا۟ لَهُۥٓ ۚ إِنَّ ٱلَّذِينَ تَدْعُونَ مِن دُونِ ٱللَّهِ لَن يَخْلُقُوا۟ ذُبَابًا وَلَوِ ٱجْتَمَعُوا۟ لَهُۥ ۖ وَإِن يَسْلُبْهُمُ ٱلذُّبَابُ شَيْـًٔا لَّا يَسْتَنقِذُوهُ مِنْهُ ۚ ضَعُفَ ٱلطَّالِبُ وَٱلْمَطْلُوبُ",
        "مَا قَدَرُوا۟ ٱللَّهَ حَقَّ قَدْرِهِۦٓ ۗ إِنَّ ٱللَّهَ لَقَوِىٌّ عَزِيزٌ",
        "ٱللَّهُ يَصْطَفِى مِنَ ٱلْمَلَـٰٓئِكَةِ رُسُلًا وَمِنَ ٱلنَّاسِ ۚ إِنَّ ٱللَّهَ سَمِيعٌۢ بَصِيرٌ",
        "يَعْلَمُ مَا بَيْنَ أَيْدِيهِمْ وَمَا خَلْفَهُمْ ۗ وَإِلَى ٱللَّهِ تُرْجَعُ ٱلْأُمُورُ",
        "يَـٰٓأَيُّهَا ٱلَّذِينَ ءَامَنُوا۟ ٱرْكَعُوا۟ وَٱسْجُدُوا۟ وَٱعْبُدُوا۟ رَبَّكُمْ وَٱفْعَلُوا۟ ٱلْخَيْرَ لَعَلَّكُمْ تُفْلِحُونَ ۩",
        "وَجَـٰهِدُوا۟ فِى ٱللَّهِ حَقَّ جِهَادِهِۦ ۚ هُوَ ٱجْتَبَىٰكُمْ وَمَا جَعَلَ عَلَيْكُمْ فِى ٱلدِّينِ مِنْ حَرَجٍ ۚ مِّلَّةَ أَبِيكُمْ إِبْرَٰهِيمَ ۚ هُوَ سَمَّىٰكُمُ ٱلْمُسْلِمِينَ مِن قَبْلُ وَفِى هَـٰذَا لِيَكُونَ ٱلرَّسُولُ شَهِيدًا عَلَيْكُمْ وَتَكُونُوا۟ شُهَدَآءَ عَلَى ٱلنَّاسِ ۚ فَأَقِيمُوا۟ ٱلصَّلَوٰةَ وَءَاتُوا۟ ٱلزَّكَوٰةَ وَٱعْتَصِمُوا۟ بِٱللَّهِ هُوَ مَوْلَىٰكُمْ ۖ فَنِعْمَ ٱلْمَوْلَىٰ وَنِعْمَ ٱلنَّصِيرُ"
    ],
    "arabic2": [
        "يا ايها الناس اتقوا ربكم ان زلزلة الساعة شيء عظيم",
        "يوم ترونها تذهل كل مرضعة عما ارضعت وتضع كل ذات حمل حملها وترى الناس سكارى وما هم بسكارى ولكن عذاب الله شديد",
        "ومن الناس من يجادل في الله بغير علم ويتبع كل شيطان مريد",
        "كتب عليه انه من تولاه فانه يضله ويهديه الى عذاب السعير",
        "يا ايها الناس ان كنتم في ريب من البعث فانا خلقناكم من تراب ثم من نطفة ثم من علقة ثم من مضغة مخلقة وغير مخلقة لنبين لكم ونقر في الارحام ما نشاء الى اجل مسمى ثم نخرجكم طفلا ثم لتبلغوا اشدكم ومنكم من يتوفى ومنكم من يرد الى ارذل العمر لكيلا يعلم من بعد علم شيئا وترى الارض هامدة فاذا انزلنا عليها الماء اهتزت وربت وانبتت من كل زوج بهيج",
        "ذلك بان الله هو الحق وانه يحيي الموتى وانه على كل شيء قدير",
        "وان الساعة اتية لا ريب فيها وان الله يبعث من في القبور",
        "ومن الناس من يجادل في الله بغير علم ولا هدى ولا كتاب منير",
        "ثاني عطفه ليضل عن سبيل الله له في الدنيا خزي ونذيقه يوم القيامة عذاب الحريق",
        "ذلك بما قدمت يداك وان الله ليس بظلام للعبيد",
        "ومن الناس من يعبد الله على حرف فان اصابه خير اطمان به وان اصابته فتنة انقلب على وجهه خسر الدنيا والاخرة ذلك هو الخسران المبين",
        "يدعو من دون الله ما لا يضره وما لا ينفعه ذلك هو الضلال البعيد",
        "يدعو لمن ضره اقرب من نفعه لبئس المولى ولبئس العشير",
        "ان الله يدخل الذين امنوا وعملوا الصالحات جنات تجري من تحتها الانهار ان الله يفعل ما يريد",
        "من كان يظن ان لن ينصره الله في الدنيا والاخرة فليمدد بسبب الى السماء ثم ليقطع فلينظر هل يذهبن كيده ما يغيظ",
        "وكذلك انزلناه ايات بينات وان الله يهدي من يريد",
        "ان الذين امنوا والذين هادوا والصابئين والنصارى والمجوس والذين اشركوا ان الله يفصل بينهم يوم القيامة ان الله على كل شيء شهيد",
        "الم تر ان الله يسجد له من في السماوات ومن في الارض والشمس والقمر والنجوم والجبال والشجر والدواب وكثير من الناس وكثير حق عليه العذاب ومن يهن الله فما له من مكرم ان الله يفعل ما يشاء",
        "هذان خصمان اختصموا في ربهم فالذين كفروا قطعت لهم ثياب من نار يصب من فوق رءوسهم الحميم",
        "يصهر به ما في بطونهم والجلود",
        "ولهم مقامع من حديد",
        "كلما ارادوا ان يخرجوا منها من غم اعيدوا فيها وذوقوا عذاب الحريق",
        "ان الله يدخل الذين امنوا وعملوا الصالحات جنات تجري من تحتها الانهار يحلون فيها من اساور من ذهب ولؤلؤا ولباسهم فيها حرير",
        "وهدوا الى الطيب من القول وهدوا الى صراط الحميد",
        "ان الذين كفروا ويصدون عن سبيل الله والمسجد الحرام الذي جعلناه للناس سواء العاكف فيه والباد ومن يرد فيه بالحاد بظلم نذقه من عذاب اليم",
        "واذ بوانا لابراهيم مكان البيت ان لا تشرك بي شيئا وطهر بيتي للطائفين والقائمين والركع السجود",
        "واذن في الناس بالحج ياتوك رجالا وعلى كل ضامر ياتين من كل فج عميق",
        "ليشهدوا منافع لهم ويذكروا اسم الله في ايام معلومات على ما رزقهم من بهيمة الانعام فكلوا منها واطعموا البائس الفقير",
        "ثم ليقضوا تفثهم وليوفوا نذورهم وليطوفوا بالبيت العتيق",
        "ذلك ومن يعظم حرمات الله فهو خير له عند ربه واحلت لكم الانعام الا ما يتلى عليكم فاجتنبوا الرجس من الاوثان واجتنبوا قول الزور",
        "حنفاء لله غير مشركين به ومن يشرك بالله فكانما خر من السماء فتخطفه الطير او تهوي به الريح في مكان سحيق",
        "ذلك ومن يعظم شعائر الله فانها من تقوى القلوب",
        "لكم فيها منافع الى اجل مسمى ثم محلها الى البيت العتيق",
        "ولكل امة جعلنا منسكا ليذكروا اسم الله على ما رزقهم من بهيمة الانعام فالهكم اله واحد فله اسلموا وبشر المخبتين",
        "الذين اذا ذكر الله وجلت قلوبهم والصابرين على ما اصابهم والمقيمي الصلاة ومما رزقناهم ينفقون",
        "والبدن جعلناها لكم من شعائر الله لكم فيها خير فاذكروا اسم الله عليها صواف فاذا وجبت جنوبها فكلوا منها واطعموا القانع والمعتر كذلك سخرناها لكم لعلكم تشكرون",
        "لن ينال الله لحومها ولا دماؤها ولكن يناله التقوى منكم كذلك سخرها لكم لتكبروا الله على ما هداكم وبشر المحسنين",
        "ان الله يدافع عن الذين امنوا ان الله لا يحب كل خوان كفور",
        "اذن للذين يقاتلون بانهم ظلموا وان الله على نصرهم لقدير",
        "الذين اخرجوا من ديارهم بغير حق الا ان يقولوا ربنا الله ولولا دفع الله الناس بعضهم ببعض لهدمت صوامع وبيع وصلوات ومساجد يذكر فيها اسم الله كثيرا ولينصرن الله من ينصره ان الله لقوي عزيز",
        "الذين ان مكناهم في الارض اقاموا الصلاة واتوا الزكاة وامروا بالمعروف ونهوا عن المنكر ولله عاقبة الامور",
        "وان يكذبوك فقد كذبت قبلهم قوم نوح وعاد وثمود",
        "وقوم ابراهيم وقوم لوط",
        "واصحاب مدين وكذب موسى فامليت للكافرين ثم اخذتهم فكيف كان نكير",
        "فكاين من قرية اهلكناها وهي ظالمة فهي خاوية على عروشها وبئر معطلة وقصر مشيد",
        "افلم يسيروا في الارض فتكون لهم قلوب يعقلون بها او اذان يسمعون بها فانها لا تعمى الابصار ولكن تعمى القلوب التي في الصدور",
        "ويستعجلونك بالعذاب ولن يخلف الله وعده وان يوما عند ربك كالف سنة مما تعدون",
        "وكاين من قرية امليت لها وهي ظالمة ثم اخذتها والي المصير",
        "قل يا ايها الناس انما انا لكم نذير مبين",
        "فالذين امنوا وعملوا الصالحات لهم مغفرة ورزق كريم",
        "والذين سعوا في اياتنا معاجزين اولئك اصحاب الجحيم",
        "وما ارسلنا من قبلك من رسول ولا نبي الا اذا تمنى القى الشيطان في امنيته فينسخ الله ما يلقي الشيطان ثم يحكم الله اياته والله عليم حكيم",
        "ليجعل ما يلقي الشيطان فتنة للذين في قلوبهم مرض والقاسية قلوبهم وان الظالمين لفي شقاق بعيد",
        "وليعلم الذين اوتوا العلم انه الحق من ربك فيؤمنوا به فتخبت له قلوبهم وان الله لهاد الذين امنوا الى صراط مستقيم",
        "ولا يزال الذين كفروا في مرية منه حتى تاتيهم الساعة بغتة او ياتيهم عذاب يوم عقيم",
        "الملك يومئذ لله يحكم بينهم فالذين امنوا وعملوا الصالحات في جنات النعيم",
        "والذين كفروا وكذبوا باياتنا فاولئك لهم عذاب مهين",
        "والذين هاجروا في سبيل الله ثم قتلوا او ماتوا ليرزقنهم الله رزقا حسنا وان الله لهو خير الرازقين",
        "ليدخلنهم مدخلا يرضونه وان الله لعليم حليم",
        "ذلك ومن عاقب بمثل ما عوقب به ثم بغي عليه لينصرنه الله ان الله لعفو غفور",
        "ذلك بان الله يولج الليل في النهار ويولج النهار في الليل وان الله سميع بصير",
        "ذلك بان الله هو الحق وان ما يدعون من دونه هو الباطل وان الله هو العلي الكبير",
        "الم تر ان الله انزل من السماء ماء فتصبح الارض مخضرة ان الله لطيف خبير",
        "له ما في السماوات وما في الارض وان الله لهو الغني الحميد",
        "الم تر ان الله سخر لكم ما في الارض والفلك تجري في البحر بامره ويمسك السماء ان تقع على الارض الا باذنه ان الله بالناس لرءوف رحيم",
        "وهو الذي احياكم ثم يميتكم ثم يحييكم ان الانسان لكفور",
        "لكل امة جعلنا منسكا هم ناسكوه فلا ينازعنك في الامر وادع الى ربك انك لعلى هدى مستقيم",
        "وان جادلوك فقل الله اعلم بما تعملون",
        "الله يحكم بينكم يوم القيامة فيما كنتم فيه تختلفون",
        "الم تعلم ان الله يعلم ما في السماء والارض ان ذلك في كتاب ان ذلك على الله يسير",
        "ويعبدون من دون الله ما لم ينزل به سلطانا وما ليس لهم به علم وما للظالمين من نصير",
        "واذا تتلى عليهم اياتنا بينات تعرف في وجوه الذين كفروا المنكر يكادون يسطون بالذين يتلون عليهم اياتنا قل افانبئكم بشر من ذلكم النار وعدها الله الذين كفروا وبئس المصير",
        "يا ايها الناس ضرب مثل فاستمعوا له ان الذين تدعون من دون الله لن يخلقوا ذبابا ولو اجتمعوا له وان يسلبهم الذباب شيئا لا يستنقذوه منه ضعف الطالب والمطلوب",
        "ما قدروا الله حق قدره ان الله لقوي عزيز",
        "الله يصطفي من الملائكة رسلا ومن الناس ان الله سميع بصير",
        "يعلم ما بين ايديهم وما خلفهم والى الله ترجع الامور",
        "يا ايها الذين امنوا اركعوا واسجدوا واعبدوا ربكم وافعلوا الخير لعلكم تفلحون",
        "وجاهدوا في الله حق جهاده هو اجتباكم وما جعل عليكم في الدين من حرج ملة ابيكم ابراهيم هو سماكم المسلمين من قبل وفي هذا ليكون الرسول شهيدا عليكم وتكونوا شهداء على الناس فاقيموا الصلاة واتوا الزكاة واعتصموا بالله هو مولاكم فنعم المولى ونعم النصير"
    ]
}