{
    "surahName": "Al-Muminoon",
    "surahNameArabic": "المؤمنون",
    "surahNameArabicLong": "سورة المؤمنون",
    "surahNameTranslation": "The Believers",
    "revelationPlace": "Mecca",
    "totalAyah": 118,
    "surahNo": 23,
    "english": [
        "Successful indeed are the believers:",
        "those who humble themselves in prayer;",
        "those who avoid idle talk;",
        "those who pay alms-tax;",
        "those who guard their chastity",
        "except with their wives or those ˹bondwomen˺ in their possession, for then they are free from blame",
        "but whoever seeks beyond that are the transgressors;",
        "˹the believers are also˺ those who are true to their trusts and covenants;",
        "and those who are ˹properly˺ observant of their prayers.",
        "These are the ones who will be awarded",
        "Paradise as their own. They will be there forever.",
        "And indeed, We created humankind from an extract of clay",
        "then placed each ˹human˺ as a sperm-drop in a secure place",
        "then We developed the drop into a clinging clot ˹of blood˺, then developed the clot into a lump ˹of flesh˺, then developed the lump into bones, then clothed the bones with flesh, then We brought it into being as a new creation. So Blessed is Allah, the Best of Creators.",
        "After that you will surely die",
        "then on the Day of Judgment you will be resurrected.",
        "And indeed, We created above you seven levels ˹of heaven˺. We are never unmindful of ˹Our˺ creation.",
        "We send down rain from the sky in perfect measure, causing it to soak into the earth. And We are surely able to take it away.",
        "With it We produce for you gardens of palm trees and grapevines, in which there are abundant fruits, and from which you may eat",
        "as well as ˹olive˺ trees which grow at Mount Sinai, providing oil and a condiment to eat.",
        "And there is certainly a lesson for you in cattle, from whose bellies We give you ˹milk˺ to drink, and in them are many other benefits for you, and from them you may eat.",
        "And you are carried upon ˹some of˺ them and upon ships.",
        "Indeed, We sent Noah to his people. He declared, “O my people! Worship Allah ˹alone˺. You have no god other than Him. Will you not then fear ˹Him˺?”",
        "But the disbelieving chiefs of his people said ˹to the masses˺, “This is only a human like you, who wants to be superior to you. Had Allah willed, He could have easily sent down angels ˹instead˺. We have never heard of this in ˹the history of˺ our forefathers.",
        "He is simply insane, so bear with him for a while.”",
        "Noah prayed, “My Lord! Help me, because they have denied ˹me˺.”",
        "So We inspired him: “Build the Ark under Our ˹watchful˺ Eyes and directions. Then when Our command comes and the oven bursts ˹with water˺, take on board a pair from every species along with your family—except those against whom the decree ˹to drown˺ has already been passed. And do not plead with Me for those who have done wrong, for they will surely be drowned.”",
        "Then when you and those with you have settled in the Ark, say, “All praise is for Allah, Who saved us from the wrongdoing people.”",
        "And pray, “My Lord! Allow me a blessed landing, for You are the best accommodator.”",
        "Surely in this are lessons. And We ˹always˺ put ˹people˺ to the test.",
        "Then We raised another generation after them",
        "and sent to them a messenger from among themselves, ˹declaring,˺ “Worship Allah ˹alone˺. You have no god other than Him. Will you not then fear ˹Him˺?”",
        "But the chiefs of his people—who disbelieved, denied the meeting ˹with Allah˺ in the Hereafter, and were spoiled by the worldly luxuries We had provided for them—said ˹to the masses˺, “This is only a human like you. He eats what you eat, and drinks what you drink.",
        "And if you ˹ever˺ obey a human like yourselves, then you would certainly be losers.",
        "Does he promise you that once you are dead and reduced to dust and bones, you will be brought forth ˹alive˺?",
        "Impossible, simply impossible is what you are promised!",
        "There is nothing beyond our worldly life. We die, others are born, and none will be resurrected.",
        "He is no more than a man who has fabricated a lie about Allah, and we will never believe in him.”",
        "The messenger prayed, “My Lord! Help me, because they have denied ˹me˺.”",
        "Allah responded, “Soon they will be truly regretful.”",
        "Then the ˹mighty˺ blast overtook them with justice, and We reduced them to rubble. So away with the wrongdoing people!",
        "Then We raised other generations after them.",
        "No people can advance their doom, nor can they delay it.",
        "Then We sent Our messengers in succession: whenever a messenger came to his people, they denied him. So We destroyed them, one after the other, reducing them to ˹cautionary˺ tales. So away with the people who refuse to believe!",
        "Then We sent Moses and his brother Aaron with Our signs and compelling proof",
        "to Pharaoh and his chiefs, but they behaved arrogantly and were a tyrannical people.",
        "They argued, “Will we believe in two humans, like ourselves, whose people are slaves to us?”",
        "So they rejected them both, and ˹so˺ were among those destroyed.",
        "And We certainly gave Moses the Scripture, so perhaps his people would be ˹rightly˺ guided.",
        "And We made the son of Mary and his mother a sign, and gave them refuge on high ground—a ˹suitable˺ place for rest with flowing water.",
        "O messengers! Eat from what is good and lawful, and act righteously. Indeed, I fully know what you do.",
        "Surely this religion of yours is ˹only˺ one, and I am your Lord, so fear Me ˹alone˺.",
        "Yet the people have divided it into different sects, each rejoicing in what they have.",
        "So leave them ˹O Prophet˺ in their heedlessness for a while.",
        "Do they think, since We provide them with wealth and children",
        "that We hasten to ˹honour˺ them ˹with˺ all kinds of good? No! They are not aware.",
        "Surely those who tremble in awe of their Lord",
        "and who believe in the revelations of their Lord",
        "and who associate none with their Lord",
        "and who do whatever ˹good˺ they do with their hearts fearful, ˹knowing˺ that they will return to their Lord—",
        "it is they who race to do good deeds, always taking the lead.",
        "We never require of any soul more than what it can afford. And with Us is a record which speaks the truth. None will be wronged.",
        "But the hearts of those ˹who disbelieve˺ are oblivious to ˹all of˺ this, and they have other ˹evil˺ deeds, opposite to this, in which they are engrossed.",
        "But as soon as We seize their elite with torment, they start to cry for help.",
        "˹They will be told,˺ “Do not cry for help today. Surely you will never be saved from Us.",
        "Indeed, My revelations were recited to you, but you used to back away ˹in disgust˺",
        "boasting of the Sacred House, and babbling ˹nonsense about the Quran˺ by night.”",
        "Is it because they have never contemplated the Word ˹of Allah˺? Or ˹because˺ there has come to them something that did not come to their forefathers?",
        "Or ˹because˺ they failed to recognize their Messenger, and so they denied him?",
        "Or ˹because˺ they say, “He is insane?” In fact, he has come to them with the truth, but most of them are resentful of the truth.",
        "Had the truth followed their desires, the heavens, the earth, and all those in them would have certainly been corrupted. In fact, We have brought them ˹the means to˺ their glory, but they turn away from it.",
        "Or ˹is it because˺ you ˹O Prophet˺ are asking them for tribute? But the reward of your Lord is best, for He is the Best Provider.",
        "And surely you are calling them to the Straight Path",
        "but those who disbelieve in the Hereafter are certainly deviating from that Path.",
        "˹Even˺ if We had mercy on them and removed their affliction, they would still persist in their transgression, wandering blindly.",
        "And We have already seized them with torment, but they never humbled themselves to their Lord, nor did they ˹submissively˺ appeal ˹to Him˺.",
        "But as soon as We open for them a gate of severe punishment, they will be utterly desperate.",
        "He is the One Who created for you hearing, sight, and intellect. ˹Yet˺ you hardly give any thanks.",
        "And He is the One Who has dispersed you ˹all˺ over the earth, and to Him you will ˹all˺ be gathered.",
        "And He is the One Who gives life and causes death, and to Him belongs the alternation of the day and night. Will you not then understand?",
        "But they ˹just˺ say what their predecessors said.",
        "They said, “Once we are dead and reduced to dust and bones, will we really be resurrected?",
        "We have already been promised this, as well as our forefathers earlier. This is nothing but ancient fables!”",
        "Ask ˹them, O  Prophet˺, “To whom belong the earth and all those on it, if you ˹really˺ know?”",
        "They will reply, “To Allah!” Say, “Why are you not then mindful?”",
        "˹And˺ ask ˹them˺, “Who is the Lord of the seven heavens and the Lord of the Mighty Throne?”",
        "They will reply, “Allah.” Say, “Will you not then fear ˹Him˺?”",
        "Ask ˹them also,˺ “In Whose Hands is the authority over all things, protecting ˹all˺ while none can protect against Him, if you ˹really˺ know?”",
        "They will reply, “Allah.” Say, “How are you then so deluded?”",
        "In fact, We have brought them the truth, and they are certainly liars.",
        "Allah has never had ˹any˺ offspring, nor is there any god besides Him. Otherwise, each god would have taken away what he created, and they would have tried to dominate one another. Glorified is Allah above what they claim!",
        "˹He is the˺ Knower of the seen and unseen. Exalted is He above what they associate ˹with Him˺.",
        "Say, ˹O Prophet,˺ “My Lord! Should You show me what they are threatened with",
        "then, my Lord, do not count me among the wrongdoing people.”",
        "We are indeed able to show you what We have threatened them with.",
        "Respond to evil with what is best. We know well what they claim.",
        "And say, “My Lord! I seek refuge in You from the temptations of the devils.",
        "And I seek refuge in You, my Lord, that they ˹even˺ come near me.”",
        "When death approaches any of them, they cry, “My Lord! Let me go back",
        "so I may do good in what I left behind.” Never! It is only a ˹useless˺ appeal they make. And there is a barrier behind them until the Day they are resurrected.",
        "Then, when the Trumpet will be blown, there will be no kinship between them on that Day, nor will they ˹even care to˺ ask about one another.",
        "As for those whose scale is heavy ˹with good deeds˺, it is they who will be successful.",
        "But those whose scale is light, they will have doomed themselves, staying in Hell forever.",
        "The Fire will burn their faces, leaving them deformed.",
        "˹It will be said,˺ “Were My revelations not recited to you, but you used to deny them?”",
        "They will cry, “Our Lord! Our ill-fate took hold of us, so we became a misguided people.",
        "Our Lord! Take us out of this ˹Fire˺. Then if we ever return ˹to denial˺, we will truly be wrongdoers.”",
        "Allah will respond, “Be despised in there! Do not ˹ever˺ plead with Me ˹again˺!",
        "Indeed, there was a group of My servants who used to pray, ‘Our Lord! We have believed, so forgive us and have mercy on us, for You are the best of those who show mercy,’",
        "but you were ˹so busy˺ making fun of them that it made you forget My remembrance. And you used to laugh at them.",
        "Today I have indeed rewarded them for their perseverance: they are certainly the triumphant.”",
        "He will ask ˹them˺, “How many years did you remain on earth?”",
        "They will reply, “We remained ˹only˺ a day or part of a day. But ask those who kept count.”",
        "He will say, “You only remained for a little while, if only you knew.",
        "Did you then think that We had created you without purpose, and that you would never be returned to Us?”",
        "Exalted is Allah, the True King! There is no god ˹worthy of worship˺ except Him, the Lord of the Honourable Throne.",
        "Whoever invokes, besides Allah, another god—for which they can have no proof—they will surely find their penalty with their Lord. Indeed, the disbelievers will never succeed.",
        "Say, ˹O Prophet,˺ “My Lord! Forgive and have mercy, for You are the best of those who show mercy.”"
    ],
    "arabic1": [
        " قَدْ أَفْلَحَ ٱلْمُؤْمِنُونَ",
        "ٱلَّذِينَ هُمْ فِى صَلَاتِهِمْ خَـٰشِعُونَ",
        "وَٱلَّذِينَ هُمْ عَنِ ٱللَّغْوِ مُعْرِضُونَ",
        "وَٱلَّذِينَ هُمْ لِلزَّكَوٰةِ فَـٰعِلُونَ",
        "وَٱلَّذِينَ هُمْ لِفُرُوجِهِمْ حَـٰفِظُونَ",
        "إِلَّا عَلَىٰٓ أَزْوَٰجِهِمْ أَوْ مَا مَلَكَتْ أَيْمَـٰنُهُمْ فَإِنَّهُمْ غَيْرُ مَلُومِينَ",
        "فَمَنِ ٱبْتَغَىٰ وَرَآءَ ذَٰلِكَ فَأُو۟لَـٰٓئِكَ هُمُ ٱلْعَادُونَ",
        "وَٱلَّذِينَ هُمْ لِأَمَـٰنَـٰتِهِمْ وَعَهْدِهِمْ رَٰعُونَ",
        "وَٱلَّذِينَ هُمْ عَلَىٰ صَلَوَٰتِهِمْ يُحَافِظُونَ",
        "أُو۟لَـٰٓئِكَ هُمُ ٱلْوَٰرِثُونَ",
        "ٱلَّذِينَ يَرِثُونَ ٱلْفِرْدَوْسَ هُمْ فِيهَا خَـٰلِدُونَ",
        "وَلَقَدْ خَلَقْنَا ٱلْإِنسَـٰنَ مِن سُلَـٰلَةٍ مِّن طِينٍ",
        "ثُمَّ جَعَلْنَـٰهُ نُطْفَةً فِى قَرَارٍ مَّكِينٍ",
        "ثُمَّ خَلَقْنَا ٱلنُّطْفَةَ عَلَقَةً فَخَلَقْنَا ٱلْعَلَقَةَ مُضْغَةً فَخَلَقْنَا ٱلْمُضْغَةَ عِظَـٰمًا فَكَسَوْنَا ٱلْعِظَـٰمَ لَحْمًا ثُمَّ أَنشَأْنَـٰهُ خَلْقًا ءَاخَرَ ۚ فَتَبَارَكَ ٱللَّهُ أَحْسَنُ ٱلْخَـٰلِقِينَ",
        "ثُمَّ إِنَّكُم بَعْدَ ذَٰلِكَ لَمَيِّتُونَ",
        "ثُمَّ إِنَّكُمْ يَوْمَ ٱلْقِيَـٰمَةِ تُبْعَثُونَ",
        "وَلَقَدْ خَلَقْنَا فَوْقَكُمْ سَبْعَ طَرَآئِقَ وَمَا كُنَّا عَنِ ٱلْخَلْقِ غَـٰفِلِينَ",
        "وَأَنزَلْنَا مِنَ ٱلسَّمَآءِ مَآءًۢ بِقَدَرٍ فَأَسْكَنَّـٰهُ فِى ٱلْأَرْضِ ۖ وَإِنَّا عَلَىٰ ذَهَابٍۭ بِهِۦ لَقَـٰدِرُونَ",
        "فَأَنشَأْنَا لَكُم بِهِۦ جَنَّـٰتٍ مِّن نَّخِيلٍ وَأَعْنَـٰبٍ لَّكُمْ فِيهَا فَوَٰكِهُ كَثِيرَةٌ وَمِنْهَا تَأْكُلُونَ",
        "وَشَجَرَةً تَخْرُجُ مِن طُورِ سَيْنَآءَ تَنۢبُتُ بِٱلدُّهْنِ وَصِبْغٍ لِّلْـَٔاكِلِينَ",
        "وَإِنَّ لَكُمْ فِى ٱلْأَنْعَـٰمِ لَعِبْرَةً ۖ نُّسْقِيكُم مِّمَّا فِى بُطُونِهَا وَلَكُمْ فِيهَا مَنَـٰفِعُ كَثِيرَةٌ وَمِنْهَا تَأْكُلُونَ",
        "وَعَلَيْهَا وَعَلَى ٱلْفُلْكِ تُحْمَلُونَ",
        "وَلَقَدْ أَرْسَلْنَا نُوحًا إِلَىٰ قَوْمِهِۦ فَقَالَ يَـٰقَوْمِ ٱعْبُدُوا۟ ٱللَّهَ مَا لَكُم مِّنْ إِلَـٰهٍ غَيْرُهُۥٓ ۖ أَفَلَا تَتَّقُونَ",
        "فَقَالَ ٱلْمَلَؤُا۟ ٱلَّذِينَ كَفَرُوا۟ مِن قَوْمِهِۦ مَا هَـٰذَآ إِلَّا بَشَرٌ مِّثْلُكُمْ يُرِيدُ أَن يَتَفَضَّلَ عَلَيْكُمْ وَلَوْ شَآءَ ٱللَّهُ لَأَنزَلَ مَلَـٰٓئِكَةً مَّا سَمِعْنَا بِهَـٰذَا فِىٓ ءَابَآئِنَا ٱلْأَوَّلِينَ",
        "إِنْ هُوَ إِلَّا رَجُلٌۢ بِهِۦ جِنَّةٌ فَتَرَبَّصُوا۟ بِهِۦ حَتَّىٰ حِينٍ",
        "قَالَ رَبِّ ٱنصُرْنِى بِمَا كَذَّبُونِ",
        "فَأَوْحَيْنَآ إِلَيْهِ أَنِ ٱصْنَعِ ٱلْفُلْكَ بِأَعْيُنِنَا وَوَحْيِنَا فَإِذَا جَآءَ أَمْرُنَا وَفَارَ ٱلتَّنُّورُ ۙ فَٱسْلُكْ فِيهَا مِن كُلٍّ زَوْجَيْنِ ٱثْنَيْنِ وَأَهْلَكَ إِلَّا مَن سَبَقَ عَلَيْهِ ٱلْقَوْلُ مِنْهُمْ ۖ وَلَا تُخَـٰطِبْنِى فِى ٱلَّذِينَ ظَلَمُوٓا۟ ۖ إِنَّهُم مُّغْرَقُونَ",
        "فَإِذَا ٱسْتَوَيْتَ أَنتَ وَمَن مَّعَكَ عَلَى ٱلْفُلْكِ فَقُلِ ٱلْحَمْدُ لِلَّهِ ٱلَّذِى نَجَّىٰنَا مِنَ ٱلْقَوْمِ ٱلظَّـٰلِمِينَ",
        "وَقُل رَّبِّ أَنزِلْنِى مُنزَلًا مُّبَارَكًا وَأَنتَ خَيْرُ ٱلْمُنزِلِينَ",
        "إِنَّ فِى ذَٰلِكَ لَـَٔايَـٰتٍ وَإِن كُنَّا لَمُبْتَلِينَ",
        "ثُمَّ أَنشَأْنَا مِنۢ بَعْدِهِمْ قَرْنًا ءَاخَرِينَ",
        "فَأَرْسَلْنَا فِيهِمْ رَسُولًا مِّنْهُمْ أَنِ ٱعْبُدُوا۟ ٱللَّهَ مَا لَكُم مِّنْ إِلَـٰهٍ غَيْرُهُۥٓ ۖ أَفَلَا تَتَّقُونَ",
        "وَقَالَ ٱلْمَلَأُ مِن قَوْمِهِ ٱلَّذِينَ كَفَرُوا۟ وَكَذَّبُوا۟ بِلِقَآءِ ٱلْـَٔاخِرَةِ وَأَتْرَفْنَـٰهُمْ فِى ٱلْحَيَوٰةِ ٱلدُّنْيَا مَا هَـٰذَآ إِلَّا بَشَرٌ مِّثْلُكُمْ يَأْكُلُ مِمَّا تَأْكُلُونَ مِنْهُ وَيَشْرَبُ مِمَّا تَشْرَبُونَ",
        "وَلَئِنْ أَطَعْتُم بَشَرًا مِّثْلَكُمْ إِنَّكُمْ إِذًا لَّخَـٰسِرُونَ",
        "أَيَعِدُكُمْ أَنَّكُمْ إِذَا مِتُّمْ وَكُنتُمْ تُرَابًا وَعِظَـٰمًا أَنَّكُم مُّخْرَجُونَ",
        "۞ هَيْهَاتَ هَيْهَاتَ لِمَا تُوعَدُونَ",
        "إِنْ هِىَ إِلَّا حَيَاتُنَا ٱلدُّنْيَا نَمُوتُ وَنَحْيَا وَمَا نَحْنُ بِمَبْعُوثِينَ",
        "إِنْ هُوَ إِلَّا رَجُلٌ ٱفْتَرَىٰ عَلَى ٱللَّهِ كَذِبًا وَمَا نَحْنُ لَهُۥ بِمُؤْمِنِينَ",
        "قَالَ رَبِّ ٱنصُرْنِى بِمَا كَذَّبُونِ",
        "قَالَ عَمَّا قَلِيلٍ لَّيُصْبِحُنَّ نَـٰدِمِينَ",
        "فَأَخَذَتْهُمُ ٱلصَّيْحَةُ بِٱلْحَقِّ فَجَعَلْنَـٰهُمْ غُثَآءً ۚ فَبُعْدًا لِّلْقَوْمِ ٱلظَّـٰلِمِينَ",
        "ثُمَّ أَنشَأْنَا مِنۢ بَعْدِهِمْ قُرُونًا ءَاخَرِينَ",
        "مَا تَسْبِقُ مِنْ أُمَّةٍ أَجَلَهَا وَمَا يَسْتَـْٔخِرُونَ",
        "ثُمَّ أَرْسَلْنَا رُسُلَنَا تَتْرَا ۖ كُلَّ مَا جَآءَ أُمَّةً رَّسُولُهَا كَذَّبُوهُ ۚ فَأَتْبَعْنَا بَعْضَهُم بَعْضًا وَجَعَلْنَـٰهُمْ أَحَادِيثَ ۚ فَبُعْدًا لِّقَوْمٍ لَّا يُؤْمِنُونَ",
        "ثُمَّ أَرْسَلْنَا مُوسَىٰ وَأَخَاهُ هَـٰرُونَ بِـَٔايَـٰتِنَا وَسُلْطَـٰنٍ مُّبِينٍ",
        "إِلَىٰ فِرْعَوْنَ وَمَلَإِي۟هِۦ فَٱسْتَكْبَرُوا۟ وَكَانُوا۟ قَوْمًا عَالِينَ",
        "فَقَالُوٓا۟ أَنُؤْمِنُ لِبَشَرَيْنِ مِثْلِنَا وَقَوْمُهُمَا لَنَا عَـٰبِدُونَ",
        "فَكَذَّبُوهُمَا فَكَانُوا۟ مِنَ ٱلْمُهْلَكِينَ",
        "وَلَقَدْ ءَاتَيْنَا مُوسَى ٱلْكِتَـٰبَ لَعَلَّهُمْ يَهْتَدُونَ",
        "وَجَعَلْنَا ٱبْنَ مَرْيَمَ وَأُمَّهُۥٓ ءَايَةً وَءَاوَيْنَـٰهُمَآ إِلَىٰ رَبْوَةٍ ذَاتِ قَرَارٍ وَمَعِينٍ",
        "يَـٰٓأَيُّهَا ٱلرُّسُلُ كُلُوا۟ مِنَ ٱلطَّيِّبَـٰتِ وَٱعْمَلُوا۟ صَـٰلِحًا ۖ إِنِّى بِمَا تَعْمَلُونَ عَلِيمٌ",
        "وَإِنَّ هَـٰذِهِۦٓ أُمَّتُكُمْ أُمَّةً وَٰحِدَةً وَأَنَا۠ رَبُّكُمْ فَٱتَّقُونِ",
        "فَتَقَطَّعُوٓا۟ أَمْرَهُم بَيْنَهُمْ زُبُرًا ۖ كُلُّ حِزْبٍۭ بِمَا لَدَيْهِمْ فَرِحُونَ",
        "فَذَرْهُمْ فِى غَمْرَتِهِمْ حَتَّىٰ حِينٍ",
        "أَيَحْسَبُونَ أَنَّمَا نُمِدُّهُم بِهِۦ مِن مَّالٍ وَبَنِينَ",
        "نُسَارِعُ لَهُمْ فِى ٱلْخَيْرَٰتِ ۚ بَل لَّا يَشْعُرُونَ",
        "إِنَّ ٱلَّذِينَ هُم مِّنْ خَشْيَةِ رَبِّهِم مُّشْفِقُونَ",
        "وَٱلَّذِينَ هُم بِـَٔايَـٰتِ رَبِّهِمْ يُؤْمِنُونَ",
        "وَٱلَّذِينَ هُم بِرَبِّهِمْ لَا يُشْرِكُونَ",
        "وَٱلَّذِينَ يُؤْتُونَ مَآ ءَاتَوا۟ وَّقُلُوبُهُمْ وَجِلَةٌ أَنَّهُمْ إِلَىٰ رَبِّهِمْ رَٰجِعُونَ",
        "أُو۟لَـٰٓئِكَ يُسَـٰرِعُونَ فِى ٱلْخَيْرَٰتِ وَهُمْ لَهَا سَـٰبِقُونَ",
        "وَلَا نُكَلِّفُ نَفْسًا إِلَّا وُسْعَهَا ۖ وَلَدَيْنَا كِتَـٰبٌ يَنطِقُ بِٱلْحَقِّ ۚ وَهُمْ لَا يُظْلَمُونَ",
        "بَلْ قُلُوبُهُمْ فِى غَمْرَةٍ مِّنْ هَـٰذَا وَلَهُمْ أَعْمَـٰلٌ مِّن دُونِ ذَٰلِكَ هُمْ لَهَا عَـٰمِلُونَ",
        "حَتَّىٰٓ إِذَآ أَخَذْنَا مُتْرَفِيهِم بِٱلْعَذَابِ إِذَا هُمْ يَجْـَٔرُونَ",
        "لَا تَجْـَٔرُوا۟ ٱلْيَوْمَ ۖ إِنَّكُم مِّنَّا لَا تُنصَرُونَ",
        "قَدْ كَانَتْ ءَايَـٰتِى تُتْلَىٰ عَلَيْكُمْ فَكُنتُمْ عَلَىٰٓ أَعْقَـٰبِكُمْ تَنكِصُونَ",
        "مُسْتَكْبِرِينَ بِهِۦ سَـٰمِرًا تَهْجُرُونَ",
        "أَفَلَمْ يَدَّبَّرُوا۟ ٱلْقَوْلَ أَمْ جَآءَهُم مَّا لَمْ يَأْتِ ءَابَآءَهُمُ ٱلْأَوَّلِينَ",
        "أَمْ لَمْ يَعْرِفُوا۟ رَسُولَهُمْ فَهُمْ لَهُۥ مُنكِرُونَ",
        "أَمْ يَقُولُونَ بِهِۦ جِنَّةٌۢ ۚ بَلْ جَآءَهُم بِٱلْحَقِّ وَأَكْثَرُهُمْ لِلْحَقِّ كَـٰرِهُونَ",
        "وَلَوِ ٱتَّبَعَ ٱلْحَقُّ أَهْوَآءَهُمْ لَفَسَدَتِ ٱلسَّمَـٰوَٰتُ وَٱلْأَرْضُ وَمَن فِيهِنَّ ۚ بَلْ أَتَيْنَـٰهُم بِذِكْرِهِمْ فَهُمْ عَن ذِكْرِهِم مُّعْرِضُونَ",
        "أَمْ تَسْـَٔلُهُمْ خَرْجًا فَخَرَاجُ رَبِّكَ خَيْرٌ ۖ وَهُوَ خَيْرُ ٱلرَّٰزِقِينَ",
        "وَإِنَّكَ لَتَدْعُوهُمْ إِلَىٰ صِرَٰطٍ مُّسْتَقِيمٍ",
        "وَإِنَّ ٱلَّذِينَ لَا يُؤْمِنُونَ بِٱلْـَٔاخِرَةِ عَنِ ٱلصِّرَٰطِ لَنَـٰكِبُونَ",
        "۞ وَلَوْ رَحِمْنَـٰهُمْ وَكَشَفْنَا مَا بِهِم مِّن ضُرٍّ لَّلَجُّوا۟ فِى طُغْيَـٰنِهِمْ يَعْمَهُونَ",
        "وَلَقَدْ أَخَذْنَـٰهُم بِٱلْعَذَابِ فَمَا ٱسْتَكَانُوا۟ لِرَبِّهِمْ وَمَا يَتَضَرَّعُونَ",
        "حَتَّىٰٓ إِذَا فَتَحْنَا عَلَيْهِم بَابًا ذَا عَذَابٍ شَدِيدٍ إِذَا هُمْ فِيهِ مُبْلِسُونَ",
        "وَهُوَ ٱلَّذِىٓ أَنشَأَ لَكُمُ ٱلسَّمْعَ وَٱلْأَبْصَـٰرَ وَٱلْأَفْـِٔدَةَ ۚ قَلِيلًا مَّا تَشْكُرُونَ",
        "وَهُوَ ٱلَّذِى ذَرَأَكُمْ فِى ٱلْأَرْضِ وَإِلَيْهِ تُحْشَرُونَ",
        "وَهُوَ ٱلَّذِى يُحْىِۦ وَيُمِيتُ وَلَهُ ٱخْتِلَـٰفُ ٱلَّيْلِ وَٱلنَّهَارِ ۚ أَفَلَا تَعْقِلُونَ",
        "بَلْ قَالُوا۟ مِثْلَ مَا قَالَ ٱلْأَوَّلُونَ",
        "قَالُوٓا۟ أَءِذَا مِتْنَا وَكُنَّا تُرَابًا وَعِظَـٰمًا أَءِنَّا لَمَبْعُوثُونَ",
        "لَقَدْ وُعِدْنَا نَحْنُ وَءَابَآؤُنَا هَـٰذَا مِن قَبْلُ إِنْ هَـٰذَآ إِلَّآ أَسَـٰطِيرُ ٱلْأَوَّلِينَ",
        "قُل لِّمَنِ ٱلْأَرْضُ وَمَن فِيهَآ إِن كُنتُمْ تَعْلَمُونَ",
        "سَيَقُولُونَ لِلَّهِ ۚ قُلْ أَفَلَا تَذَكَّرُونَ",
        "قُلْ مَن رَّبُّ ٱلسَّمَـٰوَٰتِ ٱلسَّبْعِ وَرَبُّ ٱلْعَرْشِ ٱلْعَظِيمِ",
        "سَيَقُولُونَ لِلَّهِ ۚ قُلْ أَفَلَا تَتَّقُونَ",
        "قُلْ مَنۢ بِيَدِهِۦ مَلَكُوتُ كُلِّ شَىْءٍ وَهُوَ يُجِيرُ وَلَا يُجَارُ عَلَيْهِ إِن كُنتُمْ تَعْلَمُونَ",
        "سَيَقُولُونَ لِلَّهِ ۚ قُلْ فَأَنَّىٰ تُسْحَرُونَ",
        "بَلْ أَتَيْنَـٰهُم بِٱلْحَقِّ وَإِنَّهُمْ لَكَـٰذِبُونَ",
        "مَا ٱتَّخَذَ ٱللَّهُ مِن وَلَدٍ وَمَا كَانَ مَعَهُۥ مِنْ إِلَـٰهٍ ۚ إِذًا لَّذَهَبَ كُلُّ إِلَـٰهٍۭ بِمَا خَلَقَ وَلَعَلَا بَعْضُهُمْ عَلَىٰ بَعْضٍ ۚ سُبْحَـٰنَ ٱللَّهِ عَمَّا يَصِفُونَ",
        "عَـٰلِمِ ٱلْغَيْبِ وَٱلشَّهَـٰدَةِ فَتَعَـٰلَىٰ عَمَّا يُشْرِكُونَ",
        "قُل رَّبِّ إِمَّا تُرِيَنِّى مَا يُوعَدُونَ",
        "رَبِّ فَلَا تَجْعَلْنِى فِى ٱلْقَوْمِ ٱلظَّـٰلِمِينَ",
        "وَإِنَّا عَلَىٰٓ أَن نُّرِيَكَ مَا نَعِدُهُمْ لَقَـٰدِرُونَ",
        "ٱدْفَعْ بِٱلَّتِى هِىَ أَحْسَنُ ٱلسَّيِّئَةَ ۚ نَحْنُ أَعْلَمُ بِمَا يَصِفُونَ",
        "وَقُل رَّبِّ أَعُوذُ بِكَ مِنْ هَمَزَٰتِ ٱلشَّيَـٰطِينِ",
        "وَأَعُوذُ بِكَ رَبِّ أَن يَحْضُرُونِ",
        "حَتَّىٰٓ إِذَا جَآءَ أَحَدَهُمُ ٱلْمَوْتُ قَالَ رَبِّ ٱرْجِعُونِ",
        "لَعَلِّىٓ أَعْمَلُ صَـٰلِحًا فِيمَا تَرَكْتُ ۚ كَلَّآ ۚ إِنَّهَا كَلِمَةٌ هُوَ قَآئِلُهَا ۖ وَمِن وَرَآئِهِم بَرْزَخٌ إِلَىٰ يَوْمِ يُبْعَثُونَ",
        "فَإِذَا نُفِخَ فِى ٱلصُّورِ فَلَآ أَنسَابَ بَيْنَهُمْ يَوْمَئِذٍ وَلَا يَتَسَآءَلُونَ",
        "فَمَن ثَقُلَتْ مَوَٰزِينُهُۥ فَأُو۟لَـٰٓئِكَ هُمُ ٱلْمُفْلِحُونَ",
        "وَمَنْ خَفَّتْ مَوَٰزِينُهُۥ فَأُو۟لَـٰٓئِكَ ٱلَّذِينَ خَسِرُوٓا۟ أَنفُسَهُمْ فِى جَهَنَّمَ خَـٰلِدُونَ",
        "تَلْفَحُ وُجُوهَهُمُ ٱلنَّارُ وَهُمْ فِيهَا كَـٰلِحُونَ",
        "أَلَمْ تَكُنْ ءَايَـٰتِى تُتْلَىٰ عَلَيْكُمْ فَكُنتُم بِهَا تُكَذِّبُونَ",
        "قَالُوا۟ رَبَّنَا غَلَبَتْ عَلَيْنَا شِقْوَتُنَا وَكُنَّا قَوْمًا ضَآلِّينَ",
        "رَبَّنَآ أَخْرِجْنَا مِنْهَا فَإِنْ عُدْنَا فَإِنَّا ظَـٰلِمُونَ",
        "قَالَ ٱخْسَـُٔوا۟ فِيهَا وَلَا تُكَلِّمُونِ",
        "إِنَّهُۥ كَانَ فَرِيقٌ مِّنْ عِبَادِى يَقُولُونَ رَبَّنَآ ءَامَنَّا فَٱغْفِرْ لَنَا وَٱرْحَمْنَا وَأَنتَ خَيْرُ ٱلرَّٰحِمِينَ",
        "فَٱتَّخَذْتُمُوهُمْ سِخْرِيًّا حَتَّىٰٓ أَنسَوْكُمْ ذِكْرِى وَكُنتُم مِّنْهُمْ تَضْحَكُونَ",
        "إِنِّى جَزَيْتُهُمُ ٱلْيَوْمَ بِمَا صَبَرُوٓا۟ أَنَّهُمْ هُمُ ٱلْفَآئِزُونَ",
        "قَـٰلَ كَمْ لَبِثْتُمْ فِى ٱلْأَرْضِ عَدَدَ سِنِينَ",
        "قَالُوا۟ لَبِثْنَا يَوْمًا أَوْ بَعْضَ يَوْمٍ فَسْـَٔلِ ٱلْعَآدِّينَ",
        "قَـٰلَ إِن لَّبِثْتُمْ إِلَّا قَلِيلًا ۖ لَّوْ أَنَّكُمْ كُنتُمْ تَعْلَمُونَ",
        "أَفَحَسِبْتُمْ أَنَّمَا خَلَقْنَـٰكُمْ عَبَثًا وَأَنَّكُمْ إِلَيْنَا لَا تُرْجَعُونَ",
        "فَتَعَـٰلَى ٱللَّهُ ٱلْمَلِكُ ٱلْحَقُّ ۖ لَآ إِلَـٰهَ إِلَّا هُوَ رَبُّ ٱلْعَرْشِ ٱلْكَرِيمِ",
        "وَمَن يَدْعُ مَعَ ٱللَّهِ إِلَـٰهًا ءَاخَرَ لَا بُرْهَـٰنَ لَهُۥ بِهِۦ فَإِنَّمَا حِسَابُهُۥ عِندَ رَبِّهِۦٓ ۚ إِنَّهُۥ لَا يُفْلِحُ ٱلْكَـٰفِرُونَ",
        "وَقُل رَّبِّ ٱغْفِرْ وَٱرْحَمْ وَأَنتَ خَيْرُ ٱلرَّٰحِمِينَ"
    ],
    "arabic2": [
        "قد افلح المؤمنون",
        "الذين هم في صلاتهم خاشعون",
        "والذين هم عن اللغو معرضون",
        "والذين هم للزكاة فاعلون",
        "والذين هم لفروجهم حافظون",
        "الا على ازواجهم او ما ملكت ايمانهم فانهم غير ملومين",
        "فمن ابتغى وراء ذلك فاولئك هم العادون",
        "والذين هم لاماناتهم وعهدهم راعون",
        "والذين هم على صلواتهم يحافظون",
        "اولئك هم الوارثون",
        "الذين يرثون الفردوس هم فيها خالدون",
        "ولقد خلقنا الانسان من سلالة من طين",
        "ثم جعلناه نطفة في قرار مكين",
        "ثم خلقنا النطفة علقة فخلقنا العلقة مضغة فخلقنا المضغة عظاما فكسونا العظام لحما ثم انشاناه خلقا اخر فتبارك الله احسن الخالقين",
        "ثم انكم بعد ذلك لميتون",
        "ثم انكم يوم القيامة تبعثون",
        "ولقد خلقنا فوقكم سبع طرائق وما كنا عن الخلق غافلين",
        "وانزلنا من السماء ماء بقدر فاسكناه في الارض وانا على ذهاب به لقادرون",
        "فانشانا لكم به جنات من نخيل واعناب لكم فيها فواكه كثيرة ومنها تاكلون",
        "وشجرة تخرج من طور سيناء تنبت بالدهن وصبغ للاكلين",
        "وان لكم في الانعام لعبرة نسقيكم مما في بطونها ولكم فيها منافع كثيرة ومنها تاكلون",
        "وعليها وعلى الفلك تحملون",
        "ولقد ارسلنا نوحا الى قومه فقال يا قوم اعبدوا الله ما لكم من اله غيره افلا تتقون",
        "فقال الملا الذين كفروا من قومه ما هذا الا بشر مثلكم يريد ان يتفضل عليكم ولو شاء الله لانزل ملائكة ما سمعنا بهذا في ابائنا الاولين",
        "ان هو الا رجل به جنة فتربصوا به حتى حين",
        "قال رب انصرني بما كذبون",
        "فاوحينا اليه ان اصنع الفلك باعيننا ووحينا فاذا جاء امرنا وفار التنور فاسلك فيها من كل زوجين اثنين واهلك الا من سبق عليه القول منهم ولا تخاطبني في الذين ظلموا انهم مغرقون",
        "فاذا استويت انت ومن معك على الفلك فقل الحمد لله الذي نجانا من القوم الظالمين",
        "وقل رب انزلني منزلا مباركا وانت خير المنزلين",
        "ان في ذلك لايات وان كنا لمبتلين",
        "ثم انشانا من بعدهم قرنا اخرين",
        "فارسلنا فيهم رسولا منهم ان اعبدوا الله ما لكم من اله غيره افلا تتقون",
        "وقال الملا من قومه الذين كفروا وكذبوا بلقاء الاخرة واترفناهم في الحياة الدنيا ما هذا الا بشر مثلكم ياكل مما تاكلون منه ويشرب مما تشربون",
        "ولئن اطعتم بشرا مثلكم انكم اذا لخاسرون",
        "ايعدكم انكم اذا متم وكنتم ترابا وعظاما انكم مخرجون",
        "هيهات هيهات لما توعدون",
        "ان هي الا حياتنا الدنيا نموت ونحيا وما نحن بمبعوثين",
        "ان هو الا رجل افترى على الله كذبا وما نحن له بمؤمنين",
        "قال رب انصرني بما كذبون",
        "قال عما قليل ليصبحن نادمين",
        "فاخذتهم الصيحة بالحق فجعلناهم غثاء فبعدا للقوم الظالمين",
        "ثم انشانا من بعدهم قرونا اخرين",
        "ما تسبق من امة اجلها وما يستاخرون",
        "ثم ارسلنا رسلنا تترى كل ما جاء امة رسولها كذبوه فاتبعنا بعضهم بعضا وجعلناهم احاديث فبعدا لقوم لا يؤمنون",
        "ثم ارسلنا موسى واخاه هارون باياتنا وسلطان مبين",
        "الى فرعون وملئه فاستكبروا وكانوا قوما عالين",
        "فقالوا انؤمن لبشرين مثلنا وقومهما لنا عابدون",
        "فكذبوهما فكانوا من المهلكين",
        "ولقد اتينا موسى الكتاب لعلهم يهتدون",
        "وجعلنا ابن مريم وامه اية واويناهما الى ربوة ذات قرار ومعين",
        "يا ايها الرسل كلوا من الطيبات واعملوا صالحا اني بما تعملون عليم",
        "وان هذه امتكم امة واحدة وانا ربكم فاتقون",
        "فتقطعوا امرهم بينهم زبرا كل حزب بما لديهم فرحون",
        "فذرهم في غمرتهم حتى حين",
        "ايحسبون انما نمدهم به من مال وبنين",
        "نسارع لهم في الخيرات بل لا يشعرون",
        "ان الذين هم من خشية ربهم مشفقون",
        "والذين هم بايات ربهم يؤمنون",
        "والذين هم بربهم لا يشركون",
        "والذين يؤتون ما اتوا وقلوبهم وجلة انهم الى ربهم راجعون",
        "اولئك يسارعون في الخيرات وهم لها سابقون",
        "ولا نكلف نفسا الا وسعها ولدينا كتاب ينطق بالحق وهم لا يظلمون",
        "بل قلوبهم في غمرة من هذا ولهم اعمال من دون ذلك هم لها عاملون",
        "حتى اذا اخذنا مترفيهم بالعذاب اذا هم يجارون",
        "لا تجاروا اليوم انكم منا لا تنصرون",
        "قد كانت اياتي تتلى عليكم فكنتم على اعقابكم تنكصون",
        "مستكبرين به سامرا تهجرون",
        "افلم يدبروا القول ام جاءهم ما لم يات اباءهم الاولين",
        "ام لم يعرفوا رسولهم فهم له منكرون",
        "ام يقولون به جنة بل جاءهم بالحق واكثرهم للحق كارهون",
        "ولو اتبع الحق اهواءهم لفسدت السماوات والارض ومن فيهن بل اتيناهم بذكرهم فهم عن ذكرهم معرضون",
        "ام تسالهم خرجا فخراج ربك خير وهو خير الرازقين",
        "وانك لتدعوهم الى صراط مستقيم",
        "وان الذين لا يؤمنون بالاخرة عن الصراط لناكبون",
        "ولو رحمناهم وكشفنا ما بهم من ضر للجوا في طغيانهم يعمهون",
        "ولقد اخذناهم بالعذاب فما استكانوا لربهم وما يتضرعون",
        "حتى اذا فتحنا عليهم بابا ذا عذاب شديد اذا هم فيه مبلسون",
        "وهو الذي انشا لكم السمع والابصار والافئدة قليلا ما تشكرون",
        "وهو الذي ذراكم في الارض واليه تحشرون",
        "وهو الذي يحيي ويميت وله اختلاف الليل والنهار افلا تعقلون",
        "بل قالوا مثل ما قال الاولون",
        "قالوا ااذا متنا وكنا ترابا وعظاما اانا لمبعوثون",
        "لقد وعدنا نحن واباؤنا هذا من قبل ان هذا الا اساطير الاولين",
        "قل لمن الارض ومن فيها ان كنتم تعلمون",
        "سيقولون لله قل افلا تذكرون",
        "قل من رب السماوات السبع ورب العرش العظيم",
        "سيقولون لله قل افلا تتقون",
        "قل من بيده ملكوت كل شيء وهو يجير ولا يجار عليه ان كنتم تعلمون",
        "سيقولون لله قل فانى تسحرون",
        "بل اتيناهم بالحق وانهم لكاذبون",
        "ما اتخذ الله من ولد وما كان معه من اله اذا لذهب كل اله بما خلق ولعلا بعضهم على بعض سبحان الله عما يصفون",
        "عالم الغيب والشهادة فتعالى عما يشركون",
        "قل رب اما تريني ما يوعدون",
        "رب فلا تجعلني في القوم الظالمين",
        "وانا على ان نريك ما نعدهم لقادرون",
        "ادفع بالتي هي احسن السيئة نحن اعلم بما يصفون",
        "وقل رب اعوذ بك من همزات الشياطين",
        "واعوذ بك رب ان يحضرون",
        "حتى اذا جاء احدهم الموت قال رب ارجعون",
        "لعلي اعمل صالحا فيما تركت كلا انها كلمة هو قائلها ومن ورائهم برزخ الى يوم يبعثون",
        "فاذا نفخ في الصور فلا انساب بينهم يومئذ ولا يتساءلون",
        "فمن ثقلت موازينه فاولئك هم المفلحون",
        "ومن خفت موازينه فاولئك الذين خسروا انفسهم في جهنم خالدون",
        "تلفح وجوههم النار وهم فيها كالحون",
        "الم تكن اياتي تتلى عليكم فكنتم بها تكذبون",
        "قالوا ربنا غلبت علينا شقوتنا وكنا قوما ضالين",
        "ربنا اخرجنا منها فان عدنا فانا ظالمون",
        "قال اخسئوا فيها ولا تكلمون",
        "انه كان فريق من عبادي يقولون ربنا امنا فاغفر لنا وارحمنا وانت خير الراحمين",
        "فاتخذتموهم سخريا حتى انسوكم ذكري وكنتم منهم تضحكون",
        "اني جزيتهم اليوم بما صبروا انهم هم الفائزون",
        "قال كم لبثتم في الارض عدد سنين",
        "قالوا لبثنا يوما او بعض يوم فاسال العادين",
        "قال ان لبثتم الا قليلا لو انكم كنتم تعلمون",
        "افحسبتم انما خلقناكم عبثا وانكم الينا لا ترجعون",
        "فتعالى الله الملك الحق لا اله الا هو رب العرش الكريم",
        "ومن يدع مع الله الها اخر لا برهان له به فانما حسابه عند ربه انه لا يفلح الكافرون",
        "وقل رب اغفر وارحم وانت خير الراحمين"
    ]
}