{
    "surahName": "An-Noor",
    "surahNameArabic": "النور",
    "surahNameArabicLong": "سورة النور",
    "surahNameTranslation": "The Light",
    "revelationPlace": "Madina",
    "totalAyah": 64,
    "surahNo": 24,
    "english": [
        "˹This is˺ a sûrah which We have revealed and made ˹its rulings˺ obligatory, and revealed in it clear commandments so that you may be mindful.",
        "As for female and male fornicators, give each of them one hundred lashes, and do not let pity for them make you lenient in ˹enforcing˺ the law of Allah, if you ˹truly˺ believe in Allah and the Last Day. And let a number of believers witness their punishment.",
        "A male fornicator would only marry a female fornicator or idolatress. And a female fornicator would only be married to a fornicator or idolater. This is ˹all˺ forbidden to the believers.",
        "Those who accuse chaste women ˹of adultery˺ and fail to produce four witnesses, give them eighty lashes ˹each˺. And do not ever accept any testimony from them—for they are indeed the rebellious—",
        "except those who repent afterwards and mend their ways, then surely Allah is All-Forgiving, Most Merciful.",
        "And those who accuse their wives ˹of adultery˺ but have no witness except themselves, the accuser must testify, swearing four times by Allah that he is telling the truth",
        "and a fifth oath that Allah may condemn him if he is lying.",
        "For her to be spared the punishment, she must swear four times by Allah that he is telling a lie",
        "and a fifth oath that Allah may be displeased with her if he is telling the truth.",
        "˹You would have suffered,˺ had it not been for Allah’s grace and mercy upon you, and had Allah not been Accepting of Repentance, All-Wise.",
        "Indeed, those who came up with that ˹outrageous˺ slander are a group of you. Do not think this is bad for you. Rather, it is good for you. They will be punished, each according to their share of the sin. As for their mastermind, he will suffer a tremendous punishment.",
        "If only the believing men and women had thought well of one another, when you heard this ˹rumour˺, and said, “This is clearly ˹an outrageous˺ slander!”",
        "Why did they not produce four witnesses? Now, since they have failed to produce witnesses, they are ˹truly˺ liars in the sight of Allah.",
        "Had it not been for Allah’s grace and mercy upon you in this world and the Hereafter, you would have certainly been touched with a tremendous punishment for what you plunged into—",
        "when you passed it from one tongue to the other, and said with your mouths what you had no knowledge of, taking it lightly while it is ˹extremely˺ serious in the sight of Allah.",
        "If only you had said upon hearing it, “How can we speak about such a thing! Glory be to You ˹O Lord˺! This is a heinous slander!”",
        "Allah forbids you from ever doing something like this again, if you are ˹true˺ believers.",
        "And Allah makes ˹His˺ commandments clear to you, for Allah is All-Knowing, All-Wise.",
        "Indeed, those who love to see indecency spread among the believers will suffer a painful punishment in this life and the Hereafter. Allah knows and you do not know.",
        "˹You would have suffered,˺ had it not been for Allah’s grace and mercy upon you, and had Allah not been Ever Gracious, Most Merciful.",
        "O believers! Do not follow the footsteps of Satan. Whoever follows Satan’s footsteps, then ˹let them know that˺ he surely bids ˹all to˺ immorality and wickedness. Had it not been for Allah’s grace and mercy upon you, none of you would have ever been purified. But Allah purifies whoever He wills. And Allah is All-Hearing, All-Knowing.",
        "Do not let the people of virtue and affluence among you swear to suspend donations to their relatives, the needy, and the emigrants in the cause of Allah. Let them pardon and forgive. Do you not love to be forgiven by Allah? And Allah is All-Forgiving, Most Merciful.",
        "Surely those who accuse chaste, unsuspecting, believing women are cursed in this life and the Hereafter. And they will suffer a tremendous punishment",
        "on the Day their tongues, hands, and feet will testify against them for what they used to do.",
        "On that Day, Allah will give them their just penalty in full, and they will ˹come to˺ know that Allah ˹alone˺ is the Ultimate Truth.",
        "Wicked women are for wicked men, and wicked men are for wicked women. And virtuous women are for virtuous men, and virtuous men are for virtuous women. The virtuous are innocent of what the wicked say. They will have forgiveness and an honourable provision.",
        "O believers! Do not enter any house other than your own until you have asked for permission and greeted its occupants. This is best for you, so perhaps you will be mindful.",
        "If you find no one at home, do not enter it until you have been given permission. And if you are asked to leave, then leave. That is purer for you. And Allah has ˹perfect˺ knowledge of what you do.",
        "There is no blame on you if you enter public places where there is something of benefit for you. And Allah knows what you reveal and what you conceal.",
        "˹O Prophet!˺ Tell the believing men to lower their gaze and guard their chastity. That is purer for them. Surely Allah is All-Aware of what they do.",
        "And tell the believing women to lower their gaze and guard their chastity, and not to reveal their adornments except what normally appears. Let them draw their veils over their chests, and not reveal their ˹hidden˺ adornments except to their husbands, their fathers, their fathers-in-law, their sons, their stepsons, their brothers, their brothers’ sons or sisters’ sons, their fellow women, those ˹bondwomen˺ in their possession, male attendants with no desire, or children who are still unaware of women’s nakedness. Let them not stomp their feet, drawing attention to their hidden adornments. Turn to Allah in repentance all together, O  believers, so that you may be successful.",
        "Marry off the ˹free˺ singles among you, as well as the righteous of your bondmen and bondwomen. If they are poor, Allah will enrich them out of His bounty. For Allah is All-Bountiful, All-Knowing.",
        "And let those who do not have the means to marry keep themselves chaste until Allah enriches them out of His bounty. And if any of those ˹bondspeople˺ in your possession desires a deed of emancipation, make it possible for them, if you find goodness in them. And give them some of Allah’s wealth which He has granted you. Do not force your ˹slave˺ girls into prostitution for your own worldly gains while they wish to remain chaste. And if someone coerces them, then after such a coercion Allah is certainly All-Forgiving, Most Merciful ˹to them˺.",
        "Indeed, We have sent down to you clear revelations, along with examples of those who had gone before you, and a lesson to the God-fearing.",
        "Allah is the Light of the heavens and the earth. His light is like a niche in which there is a lamp, the lamp is in a crystal, the crystal is like a shining star, lit from ˹the oil of˺ a blessed olive tree, ˹located˺ neither to the east nor the west, whose oil would almost glow, even without being touched by fire. Light upon light! Allah guides whoever He wills to His light. And Allah sets forth parables for humanity. For Allah has ˹perfect˺ knowledge of all things.",
        "˹That light shines˺ through houses ˹of worship˺ which Allah has ordered to be raised, and where His Name is mentioned. He is glorified there morning and evening",
        "by men who are not distracted—either by buying or selling—from Allah’s remembrance, or performing prayer, or paying alms-tax. They fear a Day when hearts and eyes will tremble",
        "˹hoping˺ that Allah may reward them according to the best of their deeds, and increase them out of His grace. And Allah provides for whoever He wills without limit.",
        "As for the disbelievers, their deeds are like a mirage in a desert, which the thirsty perceive as water, but when they approach it, they find it to be nothing. Instead, they find Allah there ˹in the Hereafter, ready˺ to settle their account. And Allah is swift in reckoning.",
        "Or ˹their deeds are˺ like the darkness in a deep sea, covered by waves upon waves, topped by ˹dark˺ clouds. Darkness upon darkness! If one stretches out their hand, they can hardly see it. And whoever Allah does not bless with light will have no light!",
        "Do you not see that Allah is glorified by all those in the heavens and the earth, even the birds as they soar? Each ˹instinctively˺ knows their manner of prayer and glorification. And Allah has ˹perfect˺ knowledge of all they do.",
        "To Allah ˹alone˺ belongs the kingdom of the heavens and the earth. And to Allah is the final return.",
        "Do you not see that Allah gently drives the clouds, then joins them together, piling them up into masses, from which you see raindrops come forth? And He sends down from the sky mountains ˹of clouds˺ loaded with hail, pouring it on whoever He wills and averting it from whoever He wills. The flash of the clouds’ lightning nearly takes away eyesight.",
        "Allah alternates the day and night. Surely in this is a lesson for people of insight.",
        "And Allah has created from water every living creature. Some of them crawl on their bellies, some walk on two legs, and some walk on four. Allah creates whatever He wills. Surely Allah is Most Capable of everything.",
        "We have indeed sent down revelations clarifying ˹the truth˺. But Allah ˹only˺ guides whoever He wills to the Straight Path.",
        "And the hypocrites say, “We believe in Allah and the Messenger, and we obey.” Then a group of them turns away soon after that. These are not ˹true˺ believers.",
        "And as soon as they are called to Allah and His Messenger so he may judge between them, a group of them turns away.",
        "But if the truth is in their favour, they come to him, fully submitting.",
        "Is there a sickness in their hearts? Or are they in doubt? Or do they fear that Allah and His Messenger will be unjust to them? In fact, it is they who are the ˹true˺ wrongdoers.",
        "The only response of the ˹true˺ believers, when they are called to Allah and His Messenger so he may judge between them, is to say, “We hear and obey.” It is they who will ˹truly˺ succeed.",
        "For whoever obeys Allah and His Messenger, and fears Allah and is mindful of Him, then it is they who will ˹truly˺ triumph.",
        "They swear by Allah their most solemn oaths that if you ˹O Prophet˺ were to command them, they would certainly march forth ˹in Allah’s cause˺. Say, “˹You˺ do not ˹have to˺ swear; your obedience is well known!” Surely Allah is All-Aware of what you do.”",
        "Say, “Obey Allah and obey the Messenger. But if you turn away, then he is only responsible for his duty and you are responsible for yours. And if you obey him, you will be ˹rightly˺ guided. The Messenger’s duty is only to deliver ˹the message˺ clearly.”",
        "Allah has promised those of you who believe and do good that He will certainly make them successors in the land, as He did with those before them; and will surely establish for them their faith which He has chosen for them; and will indeed change their fear into security—˹provided that˺ they worship Me, associating nothing with Me. But whoever disbelieves after this ˹promise˺, it is they who will be the rebellious.",
        "Moreover, establish prayer, pay alms-tax, and obey the Messenger, so you may be shown mercy.",
        "Do not think ˹O Prophet˺ that the disbelievers can escape in the land. The Fire will be their home. Indeed, what an evil destination!",
        "O believers! Let those ˹bondspeople˺ in your possession and those of you who are still under age ask for your permission ˹to come in˺ at three times: before dawn prayer, when you take off your ˹outer˺ clothes at noon, and after the late evening prayer. ˹These are˺ three times of privacy for you. Other than these times, there is no blame on you or them to move freely, attending to one another. This is how Allah makes the revelations clear to you, for Allah is All-Knowing, All-Wise.",
        "And when your children reach the age of puberty, let them seek permission ˹to come in˺, as their seniors do. This is how Allah makes His revelations clear to you, for Allah is All-Knowing, All-Wise.",
        "As for elderly women past the age of marriage, there is no blame on them if they take off their ˹outer˺ garments, without revealing their adornments. But it is better for them if they avoid this ˹altogether˺. And Allah is All-Hearing, All-Knowing.",
        "There is no restriction on the blind, or the disabled, or the sick. Nor on yourselves if you eat from your homes, or the homes of your fathers, or your mothers, or your brothers, or your sisters, or your paternal uncles, or your paternal aunts, or your maternal uncles, or your maternal aunts, or from the homes in your trust, or ˹the homes of˺ your friends. There is no blame on you eating together or separately. However, when you enter houses, greet one another with a greeting ˹of peace˺ from Allah, blessed and good. This is how Allah makes His revelations clear to you, so perhaps you will understand.",
        "The ˹true˺ believers are only those who believe in Allah and His Messenger, and when they are with him on a public matter, they do not leave without his permission. Indeed, those who ask your permission ˹O Prophet˺ are the ones who ˹truly˺ believe in Allah and His Messenger. So when they ask your permission for a private matter, grant permission to whoever you wish and ask Allah’s forgiveness for them. Surely Allah is All-Forgiving, Most Merciful.",
        "Do not treat the Messenger’s summons to you ˹as lightly˺ as your summons to one another. Allah certainly knows those of you who slip away, hiding behind others. So let those who disobey his orders beware, for an affliction may befall them, or a painful torment may overtake them.",
        "Surely to Allah belongs whatever is in the heavens and the earth. He knows well what you stand for. And ˹on˺ the Day all will be returned to Him, He will inform them of what they did. For Allah has ˹perfect˺ knowledge of all things."
    ],
    "arabic1": [
        " سُورَةٌ أَنزَلْنَـٰهَا وَفَرَضْنَـٰهَا وَأَنزَلْنَا فِيهَآ ءَايَـٰتٍۭ بَيِّنَـٰتٍ لَّعَلَّكُمْ تَذَكَّرُونَ",
        "ٱلزَّانِيَةُ وَٱلزَّانِى فَٱجْلِدُوا۟ كُلَّ وَٰحِدٍ مِّنْهُمَا مِا۟ئَةَ جَلْدَةٍ ۖ وَلَا تَأْخُذْكُم بِهِمَا رَأْفَةٌ فِى دِينِ ٱللَّهِ إِن كُنتُمْ تُؤْمِنُونَ بِٱللَّهِ وَٱلْيَوْمِ ٱلْـَٔاخِرِ ۖ وَلْيَشْهَدْ عَذَابَهُمَا طَآئِفَةٌ مِّنَ ٱلْمُؤْمِنِينَ",
        "ٱلزَّانِى لَا يَنكِحُ إِلَّا زَانِيَةً أَوْ مُشْرِكَةً وَٱلزَّانِيَةُ لَا يَنكِحُهَآ إِلَّا زَانٍ أَوْ مُشْرِكٌ ۚ وَحُرِّمَ ذَٰلِكَ عَلَى ٱلْمُؤْمِنِينَ",
        "وَٱلَّذِينَ يَرْمُونَ ٱلْمُحْصَنَـٰتِ ثُمَّ لَمْ يَأْتُوا۟ بِأَرْبَعَةِ شُهَدَآءَ فَٱجْلِدُوهُمْ ثَمَـٰنِينَ جَلْدَةً وَلَا تَقْبَلُوا۟ لَهُمْ شَهَـٰدَةً أَبَدًا ۚ وَأُو۟لَـٰٓئِكَ هُمُ ٱلْفَـٰسِقُونَ",
        "إِلَّا ٱلَّذِينَ تَابُوا۟ مِنۢ بَعْدِ ذَٰلِكَ وَأَصْلَحُوا۟ فَإِنَّ ٱللَّهَ غَفُورٌ رَّحِيمٌ",
        "وَٱلَّذِينَ يَرْمُونَ أَزْوَٰجَهُمْ وَلَمْ يَكُن لَّهُمْ شُهَدَآءُ إِلَّآ أَنفُسُهُمْ فَشَهَـٰدَةُ أَحَدِهِمْ أَرْبَعُ شَهَـٰدَٰتٍۭ بِٱللَّهِ ۙ إِنَّهُۥ لَمِنَ ٱلصَّـٰدِقِينَ",
        "وَٱلْخَـٰمِسَةُ أَنَّ لَعْنَتَ ٱللَّهِ عَلَيْهِ إِن كَانَ مِنَ ٱلْكَـٰذِبِينَ",
        "وَيَدْرَؤُا۟ عَنْهَا ٱلْعَذَابَ أَن تَشْهَدَ أَرْبَعَ شَهَـٰدَٰتٍۭ بِٱللَّهِ ۙ إِنَّهُۥ لَمِنَ ٱلْكَـٰذِبِينَ",
        "وَٱلْخَـٰمِسَةَ أَنَّ غَضَبَ ٱللَّهِ عَلَيْهَآ إِن كَانَ مِنَ ٱلصَّـٰدِقِينَ",
        "وَلَوْلَا فَضْلُ ٱللَّهِ عَلَيْكُمْ وَرَحْمَتُهُۥ وَأَنَّ ٱللَّهَ تَوَّابٌ حَكِيمٌ",
        "إِنَّ ٱلَّذِينَ جَآءُو بِٱلْإِفْكِ عُصْبَةٌ مِّنكُمْ ۚ لَا تَحْسَبُوهُ شَرًّا لَّكُم ۖ بَلْ هُوَ خَيْرٌ لَّكُمْ ۚ لِكُلِّ ٱمْرِئٍ مِّنْهُم مَّا ٱكْتَسَبَ مِنَ ٱلْإِثْمِ ۚ وَٱلَّذِى تَوَلَّىٰ كِبْرَهُۥ مِنْهُمْ لَهُۥ عَذَابٌ عَظِيمٌ",
        "لَّوْلَآ إِذْ سَمِعْتُمُوهُ ظَنَّ ٱلْمُؤْمِنُونَ وَٱلْمُؤْمِنَـٰتُ بِأَنفُسِهِمْ خَيْرًا وَقَالُوا۟ هَـٰذَآ إِفْكٌ مُّبِينٌ",
        "لَّوْلَا جَآءُو عَلَيْهِ بِأَرْبَعَةِ شُهَدَآءَ ۚ فَإِذْ لَمْ يَأْتُوا۟ بِٱلشُّهَدَآءِ فَأُو۟لَـٰٓئِكَ عِندَ ٱللَّهِ هُمُ ٱلْكَـٰذِبُونَ",
        "وَلَوْلَا فَضْلُ ٱللَّهِ عَلَيْكُمْ وَرَحْمَتُهُۥ فِى ٱلدُّنْيَا وَٱلْـَٔاخِرَةِ لَمَسَّكُمْ فِى مَآ أَفَضْتُمْ فِيهِ عَذَابٌ عَظِيمٌ",
        "إِذْ تَلَقَّوْنَهُۥ بِأَلْسِنَتِكُمْ وَتَقُولُونَ بِأَفْوَاهِكُم مَّا لَيْسَ لَكُم بِهِۦ عِلْمٌ وَتَحْسَبُونَهُۥ هَيِّنًا وَهُوَ عِندَ ٱللَّهِ عَظِيمٌ",
        "وَلَوْلَآ إِذْ سَمِعْتُمُوهُ قُلْتُم مَّا يَكُونُ لَنَآ أَن نَّتَكَلَّمَ بِهَـٰذَا سُبْحَـٰنَكَ هَـٰذَا بُهْتَـٰنٌ عَظِيمٌ",
        "يَعِظُكُمُ ٱللَّهُ أَن تَعُودُوا۟ لِمِثْلِهِۦٓ أَبَدًا إِن كُنتُم مُّؤْمِنِينَ",
        "وَيُبَيِّنُ ٱللَّهُ لَكُمُ ٱلْـَٔايَـٰتِ ۚ وَٱللَّهُ عَلِيمٌ حَكِيمٌ",
        "إِنَّ ٱلَّذِينَ يُحِبُّونَ أَن تَشِيعَ ٱلْفَـٰحِشَةُ فِى ٱلَّذِينَ ءَامَنُوا۟ لَهُمْ عَذَابٌ أَلِيمٌ فِى ٱلدُّنْيَا وَٱلْـَٔاخِرَةِ ۚ وَٱللَّهُ يَعْلَمُ وَأَنتُمْ لَا تَعْلَمُونَ",
        "وَلَوْلَا فَضْلُ ٱللَّهِ عَلَيْكُمْ وَرَحْمَتُهُۥ وَأَنَّ ٱللَّهَ رَءُوفٌ رَّحِيمٌ",
        "۞ يَـٰٓأَيُّهَا ٱلَّذِينَ ءَامَنُوا۟ لَا تَتَّبِعُوا۟ خُطُوَٰتِ ٱلشَّيْطَـٰنِ ۚ وَمَن يَتَّبِعْ خُطُوَٰتِ ٱلشَّيْطَـٰنِ فَإِنَّهُۥ يَأْمُرُ بِٱلْفَحْشَآءِ وَٱلْمُنكَرِ ۚ وَلَوْلَا فَضْلُ ٱللَّهِ عَلَيْكُمْ وَرَحْمَتُهُۥ مَا زَكَىٰ مِنكُم مِّنْ أَحَدٍ أَبَدًا وَلَـٰكِنَّ ٱللَّهَ يُزَكِّى مَن يَشَآءُ ۗ وَٱللَّهُ سَمِيعٌ عَلِيمٌ",
        "وَلَا يَأْتَلِ أُو۟لُوا۟ ٱلْفَضْلِ مِنكُمْ وَٱلسَّعَةِ أَن يُؤْتُوٓا۟ أُو۟لِى ٱلْقُرْبَىٰ وَٱلْمَسَـٰكِينَ وَٱلْمُهَـٰجِرِينَ فِى سَبِيلِ ٱللَّهِ ۖ وَلْيَعْفُوا۟ وَلْيَصْفَحُوٓا۟ ۗ أَلَا تُحِبُّونَ أَن يَغْفِرَ ٱللَّهُ لَكُمْ ۗ وَٱللَّهُ غَفُورٌ رَّحِيمٌ",
        "إِنَّ ٱلَّذِينَ يَرْمُونَ ٱلْمُحْصَنَـٰتِ ٱلْغَـٰفِلَـٰتِ ٱلْمُؤْمِنَـٰتِ لُعِنُوا۟ فِى ٱلدُّنْيَا وَٱلْـَٔاخِرَةِ وَلَهُمْ عَذَابٌ عَظِيمٌ",
        "يَوْمَ تَشْهَدُ عَلَيْهِمْ أَلْسِنَتُهُمْ وَأَيْدِيهِمْ وَأَرْجُلُهُم بِمَا كَانُوا۟ يَعْمَلُونَ",
        "يَوْمَئِذٍ يُوَفِّيهِمُ ٱللَّهُ دِينَهُمُ ٱلْحَقَّ وَيَعْلَمُونَ أَنَّ ٱللَّهَ هُوَ ٱلْحَقُّ ٱلْمُبِينُ",
        "ٱلْخَبِيثَـٰتُ لِلْخَبِيثِينَ وَٱلْخَبِيثُونَ لِلْخَبِيثَـٰتِ ۖ وَٱلطَّيِّبَـٰتُ لِلطَّيِّبِينَ وَٱلطَّيِّبُونَ لِلطَّيِّبَـٰتِ ۚ أُو۟لَـٰٓئِكَ مُبَرَّءُونَ مِمَّا يَقُولُونَ ۖ لَهُم مَّغْفِرَةٌ وَرِزْقٌ كَرِيمٌ",
        "يَـٰٓأَيُّهَا ٱلَّذِينَ ءَامَنُوا۟ لَا تَدْخُلُوا۟ بُيُوتًا غَيْرَ بُيُوتِكُمْ حَتَّىٰ تَسْتَأْنِسُوا۟ وَتُسَلِّمُوا۟ عَلَىٰٓ أَهْلِهَا ۚ ذَٰلِكُمْ خَيْرٌ لَّكُمْ لَعَلَّكُمْ تَذَكَّرُونَ",
        "فَإِن لَّمْ تَجِدُوا۟ فِيهَآ أَحَدًا فَلَا تَدْخُلُوهَا حَتَّىٰ يُؤْذَنَ لَكُمْ ۖ وَإِن قِيلَ لَكُمُ ٱرْجِعُوا۟ فَٱرْجِعُوا۟ ۖ هُوَ أَزْكَىٰ لَكُمْ ۚ وَٱللَّهُ بِمَا تَعْمَلُونَ عَلِيمٌ",
        "لَّيْسَ عَلَيْكُمْ جُنَاحٌ أَن تَدْخُلُوا۟ بُيُوتًا غَيْرَ مَسْكُونَةٍ فِيهَا مَتَـٰعٌ لَّكُمْ ۚ وَٱللَّهُ يَعْلَمُ مَا تُبْدُونَ وَمَا تَكْتُمُونَ",
        "قُل لِّلْمُؤْمِنِينَ يَغُضُّوا۟ مِنْ أَبْصَـٰرِهِمْ وَيَحْفَظُوا۟ فُرُوجَهُمْ ۚ ذَٰلِكَ أَزْكَىٰ لَهُمْ ۗ إِنَّ ٱللَّهَ خَبِيرٌۢ بِمَا يَصْنَعُونَ",
        "وَقُل لِّلْمُؤْمِنَـٰتِ يَغْضُضْنَ مِنْ أَبْصَـٰرِهِنَّ وَيَحْفَظْنَ فُرُوجَهُنَّ وَلَا يُبْدِينَ زِينَتَهُنَّ إِلَّا مَا ظَهَرَ مِنْهَا ۖ وَلْيَضْرِبْنَ بِخُمُرِهِنَّ عَلَىٰ جُيُوبِهِنَّ ۖ وَلَا يُبْدِينَ زِينَتَهُنَّ إِلَّا لِبُعُولَتِهِنَّ أَوْ ءَابَآئِهِنَّ أَوْ ءَابَآءِ بُعُولَتِهِنَّ أَوْ أَبْنَآئِهِنَّ أَوْ أَبْنَآءِ بُعُولَتِهِنَّ أَوْ إِخْوَٰنِهِنَّ أَوْ بَنِىٓ إِخْوَٰنِهِنَّ أَوْ بَنِىٓ أَخَوَٰتِهِنَّ أَوْ نِسَآئِهِنَّ أَوْ مَا مَلَكَتْ أَيْمَـٰنُهُنَّ أَوِ ٱلتَّـٰبِعِينَ غَيْرِ أُو۟لِى ٱلْإِرْبَةِ مِنَ ٱلرِّجَالِ أَوِ ٱلطِّفْلِ ٱلَّذِينَ لَمْ يَظْهَرُوا۟ عَلَىٰ عَوْرَٰتِ ٱلنِّسَآءِ ۖ وَلَا يَضْرِبْنَ بِأَرْجُلِهِنَّ لِيُعْلَمَ مَا يُخْفِينَ مِن زِينَتِهِنَّ ۚ وَتُوبُوٓا۟ إِلَى ٱللَّهِ جَمِيعًا أَيُّهَ ٱلْمُؤْمِنُونَ لَعَلَّكُمْ تُفْلِحُونَ",
        "وَأَنكِحُوا۟ ٱلْأَيَـٰمَىٰ مِنكُمْ وَٱلصَّـٰلِحِينَ مِنْ عِبَادِكُمْ وَإِمَآئِكُمْ ۚ إِن يَكُونُوا۟ فُقَرَآءَ يُغْنِهِمُ ٱللَّهُ مِن فَضْلِهِۦ ۗ وَٱللَّهُ وَٰسِعٌ عَلِيمٌ",
        "وَلْيَسْتَعْفِفِ ٱلَّذِينَ لَا يَجِدُونَ نِكَاحًا حَتَّىٰ يُغْنِيَهُمُ ٱللَّهُ مِن فَضْلِهِۦ ۗ وَٱلَّذِينَ يَبْتَغُونَ ٱلْكِتَـٰبَ مِمَّا مَلَكَتْ أَيْمَـٰنُكُمْ فَكَاتِبُوهُمْ إِنْ عَلِمْتُمْ فِيهِمْ خَيْرًا ۖ وَءَاتُوهُم مِّن مَّالِ ٱللَّهِ ٱلَّذِىٓ ءَاتَىٰكُمْ ۚ وَلَا تُكْرِهُوا۟ فَتَيَـٰتِكُمْ عَلَى ٱلْبِغَآءِ إِنْ أَرَدْنَ تَحَصُّنًا لِّتَبْتَغُوا۟ عَرَضَ ٱلْحَيَوٰةِ ٱلدُّنْيَا ۚ وَمَن يُكْرِههُّنَّ فَإِنَّ ٱللَّهَ مِنۢ بَعْدِ إِكْرَٰهِهِنَّ غَفُورٌ رَّحِيمٌ",
        "وَلَقَدْ أَنزَلْنَآ إِلَيْكُمْ ءَايَـٰتٍ مُّبَيِّنَـٰتٍ وَمَثَلًا مِّنَ ٱلَّذِينَ خَلَوْا۟ مِن قَبْلِكُمْ وَمَوْعِظَةً لِّلْمُتَّقِينَ",
        "۞ ٱللَّهُ نُورُ ٱلسَّمَـٰوَٰتِ وَٱلْأَرْضِ ۚ مَثَلُ نُورِهِۦ كَمِشْكَوٰةٍ فِيهَا مِصْبَاحٌ ۖ ٱلْمِصْبَاحُ فِى زُجَاجَةٍ ۖ ٱلزُّجَاجَةُ كَأَنَّهَا كَوْكَبٌ دُرِّىٌّ يُوقَدُ مِن شَجَرَةٍ مُّبَـٰرَكَةٍ زَيْتُونَةٍ لَّا شَرْقِيَّةٍ وَلَا غَرْبِيَّةٍ يَكَادُ زَيْتُهَا يُضِىٓءُ وَلَوْ لَمْ تَمْسَسْهُ نَارٌ ۚ نُّورٌ عَلَىٰ نُورٍ ۗ يَهْدِى ٱللَّهُ لِنُورِهِۦ مَن يَشَآءُ ۚ وَيَضْرِبُ ٱللَّهُ ٱلْأَمْثَـٰلَ لِلنَّاسِ ۗ وَٱللَّهُ بِكُلِّ شَىْءٍ عَلِيمٌ",
        "فِى بُيُوتٍ أَذِنَ ٱللَّهُ أَن تُرْفَعَ وَيُذْكَرَ فِيهَا ٱسْمُهُۥ يُسَبِّحُ لَهُۥ فِيهَا بِٱلْغُدُوِّ وَٱلْـَٔاصَالِ",
        "رِجَالٌ لَّا تُلْهِيهِمْ تِجَـٰرَةٌ وَلَا بَيْعٌ عَن ذِكْرِ ٱللَّهِ وَإِقَامِ ٱلصَّلَوٰةِ وَإِيتَآءِ ٱلزَّكَوٰةِ ۙ يَخَافُونَ يَوْمًا تَتَقَلَّبُ فِيهِ ٱلْقُلُوبُ وَٱلْأَبْصَـٰرُ",
        "لِيَجْزِيَهُمُ ٱللَّهُ أَحْسَنَ مَا عَمِلُوا۟ وَيَزِيدَهُم مِّن فَضْلِهِۦ ۗ وَٱللَّهُ يَرْزُقُ مَن يَشَآءُ بِغَيْرِ حِسَابٍ",
        "وَٱلَّذِينَ كَفَرُوٓا۟ أَعْمَـٰلُهُمْ كَسَرَابٍۭ بِقِيعَةٍ يَحْسَبُهُ ٱلظَّمْـَٔانُ مَآءً حَتَّىٰٓ إِذَا جَآءَهُۥ لَمْ يَجِدْهُ شَيْـًٔا وَوَجَدَ ٱللَّهَ عِندَهُۥ فَوَفَّىٰهُ حِسَابَهُۥ ۗ وَٱللَّهُ سَرِيعُ ٱلْحِسَابِ",
        "أَوْ كَظُلُمَـٰتٍ فِى بَحْرٍ لُّجِّىٍّ يَغْشَىٰهُ مَوْجٌ مِّن فَوْقِهِۦ مَوْجٌ مِّن فَوْقِهِۦ سَحَابٌ ۚ ظُلُمَـٰتٌۢ بَعْضُهَا فَوْقَ بَعْضٍ إِذَآ أَخْرَجَ يَدَهُۥ لَمْ يَكَدْ يَرَىٰهَا ۗ وَمَن لَّمْ يَجْعَلِ ٱللَّهُ لَهُۥ نُورًا فَمَا لَهُۥ مِن نُّورٍ",
        "أَلَمْ تَرَ أَنَّ ٱللَّهَ يُسَبِّحُ لَهُۥ مَن فِى ٱلسَّمَـٰوَٰتِ وَٱلْأَرْضِ وَٱلطَّيْرُ صَـٰٓفَّـٰتٍ ۖ كُلٌّ قَدْ عَلِمَ صَلَاتَهُۥ وَتَسْبِيحَهُۥ ۗ وَٱللَّهُ عَلِيمٌۢ بِمَا يَفْعَلُونَ",
        "وَلِلَّهِ مُلْكُ ٱلسَّمَـٰوَٰتِ وَٱلْأَرْضِ ۖ وَإِلَى ٱللَّهِ ٱلْمَصِيرُ",
        "أَلَمْ تَرَ أَنَّ ٱللَّهَ يُزْجِى سَحَابًا ثُمَّ يُؤَلِّفُ بَيْنَهُۥ ثُمَّ يَجْعَلُهُۥ رُكَامًا فَتَرَى ٱلْوَدْقَ يَخْرُجُ مِنْ خِلَـٰلِهِۦ وَيُنَزِّلُ مِنَ ٱلسَّمَآءِ مِن جِبَالٍ فِيهَا مِنۢ بَرَدٍ فَيُصِيبُ بِهِۦ مَن يَشَآءُ وَيَصْرِفُهُۥ عَن مَّن يَشَآءُ ۖ يَكَادُ سَنَا بَرْقِهِۦ يَذْهَبُ بِٱلْأَبْصَـٰرِ",
        "يُقَلِّبُ ٱللَّهُ ٱلَّيْلَ وَٱلنَّهَارَ ۚ إِنَّ فِى ذَٰلِكَ لَعِبْرَةً لِّأُو۟لِى ٱلْأَبْصَـٰرِ",
        "وَٱللَّهُ خَلَقَ كُلَّ دَآبَّةٍ مِّن مَّآءٍ ۖ فَمِنْهُم مَّن يَمْشِى عَلَىٰ بَطْنِهِۦ وَمِنْهُم مَّن يَمْشِى عَلَىٰ رِجْلَيْنِ وَمِنْهُم مَّن يَمْشِى عَلَىٰٓ أَرْبَعٍ ۚ يَخْلُقُ ٱللَّهُ مَا يَشَآءُ ۚ إِنَّ ٱللَّهَ عَلَىٰ كُلِّ شَىْءٍ قَدِيرٌ",
        "لَّقَدْ أَنزَلْنَآ ءَايَـٰتٍ مُّبَيِّنَـٰتٍ ۚ وَٱللَّهُ يَهْدِى مَن يَشَآءُ إِلَىٰ صِرَٰطٍ مُّسْتَقِيمٍ",
        "وَيَقُولُونَ ءَامَنَّا بِٱللَّهِ وَبِٱلرَّسُولِ وَأَطَعْنَا ثُمَّ يَتَوَلَّىٰ فَرِيقٌ مِّنْهُم مِّنۢ بَعْدِ ذَٰلِكَ ۚ وَمَآ أُو۟لَـٰٓئِكَ بِٱلْمُؤْمِنِينَ",
        "وَإِذَا دُعُوٓا۟ إِلَى ٱللَّهِ وَرَسُولِهِۦ لِيَحْكُمَ بَيْنَهُمْ إِذَا فَرِيقٌ مِّنْهُم مُّعْرِضُونَ",
        "وَإِن يَكُن لَّهُمُ ٱلْحَقُّ يَأْتُوٓا۟ إِلَيْهِ مُذْعِنِينَ",
        "أَفِى قُلُوبِهِم مَّرَضٌ أَمِ ٱرْتَابُوٓا۟ أَمْ يَخَافُونَ أَن يَحِيفَ ٱللَّهُ عَلَيْهِمْ وَرَسُولُهُۥ ۚ بَلْ أُو۟لَـٰٓئِكَ هُمُ ٱلظَّـٰلِمُونَ",
        "إِنَّمَا كَانَ قَوْلَ ٱلْمُؤْمِنِينَ إِذَا دُعُوٓا۟ إِلَى ٱللَّهِ وَرَسُولِهِۦ لِيَحْكُمَ بَيْنَهُمْ أَن يَقُولُوا۟ سَمِعْنَا وَأَطَعْنَا ۚ وَأُو۟لَـٰٓئِكَ هُمُ ٱلْمُفْلِحُونَ",
        "وَمَن يُطِعِ ٱللَّهَ وَرَسُولَهُۥ وَيَخْشَ ٱللَّهَ وَيَتَّقْهِ فَأُو۟لَـٰٓئِكَ هُمُ ٱلْفَآئِزُونَ",
        "۞ وَأَقْسَمُوا۟ بِٱللَّهِ جَهْدَ أَيْمَـٰنِهِمْ لَئِنْ أَمَرْتَهُمْ لَيَخْرُجُنَّ ۖ قُل لَّا تُقْسِمُوا۟ ۖ طَاعَةٌ مَّعْرُوفَةٌ ۚ إِنَّ ٱللَّهَ خَبِيرٌۢ بِمَا تَعْمَلُونَ",
        "قُلْ أَطِيعُوا۟ ٱللَّهَ وَأَطِيعُوا۟ ٱلرَّسُولَ ۖ فَإِن تَوَلَّوْا۟ فَإِنَّمَا عَلَيْهِ مَا حُمِّلَ وَعَلَيْكُم مَّا حُمِّلْتُمْ ۖ وَإِن تُطِيعُوهُ تَهْتَدُوا۟ ۚ وَمَا عَلَى ٱلرَّسُولِ إِلَّا ٱلْبَلَـٰغُ ٱلْمُبِينُ",
        "وَعَدَ ٱللَّهُ ٱلَّذِينَ ءَامَنُوا۟ مِنكُمْ وَعَمِلُوا۟ ٱلصَّـٰلِحَـٰتِ لَيَسْتَخْلِفَنَّهُمْ فِى ٱلْأَرْضِ كَمَا ٱسْتَخْلَفَ ٱلَّذِينَ مِن قَبْلِهِمْ وَلَيُمَكِّنَنَّ لَهُمْ دِينَهُمُ ٱلَّذِى ٱرْتَضَىٰ لَهُمْ وَلَيُبَدِّلَنَّهُم مِّنۢ بَعْدِ خَوْفِهِمْ أَمْنًا ۚ يَعْبُدُونَنِى لَا يُشْرِكُونَ بِى شَيْـًٔا ۚ وَمَن كَفَرَ بَعْدَ ذَٰلِكَ فَأُو۟لَـٰٓئِكَ هُمُ ٱلْفَـٰسِقُونَ",
        "وَأَقِيمُوا۟ ٱلصَّلَوٰةَ وَءَاتُوا۟ ٱلزَّكَوٰةَ وَأَطِيعُوا۟ ٱلرَّسُولَ لَعَلَّكُمْ تُرْحَمُونَ",
        "لَا تَحْسَبَنَّ ٱلَّذِينَ كَفَرُوا۟ مُعْجِزِينَ فِى ٱلْأَرْضِ ۚ وَمَأْوَىٰهُمُ ٱلنَّارُ ۖ وَلَبِئْسَ ٱلْمَصِيرُ",
        "يَـٰٓأَيُّهَا ٱلَّذِينَ ءَامَنُوا۟ لِيَسْتَـْٔذِنكُمُ ٱلَّذِينَ مَلَكَتْ أَيْمَـٰنُكُمْ وَٱلَّذِينَ لَمْ يَبْلُغُوا۟ ٱلْحُلُمَ مِنكُمْ ثَلَـٰثَ مَرَّٰتٍ ۚ مِّن قَبْلِ صَلَوٰةِ ٱلْفَجْرِ وَحِينَ تَضَعُونَ ثِيَابَكُم مِّنَ ٱلظَّهِيرَةِ وَمِنۢ بَعْدِ صَلَوٰةِ ٱلْعِشَآءِ ۚ ثَلَـٰثُ عَوْرَٰتٍ لَّكُمْ ۚ لَيْسَ عَلَيْكُمْ وَلَا عَلَيْهِمْ جُنَاحٌۢ بَعْدَهُنَّ ۚ طَوَّٰفُونَ عَلَيْكُم بَعْضُكُمْ عَلَىٰ بَعْضٍ ۚ كَذَٰلِكَ يُبَيِّنُ ٱللَّهُ لَكُمُ ٱلْـَٔايَـٰتِ ۗ وَٱللَّهُ عَلِيمٌ حَكِيمٌ",
        "وَإِذَا بَلَغَ ٱلْأَطْفَـٰلُ مِنكُمُ ٱلْحُلُمَ فَلْيَسْتَـْٔذِنُوا۟ كَمَا ٱسْتَـْٔذَنَ ٱلَّذِينَ مِن قَبْلِهِمْ ۚ كَذَٰلِكَ يُبَيِّنُ ٱللَّهُ لَكُمْ ءَايَـٰتِهِۦ ۗ وَٱللَّهُ عَلِيمٌ حَكِيمٌ",
        "وَٱلْقَوَٰعِدُ مِنَ ٱلنِّسَآءِ ٱلَّـٰتِى لَا يَرْجُونَ نِكَاحًا فَلَيْسَ عَلَيْهِنَّ جُنَاحٌ أَن يَضَعْنَ ثِيَابَهُنَّ غَيْرَ مُتَبَرِّجَـٰتٍۭ بِزِينَةٍ ۖ وَأَن يَسْتَعْفِفْنَ خَيْرٌ لَّهُنَّ ۗ وَٱللَّهُ سَمِيعٌ عَلِيمٌ",
        "لَّيْسَ عَلَى ٱلْأَعْمَىٰ حَرَجٌ وَلَا عَلَى ٱلْأَعْرَجِ حَرَجٌ وَلَا عَلَى ٱلْمَرِيضِ حَرَجٌ وَلَا عَلَىٰٓ أَنفُسِكُمْ أَن تَأْكُلُوا۟ مِنۢ بُيُوتِكُمْ أَوْ بُيُوتِ ءَابَآئِكُمْ أَوْ بُيُوتِ أُمَّهَـٰتِكُمْ أَوْ بُيُوتِ إِخْوَٰنِكُمْ أَوْ بُيُوتِ أَخَوَٰتِكُمْ أَوْ بُيُوتِ أَعْمَـٰمِكُمْ أَوْ بُيُوتِ عَمَّـٰتِكُمْ أَوْ بُيُوتِ أَخْوَٰلِكُمْ أَوْ بُيُوتِ خَـٰلَـٰتِكُمْ أَوْ مَا مَلَكْتُم مَّفَاتِحَهُۥٓ أَوْ صَدِيقِكُمْ ۚ لَيْسَ عَلَيْكُمْ جُنَاحٌ أَن تَأْكُلُوا۟ جَمِيعًا أَوْ أَشْتَاتًا ۚ فَإِذَا دَخَلْتُم بُيُوتًا فَسَلِّمُوا۟ عَلَىٰٓ أَنفُسِكُمْ تَحِيَّةً مِّنْ عِندِ ٱللَّهِ مُبَـٰرَكَةً طَيِّبَةً ۚ كَذَٰلِكَ يُبَيِّنُ ٱللَّهُ لَكُمُ ٱلْـَٔايَـٰتِ لَعَلَّكُمْ تَعْقِلُونَ",
        "إِنَّمَا ٱلْمُؤْمِنُونَ ٱلَّذِينَ ءَامَنُوا۟ بِٱللَّهِ وَرَسُولِهِۦ وَإِذَا كَانُوا۟ مَعَهُۥ عَلَىٰٓ أَمْرٍ جَامِعٍ لَّمْ يَذْهَبُوا۟ حَتَّىٰ يَسْتَـْٔذِنُوهُ ۚ إِنَّ ٱلَّذِينَ يَسْتَـْٔذِنُونَكَ أُو۟لَـٰٓئِكَ ٱلَّذِينَ يُؤْمِنُونَ بِٱللَّهِ وَرَسُولِهِۦ ۚ فَإِذَا ٱسْتَـْٔذَنُوكَ لِبَعْضِ شَأْنِهِمْ فَأْذَن لِّمَن شِئْتَ مِنْهُمْ وَٱسْتَغْفِرْ لَهُمُ ٱللَّهَ ۚ إِنَّ ٱللَّهَ غَفُورٌ رَّحِيمٌ",
        "لَّا تَجْعَلُوا۟ دُعَآءَ ٱلرَّسُولِ بَيْنَكُمْ كَدُعَآءِ بَعْضِكُم بَعْضًا ۚ قَدْ يَعْلَمُ ٱللَّهُ ٱلَّذِينَ يَتَسَلَّلُونَ مِنكُمْ لِوَاذًا ۚ فَلْيَحْذَرِ ٱلَّذِينَ يُخَالِفُونَ عَنْ أَمْرِهِۦٓ أَن تُصِيبَهُمْ فِتْنَةٌ أَوْ يُصِيبَهُمْ عَذَابٌ أَلِيمٌ",
        "أَلَآ إِنَّ لِلَّهِ مَا فِى ٱلسَّمَـٰوَٰتِ وَٱلْأَرْضِ ۖ قَدْ يَعْلَمُ مَآ أَنتُمْ عَلَيْهِ وَيَوْمَ يُرْجَعُونَ إِلَيْهِ فَيُنَبِّئُهُم بِمَا عَمِلُوا۟ ۗ وَٱللَّهُ بِكُلِّ شَىْءٍ عَلِيمٌۢ"
    ],
    "arabic2": [
        "سورة انزلناها وفرضناها وانزلنا فيها ايات بينات لعلكم تذكرون",
        "الزانية والزاني فاجلدوا كل واحد منهما مائة جلدة ولا تاخذكم بهما رافة في دين الله ان كنتم تؤمنون بالله واليوم الاخر وليشهد عذابهما طائفة من المؤمنين",
        "الزاني لا ينكح الا زانية او مشركة والزانية لا ينكحها الا زان او مشرك وحرم ذلك على المؤمنين",
        "والذين يرمون المحصنات ثم لم ياتوا باربعة شهداء فاجلدوهم ثمانين جلدة ولا تقبلوا لهم شهادة ابدا واولئك هم الفاسقون",
        "الا الذين تابوا من بعد ذلك واصلحوا فان الله غفور رحيم",
        "والذين يرمون ازواجهم ولم يكن لهم شهداء الا انفسهم فشهادة احدهم اربع شهادات بالله انه لمن الصادقين",
        "والخامسة ان لعنت الله عليه ان كان من الكاذبين",
        "ويدرا عنها العذاب ان تشهد اربع شهادات بالله انه لمن الكاذبين",
        "والخامسة ان غضب الله عليها ان كان من الصادقين",
        "ولولا فضل الله عليكم ورحمته وان الله تواب حكيم",
        "ان الذين جاءوا بالافك عصبة منكم لا تحسبوه شرا لكم بل هو خير لكم لكل امرئ منهم ما اكتسب من الاثم والذي تولى كبره منهم له عذاب عظيم",
        "لولا اذ سمعتموه ظن المؤمنون والمؤمنات بانفسهم خيرا وقالوا هذا افك مبين",
        "لولا جاءوا عليه باربعة شهداء فاذ لم ياتوا بالشهداء فاولئك عند الله هم الكاذبون",
        "ولولا فضل الله عليكم ورحمته في الدنيا والاخرة لمسكم في ما افضتم فيه عذاب عظيم",
        "اذ تلقونه بالسنتكم وتقولون بافواهكم ما ليس لكم به علم وتحسبونه هينا وهو عند الله عظيم",
        "ولولا اذ سمعتموه قلتم ما يكون لنا ان نتكلم بهذا سبحانك هذا بهتان عظيم",
        "يعظكم الله ان تعودوا لمثله ابدا ان كنتم مؤمنين",
        "ويبين الله لكم الايات والله عليم حكيم",
        "ان الذين يحبون ان تشيع الفاحشة في الذين امنوا لهم عذاب اليم في الدنيا والاخرة والله يعلم وانتم لا تعلمون",
        "ولولا فضل الله عليكم ورحمته وان الله رءوف رحيم",
        "يا ايها الذين امنوا لا تتبعوا خطوات الشيطان ومن يتبع خطوات الشيطان فانه يامر بالفحشاء والمنكر ولولا فضل الله عليكم ورحمته ما زكى منكم من احد ابدا ولكن الله يزكي من يشاء والله سميع عليم",
        "ولا ياتل اولو الفضل منكم والسعة ان يؤتوا اولي القربى والمساكين والمهاجرين في سبيل الله وليعفوا وليصفحوا الا تحبون ان يغفر الله لكم والله غفور رحيم",
        "ان الذين يرمون المحصنات الغافلات المؤمنات لعنوا في الدنيا والاخرة ولهم عذاب عظيم",
        "يوم تشهد عليهم السنتهم وايديهم وارجلهم بما كانوا يعملون",
        "يومئذ يوفيهم الله دينهم الحق ويعلمون ان الله هو الحق المبين",
        "الخبيثات للخبيثين والخبيثون للخبيثات والطيبات للطيبين والطيبون للطيبات اولئك مبرءون مما يقولون لهم مغفرة ورزق كريم",
        "يا ايها الذين امنوا لا تدخلوا بيوتا غير بيوتكم حتى تستانسوا وتسلموا على اهلها ذلكم خير لكم لعلكم تذكرون",
        "فان لم تجدوا فيها احدا فلا تدخلوها حتى يؤذن لكم وان قيل لكم ارجعوا فارجعوا هو ازكى لكم والله بما تعملون عليم",
        "ليس عليكم جناح ان تدخلوا بيوتا غير مسكونة فيها متاع لكم والله يعلم ما تبدون وما تكتمون",
        "قل للمؤمنين يغضوا من ابصارهم ويحفظوا فروجهم ذلك ازكى لهم ان الله خبير بما يصنعون",
        "وقل للمؤمنات يغضضن من ابصارهن ويحفظن فروجهن ولا يبدين زينتهن الا ما ظهر منها وليضربن بخمرهن على جيوبهن ولا يبدين زينتهن الا لبعولتهن او ابائهن او اباء بعولتهن او ابنائهن او ابناء بعولتهن او اخوانهن او بني اخوانهن او بني اخواتهن او نسائهن او ما ملكت ايمانهن او التابعين غير اولي الاربة من الرجال او الطفل الذين لم يظهروا على عورات النساء ولا يضربن بارجلهن ليعلم ما يخفين من زينتهن وتوبوا الى الله جميعا ايه المؤمنون لعلكم تفلحون",
        "وانكحوا الايامى منكم والصالحين من عبادكم وامائكم ان يكونوا فقراء يغنهم الله من فضله والله واسع عليم",
        "وليستعفف الذين لا يجدون نكاحا حتى يغنيهم الله من فضله والذين يبتغون الكتاب مما ملكت ايمانكم فكاتبوهم ان علمتم فيهم خيرا واتوهم من مال الله الذي اتاكم ولا تكرهوا فتياتكم على البغاء ان اردن تحصنا لتبتغوا عرض الحياة الدنيا ومن يكرههن فان الله من بعد اكراههن غفور رحيم",
        "ولقد انزلنا اليكم ايات مبينات ومثلا من الذين خلوا من قبلكم وموعظة للمتقين",
        "الله نور السماوات والارض مثل نوره كمشكاة فيها مصباح المصباح في زجاجة الزجاجة كانها كوكب دري يوقد من شجرة مباركة زيتونة لا شرقية ولا غربية يكاد زيتها يضيء ولو لم تمسسه نار نور على نور يهدي الله لنوره من يشاء ويضرب الله الامثال للناس والله بكل شيء عليم",
        "في بيوت اذن الله ان ترفع ويذكر فيها اسمه يسبح له فيها بالغدو والاصال",
        "رجال لا تلهيهم تجارة ولا بيع عن ذكر الله واقام الصلاة وايتاء الزكاة يخافون يوما تتقلب فيه القلوب والابصار",
        "ليجزيهم الله احسن ما عملوا ويزيدهم من فضله والله يرزق من يشاء بغير حساب",
        "والذين كفروا اعمالهم كسراب بقيعة يحسبه الظمان ماء حتى اذا جاءه لم يجده شيئا ووجد الله عنده فوفاه حسابه والله سريع الحساب",
        "او كظلمات في بحر لجي يغشاه موج من فوقه موج من فوقه سحاب ظلمات بعضها فوق بعض اذا اخرج يده لم يكد يراها ومن لم يجعل الله له نورا فما له من نور",
        "الم تر ان الله يسبح له من في السماوات والارض والطير صافات كل قد علم صلاته وتسبيحه والله عليم بما يفعلون",
        "ولله ملك السماوات والارض والى الله المصير",
        "الم تر ان الله يزجي سحابا ثم يؤلف بينه ثم يجعله ركاما فترى الودق يخرج من خلاله وينزل من السماء من جبال فيها من برد فيصيب به من يشاء ويصرفه عن من يشاء يكاد سنا برقه يذهب بالابصار",
        "يقلب الله الليل والنهار ان في ذلك لعبرة لاولي الابصار",
        "والله خلق كل دابة من ماء فمنهم من يمشي على بطنه ومنهم من يمشي على رجلين ومنهم من يمشي على اربع يخلق الله ما يشاء ان الله على كل شيء قدير",
        "لقد انزلنا ايات مبينات والله يهدي من يشاء الى صراط مستقيم",
        "ويقولون امنا بالله وبالرسول واطعنا ثم يتولى فريق منهم من بعد ذلك وما اولئك بالمؤمنين",
        "واذا دعوا الى الله ورسوله ليحكم بينهم اذا فريق منهم معرضون",
        "وان يكن لهم الحق ياتوا اليه مذعنين",
        "افي قلوبهم مرض ام ارتابوا ام يخافون ان يحيف الله عليهم ورسوله بل اولئك هم الظالمون",
        "انما كان قول المؤمنين اذا دعوا الى الله ورسوله ليحكم بينهم ان يقولوا سمعنا واطعنا واولئك هم المفلحون",
        "ومن يطع الله ورسوله ويخش الله ويتقه فاولئك هم الفائزون",
        "واقسموا بالله جهد ايمانهم لئن امرتهم ليخرجن قل لا تقسموا طاعة معروفة ان الله خبير بما تعملون",
        "قل اطيعوا الله واطيعوا الرسول فان تولوا فانما عليه ما حمل وعليكم ما حملتم وان تطيعوه تهتدوا وما على الرسول الا البلاغ المبين",
        "وعد الله الذين امنوا منكم وعملوا الصالحات ليستخلفنهم في الارض كما استخلف الذين من قبلهم وليمكنن لهم دينهم الذي ارتضى لهم وليبدلنهم من بعد خوفهم امنا يعبدونني لا يشركون بي شيئا ومن كفر بعد ذلك فاولئك هم الفاسقون",
        "واقيموا الصلاة واتوا الزكاة واطيعوا الرسول لعلكم ترحمون",
        "لا تحسبن الذين كفروا معجزين في الارض وماواهم النار ولبئس المصير",
        "يا ايها الذين امنوا ليستاذنكم الذين ملكت ايمانكم والذين لم يبلغوا الحلم منكم ثلاث مرات من قبل صلاة الفجر وحين تضعون ثيابكم من الظهيرة ومن بعد صلاة العشاء ثلاث عورات لكم ليس عليكم ولا عليهم جناح بعدهن طوافون عليكم بعضكم على بعض كذلك يبين الله لكم الايات والله عليم حكيم",
        "واذا بلغ الاطفال منكم الحلم فليستاذنوا كما استاذن الذين من قبلهم كذلك يبين الله لكم اياته والله عليم حكيم",
        "والقواعد من النساء اللاتي لا يرجون نكاحا فليس عليهن جناح ان يضعن ثيابهن غير متبرجات بزينة وان يستعففن خير لهن والله سميع عليم",
        "ليس على الاعمى حرج ولا على الاعرج حرج ولا على المريض حرج ولا على انفسكم ان تاكلوا من بيوتكم او بيوت ابائكم او بيوت امهاتكم او بيوت اخوانكم او بيوت اخواتكم او بيوت اعمامكم او بيوت عماتكم او بيوت اخوالكم او بيوت خالاتكم او ما ملكتم مفاتحه او صديقكم ليس عليكم جناح ان تاكلوا جميعا او اشتاتا فاذا دخلتم بيوتا فسلموا على انفسكم تحية من عند الله مباركة طيبة كذلك يبين الله لكم الايات لعلكم تعقلون",
        "انما المؤمنون الذين امنوا بالله ورسوله واذا كانوا معه على امر جامع لم يذهبوا حتى يستاذنوه ان الذين يستاذنونك اولئك الذين يؤمنون بالله ورسوله فاذا استاذنوك لبعض شانهم فاذن لمن شئت منهم واستغفر لهم الله ان الله غفور رحيم",
        "لا تجعلوا دعاء الرسول بينكم كدعاء بعضكم بعضا قد يعلم الله الذين يتسللون منكم لواذا فليحذر الذين يخالفون عن امره ان تصيبهم فتنة او يصيبهم عذاب اليم",
        "الا ان لله ما في السماوات والارض قد يعلم ما انتم عليه ويوم يرجعون اليه فينبئهم بما عملوا والله بكل شيء عليم"
    ]
}