{
    "surahName": "Al-Furqaan",
    "surahNameArabic": "الفرقان",
    "surahNameArabicLong": "سورة الفرقان",
    "surahNameTranslation": "The Criterion",
    "revelationPlace": "Mecca",
    "totalAyah": 77,
    "surahNo": 25,
    "english": [
        "Blessed is the One Who sent down the Standard to His servant, so that he may be a warner to the whole world.",
        "˹Allah is˺ the One to Whom belongs the kingdom of the heavens and the earth, Who has never had ˹any˺ offspring, nor does He have a partner in ˹governing˺ the kingdom. He has created everything, ordaining it precisely.",
        "Yet they have taken besides Him gods who cannot create anything but are themselves created. Nor can they protect or benefit themselves. Nor can they control life, death, or resurrection.",
        "The disbelievers say, “This ˹Quran˺ is nothing but a fabrication which he made up with the help of others.” Their claim is totally unjustified and untrue!",
        "And they say, “˹These revelations are only˺ ancient fables which he has had written down, and they are rehearsed to him morning and evening.”",
        "Say, ˹O Prophet,˺ “This ˹Quran˺ has been revealed by the One Who knows the secrets of the heavens and the earth. Surely He is All-Forgiving, Most Merciful.”",
        "And they say ˹mockingly˺, “What kind of messenger is this who eats food and goes about in market-places ˹for a living˺? If only an angel had been sent down with him to be his co-warner",
        "or a treasure had been cast down to him, or he had had a garden from which he may eat!” And the wrongdoers say ˹to the believers˺, “You are only following a bewitched man.”",
        "See ˹O Prophet˺ how they call you names! So they have gone so ˹far˺ astray that they cannot find the ˹Right˺ Way.",
        "Blessed is the One Who—if He wills—can give you far better than ˹all˺ that: gardens under which rivers flow, and palaces as well.",
        "In fact, they deny the Hour. And for the deniers of the Hour, We have prepared a blazing Fire.",
        "Once it sees them from a distance, they will hear it fuming and growling.",
        "And when they are tossed into a narrow place inside ˹Hell˺, chained together, then and there they will cry out for ˹instant˺ destruction.",
        "˹They will be told,˺ “Do not cry only once for destruction, but cry many times over!”",
        "Say, ˹O Prophet,˺ “Is this better or the Garden of Eternity which the righteous have been promised, as a reward and ˹an ultimate˺ destination?",
        "There they will have whatever they wish for, forever. That is a promise ˹to be sought after˺, binding on your Lord.”",
        "˹Watch for˺ the Day He will gather them along with what they used to worship besides Allah, and ask ˹the objects of worship˺, “Was it you who misled these servants of Mine, or did they stray from the Way ˹on their own˺?”",
        "They will say, “Glory be to You! It was not right for ˹others like˺ us to take any lords besides You, but You allowed enjoyment for them and their forefathers ˹for so long˺ that they forgot ˹Your˺ remembrance and became a doomed people.”",
        "˹The doomed will be told˺, “Your gods have clearly denied your claims. So now you can neither ward off ˹the punishment˺ nor get any help.” And whoever of you does wrong, We will make them taste a horrible punishment.",
        "We never sent any messenger before you ˹O Prophet˺, who did not eat food and go about in market-places. We have made some of you a trial for others. Will you ˹not then˺ be patient? And your Lord is All-Seeing.",
        "Those who do not expect to meet Us say, “If only the angels were sent down to us, or we could see our Lord!” They have certainly been carried away by their arrogance and have entirely exceeded all limits.",
        "˹But˺ on the Day they will see the angels, there will be no good news for the wicked, who will cry, “Keep away! Away ˹from us˺!”",
        "Then We will turn to whatever ˹good˺ deeds they did, reducing them to scattered dust.",
        "˹But˺ on that Day the residents of Paradise will have the best settlement and the finest place to rest.",
        "˹Watch for˺ the Day the heavens will burst with clouds, and the angels will be sent down in successive ranks.",
        "True authority on that Day will belong ˹only˺ to the Most Compassionate. And it will be a hard day for the disbelievers.",
        "And ˹beware of˺ the Day the wrongdoer will bite his nails ˹in regret˺ and say, “Oh! I wish I had followed the Way along with the Messenger!",
        "Woe to me! I wish I had never taken so-and-so as a close friend.",
        "It was he who truly made me stray from the Reminder after it had reached me.” And Satan has always betrayed humanity.",
        "The Messenger has cried, “O my Lord! My people have indeed received this Quran with neglect.”",
        "Similarly, We made enemies for every prophet from among the wicked, but sufficient is your Lord as a Guide and Helper.",
        "The disbelievers say, “If only the Quran had been sent down to him all at once!” ˹We have sent it˺ as such ˹in stages˺ so We may reassure your heart with it. And We have revealed it at a deliberate pace.",
        "Whenever they bring you an argument, We come to you with the right refutation and the best explanation.",
        "Those who will be dragged into Hell on their faces will be in the worst place, and are ˹now˺ farthest from the ˹Right˺ Way.",
        "We certainly gave Moses the Book and appointed his brother Aaron as his helper.",
        "We had ordered ˹them˺, “Go to the people who would deny Our signs.” Then We annihilated the deniers entirely.",
        "And when the people of Noah rejected the messengers, We drowned them, making them an example to humanity. And We have prepared a painful punishment for the wrongdoers.",
        "Also ˹We destroyed˺ ’Ȃd, Thamûd, and the people of the Water-pit, as well as many peoples in between.",
        "For each We set forth ˹various˺ lessons, and We ultimately destroyed each.",
        "They have certainly passed by the city ˹of Sodom˺, which had been showered with a dreadful rain ˹of stones˺. Have they not seen its ruins? But they do not expect to be resurrected.",
        "When they see you ˹O Prophet˺, they only make fun of you, ˹saying,˺ “Is this the one that Allah has sent as a messenger?",
        "He would have almost tricked us away from our gods, had we not been so devoted to them.” ˹But˺ soon they will know, when they face the punishment, who is far astray from the ˹Right˺ Way.",
        "Have you seen ˹O Prophet˺ the one who has taken their own desires as their god? Will you then be a keeper over them?",
        "Or do you think that most of them listen or understand? They are only like cattle—no, more than that, they are astray from the ˹Right˺ Way!",
        "Have you not seen how your Lord extends the shade—He could have simply made it ˹remain˺ still if He so willed—then We make the sun its guide",
        "causing the shade to retreat gradually?",
        "He is the One Who has made the night for you as a cover, and ˹made˺ sleep for resting, and the day for rising.",
        "And He is the One Who sends the winds ushering in His mercy, and We send down pure rain from the sky",
        "giving life to a lifeless land, and providing water for countless animals and humans of Our Own creation.",
        "We certainly disperse it among them so they may be mindful, but most people persist in ungratefulness.",
        "Had We willed, We could have easily sent a warner to every society.",
        "So do not yield to the disbelievers, but strive diligently against them with this ˹Quran˺.",
        "And He is the One Who merges the two bodies of water: one fresh and palatable and the other salty and bitter, placing between them a barrier they cannot cross.",
        "And He is the One Who creates human beings from a ˹humble˺ liquid, then establishes for them bonds of kinship and marriage. For your Lord is Most Capable.",
        "Yet they worship besides Allah what can neither benefit nor harm them. And the disbeliever always collaborates against their Lord.",
        "And We have sent you ˹O Prophet˺ only as a deliverer of good news and a warner.",
        "Say, “I do not ask you for any reward for this ˹message˺, but whoever wishes, let them pursue the Way to their Lord.”",
        "Put your trust in the Ever-Living, Who never dies, and glorify His praises. Sufficient is He as All-Aware of the sins of His servants.",
        "˹He is˺ the One Who created the heavens and the earth and everything in between in six Days, then established Himself on the Throne. ˹He is˺ the Most Compassionate! Ask ˹none other than˺ the All-Knowledgeable about Himself.",
        "When it is said to them, “Prostrate to the Most Compassionate,” they ask ˹in disgust˺, “What is ‘the Most Compassionate’? Will we prostrate to whatever you order us to?” And it only drives them farther away.",
        "Blessed is the One Who has placed constellations in the sky, as well as a ˹radiant˺ lamp and a luminous moon.",
        "And He is the One Who causes the day and the night to alternate, ˹as a sign˺ for whoever desires to be mindful or to be grateful.",
        "The ˹true˺ servants of the Most Compassionate are those who walk on the earth humbly, and when the foolish address them ˹improperly˺, they only respond with peace.",
        "˹They are˺ those who spend ˹a good portion of˺ the night, prostrating themselves and standing before their Lord.",
        "˹They are˺ those who pray, “Our Lord! Keep the punishment of Hell away from us, for its punishment is indeed unrelenting.",
        "It is certainly an evil place to settle and reside.”",
        "˹They are˺ those who spend neither wastefully nor stingily, but moderately in between.",
        "˹They are˺ those who do not invoke any other god besides Allah, nor take a ˹human˺ life—made sacred by Allah—except with ˹legal˺ right, nor commit fornication. And whoever does ˹any of˺ this will face the penalty.",
        "Their punishment will be multiplied on the Day of Judgment, and they will remain in it forever, in disgrace.",
        "As for those who repent, believe, and do good deeds, they are the ones whose evil deeds Allah will change into good deeds. For Allah is All-Forgiving, Most Merciful.",
        "And whoever repents and does good has truly turned to Allah properly.",
        "˹They are˺ those who do not bear false witness, and when they come across falsehood, they pass ˹it˺ by with dignity.",
        "˹They are˺ those who, when reminded of the revelation of their Lord, do not turn a blind eye or a deaf ear to it.",
        "˹They are˺ those who pray, “Our Lord! Bless us with ˹pious˺ spouses and offspring who will be the joy of our hearts, and make us models for the righteous.”",
        "It is they who will be rewarded with ˹elevated˺ mansions ˹in Paradise˺ for their perseverance, and will be received with salutations and ˹greetings of˺ peace",
        "staying there forever. What an excellent place to settle and reside!",
        "Say, ˹O Prophet,˺ “You ˹all˺ would not ˹even˺ matter to my Lord were it not for your faith ˹in Him˺. But now you ˹disbelievers˺ have denied ˹the truth˺, so the torment is bound to come.”"
    ],
    "arabic1": [
        " تَبَارَكَ ٱلَّذِى نَزَّلَ ٱلْفُرْقَانَ عَلَىٰ عَبْدِهِۦ لِيَكُونَ لِلْعَـٰلَمِينَ نَذِيرًا",
        "ٱلَّذِى لَهُۥ مُلْكُ ٱلسَّمَـٰوَٰتِ وَٱلْأَرْضِ وَلَمْ يَتَّخِذْ وَلَدًا وَلَمْ يَكُن لَّهُۥ شَرِيكٌ فِى ٱلْمُلْكِ وَخَلَقَ كُلَّ شَىْءٍ فَقَدَّرَهُۥ تَقْدِيرًا",
        "وَٱتَّخَذُوا۟ مِن دُونِهِۦٓ ءَالِهَةً لَّا يَخْلُقُونَ شَيْـًٔا وَهُمْ يُخْلَقُونَ وَلَا يَمْلِكُونَ لِأَنفُسِهِمْ ضَرًّا وَلَا نَفْعًا وَلَا يَمْلِكُونَ مَوْتًا وَلَا حَيَوٰةً وَلَا نُشُورًا",
        "وَقَالَ ٱلَّذِينَ كَفَرُوٓا۟ إِنْ هَـٰذَآ إِلَّآ إِفْكٌ ٱفْتَرَىٰهُ وَأَعَانَهُۥ عَلَيْهِ قَوْمٌ ءَاخَرُونَ ۖ فَقَدْ جَآءُو ظُلْمًا وَزُورًا",
        "وَقَالُوٓا۟ أَسَـٰطِيرُ ٱلْأَوَّلِينَ ٱكْتَتَبَهَا فَهِىَ تُمْلَىٰ عَلَيْهِ بُكْرَةً وَأَصِيلًا",
        "قُلْ أَنزَلَهُ ٱلَّذِى يَعْلَمُ ٱلسِّرَّ فِى ٱلسَّمَـٰوَٰتِ وَٱلْأَرْضِ ۚ إِنَّهُۥ كَانَ غَفُورًا رَّحِيمًا",
        "وَقَالُوا۟ مَالِ هَـٰذَا ٱلرَّسُولِ يَأْكُلُ ٱلطَّعَامَ وَيَمْشِى فِى ٱلْأَسْوَاقِ ۙ لَوْلَآ أُنزِلَ إِلَيْهِ مَلَكٌ فَيَكُونَ مَعَهُۥ نَذِيرًا",
        "أَوْ يُلْقَىٰٓ إِلَيْهِ كَنزٌ أَوْ تَكُونُ لَهُۥ جَنَّةٌ يَأْكُلُ مِنْهَا ۚ وَقَالَ ٱلظَّـٰلِمُونَ إِن تَتَّبِعُونَ إِلَّا رَجُلًا مَّسْحُورًا",
        "ٱنظُرْ كَيْفَ ضَرَبُوا۟ لَكَ ٱلْأَمْثَـٰلَ فَضَلُّوا۟ فَلَا يَسْتَطِيعُونَ سَبِيلًا",
        "تَبَارَكَ ٱلَّذِىٓ إِن شَآءَ جَعَلَ لَكَ خَيْرًا مِّن ذَٰلِكَ جَنَّـٰتٍ تَجْرِى مِن تَحْتِهَا ٱلْأَنْهَـٰرُ وَيَجْعَل لَّكَ قُصُورًۢا",
        "بَلْ كَذَّبُوا۟ بِٱلسَّاعَةِ ۖ وَأَعْتَدْنَا لِمَن كَذَّبَ بِٱلسَّاعَةِ سَعِيرًا",
        "إِذَا رَأَتْهُم مِّن مَّكَانٍۭ بَعِيدٍ سَمِعُوا۟ لَهَا تَغَيُّظًا وَزَفِيرًا",
        "وَإِذَآ أُلْقُوا۟ مِنْهَا مَكَانًا ضَيِّقًا مُّقَرَّنِينَ دَعَوْا۟ هُنَالِكَ ثُبُورًا",
        "لَّا تَدْعُوا۟ ٱلْيَوْمَ ثُبُورًا وَٰحِدًا وَٱدْعُوا۟ ثُبُورًا كَثِيرًا",
        "قُلْ أَذَٰلِكَ خَيْرٌ أَمْ جَنَّةُ ٱلْخُلْدِ ٱلَّتِى وُعِدَ ٱلْمُتَّقُونَ ۚ كَانَتْ لَهُمْ جَزَآءً وَمَصِيرًا",
        "لَّهُمْ فِيهَا مَا يَشَآءُونَ خَـٰلِدِينَ ۚ كَانَ عَلَىٰ رَبِّكَ وَعْدًا مَّسْـُٔولًا",
        "وَيَوْمَ يَحْشُرُهُمْ وَمَا يَعْبُدُونَ مِن دُونِ ٱللَّهِ فَيَقُولُ ءَأَنتُمْ أَضْلَلْتُمْ عِبَادِى هَـٰٓؤُلَآءِ أَمْ هُمْ ضَلُّوا۟ ٱلسَّبِيلَ",
        "قَالُوا۟ سُبْحَـٰنَكَ مَا كَانَ يَنۢبَغِى لَنَآ أَن نَّتَّخِذَ مِن دُونِكَ مِنْ أَوْلِيَآءَ وَلَـٰكِن مَّتَّعْتَهُمْ وَءَابَآءَهُمْ حَتَّىٰ نَسُوا۟ ٱلذِّكْرَ وَكَانُوا۟ قَوْمًۢا بُورًا",
        "فَقَدْ كَذَّبُوكُم بِمَا تَقُولُونَ فَمَا تَسْتَطِيعُونَ صَرْفًا وَلَا نَصْرًا ۚ وَمَن يَظْلِم مِّنكُمْ نُذِقْهُ عَذَابًا كَبِيرًا",
        "وَمَآ أَرْسَلْنَا قَبْلَكَ مِنَ ٱلْمُرْسَلِينَ إِلَّآ إِنَّهُمْ لَيَأْكُلُونَ ٱلطَّعَامَ وَيَمْشُونَ فِى ٱلْأَسْوَاقِ ۗ وَجَعَلْنَا بَعْضَكُمْ لِبَعْضٍ فِتْنَةً أَتَصْبِرُونَ ۗ وَكَانَ رَبُّكَ بَصِيرًا",
        "۞ وَقَالَ ٱلَّذِينَ لَا يَرْجُونَ لِقَآءَنَا لَوْلَآ أُنزِلَ عَلَيْنَا ٱلْمَلَـٰٓئِكَةُ أَوْ نَرَىٰ رَبَّنَا ۗ لَقَدِ ٱسْتَكْبَرُوا۟ فِىٓ أَنفُسِهِمْ وَعَتَوْ عُتُوًّا كَبِيرًا",
        "يَوْمَ يَرَوْنَ ٱلْمَلَـٰٓئِكَةَ لَا بُشْرَىٰ يَوْمَئِذٍ لِّلْمُجْرِمِينَ وَيَقُولُونَ حِجْرًا مَّحْجُورًا",
        "وَقَدِمْنَآ إِلَىٰ مَا عَمِلُوا۟ مِنْ عَمَلٍ فَجَعَلْنَـٰهُ هَبَآءً مَّنثُورًا",
        "أَصْحَـٰبُ ٱلْجَنَّةِ يَوْمَئِذٍ خَيْرٌ مُّسْتَقَرًّا وَأَحْسَنُ مَقِيلًا",
        "وَيَوْمَ تَشَقَّقُ ٱلسَّمَآءُ بِٱلْغَمَـٰمِ وَنُزِّلَ ٱلْمَلَـٰٓئِكَةُ تَنزِيلًا",
        "ٱلْمُلْكُ يَوْمَئِذٍ ٱلْحَقُّ لِلرَّحْمَـٰنِ ۚ وَكَانَ يَوْمًا عَلَى ٱلْكَـٰفِرِينَ عَسِيرًا",
        "وَيَوْمَ يَعَضُّ ٱلظَّالِمُ عَلَىٰ يَدَيْهِ يَقُولُ يَـٰلَيْتَنِى ٱتَّخَذْتُ مَعَ ٱلرَّسُولِ سَبِيلًا",
        "يَـٰوَيْلَتَىٰ لَيْتَنِى لَمْ أَتَّخِذْ فُلَانًا خَلِيلًا",
        "لَّقَدْ أَضَلَّنِى عَنِ ٱلذِّكْرِ بَعْدَ إِذْ جَآءَنِى ۗ وَكَانَ ٱلشَّيْطَـٰنُ لِلْإِنسَـٰنِ خَذُولًا",
        "وَقَالَ ٱلرَّسُولُ يَـٰرَبِّ إِنَّ قَوْمِى ٱتَّخَذُوا۟ هَـٰذَا ٱلْقُرْءَانَ مَهْجُورًا",
        "وَكَذَٰلِكَ جَعَلْنَا لِكُلِّ نَبِىٍّ عَدُوًّا مِّنَ ٱلْمُجْرِمِينَ ۗ وَكَفَىٰ بِرَبِّكَ هَادِيًا وَنَصِيرًا",
        "وَقَالَ ٱلَّذِينَ كَفَرُوا۟ لَوْلَا نُزِّلَ عَلَيْهِ ٱلْقُرْءَانُ جُمْلَةً وَٰحِدَةً ۚ كَذَٰلِكَ لِنُثَبِّتَ بِهِۦ فُؤَادَكَ ۖ وَرَتَّلْنَـٰهُ تَرْتِيلًا",
        "وَلَا يَأْتُونَكَ بِمَثَلٍ إِلَّا جِئْنَـٰكَ بِٱلْحَقِّ وَأَحْسَنَ تَفْسِيرًا",
        "ٱلَّذِينَ يُحْشَرُونَ عَلَىٰ وُجُوهِهِمْ إِلَىٰ جَهَنَّمَ أُو۟لَـٰٓئِكَ شَرٌّ مَّكَانًا وَأَضَلُّ سَبِيلًا",
        "وَلَقَدْ ءَاتَيْنَا مُوسَى ٱلْكِتَـٰبَ وَجَعَلْنَا مَعَهُۥٓ أَخَاهُ هَـٰرُونَ وَزِيرًا",
        "فَقُلْنَا ٱذْهَبَآ إِلَى ٱلْقَوْمِ ٱلَّذِينَ كَذَّبُوا۟ بِـَٔايَـٰتِنَا فَدَمَّرْنَـٰهُمْ تَدْمِيرًا",
        "وَقَوْمَ نُوحٍ لَّمَّا كَذَّبُوا۟ ٱلرُّسُلَ أَغْرَقْنَـٰهُمْ وَجَعَلْنَـٰهُمْ لِلنَّاسِ ءَايَةً ۖ وَأَعْتَدْنَا لِلظَّـٰلِمِينَ عَذَابًا أَلِيمًا",
        "وَعَادًا وَثَمُودَا۟ وَأَصْحَـٰبَ ٱلرَّسِّ وَقُرُونًۢا بَيْنَ ذَٰلِكَ كَثِيرًا",
        "وَكُلًّا ضَرَبْنَا لَهُ ٱلْأَمْثَـٰلَ ۖ وَكُلًّا تَبَّرْنَا تَتْبِيرًا",
        "وَلَقَدْ أَتَوْا۟ عَلَى ٱلْقَرْيَةِ ٱلَّتِىٓ أُمْطِرَتْ مَطَرَ ٱلسَّوْءِ ۚ أَفَلَمْ يَكُونُوا۟ يَرَوْنَهَا ۚ بَلْ كَانُوا۟ لَا يَرْجُونَ نُشُورًا",
        "وَإِذَا رَأَوْكَ إِن يَتَّخِذُونَكَ إِلَّا هُزُوًا أَهَـٰذَا ٱلَّذِى بَعَثَ ٱللَّهُ رَسُولًا",
        "إِن كَادَ لَيُضِلُّنَا عَنْ ءَالِهَتِنَا لَوْلَآ أَن صَبَرْنَا عَلَيْهَا ۚ وَسَوْفَ يَعْلَمُونَ حِينَ يَرَوْنَ ٱلْعَذَابَ مَنْ أَضَلُّ سَبِيلًا",
        "أَرَءَيْتَ مَنِ ٱتَّخَذَ إِلَـٰهَهُۥ هَوَىٰهُ أَفَأَنتَ تَكُونُ عَلَيْهِ وَكِيلًا",
        "أَمْ تَحْسَبُ أَنَّ أَكْثَرَهُمْ يَسْمَعُونَ أَوْ يَعْقِلُونَ ۚ إِنْ هُمْ إِلَّا كَٱلْأَنْعَـٰمِ ۖ بَلْ هُمْ أَضَلُّ سَبِيلًا",
        "أَلَمْ تَرَ إِلَىٰ رَبِّكَ كَيْفَ مَدَّ ٱلظِّلَّ وَلَوْ شَآءَ لَجَعَلَهُۥ سَاكِنًا ثُمَّ جَعَلْنَا ٱلشَّمْسَ عَلَيْهِ دَلِيلًا",
        "ثُمَّ قَبَضْنَـٰهُ إِلَيْنَا قَبْضًا يَسِيرًا",
        "وَهُوَ ٱلَّذِى جَعَلَ لَكُمُ ٱلَّيْلَ لِبَاسًا وَٱلنَّوْمَ سُبَاتًا وَجَعَلَ ٱلنَّهَارَ نُشُورًا",
        "وَهُوَ ٱلَّذِىٓ أَرْسَلَ ٱلرِّيَـٰحَ بُشْرًۢا بَيْنَ يَدَىْ رَحْمَتِهِۦ ۚ وَأَنزَلْنَا مِنَ ٱلسَّمَآءِ مَآءً طَهُورًا",
        "لِّنُحْـِۧىَ بِهِۦ بَلْدَةً مَّيْتًا وَنُسْقِيَهُۥ مِمَّا خَلَقْنَآ أَنْعَـٰمًا وَأَنَاسِىَّ كَثِيرًا",
        "وَلَقَدْ صَرَّفْنَـٰهُ بَيْنَهُمْ لِيَذَّكَّرُوا۟ فَأَبَىٰٓ أَكْثَرُ ٱلنَّاسِ إِلَّا كُفُورًا",
        "وَلَوْ شِئْنَا لَبَعَثْنَا فِى كُلِّ قَرْيَةٍ نَّذِيرًا",
        "فَلَا تُطِعِ ٱلْكَـٰفِرِينَ وَجَـٰهِدْهُم بِهِۦ جِهَادًا كَبِيرًا",
        "۞ وَهُوَ ٱلَّذِى مَرَجَ ٱلْبَحْرَيْنِ هَـٰذَا عَذْبٌ فُرَاتٌ وَهَـٰذَا مِلْحٌ أُجَاجٌ وَجَعَلَ بَيْنَهُمَا بَرْزَخًا وَحِجْرًا مَّحْجُورًا",
        "وَهُوَ ٱلَّذِى خَلَقَ مِنَ ٱلْمَآءِ بَشَرًا فَجَعَلَهُۥ نَسَبًا وَصِهْرًا ۗ وَكَانَ رَبُّكَ قَدِيرًا",
        "وَيَعْبُدُونَ مِن دُونِ ٱللَّهِ مَا لَا يَنفَعُهُمْ وَلَا يَضُرُّهُمْ ۗ وَكَانَ ٱلْكَافِرُ عَلَىٰ رَبِّهِۦ ظَهِيرًا",
        "وَمَآ أَرْسَلْنَـٰكَ إِلَّا مُبَشِّرًا وَنَذِيرًا",
        "قُلْ مَآ أَسْـَٔلُكُمْ عَلَيْهِ مِنْ أَجْرٍ إِلَّا مَن شَآءَ أَن يَتَّخِذَ إِلَىٰ رَبِّهِۦ سَبِيلًا",
        "وَتَوَكَّلْ عَلَى ٱلْحَىِّ ٱلَّذِى لَا يَمُوتُ وَسَبِّحْ بِحَمْدِهِۦ ۚ وَكَفَىٰ بِهِۦ بِذُنُوبِ عِبَادِهِۦ خَبِيرًا",
        "ٱلَّذِى خَلَقَ ٱلسَّمَـٰوَٰتِ وَٱلْأَرْضَ وَمَا بَيْنَهُمَا فِى سِتَّةِ أَيَّامٍ ثُمَّ ٱسْتَوَىٰ عَلَى ٱلْعَرْشِ ۚ ٱلرَّحْمَـٰنُ فَسْـَٔلْ بِهِۦ خَبِيرًا",
        "وَإِذَا قِيلَ لَهُمُ ٱسْجُدُوا۟ لِلرَّحْمَـٰنِ قَالُوا۟ وَمَا ٱلرَّحْمَـٰنُ أَنَسْجُدُ لِمَا تَأْمُرُنَا وَزَادَهُمْ نُفُورًا ۩",
        "تَبَارَكَ ٱلَّذِى جَعَلَ فِى ٱلسَّمَآءِ بُرُوجًا وَجَعَلَ فِيهَا سِرَٰجًا وَقَمَرًا مُّنِيرًا",
        "وَهُوَ ٱلَّذِى جَعَلَ ٱلَّيْلَ وَٱلنَّهَارَ خِلْفَةً لِّمَنْ أَرَادَ أَن يَذَّكَّرَ أَوْ أَرَادَ شُكُورًا",
        "وَعِبَادُ ٱلرَّحْمَـٰنِ ٱلَّذِينَ يَمْشُونَ عَلَى ٱلْأَرْضِ هَوْنًا وَإِذَا خَاطَبَهُمُ ٱلْجَـٰهِلُونَ قَالُوا۟ سَلَـٰمًا",
        "وَٱلَّذِينَ يَبِيتُونَ لِرَبِّهِمْ سُجَّدًا وَقِيَـٰمًا",
        "وَٱلَّذِينَ يَقُولُونَ رَبَّنَا ٱصْرِفْ عَنَّا عَذَابَ جَهَنَّمَ ۖ إِنَّ عَذَابَهَا كَانَ غَرَامًا",
        "إِنَّهَا سَآءَتْ مُسْتَقَرًّا وَمُقَامًا",
        "وَٱلَّذِينَ إِذَآ أَنفَقُوا۟ لَمْ يُسْرِفُوا۟ وَلَمْ يَقْتُرُوا۟ وَكَانَ بَيْنَ ذَٰلِكَ قَوَامًا",
        "وَٱلَّذِينَ لَا يَدْعُونَ مَعَ ٱللَّهِ إِلَـٰهًا ءَاخَرَ وَلَا يَقْتُلُونَ ٱلنَّفْسَ ٱلَّتِى حَرَّمَ ٱللَّهُ إِلَّا بِٱلْحَقِّ وَلَا يَزْنُونَ ۚ وَمَن يَفْعَلْ ذَٰلِكَ يَلْقَ أَثَامًا",
        "يُضَـٰعَفْ لَهُ ٱلْعَذَابُ يَوْمَ ٱلْقِيَـٰمَةِ وَيَخْلُدْ فِيهِۦ مُهَانًا",
        "إِلَّا مَن تَابَ وَءَامَنَ وَعَمِلَ عَمَلًا صَـٰلِحًا فَأُو۟لَـٰٓئِكَ يُبَدِّلُ ٱللَّهُ سَيِّـَٔاتِهِمْ حَسَنَـٰتٍ ۗ وَكَانَ ٱللَّهُ غَفُورًا رَّحِيمًا",
        "وَمَن تَابَ وَعَمِلَ صَـٰلِحًا فَإِنَّهُۥ يَتُوبُ إِلَى ٱللَّهِ مَتَابًا",
        "وَٱلَّذِينَ لَا يَشْهَدُونَ ٱلزُّورَ وَإِذَا مَرُّوا۟ بِٱللَّغْوِ مَرُّوا۟ كِرَامًا",
        "وَٱلَّذِينَ إِذَا ذُكِّرُوا۟ بِـَٔايَـٰتِ رَبِّهِمْ لَمْ يَخِرُّوا۟ عَلَيْهَا صُمًّا وَعُمْيَانًا",
        "وَٱلَّذِينَ يَقُولُونَ رَبَّنَا هَبْ لَنَا مِنْ أَزْوَٰجِنَا وَذُرِّيَّـٰتِنَا قُرَّةَ أَعْيُنٍ وَٱجْعَلْنَا لِلْمُتَّقِينَ إِمَامًا",
        "أُو۟لَـٰٓئِكَ يُجْزَوْنَ ٱلْغُرْفَةَ بِمَا صَبَرُوا۟ وَيُلَقَّوْنَ فِيهَا تَحِيَّةً وَسَلَـٰمًا",
        "خَـٰلِدِينَ فِيهَا ۚ حَسُنَتْ مُسْتَقَرًّا وَمُقَامًا",
        "قُلْ مَا يَعْبَؤُا۟ بِكُمْ رَبِّى لَوْلَا دُعَآؤُكُمْ ۖ فَقَدْ كَذَّبْتُمْ فَسَوْفَ يَكُونُ لِزَامًۢا"
    ],
    "arabic2": [
        "تبارك الذي نزل الفرقان على عبده ليكون للعالمين نذيرا",
        "الذي له ملك السماوات والارض ولم يتخذ ولدا ولم يكن له شريك في الملك وخلق كل شيء فقدره تقديرا",
        "واتخذوا من دونه الهة لا يخلقون شيئا وهم يخلقون ولا يملكون لانفسهم ضرا ولا نفعا ولا يملكون موتا ولا حياة ولا نشورا",
        "وقال الذين كفروا ان هذا الا افك افتراه واعانه عليه قوم اخرون فقد جاءوا ظلما وزورا",
        "وقالوا اساطير الاولين اكتتبها فهي تملى عليه بكرة واصيلا",
        "قل انزله الذي يعلم السر في السماوات والارض انه كان غفورا رحيما",
        "وقالوا مال هذا الرسول ياكل الطعام ويمشي في الاسواق لولا انزل اليه ملك فيكون معه نذيرا",
        "او يلقى اليه كنز او تكون له جنة ياكل منها وقال الظالمون ان تتبعون الا رجلا مسحورا",
        "انظر كيف ضربوا لك الامثال فضلوا فلا يستطيعون سبيلا",
        "تبارك الذي ان شاء جعل لك خيرا من ذلك جنات تجري من تحتها الانهار ويجعل لك قصورا",
        "بل كذبوا بالساعة واعتدنا لمن كذب بالساعة سعيرا",
        "اذا راتهم من مكان بعيد سمعوا لها تغيظا وزفيرا",
        "واذا القوا منها مكانا ضيقا مقرنين دعوا هنالك ثبورا",
        "لا تدعوا اليوم ثبورا واحدا وادعوا ثبورا كثيرا",
        "قل اذلك خير ام جنة الخلد التي وعد المتقون كانت لهم جزاء ومصيرا",
        "لهم فيها ما يشاءون خالدين كان على ربك وعدا مسئولا",
        "ويوم يحشرهم وما يعبدون من دون الله فيقول اانتم اضللتم عبادي هؤلاء ام هم ضلوا السبيل",
        "قالوا سبحانك ما كان ينبغي لنا ان نتخذ من دونك من اولياء ولكن متعتهم واباءهم حتى نسوا الذكر وكانوا قوما بورا",
        "فقد كذبوكم بما تقولون فما تستطيعون صرفا ولا نصرا ومن يظلم منكم نذقه عذابا كبيرا",
        "وما ارسلنا قبلك من المرسلين الا انهم لياكلون الطعام ويمشون في الاسواق وجعلنا بعضكم لبعض فتنة اتصبرون وكان ربك بصيرا",
        "وقال الذين لا يرجون لقاءنا لولا انزل علينا الملائكة او نرى ربنا لقد استكبروا في انفسهم وعتوا عتوا كبيرا",
        "يوم يرون الملائكة لا بشرى يومئذ للمجرمين ويقولون حجرا محجورا",
        "وقدمنا الى ما عملوا من عمل فجعلناه هباء منثورا",
        "اصحاب الجنة يومئذ خير مستقرا واحسن مقيلا",
        "ويوم تشقق السماء بالغمام ونزل الملائكة تنزيلا",
        "الملك يومئذ الحق للرحمن وكان يوما على الكافرين عسيرا",
        "ويوم يعض الظالم على يديه يقول يا ليتني اتخذت مع الرسول سبيلا",
        "يا ويلتى ليتني لم اتخذ فلانا خليلا",
        "لقد اضلني عن الذكر بعد اذ جاءني وكان الشيطان للانسان خذولا",
        "وقال الرسول يا رب ان قومي اتخذوا هذا القران مهجورا",
        "وكذلك جعلنا لكل نبي عدوا من المجرمين وكفى بربك هاديا ونصيرا",
        "وقال الذين كفروا لولا نزل عليه القران جملة واحدة كذلك لنثبت به فؤادك ورتلناه ترتيلا",
        "ولا ياتونك بمثل الا جئناك بالحق واحسن تفسيرا",
        "الذين يحشرون على وجوههم الى جهنم اولئك شر مكانا واضل سبيلا",
        "ولقد اتينا موسى الكتاب وجعلنا معه اخاه هارون وزيرا",
        "فقلنا اذهبا الى القوم الذين كذبوا باياتنا فدمرناهم تدميرا",
        "وقوم نوح لما كذبوا الرسل اغرقناهم وجعلناهم للناس اية واعتدنا للظالمين عذابا اليما",
        "وعادا وثمود واصحاب الرس وقرونا بين ذلك كثيرا",
        "وكلا ضربنا له الامثال وكلا تبرنا تتبيرا",
        "ولقد اتوا على القرية التي امطرت مطر السوء افلم يكونوا يرونها بل كانوا لا يرجون نشورا",
        "واذا راوك ان يتخذونك الا هزوا اهذا الذي بعث الله رسولا",
        "ان كاد ليضلنا عن الهتنا لولا ان صبرنا عليها وسوف يعلمون حين يرون العذاب من اضل سبيلا",
        "ارايت من اتخذ الهه هواه افانت تكون عليه وكيلا",
        "ام تحسب ان اكثرهم يسمعون او يعقلون ان هم الا كالانعام بل هم اضل سبيلا",
        "الم تر الى ربك كيف مد الظل ولو شاء لجعله ساكنا ثم جعلنا الشمس عليه دليلا",
        "ثم قبضناه الينا قبضا يسيرا",
        "وهو الذي جعل لكم الليل لباسا والنوم سباتا وجعل النهار نشورا",
        "وهو الذي ارسل الرياح بشرا بين يدي رحمته وانزلنا من السماء ماء طهورا",
        "لنحيي به بلدة ميتا ونسقيه مما خلقنا انعاما واناسي كثيرا",
        "ولقد صرفناه بينهم ليذكروا فابى اكثر الناس الا كفورا",
        "ولو شئنا لبعثنا في كل قرية نذيرا",
        "فلا تطع الكافرين وجاهدهم به جهادا كبيرا",
        "وهو الذي مرج البحرين هذا عذب فرات وهذا ملح اجاج وجعل بينهما برزخا وحجرا محجورا",
        "وهو الذي خلق من الماء بشرا فجعله نسبا وصهرا وكان ربك قديرا",
        "ويعبدون من دون الله ما لا ينفعهم ولا يضرهم وكان الكافر على ربه ظهيرا",
        "وما ارسلناك الا مبشرا ونذيرا",
        "قل ما اسالكم عليه من اجر الا من شاء ان يتخذ الى ربه سبيلا",
        "وتوكل على الحي الذي لا يموت وسبح بحمده وكفى به بذنوب عباده خبيرا",
        "الذي خلق السماوات والارض وما بينهما في ستة ايام ثم استوى على العرش الرحمن فاسال به خبيرا",
        "واذا قيل لهم اسجدوا للرحمن قالوا وما الرحمن انسجد لما تامرنا وزادهم نفورا",
        "تبارك الذي جعل في السماء بروجا وجعل فيها سراجا وقمرا منيرا",
        "وهو الذي جعل الليل والنهار خلفة لمن اراد ان يذكر او اراد شكورا",
        "وعباد الرحمن الذين يمشون على الارض هونا واذا خاطبهم الجاهلون قالوا سلاما",
        "والذين يبيتون لربهم سجدا وقياما",
        "والذين يقولون ربنا اصرف عنا عذاب جهنم ان عذابها كان غراما",
        "انها ساءت مستقرا ومقاما",
        "والذين اذا انفقوا لم يسرفوا ولم يقتروا وكان بين ذلك قواما",
        "والذين لا يدعون مع الله الها اخر ولا يقتلون النفس التي حرم الله الا بالحق ولا يزنون ومن يفعل ذلك يلق اثاما",
        "يضاعف له العذاب يوم القيامة ويخلد فيه مهانا",
        "الا من تاب وامن وعمل عملا صالحا فاولئك يبدل الله سيئاتهم حسنات وكان الله غفورا رحيما",
        "ومن تاب وعمل صالحا فانه يتوب الى الله متابا",
        "والذين لا يشهدون الزور واذا مروا باللغو مروا كراما",
        "والذين اذا ذكروا بايات ربهم لم يخروا عليها صما وعميانا",
        "والذين يقولون ربنا هب لنا من ازواجنا وذرياتنا قرة اعين واجعلنا للمتقين اماما",
        "اولئك يجزون الغرفة بما صبروا ويلقون فيها تحية وسلاما",
        "خالدين فيها حسنت مستقرا ومقاما",
        "قل ما يعبا بكم ربي لولا دعاؤكم فقد كذبتم فسوف يكون لزاما"
    ]
}