{
    "surahName": "Ash-Shu'araa",
    "surahNameArabic": "الشعراء",
    "surahNameArabicLong": "سورة الشعراء",
    "surahNameTranslation": "The Poets",
    "revelationPlace": "Mecca",
    "totalAyah": 227,
    "surahNo": 26,
    "english": [
        "Ṭâ-Sĩn-Mĩm.",
        "These are the verses of the clear Book.",
        "Perhaps you ˹O Prophet˺ will grieve yourself to death over their disbelief.",
        "If We willed, We could send down upon them a ˹compelling˺ sign from the heavens, leaving their necks bent in ˹utter˺ submission to it.",
        "Whatever new reminder comes to them from the Most Compassionate, they always turn away from it.",
        "They have certainly denied ˹the truth˺, so they will soon face the consequences of their ridicule.",
        "Have they failed to look at the earth, ˹to see˺ how many types of fine plants We have caused to grow in it?",
        "Surely in this is a sign. Yet most of them would not believe.",
        "And your Lord is certainly the Almighty, Most Merciful.",
        "˹Remember˺ when your Lord called out to Moses, “Go to the wrongdoing people—",
        "the people of Pharaoh. Will they not fear ˹Allah˺?”",
        "He replied, “My Lord! I fear that they will reject me.",
        "And ˹so˺ my heart will be broken and my tongue will be tied. So send Aaron along ˹as a messenger˺.",
        "Also, they have a charge against me, so I fear they may kill me.”",
        "Allah responded, “Certainly not! So go, both of you, with Our signs. We will be with you, listening.",
        "Go to Pharaoh and say, ‘We are messengers from the Lord of all worlds",
        "˹commanded to say:˺ ‘Let the Children of Israel go with us.’’”",
        "Pharaoh protested, “Did we not raise you among us as a child, and you stayed several years of your life in our care?",
        "Then you did what you did, being ˹utterly˺ ungrateful!”",
        "Moses replied, “I did it then, lacking guidance.",
        "So I fled from you when I feared you. Then my Lord granted me wisdom and made me one of the messengers.",
        "How can that be a ‘favour,’ of which you remind me, when ˹it was only because˺ you ˹have˺ enslaved the Children of Israel?”",
        "Pharaoh asked, “And what is ‘the Lord of all worlds’?”",
        "Moses replied, “˹He is˺ the Lord of the heavens and the earth and everything in between, if only you had sure faith.”",
        "Pharaoh said to those around him, “Did you hear ˹what he said˺?”",
        "Moses added, “˹He is˺ your Lord and the Lord of your forefathers.”",
        "Pharaoh said ˹mockingly˺, “Your messenger, who has been sent to you, must be insane.”",
        "Moses responded: “˹He is˺ the Lord of the east and west, and everything in between, if only you had any sense.”",
        "Pharaoh threatened, “If you take any other god besides me, I will certainly have you imprisoned.”",
        "Moses responded, “Even if I bring you a clear proof?”",
        "Pharaoh demanded, “Bring it then, if what you say is true.”",
        "So he threw down his staff and—behold!—it became a real snake.",
        "Then he drew his hand ˹out of his collar˺ and it was ˹shining˺ white for all to see.",
        "Pharaoh said to the chiefs around him, “He is indeed a skilled magician",
        "who seeks to drive you from your land by his magic. So what do you propose?”",
        "They replied, “Let him and his brother wait and dispatch mobilizers to all cities",
        "to bring you every skilled magician.”",
        "So the magicians were assembled at the set time on the appointed day.",
        "And the people were asked, “Will you join the gathering",
        "so that we may follow the magicians if they prevail?”",
        "When the magicians came, they asked Pharaoh, “Shall we have a ˹suitable˺ reward if we prevail?”",
        "He replied, “Yes, and you will then certainly be among those closest to me.”",
        "Moses said to them, “Cast whatever you wish to cast.”",
        "So they cast down their ropes and staffs, saying, “By Pharaoh’s might, it is we who will surely prevail.”",
        "Then Moses threw down his staff, and—behold!—it devoured the objects of their illusion!",
        "So the magicians fell down, prostrating.",
        "They declared, “We ˹now˺ believe in the Lord of all worlds—",
        "the Lord of Moses and Aaron.”",
        "Pharaoh threatened, “How dare you believe in him before I give you permission? He must be your master who taught you magic, but soon you will see. I will certainly cut off your hands and feet on opposite sides, then crucify you all.”",
        "They responded, “˹That would be˺ no harm! Surely to our Lord we will ˹all˺ return.",
        "We really hope that our Lord will forgive our sins, as we are the first to believe.”",
        "And We inspired Moses, ˹saying,˺ “Leave with My servants at night, for you will surely be pursued.”",
        "Then Pharaoh sent mobilizers to all cities",
        "˹and said,˺ “These ˹outcasts˺ are just a handful of people",
        "who have really enraged us",
        "but we are all on the alert.”",
        "So We lured the tyrants out of ˹their˺ gardens, springs",
        "treasures, and splendid residences.",
        "So it was. And We awarded it ˹all˺ to the Children of Israel.",
        "And so they pursued them at sunrise.",
        "When the two groups came face to face, the companions of Moses cried out, “We are overtaken for sure.”",
        "Moses reassured ˹them˺, “Absolutely not! My Lord is certainly with me—He will guide me.”",
        "So We inspired Moses: “Strike the sea with your staff,” and the sea was split, each part was like a huge mountain.",
        "We drew the pursuers to that place",
        "and delivered Moses and those with him all together.",
        "Then We drowned the others.",
        "Surely in this is a sign. Yet most of them would not believe.",
        "And your Lord is certainly the Almighty, Most Merciful.",
        "Relate to them ˹O Prophet˺ the story of Abraham",
        "when he questioned his father and his people, “What is that you worship ˹besides Allah˺?”",
        "They replied, “We worship idols, to which we are fully devoted.”",
        "Abraham asked, “Can they hear you when you call upon them?",
        "Or can they benefit or harm you?”",
        "They replied, “No! But we found our forefathers doing the same.”",
        "Abraham responded, “Have you ˹really˺ considered what you have been worshipping—",
        "you and your ancestors?",
        "They are ˹all˺ enemies to me, except the Lord of all worlds.",
        "˹He is˺ the One Who created me, and He ˹alone˺ guides me.",
        "˹He is˺ the One Who provides me with food and drink.",
        "And He ˹alone˺ heals me when I am sick.",
        "And He ˹is the One Who˺ will cause me to die, and then bring me back to life.",
        "And He is ˹the One˺ Who, I hope, will forgive my flaws on Judgment Day.”",
        "“My Lord! Grant me wisdom, and join me with the righteous.",
        "Bless me with honourable mention among later generations.",
        "Make me one of those awarded the Garden of Bliss.",
        "Forgive my father, for he is certainly one of the misguided.",
        "And do not disgrace me on the Day all will be resurrected—",
        "the Day when neither wealth nor children will be of any benefit.",
        "Only those who come before Allah with a pure heart ˹will be saved˺.”",
        "˹On that Day˺ Paradise will be brought near to the God-fearing",
        "and the Hellfire will be displayed to the deviant.",
        "And it will be said to them, “Where are those you used to worship",
        "besides Allah? Can they help you or even help themselves?”",
        "Then the idols will be hurled headlong into Hell, along with the deviant",
        "and the soldiers of Iblîs, all together.",
        "There the deviant will cry while disputing with their idols",
        "“By Allah! We were clearly mistaken",
        "when we made you equal to the Lord of all worlds.",
        "And none led us astray other than the wicked.",
        "Now we have none to intercede for us",
        "nor a close friend.",
        "If only we could have a second chance, then we would be believers.”",
        "Surely in this is a sign. Yet most of them would not believe.",
        "And your Lord is certainly the Almighty, Most Merciful.",
        "The people of Noah rejected the messengers",
        "when their brother Noah said to them, “Will you not fear ˹Allah˺?",
        "I am truly a trustworthy messenger to you.",
        "So fear Allah, and obey me.",
        "I do not ask you for any reward for this ˹message˺. My reward is only from the Lord of all worlds.",
        "So fear Allah, and obey me.”",
        "They argued, “How can we believe in you, when you are followed ˹only˺ by the lowest of the low?”",
        "He responded, “And what knowledge do I have of what they do?",
        "Their judgment is with my Lord, if you had any sense!",
        "I am not going to expel the believers.",
        "I am only sent with a clear warning.”",
        "They threatened, “If you do not desist, O  Noah, you will surely be stoned ˹to death˺.”",
        "Noah prayed, “My Lord! My people have truly rejected me.",
        "So judge between me and them decisively, and save me and the believers with me.”",
        "So We saved him and those with him in the fully loaded Ark.",
        "Then afterwards We drowned the rest.",
        "Surely in this is a sign. Yet most of them would not believe.",
        "And your Lord is certainly the Almighty, Most Merciful.",
        "The people of ’Âd rejected the messengers",
        "when their brother Hûd said to them, “Will you not fear ˹Allah˺?",
        "I am truly a trustworthy messenger to you.",
        "So fear Allah, and obey me.",
        "I do not ask you for any reward for this ˹message˺. My reward is only from the Lord of all worlds.",
        "˹Why˺ do you build a landmark on every high place in vanity",
        "and construct castles, as if you are going to live forever",
        "and act so viciously when you attack ˹others˺?",
        "So fear Allah, and obey me.",
        "Fear the One Who has provided you with ˹the good˺ things you know:",
        "He provided you with cattle, and children",
        "and gardens, and springs.",
        "I truly fear for you the torment of a tremendous day.”",
        "They responded, “It is all the same to us whether you warn ˹us˺ or not.",
        "This is simply the tradition of our predecessors.",
        "And we will never be punished.”",
        "So they rejected him, and ˹so˺ We destroyed them. Surely in this is a sign. Yet most of them would not believe.",
        "And your Lord is certainly the Almighty, Most Merciful.",
        "The people of Thamûd rejected the messengers",
        "when their brother Ṣâliḥ said to them, “Will you not fear ˹Allah˺?",
        "I am truly a trustworthy messenger to you.",
        "So fear Allah, and obey me.",
        "I do not ask you for any reward for this ˹message˺. My reward is only from the Lord of all worlds.",
        "Do you think you will be ˹forever˺ left secure in what you have here:",
        "amid gardens and springs",
        "and ˹various˺ crops, and palm trees ˹loaded˺ with tender fruit;",
        "to carve homes in the mountains with great skill?",
        "So fear Allah, and obey me.",
        "And do not follow the command of the transgressors",
        "who spread corruption throughout the land, never setting things right.”",
        "They replied, “You are simply bewitched!",
        "You are only a human being like us, so bring forth a sign if what you say is true.”",
        "Ṣâliḥ said, “Here is a camel. She will have her turn to drink as you have yours, each on an appointed day.",
        "And do not ever touch her with harm, or you will be overtaken by the torment of a tremendous day.”",
        "But they killed her, becoming regretful.",
        "So the punishment overtook them. Surely in this is a sign. Yet most of them would not believe.",
        "And your Lord is certainly the Almighty, Most Merciful.",
        "The people of Lot rejected the messengers",
        "when their brother Lot said to them, “Will you not fear ˹Allah˺?",
        "I am truly a trustworthy messenger to you.",
        "So fear Allah, and obey me.",
        "I do not ask you for any reward for this ˹message˺. My reward is only from the Lord of all worlds.",
        "Why do you ˹men˺ lust after fellow men",
        "leaving the wives that your Lord has created for you? In fact, you are a transgressing people.”",
        "They threatened, “If you do not desist, O  Lot, you will surely be expelled.”",
        "Lot responded, “I am truly one of those who despise your ˹shameful˺ practice.",
        "My Lord! Save me and my family from ˹the consequences of˺ what they do.”",
        "So We saved him and all of his family",
        "except an old woman, who was one of the doomed.",
        "Then We utterly destroyed the rest",
        "pouring upon them a rain ˹of brimstone˺. How evil was the rain of those who had been warned!",
        "Surely in this is a sign. Yet most of them would not believe.",
        "And your Lord is certainly the Almighty, Most Merciful.",
        "The residents of the Forest rejected the messengers",
        "when Shu’aib said to them, “Will you not fear ˹Allah˺?",
        "I am truly a trustworthy messenger to you.",
        "So fear Allah, and obey me.",
        "I do not ask you for any reward for this ˹message˺. My reward is only from the Lord of all worlds.",
        "Give full measure, and cause no loss ˹to others˺.",
        "Weigh with an even balance",
        "and do not defraud people of their property. Nor go about spreading corruption in the land.",
        "And fear the One Who created you and ˹all˺ earlier peoples.”",
        "They replied, “You are simply bewitched!",
        "Also, you are only a human being like us, and we think you are indeed a liar.",
        "So cause ˹deadly˺ pieces of the sky to fall upon us, if what you say is true.”",
        "Shu’aib responded, “My Lord knows best whatever you do.”",
        "So they rejected him, and ˹so˺ were overtaken by the torment of the day of the ˹deadly˺ cloud. That was really a torment of a tremendous day.",
        "Surely in this is a sign. Yet most of them would not believe.",
        "And your Lord is certainly the Almighty, Most Merciful.",
        "This is certainly a revelation from the Lord of all worlds",
        "which the trustworthy spirit ˹Gabriel˺ brought down",
        "into your heart ˹O Prophet˺—so that you may be one of the warners—",
        "in a clear Arabic tongue.",
        "And it has indeed been ˹foretold˺ in the Scriptures of those before.",
        "Was it not sufficient proof for the deniers that it has been recognized by the knowledgeable among the Children of Israel?",
        "Had We revealed it to a non-Arab",
        "who would then recite it to the deniers ˹in fluent Arabic˺, still they would not have believed in it!",
        "This is how We allow denial ˹to steep˺ into the hearts of the wicked.",
        "They will not believe in it until they see the painful punishment",
        "which will take them by surprise when they least expect ˹it˺.",
        "Then they will cry, “Can we be allowed more time?”",
        "Do they ˹really˺ seek to hasten Our torment?",
        "Imagine ˹O Prophet˺ if We allowed them enjoyment for years",
        "then there came to them what they had been threatened with:",
        "would that enjoyment be of any benefit to them ˹at all˺?",
        "We have never destroyed a society without warners",
        "to remind ˹them˺, for We would never wrong ˹anyone˺.",
        "It was not the devils who brought this ˹Quran˺ down:",
        "it is not for them ˹to do so˺, nor can they",
        "for they are strictly barred from ˹even˺ overhearing ˹it˺.",
        "So do not ever call upon any other god besides Allah, or you will be one of the punished.",
        "And warn ˹all, starting with˺ your closest relatives",
        "and be gracious to the believers who follow you.",
        "But if they disobey you, say, “I am certainly free of what you do.”",
        "Put your trust in the Almighty, Most Merciful",
        "Who sees you when you rise ˹for prayer at night˺",
        "as well as your movements ˹in prayer˺ along with ˹fellow˺ worshippers.",
        "He ˹alone˺ is indeed the All-Hearing, All-Knowing.",
        "Shall I inform you of whom the devils ˹actually˺ descend upon?",
        "They descend upon every sinful liar",
        "who gives an ˹attentive˺ ear ˹to half-truths˺, mostly passing on sheer lies.",
        "As for poets, they are followed ˹merely˺ by deviants.",
        "Do you not see how they rant in every field",
        "only saying what they never do?",
        "Except those who believe, do good, remember Allah often, and ˹poetically˺ avenge ˹the believers˺ after being wrongfully slandered. The wrongdoers will come to know what ˹evil˺ end they will meet."
    ],
    "arabic1": [
        " طسٓمٓ",
        "تِلْكَ ءَايَـٰتُ ٱلْكِتَـٰبِ ٱلْمُبِينِ",
        "لَعَلَّكَ بَـٰخِعٌ نَّفْسَكَ أَلَّا يَكُونُوا۟ مُؤْمِنِينَ",
        "إِن نَّشَأْ نُنَزِّلْ عَلَيْهِم مِّنَ ٱلسَّمَآءِ ءَايَةً فَظَلَّتْ أَعْنَـٰقُهُمْ لَهَا خَـٰضِعِينَ",
        "وَمَا يَأْتِيهِم مِّن ذِكْرٍ مِّنَ ٱلرَّحْمَـٰنِ مُحْدَثٍ إِلَّا كَانُوا۟ عَنْهُ مُعْرِضِينَ",
        "فَقَدْ كَذَّبُوا۟ فَسَيَأْتِيهِمْ أَنۢبَـٰٓؤُا۟ مَا كَانُوا۟ بِهِۦ يَسْتَهْزِءُونَ",
        "أَوَلَمْ يَرَوْا۟ إِلَى ٱلْأَرْضِ كَمْ أَنۢبَتْنَا فِيهَا مِن كُلِّ زَوْجٍ كَرِيمٍ",
        "إِنَّ فِى ذَٰلِكَ لَـَٔايَةً ۖ وَمَا كَانَ أَكْثَرُهُم مُّؤْمِنِينَ",
        "وَإِنَّ رَبَّكَ لَهُوَ ٱلْعَزِيزُ ٱلرَّحِيمُ",
        "وَإِذْ نَادَىٰ رَبُّكَ مُوسَىٰٓ أَنِ ٱئْتِ ٱلْقَوْمَ ٱلظَّـٰلِمِينَ",
        "قَوْمَ فِرْعَوْنَ ۚ أَلَا يَتَّقُونَ",
        "قَالَ رَبِّ إِنِّىٓ أَخَافُ أَن يُكَذِّبُونِ",
        "وَيَضِيقُ صَدْرِى وَلَا يَنطَلِقُ لِسَانِى فَأَرْسِلْ إِلَىٰ هَـٰرُونَ",
        "وَلَهُمْ عَلَىَّ ذَنۢبٌ فَأَخَافُ أَن يَقْتُلُونِ",
        "قَالَ كَلَّا ۖ فَٱذْهَبَا بِـَٔايَـٰتِنَآ ۖ إِنَّا مَعَكُم مُّسْتَمِعُونَ",
        "فَأْتِيَا فِرْعَوْنَ فَقُولَآ إِنَّا رَسُولُ رَبِّ ٱلْعَـٰلَمِينَ",
        "أَنْ أَرْسِلْ مَعَنَا بَنِىٓ إِسْرَٰٓءِيلَ",
        "قَالَ أَلَمْ نُرَبِّكَ فِينَا وَلِيدًا وَلَبِثْتَ فِينَا مِنْ عُمُرِكَ سِنِينَ",
        "وَفَعَلْتَ فَعْلَتَكَ ٱلَّتِى فَعَلْتَ وَأَنتَ مِنَ ٱلْكَـٰفِرِينَ",
        "قَالَ فَعَلْتُهَآ إِذًا وَأَنَا۠ مِنَ ٱلضَّآلِّينَ",
        "فَفَرَرْتُ مِنكُمْ لَمَّا خِفْتُكُمْ فَوَهَبَ لِى رَبِّى حُكْمًا وَجَعَلَنِى مِنَ ٱلْمُرْسَلِينَ",
        "وَتِلْكَ نِعْمَةٌ تَمُنُّهَا عَلَىَّ أَنْ عَبَّدتَّ بَنِىٓ إِسْرَٰٓءِيلَ",
        "قَالَ فِرْعَوْنُ وَمَا رَبُّ ٱلْعَـٰلَمِينَ",
        "قَالَ رَبُّ ٱلسَّمَـٰوَٰتِ وَٱلْأَرْضِ وَمَا بَيْنَهُمَآ ۖ إِن كُنتُم مُّوقِنِينَ",
        "قَالَ لِمَنْ حَوْلَهُۥٓ أَلَا تَسْتَمِعُونَ",
        "قَالَ رَبُّكُمْ وَرَبُّ ءَابَآئِكُمُ ٱلْأَوَّلِينَ",
        "قَالَ إِنَّ رَسُولَكُمُ ٱلَّذِىٓ أُرْسِلَ إِلَيْكُمْ لَمَجْنُونٌ",
        "قَالَ رَبُّ ٱلْمَشْرِقِ وَٱلْمَغْرِبِ وَمَا بَيْنَهُمَآ ۖ إِن كُنتُمْ تَعْقِلُونَ",
        "قَالَ لَئِنِ ٱتَّخَذْتَ إِلَـٰهًا غَيْرِى لَأَجْعَلَنَّكَ مِنَ ٱلْمَسْجُونِينَ",
        "قَالَ أَوَلَوْ جِئْتُكَ بِشَىْءٍ مُّبِينٍ",
        "قَالَ فَأْتِ بِهِۦٓ إِن كُنتَ مِنَ ٱلصَّـٰدِقِينَ",
        "فَأَلْقَىٰ عَصَاهُ فَإِذَا هِىَ ثُعْبَانٌ مُّبِينٌ",
        "وَنَزَعَ يَدَهُۥ فَإِذَا هِىَ بَيْضَآءُ لِلنَّـٰظِرِينَ",
        "قَالَ لِلْمَلَإِ حَوْلَهُۥٓ إِنَّ هَـٰذَا لَسَـٰحِرٌ عَلِيمٌ",
        "يُرِيدُ أَن يُخْرِجَكُم مِّنْ أَرْضِكُم بِسِحْرِهِۦ فَمَاذَا تَأْمُرُونَ",
        "قَالُوٓا۟ أَرْجِهْ وَأَخَاهُ وَٱبْعَثْ فِى ٱلْمَدَآئِنِ حَـٰشِرِينَ",
        "يَأْتُوكَ بِكُلِّ سَحَّارٍ عَلِيمٍ",
        "فَجُمِعَ ٱلسَّحَرَةُ لِمِيقَـٰتِ يَوْمٍ مَّعْلُومٍ",
        "وَقِيلَ لِلنَّاسِ هَلْ أَنتُم مُّجْتَمِعُونَ",
        "لَعَلَّنَا نَتَّبِعُ ٱلسَّحَرَةَ إِن كَانُوا۟ هُمُ ٱلْغَـٰلِبِينَ",
        "فَلَمَّا جَآءَ ٱلسَّحَرَةُ قَالُوا۟ لِفِرْعَوْنَ أَئِنَّ لَنَا لَأَجْرًا إِن كُنَّا نَحْنُ ٱلْغَـٰلِبِينَ",
        "قَالَ نَعَمْ وَإِنَّكُمْ إِذًا لَّمِنَ ٱلْمُقَرَّبِينَ",
        "قَالَ لَهُم مُّوسَىٰٓ أَلْقُوا۟ مَآ أَنتُم مُّلْقُونَ",
        "فَأَلْقَوْا۟ حِبَالَهُمْ وَعِصِيَّهُمْ وَقَالُوا۟ بِعِزَّةِ فِرْعَوْنَ إِنَّا لَنَحْنُ ٱلْغَـٰلِبُونَ",
        "فَأَلْقَىٰ مُوسَىٰ عَصَاهُ فَإِذَا هِىَ تَلْقَفُ مَا يَأْفِكُونَ",
        "فَأُلْقِىَ ٱلسَّحَرَةُ سَـٰجِدِينَ",
        "قَالُوٓا۟ ءَامَنَّا بِرَبِّ ٱلْعَـٰلَمِينَ",
        "رَبِّ مُوسَىٰ وَهَـٰرُونَ",
        "قَالَ ءَامَنتُمْ لَهُۥ قَبْلَ أَنْ ءَاذَنَ لَكُمْ ۖ إِنَّهُۥ لَكَبِيرُكُمُ ٱلَّذِى عَلَّمَكُمُ ٱلسِّحْرَ فَلَسَوْفَ تَعْلَمُونَ ۚ لَأُقَطِّعَنَّ أَيْدِيَكُمْ وَأَرْجُلَكُم مِّنْ خِلَـٰفٍ وَلَأُصَلِّبَنَّكُمْ أَجْمَعِينَ",
        "قَالُوا۟ لَا ضَيْرَ ۖ إِنَّآ إِلَىٰ رَبِّنَا مُنقَلِبُونَ",
        "إِنَّا نَطْمَعُ أَن يَغْفِرَ لَنَا رَبُّنَا خَطَـٰيَـٰنَآ أَن كُنَّآ أَوَّلَ ٱلْمُؤْمِنِينَ",
        "۞ وَأَوْحَيْنَآ إِلَىٰ مُوسَىٰٓ أَنْ أَسْرِ بِعِبَادِىٓ إِنَّكُم مُّتَّبَعُونَ",
        "فَأَرْسَلَ فِرْعَوْنُ فِى ٱلْمَدَآئِنِ حَـٰشِرِينَ",
        "إِنَّ هَـٰٓؤُلَآءِ لَشِرْذِمَةٌ قَلِيلُونَ",
        "وَإِنَّهُمْ لَنَا لَغَآئِظُونَ",
        "وَإِنَّا لَجَمِيعٌ حَـٰذِرُونَ",
        "فَأَخْرَجْنَـٰهُم مِّن جَنَّـٰتٍ وَعُيُونٍ",
        "وَكُنُوزٍ وَمَقَامٍ كَرِيمٍ",
        "كَذَٰلِكَ وَأَوْرَثْنَـٰهَا بَنِىٓ إِسْرَٰٓءِيلَ",
        "فَأَتْبَعُوهُم مُّشْرِقِينَ",
        "فَلَمَّا تَرَٰٓءَا ٱلْجَمْعَانِ قَالَ أَصْحَـٰبُ مُوسَىٰٓ إِنَّا لَمُدْرَكُونَ",
        "قَالَ كَلَّآ ۖ إِنَّ مَعِىَ رَبِّى سَيَهْدِينِ",
        "فَأَوْحَيْنَآ إِلَىٰ مُوسَىٰٓ أَنِ ٱضْرِب بِّعَصَاكَ ٱلْبَحْرَ ۖ فَٱنفَلَقَ فَكَانَ كُلُّ فِرْقٍ كَٱلطَّوْدِ ٱلْعَظِيمِ",
        "وَأَزْلَفْنَا ثَمَّ ٱلْـَٔاخَرِينَ",
        "وَأَنجَيْنَا مُوسَىٰ وَمَن مَّعَهُۥٓ أَجْمَعِينَ",
        "ثُمَّ أَغْرَقْنَا ٱلْـَٔاخَرِينَ",
        "إِنَّ فِى ذَٰلِكَ لَـَٔايَةً ۖ وَمَا كَانَ أَكْثَرُهُم مُّؤْمِنِينَ",
        "وَإِنَّ رَبَّكَ لَهُوَ ٱلْعَزِيزُ ٱلرَّحِيمُ",
        "وَٱتْلُ عَلَيْهِمْ نَبَأَ إِبْرَٰهِيمَ",
        "إِذْ قَالَ لِأَبِيهِ وَقَوْمِهِۦ مَا تَعْبُدُونَ",
        "قَالُوا۟ نَعْبُدُ أَصْنَامًا فَنَظَلُّ لَهَا عَـٰكِفِينَ",
        "قَالَ هَلْ يَسْمَعُونَكُمْ إِذْ تَدْعُونَ",
        "أَوْ يَنفَعُونَكُمْ أَوْ يَضُرُّونَ",
        "قَالُوا۟ بَلْ وَجَدْنَآ ءَابَآءَنَا كَذَٰلِكَ يَفْعَلُونَ",
        "قَالَ أَفَرَءَيْتُم مَّا كُنتُمْ تَعْبُدُونَ",
        "أَنتُمْ وَءَابَآؤُكُمُ ٱلْأَقْدَمُونَ",
        "فَإِنَّهُمْ عَدُوٌّ لِّىٓ إِلَّا رَبَّ ٱلْعَـٰلَمِينَ",
        "ٱلَّذِى خَلَقَنِى فَهُوَ يَهْدِينِ",
        "وَٱلَّذِى هُوَ يُطْعِمُنِى وَيَسْقِينِ",
        "وَإِذَا مَرِضْتُ فَهُوَ يَشْفِينِ",
        "وَٱلَّذِى يُمِيتُنِى ثُمَّ يُحْيِينِ",
        "وَٱلَّذِىٓ أَطْمَعُ أَن يَغْفِرَ لِى خَطِيٓـَٔتِى يَوْمَ ٱلدِّينِ",
        "رَبِّ هَبْ لِى حُكْمًا وَأَلْحِقْنِى بِٱلصَّـٰلِحِينَ",
        "وَٱجْعَل لِّى لِسَانَ صِدْقٍ فِى ٱلْـَٔاخِرِينَ",
        "وَٱجْعَلْنِى مِن وَرَثَةِ جَنَّةِ ٱلنَّعِيمِ",
        "وَٱغْفِرْ لِأَبِىٓ إِنَّهُۥ كَانَ مِنَ ٱلضَّآلِّينَ",
        "وَلَا تُخْزِنِى يَوْمَ يُبْعَثُونَ",
        "يَوْمَ لَا يَنفَعُ مَالٌ وَلَا بَنُونَ",
        "إِلَّا مَنْ أَتَى ٱللَّهَ بِقَلْبٍ سَلِيمٍ",
        "وَأُزْلِفَتِ ٱلْجَنَّةُ لِلْمُتَّقِينَ",
        "وَبُرِّزَتِ ٱلْجَحِيمُ لِلْغَاوِينَ",
        "وَقِيلَ لَهُمْ أَيْنَ مَا كُنتُمْ تَعْبُدُونَ",
        "مِن دُونِ ٱللَّهِ هَلْ يَنصُرُونَكُمْ أَوْ يَنتَصِرُونَ",
        "فَكُبْكِبُوا۟ فِيهَا هُمْ وَٱلْغَاوُۥنَ",
        "وَجُنُودُ إِبْلِيسَ أَجْمَعُونَ",
        "قَالُوا۟ وَهُمْ فِيهَا يَخْتَصِمُونَ",
        "تَٱللَّهِ إِن كُنَّا لَفِى ضَلَـٰلٍ مُّبِينٍ",
        "إِذْ نُسَوِّيكُم بِرَبِّ ٱلْعَـٰلَمِينَ",
        "وَمَآ أَضَلَّنَآ إِلَّا ٱلْمُجْرِمُونَ",
        "فَمَا لَنَا مِن شَـٰفِعِينَ",
        "وَلَا صَدِيقٍ حَمِيمٍ",
        "فَلَوْ أَنَّ لَنَا كَرَّةً فَنَكُونَ مِنَ ٱلْمُؤْمِنِينَ",
        "إِنَّ فِى ذَٰلِكَ لَـَٔايَةً ۖ وَمَا كَانَ أَكْثَرُهُم مُّؤْمِنِينَ",
        "وَإِنَّ رَبَّكَ لَهُوَ ٱلْعَزِيزُ ٱلرَّحِيمُ",
        "كَذَّبَتْ قَوْمُ نُوحٍ ٱلْمُرْسَلِينَ",
        "إِذْ قَالَ لَهُمْ أَخُوهُمْ نُوحٌ أَلَا تَتَّقُونَ",
        "إِنِّى لَكُمْ رَسُولٌ أَمِينٌ",
        "فَٱتَّقُوا۟ ٱللَّهَ وَأَطِيعُونِ",
        "وَمَآ أَسْـَٔلُكُمْ عَلَيْهِ مِنْ أَجْرٍ ۖ إِنْ أَجْرِىَ إِلَّا عَلَىٰ رَبِّ ٱلْعَـٰلَمِينَ",
        "فَٱتَّقُوا۟ ٱللَّهَ وَأَطِيعُونِ",
        "۞ قَالُوٓا۟ أَنُؤْمِنُ لَكَ وَٱتَّبَعَكَ ٱلْأَرْذَلُونَ",
        "قَالَ وَمَا عِلْمِى بِمَا كَانُوا۟ يَعْمَلُونَ",
        "إِنْ حِسَابُهُمْ إِلَّا عَلَىٰ رَبِّى ۖ لَوْ تَشْعُرُونَ",
        "وَمَآ أَنَا۠ بِطَارِدِ ٱلْمُؤْمِنِينَ",
        "إِنْ أَنَا۠ إِلَّا نَذِيرٌ مُّبِينٌ",
        "قَالُوا۟ لَئِن لَّمْ تَنتَهِ يَـٰنُوحُ لَتَكُونَنَّ مِنَ ٱلْمَرْجُومِينَ",
        "قَالَ رَبِّ إِنَّ قَوْمِى كَذَّبُونِ",
        "فَٱفْتَحْ بَيْنِى وَبَيْنَهُمْ فَتْحًا وَنَجِّنِى وَمَن مَّعِىَ مِنَ ٱلْمُؤْمِنِينَ",
        "فَأَنجَيْنَـٰهُ وَمَن مَّعَهُۥ فِى ٱلْفُلْكِ ٱلْمَشْحُونِ",
        "ثُمَّ أَغْرَقْنَا بَعْدُ ٱلْبَاقِينَ",
        "إِنَّ فِى ذَٰلِكَ لَـَٔايَةً ۖ وَمَا كَانَ أَكْثَرُهُم مُّؤْمِنِينَ",
        "وَإِنَّ رَبَّكَ لَهُوَ ٱلْعَزِيزُ ٱلرَّحِيمُ",
        "كَذَّبَتْ عَادٌ ٱلْمُرْسَلِينَ",
        "إِذْ قَالَ لَهُمْ أَخُوهُمْ هُودٌ أَلَا تَتَّقُونَ",
        "إِنِّى لَكُمْ رَسُولٌ أَمِينٌ",
        "فَٱتَّقُوا۟ ٱللَّهَ وَأَطِيعُونِ",
        "وَمَآ أَسْـَٔلُكُمْ عَلَيْهِ مِنْ أَجْرٍ ۖ إِنْ أَجْرِىَ إِلَّا عَلَىٰ رَبِّ ٱلْعَـٰلَمِينَ",
        "أَتَبْنُونَ بِكُلِّ رِيعٍ ءَايَةً تَعْبَثُونَ",
        "وَتَتَّخِذُونَ مَصَانِعَ لَعَلَّكُمْ تَخْلُدُونَ",
        "وَإِذَا بَطَشْتُم بَطَشْتُمْ جَبَّارِينَ",
        "فَٱتَّقُوا۟ ٱللَّهَ وَأَطِيعُونِ",
        "وَٱتَّقُوا۟ ٱلَّذِىٓ أَمَدَّكُم بِمَا تَعْلَمُونَ",
        "أَمَدَّكُم بِأَنْعَـٰمٍ وَبَنِينَ",
        "وَجَنَّـٰتٍ وَعُيُونٍ",
        "إِنِّىٓ أَخَافُ عَلَيْكُمْ عَذَابَ يَوْمٍ عَظِيمٍ",
        "قَالُوا۟ سَوَآءٌ عَلَيْنَآ أَوَعَظْتَ أَمْ لَمْ تَكُن مِّنَ ٱلْوَٰعِظِينَ",
        "إِنْ هَـٰذَآ إِلَّا خُلُقُ ٱلْأَوَّلِينَ",
        "وَمَا نَحْنُ بِمُعَذَّبِينَ",
        "فَكَذَّبُوهُ فَأَهْلَكْنَـٰهُمْ ۗ إِنَّ فِى ذَٰلِكَ لَـَٔايَةً ۖ وَمَا كَانَ أَكْثَرُهُم مُّؤْمِنِينَ",
        "وَإِنَّ رَبَّكَ لَهُوَ ٱلْعَزِيزُ ٱلرَّحِيمُ",
        "كَذَّبَتْ ثَمُودُ ٱلْمُرْسَلِينَ",
        "إِذْ قَالَ لَهُمْ أَخُوهُمْ صَـٰلِحٌ أَلَا تَتَّقُونَ",
        "إِنِّى لَكُمْ رَسُولٌ أَمِينٌ",
        "فَٱتَّقُوا۟ ٱللَّهَ وَأَطِيعُونِ",
        "وَمَآ أَسْـَٔلُكُمْ عَلَيْهِ مِنْ أَجْرٍ ۖ إِنْ أَجْرِىَ إِلَّا عَلَىٰ رَبِّ ٱلْعَـٰلَمِينَ",
        "أَتُتْرَكُونَ فِى مَا هَـٰهُنَآ ءَامِنِينَ",
        "فِى جَنَّـٰتٍ وَعُيُونٍ",
        "وَزُرُوعٍ وَنَخْلٍ طَلْعُهَا هَضِيمٌ",
        "وَتَنْحِتُونَ مِنَ ٱلْجِبَالِ بُيُوتًا فَـٰرِهِينَ",
        "فَٱتَّقُوا۟ ٱللَّهَ وَأَطِيعُونِ",
        "وَلَا تُطِيعُوٓا۟ أَمْرَ ٱلْمُسْرِفِينَ",
        "ٱلَّذِينَ يُفْسِدُونَ فِى ٱلْأَرْضِ وَلَا يُصْلِحُونَ",
        "قَالُوٓا۟ إِنَّمَآ أَنتَ مِنَ ٱلْمُسَحَّرِينَ",
        "مَآ أَنتَ إِلَّا بَشَرٌ مِّثْلُنَا فَأْتِ بِـَٔايَةٍ إِن كُنتَ مِنَ ٱلصَّـٰدِقِينَ",
        "قَالَ هَـٰذِهِۦ نَاقَةٌ لَّهَا شِرْبٌ وَلَكُمْ شِرْبُ يَوْمٍ مَّعْلُومٍ",
        "وَلَا تَمَسُّوهَا بِسُوٓءٍ فَيَأْخُذَكُمْ عَذَابُ يَوْمٍ عَظِيمٍ",
        "فَعَقَرُوهَا فَأَصْبَحُوا۟ نَـٰدِمِينَ",
        "فَأَخَذَهُمُ ٱلْعَذَابُ ۗ إِنَّ فِى ذَٰلِكَ لَـَٔايَةً ۖ وَمَا كَانَ أَكْثَرُهُم مُّؤْمِنِينَ",
        "وَإِنَّ رَبَّكَ لَهُوَ ٱلْعَزِيزُ ٱلرَّحِيمُ",
        "كَذَّبَتْ قَوْمُ لُوطٍ ٱلْمُرْسَلِينَ",
        "إِذْ قَالَ لَهُمْ أَخُوهُمْ لُوطٌ أَلَا تَتَّقُونَ",
        "إِنِّى لَكُمْ رَسُولٌ أَمِينٌ",
        "فَٱتَّقُوا۟ ٱللَّهَ وَأَطِيعُونِ",
        "وَمَآ أَسْـَٔلُكُمْ عَلَيْهِ مِنْ أَجْرٍ ۖ إِنْ أَجْرِىَ إِلَّا عَلَىٰ رَبِّ ٱلْعَـٰلَمِينَ",
        "أَتَأْتُونَ ٱلذُّكْرَانَ مِنَ ٱلْعَـٰلَمِينَ",
        "وَتَذَرُونَ مَا خَلَقَ لَكُمْ رَبُّكُم مِّنْ أَزْوَٰجِكُم ۚ بَلْ أَنتُمْ قَوْمٌ عَادُونَ",
        "قَالُوا۟ لَئِن لَّمْ تَنتَهِ يَـٰلُوطُ لَتَكُونَنَّ مِنَ ٱلْمُخْرَجِينَ",
        "قَالَ إِنِّى لِعَمَلِكُم مِّنَ ٱلْقَالِينَ",
        "رَبِّ نَجِّنِى وَأَهْلِى مِمَّا يَعْمَلُونَ",
        "فَنَجَّيْنَـٰهُ وَأَهْلَهُۥٓ أَجْمَعِينَ",
        "إِلَّا عَجُوزًا فِى ٱلْغَـٰبِرِينَ",
        "ثُمَّ دَمَّرْنَا ٱلْـَٔاخَرِينَ",
        "وَأَمْطَرْنَا عَلَيْهِم مَّطَرًا ۖ فَسَآءَ مَطَرُ ٱلْمُنذَرِينَ",
        "إِنَّ فِى ذَٰلِكَ لَـَٔايَةً ۖ وَمَا كَانَ أَكْثَرُهُم مُّؤْمِنِينَ",
        "وَإِنَّ رَبَّكَ لَهُوَ ٱلْعَزِيزُ ٱلرَّحِيمُ",
        "كَذَّبَ أَصْحَـٰبُ لْـَٔيْكَةِ ٱلْمُرْسَلِينَ",
        "إِذْ قَالَ لَهُمْ شُعَيْبٌ أَلَا تَتَّقُونَ",
        "إِنِّى لَكُمْ رَسُولٌ أَمِينٌ",
        "فَٱتَّقُوا۟ ٱللَّهَ وَأَطِيعُونِ",
        "وَمَآ أَسْـَٔلُكُمْ عَلَيْهِ مِنْ أَجْرٍ ۖ إِنْ أَجْرِىَ إِلَّا عَلَىٰ رَبِّ ٱلْعَـٰلَمِينَ",
        "۞ أَوْفُوا۟ ٱلْكَيْلَ وَلَا تَكُونُوا۟ مِنَ ٱلْمُخْسِرِينَ",
        "وَزِنُوا۟ بِٱلْقِسْطَاسِ ٱلْمُسْتَقِيمِ",
        "وَلَا تَبْخَسُوا۟ ٱلنَّاسَ أَشْيَآءَهُمْ وَلَا تَعْثَوْا۟ فِى ٱلْأَرْضِ مُفْسِدِينَ",
        "وَٱتَّقُوا۟ ٱلَّذِى خَلَقَكُمْ وَٱلْجِبِلَّةَ ٱلْأَوَّلِينَ",
        "قَالُوٓا۟ إِنَّمَآ أَنتَ مِنَ ٱلْمُسَحَّرِينَ",
        "وَمَآ أَنتَ إِلَّا بَشَرٌ مِّثْلُنَا وَإِن نَّظُنُّكَ لَمِنَ ٱلْكَـٰذِبِينَ",
        "فَأَسْقِطْ عَلَيْنَا كِسَفًا مِّنَ ٱلسَّمَآءِ إِن كُنتَ مِنَ ٱلصَّـٰدِقِينَ",
        "قَالَ رَبِّىٓ أَعْلَمُ بِمَا تَعْمَلُونَ",
        "فَكَذَّبُوهُ فَأَخَذَهُمْ عَذَابُ يَوْمِ ٱلظُّلَّةِ ۚ إِنَّهُۥ كَانَ عَذَابَ يَوْمٍ عَظِيمٍ",
        "إِنَّ فِى ذَٰلِكَ لَـَٔايَةً ۖ وَمَا كَانَ أَكْثَرُهُم مُّؤْمِنِينَ",
        "وَإِنَّ رَبَّكَ لَهُوَ ٱلْعَزِيزُ ٱلرَّحِيمُ",
        "وَإِنَّهُۥ لَتَنزِيلُ رَبِّ ٱلْعَـٰلَمِينَ",
        "نَزَلَ بِهِ ٱلرُّوحُ ٱلْأَمِينُ",
        "عَلَىٰ قَلْبِكَ لِتَكُونَ مِنَ ٱلْمُنذِرِينَ",
        "بِلِسَانٍ عَرَبِىٍّ مُّبِينٍ",
        "وَإِنَّهُۥ لَفِى زُبُرِ ٱلْأَوَّلِينَ",
        "أَوَلَمْ يَكُن لَّهُمْ ءَايَةً أَن يَعْلَمَهُۥ عُلَمَـٰٓؤُا۟ بَنِىٓ إِسْرَٰٓءِيلَ",
        "وَلَوْ نَزَّلْنَـٰهُ عَلَىٰ بَعْضِ ٱلْأَعْجَمِينَ",
        "فَقَرَأَهُۥ عَلَيْهِم مَّا كَانُوا۟ بِهِۦ مُؤْمِنِينَ",
        "كَذَٰلِكَ سَلَكْنَـٰهُ فِى قُلُوبِ ٱلْمُجْرِمِينَ",
        "لَا يُؤْمِنُونَ بِهِۦ حَتَّىٰ يَرَوُا۟ ٱلْعَذَابَ ٱلْأَلِيمَ",
        "فَيَأْتِيَهُم بَغْتَةً وَهُمْ لَا يَشْعُرُونَ",
        "فَيَقُولُوا۟ هَلْ نَحْنُ مُنظَرُونَ",
        "أَفَبِعَذَابِنَا يَسْتَعْجِلُونَ",
        "أَفَرَءَيْتَ إِن مَّتَّعْنَـٰهُمْ سِنِينَ",
        "ثُمَّ جَآءَهُم مَّا كَانُوا۟ يُوعَدُونَ",
        "مَآ أَغْنَىٰ عَنْهُم مَّا كَانُوا۟ يُمَتَّعُونَ",
        "وَمَآ أَهْلَكْنَا مِن قَرْيَةٍ إِلَّا لَهَا مُنذِرُونَ",
        "ذِكْرَىٰ وَمَا كُنَّا ظَـٰلِمِينَ",
        "وَمَا تَنَزَّلَتْ بِهِ ٱلشَّيَـٰطِينُ",
        "وَمَا يَنۢبَغِى لَهُمْ وَمَا يَسْتَطِيعُونَ",
        "إِنَّهُمْ عَنِ ٱلسَّمْعِ لَمَعْزُولُونَ",
        "فَلَا تَدْعُ مَعَ ٱللَّهِ إِلَـٰهًا ءَاخَرَ فَتَكُونَ مِنَ ٱلْمُعَذَّبِينَ",
        "وَأَنذِرْ عَشِيرَتَكَ ٱلْأَقْرَبِينَ",
        "وَٱخْفِضْ جَنَاحَكَ لِمَنِ ٱتَّبَعَكَ مِنَ ٱلْمُؤْمِنِينَ",
        "فَإِنْ عَصَوْكَ فَقُلْ إِنِّى بَرِىٓءٌ مِّمَّا تَعْمَلُونَ",
        "وَتَوَكَّلْ عَلَى ٱلْعَزِيزِ ٱلرَّحِيمِ",
        "ٱلَّذِى يَرَىٰكَ حِينَ تَقُومُ",
        "وَتَقَلُّبَكَ فِى ٱلسَّـٰجِدِينَ",
        "إِنَّهُۥ هُوَ ٱلسَّمِيعُ ٱلْعَلِيمُ",
        "هَلْ أُنَبِّئُكُمْ عَلَىٰ مَن تَنَزَّلُ ٱلشَّيَـٰطِينُ",
        "تَنَزَّلُ عَلَىٰ كُلِّ أَفَّاكٍ أَثِيمٍ",
        "يُلْقُونَ ٱلسَّمْعَ وَأَكْثَرُهُمْ كَـٰذِبُونَ",
        "وَٱلشُّعَرَآءُ يَتَّبِعُهُمُ ٱلْغَاوُۥنَ",
        "أَلَمْ تَرَ أَنَّهُمْ فِى كُلِّ وَادٍ يَهِيمُونَ",
        "وَأَنَّهُمْ يَقُولُونَ مَا لَا يَفْعَلُونَ",
        "إِلَّا ٱلَّذِينَ ءَامَنُوا۟ وَعَمِلُوا۟ ٱلصَّـٰلِحَـٰتِ وَذَكَرُوا۟ ٱللَّهَ كَثِيرًا وَٱنتَصَرُوا۟ مِنۢ بَعْدِ مَا ظُلِمُوا۟ ۗ وَسَيَعْلَمُ ٱلَّذِينَ ظَلَمُوٓا۟ أَىَّ مُنقَلَبٍ يَنقَلِبُونَ"
    ],
    "arabic2": [
        "طسم",
        "تلك ايات الكتاب المبين",
        "لعلك باخع نفسك الا يكونوا مؤمنين",
        "ان نشا ننزل عليهم من السماء اية فظلت اعناقهم لها خاضعين",
        "وما ياتيهم من ذكر من الرحمن محدث الا كانوا عنه معرضين",
        "فقد كذبوا فسياتيهم انباء ما كانوا به يستهزئون",
        "اولم يروا الى الارض كم انبتنا فيها من كل زوج كريم",
        "ان في ذلك لاية وما كان اكثرهم مؤمنين",
        "وان ربك لهو العزيز الرحيم",
        "واذ نادى ربك موسى ان ائت القوم الظالمين",
        "قوم فرعون الا يتقون",
        "قال رب اني اخاف ان يكذبون",
        "ويضيق صدري ولا ينطلق لساني فارسل الى هارون",
        "ولهم علي ذنب فاخاف ان يقتلون",
        "قال كلا فاذهبا باياتنا انا معكم مستمعون",
        "فاتيا فرعون فقولا انا رسول رب العالمين",
        "ان ارسل معنا بني اسرائيل",
        "قال الم نربك فينا وليدا ولبثت فينا من عمرك سنين",
        "وفعلت فعلتك التي فعلت وانت من الكافرين",
        "قال فعلتها اذا وانا من الضالين",
        "ففررت منكم لما خفتكم فوهب لي ربي حكما وجعلني من المرسلين",
        "وتلك نعمة تمنها علي ان عبدت بني اسرائيل",
        "قال فرعون وما رب العالمين",
        "قال رب السماوات والارض وما بينهما ان كنتم موقنين",
        "قال لمن حوله الا تستمعون",
        "قال ربكم ورب ابائكم الاولين",
        "قال ان رسولكم الذي ارسل اليكم لمجنون",
        "قال رب المشرق والمغرب وما بينهما ان كنتم تعقلون",
        "قال لئن اتخذت الها غيري لاجعلنك من المسجونين",
        "قال اولو جئتك بشيء مبين",
        "قال فات به ان كنت من الصادقين",
        "فالقى عصاه فاذا هي ثعبان مبين",
        "ونزع يده فاذا هي بيضاء للناظرين",
        "قال للملا حوله ان هذا لساحر عليم",
        "يريد ان يخرجكم من ارضكم بسحره فماذا تامرون",
        "قالوا ارجه واخاه وابعث في المدائن حاشرين",
        "ياتوك بكل سحار عليم",
        "فجمع السحرة لميقات يوم معلوم",
        "وقيل للناس هل انتم مجتمعون",
        "لعلنا نتبع السحرة ان كانوا هم الغالبين",
        "فلما جاء السحرة قالوا لفرعون ائن لنا لاجرا ان كنا نحن الغالبين",
        "قال نعم وانكم اذا لمن المقربين",
        "قال لهم موسى القوا ما انتم ملقون",
        "فالقوا حبالهم وعصيهم وقالوا بعزة فرعون انا لنحن الغالبون",
        "فالقى موسى عصاه فاذا هي تلقف ما يافكون",
        "فالقي السحرة ساجدين",
        "قالوا امنا برب العالمين",
        "رب موسى وهارون",
        "قال امنتم له قبل ان اذن لكم انه لكبيركم الذي علمكم السحر فلسوف تعلمون لاقطعن ايديكم وارجلكم من خلاف ولاصلبنكم اجمعين",
        "قالوا لا ضير انا الى ربنا منقلبون",
        "انا نطمع ان يغفر لنا ربنا خطايانا ان كنا اول المؤمنين",
        "واوحينا الى موسى ان اسر بعبادي انكم متبعون",
        "فارسل فرعون في المدائن حاشرين",
        "ان هؤلاء لشرذمة قليلون",
        "وانهم لنا لغائظون",
        "وانا لجميع حاذرون",
        "فاخرجناهم من جنات وعيون",
        "وكنوز ومقام كريم",
        "كذلك واورثناها بني اسرائيل",
        "فاتبعوهم مشرقين",
        "فلما تراءى الجمعان قال اصحاب موسى انا لمدركون",
        "قال كلا ان معي ربي سيهدين",
        "فاوحينا الى موسى ان اضرب بعصاك البحر فانفلق فكان كل فرق كالطود العظيم",
        "وازلفنا ثم الاخرين",
        "وانجينا موسى ومن معه اجمعين",
        "ثم اغرقنا الاخرين",
        "ان في ذلك لاية وما كان اكثرهم مؤمنين",
        "وان ربك لهو العزيز الرحيم",
        "واتل عليهم نبا ابراهيم",
        "اذ قال لابيه وقومه ما تعبدون",
        "قالوا نعبد اصناما فنظل لها عاكفين",
        "قال هل يسمعونكم اذ تدعون",
        "او ينفعونكم او يضرون",
        "قالوا بل وجدنا اباءنا كذلك يفعلون",
        "قال افرايتم ما كنتم تعبدون",
        "انتم واباؤكم الاقدمون",
        "فانهم عدو لي الا رب العالمين",
        "الذي خلقني فهو يهدين",
        "والذي هو يطعمني ويسقين",
        "واذا مرضت فهو يشفين",
        "والذي يميتني ثم يحيين",
        "والذي اطمع ان يغفر لي خطيئتي يوم الدين",
        "رب هب لي حكما والحقني بالصالحين",
        "واجعل لي لسان صدق في الاخرين",
        "واجعلني من ورثة جنة النعيم",
        "واغفر لابي انه كان من الضالين",
        "ولا تخزني يوم يبعثون",
        "يوم لا ينفع مال ولا بنون",
        "الا من اتى الله بقلب سليم",
        "وازلفت الجنة للمتقين",
        "وبرزت الجحيم للغاوين",
        "وقيل لهم اين ما كنتم تعبدون",
        "من دون الله هل ينصرونكم او ينتصرون",
        "فكبكبوا فيها هم والغاوون",
        "وجنود ابليس اجمعون",
        "قالوا وهم فيها يختصمون",
        "تالله ان كنا لفي ضلال مبين",
        "اذ نسويكم برب العالمين",
        "وما اضلنا الا المجرمون",
        "فما لنا من شافعين",
        "ولا صديق حميم",
        "فلو ان لنا كرة فنكون من المؤمنين",
        "ان في ذلك لاية وما كان اكثرهم مؤمنين",
        "وان ربك لهو العزيز الرحيم",
        "كذبت قوم نوح المرسلين",
        "اذ قال لهم اخوهم نوح الا تتقون",
        "اني لكم رسول امين",
        "فاتقوا الله واطيعون",
        "وما اسالكم عليه من اجر ان اجري الا على رب العالمين",
        "فاتقوا الله واطيعون",
        "قالوا انؤمن لك واتبعك الارذلون",
        "قال وما علمي بما كانوا يعملون",
        "ان حسابهم الا على ربي لو تشعرون",
        "وما انا بطارد المؤمنين",
        "ان انا الا نذير مبين",
        "قالوا لئن لم تنته يا نوح لتكونن من المرجومين",
        "قال رب ان قومي كذبون",
        "فافتح بيني وبينهم فتحا ونجني ومن معي من المؤمنين",
        "فانجيناه ومن معه في الفلك المشحون",
        "ثم اغرقنا بعد الباقين",
        "ان في ذلك لاية وما كان اكثرهم مؤمنين",
        "وان ربك لهو العزيز الرحيم",
        "كذبت عاد المرسلين",
        "اذ قال لهم اخوهم هود الا تتقون",
        "اني لكم رسول امين",
        "فاتقوا الله واطيعون",
        "وما اسالكم عليه من اجر ان اجري الا على رب العالمين",
        "اتبنون بكل ريع اية تعبثون",
        "وتتخذون مصانع لعلكم تخلدون",
        "واذا بطشتم بطشتم جبارين",
        "فاتقوا الله واطيعون",
        "واتقوا الذي امدكم بما تعلمون",
        "امدكم بانعام وبنين",
        "وجنات وعيون",
        "اني اخاف عليكم عذاب يوم عظيم",
        "قالوا سواء علينا اوعظت ام لم تكن من الواعظين",
        "ان هذا الا خلق الاولين",
        "وما نحن بمعذبين",
        "فكذبوه فاهلكناهم ان في ذلك لاية وما كان اكثرهم مؤمنين",
        "وان ربك لهو العزيز الرحيم",
        "كذبت ثمود المرسلين",
        "اذ قال لهم اخوهم صالح الا تتقون",
        "اني لكم رسول امين",
        "فاتقوا الله واطيعون",
        "وما اسالكم عليه من اجر ان اجري الا على رب العالمين",
        "اتتركون في ما هاهنا امنين",
        "في جنات وعيون",
        "وزروع ونخل طلعها هضيم",
        "وتنحتون من الجبال بيوتا فارهين",
        "فاتقوا الله واطيعون",
        "ولا تطيعوا امر المسرفين",
        "الذين يفسدون في الارض ولا يصلحون",
        "قالوا انما انت من المسحرين",
        "ما انت الا بشر مثلنا فات باية ان كنت من الصادقين",
        "قال هذه ناقة لها شرب ولكم شرب يوم معلوم",
        "ولا تمسوها بسوء فياخذكم عذاب يوم عظيم",
        "فعقروها فاصبحوا نادمين",
        "فاخذهم العذاب ان في ذلك لاية وما كان اكثرهم مؤمنين",
        "وان ربك لهو العزيز الرحيم",
        "كذبت قوم لوط المرسلين",
        "اذ قال لهم اخوهم لوط الا تتقون",
        "اني لكم رسول امين",
        "فاتقوا الله واطيعون",
        "وما اسالكم عليه من اجر ان اجري الا على رب العالمين",
        "اتاتون الذكران من العالمين",
        "وتذرون ما خلق لكم ربكم من ازواجكم بل انتم قوم عادون",
        "قالوا لئن لم تنته يا لوط لتكونن من المخرجين",
        "قال اني لعملكم من القالين",
        "رب نجني واهلي مما يعملون",
        "فنجيناه واهله اجمعين",
        "الا عجوزا في الغابرين",
        "ثم دمرنا الاخرين",
        "وامطرنا عليهم مطرا فساء مطر المنذرين",
        "ان في ذلك لاية وما كان اكثرهم مؤمنين",
        "وان ربك لهو العزيز الرحيم",
        "كذب اصحاب الايكة المرسلين",
        "اذ قال لهم شعيب الا تتقون",
        "اني لكم رسول امين",
        "فاتقوا الله واطيعون",
        "وما اسالكم عليه من اجر ان اجري الا على رب العالمين",
        "اوفوا الكيل ولا تكونوا من المخسرين",
        "وزنوا بالقسطاس المستقيم",
        "ولا تبخسوا الناس اشياءهم ولا تعثوا في الارض مفسدين",
        "واتقوا الذي خلقكم والجبلة الاولين",
        "قالوا انما انت من المسحرين",
        "وما انت الا بشر مثلنا وان نظنك لمن الكاذبين",
        "فاسقط علينا كسفا من السماء ان كنت من الصادقين",
        "قال ربي اعلم بما تعملون",
        "فكذبوه فاخذهم عذاب يوم الظلة انه كان عذاب يوم عظيم",
        "ان في ذلك لاية وما كان اكثرهم مؤمنين",
        "وان ربك لهو العزيز الرحيم",
        "وانه لتنزيل رب العالمين",
        "نزل به الروح الامين",
        "على قلبك لتكون من المنذرين",
        "بلسان عربي مبين",
        "وانه لفي زبر الاولين",
        "اولم يكن لهم اية ان يعلمه علماء بني اسرائيل",
        "ولو نزلناه على بعض الاعجمين",
        "فقراه عليهم ما كانوا به مؤمنين",
        "كذلك سلكناه في قلوب المجرمين",
        "لا يؤمنون به حتى يروا العذاب الاليم",
        "فياتيهم بغتة وهم لا يشعرون",
        "فيقولوا هل نحن منظرون",
        "افبعذابنا يستعجلون",
        "افرايت ان متعناهم سنين",
        "ثم جاءهم ما كانوا يوعدون",
        "ما اغنى عنهم ما كانوا يمتعون",
        "وما اهلكنا من قرية الا لها منذرون",
        "ذكرى وما كنا ظالمين",
        "وما تنزلت به الشياطين",
        "وما ينبغي لهم وما يستطيعون",
        "انهم عن السمع لمعزولون",
        "فلا تدع مع الله الها اخر فتكون من المعذبين",
        "وانذر عشيرتك الاقربين",
        "واخفض جناحك لمن اتبعك من المؤمنين",
        "فان عصوك فقل اني بريء مما تعملون",
        "وتوكل على العزيز الرحيم",
        "الذي يراك حين تقوم",
        "وتقلبك في الساجدين",
        "انه هو السميع العليم",
        "هل انبئكم على من تنزل الشياطين",
        "تنزل على كل افاك اثيم",
        "يلقون السمع واكثرهم كاذبون",
        "والشعراء يتبعهم الغاوون",
        "الم تر انهم في كل واد يهيمون",
        "وانهم يقولون ما لا يفعلون",
        "الا الذين امنوا وعملوا الصالحات وذكروا الله كثيرا وانتصروا من بعد ما ظلموا وسيعلم الذين ظلموا اي منقلب ينقلبون"
    ]
}