{
    "surahName": "An-Naml",
    "surahNameArabic": "النمل",
    "surahNameArabicLong": "سورة النمل",
    "surahNameTranslation": "The Ant",
    "revelationPlace": "Mecca",
    "totalAyah": 93,
    "surahNo": 27,
    "english": [
        "Ṭâ-Sĩn. These are the verses of the Quran; the clear Book.",
        "˹It is˺ a guide and good news for the believers:",
        "˹those˺ who establish prayer, pay alms-tax, and have sure faith in the Hereafter.",
        "As for those who do not believe in the Hereafter, We have certainly made their ˹evil˺ deeds appealing to them, so they wander blindly.",
        "It is they who will suffer a dreadful torment, and in the Hereafter they will ˹truly˺ be the greatest losers.",
        "And indeed, you ˹O Prophet˺ are receiving the Quran from the One ˹Who is˺ All-Wise, All-Knowing.",
        "˹Remember˺ when Moses said to his family, “I have spotted a fire. I will either bring you some directions from there, or a burning torch so you may warm yourselves.”",
        "But when he came to it, he was called ˹by Allah˺, “Blessed is the one at the fire, and whoever is around it! Glory be to Allah, the Lord of all worlds.",
        "O  Moses! It is truly I. I am Allah—the Almighty, All-Wise.",
        "Now, throw down your staff!” But when he saw it slithering like a snake, he ran away without looking back. ˹Allah reassured him,˺ “O Moses! Do not be afraid! Messengers should have no fear in My presence.",
        "˹Fear is˺ only for those who do wrong. But if they later mend ˹their˺ evil ˹ways˺ with good, then I am certainly All-Forgiving, Most Merciful.",
        "Now put your hand through ˹the opening of˺ your collar, it will come out ˹shining˺ white, unblemished. ˹These are two˺ of nine signs for Pharaoh and his people. They have truly been a rebellious people.”",
        "But when Our enlightening signs came to them, they said, “This is pure magic.”",
        "And, although their hearts were convinced the signs were true, they still denied them wrongfully and arrogantly. See then what was the end of the corruptors!",
        "Indeed, We granted knowledge to David and Solomon. And they said ˹in acknowledgment˺, “All praise is for Allah Who has privileged us over many of His faithful servants.”",
        "And David was succeeded by Solomon, who said, “O people! We have been taught the language of birds, and been given everything ˹we need˺. This is indeed a great privilege.”",
        "Solomon’s forces of jinn, humans, and birds were rallied for him, perfectly organized.",
        "And when they came across a valley of ants, an ant warned, “O ants! Go quickly into your homes so Solomon and his armies do not crush you, unknowingly.”",
        "So Solomon smiled in amusement at her words, and prayed, “My Lord! Inspire me to ˹always˺ be thankful for Your favours which You have blessed me and my parents with, and to do good deeds that please you. Admit me, by Your mercy, into ˹the company of˺ Your righteous servants.”",
        "˹One day˺ he inspected the birds, and wondered, “Why is it that I cannot see the hoopoe? Or could he be absent?",
        "I will surely subject him to a severe punishment, or ˹even˺ slaughter him, unless he brings me a compelling excuse.”",
        "It was not long before the bird came and said, “I have found out something you do not know. I have just come to you from Sheba with sure news.",
        "Indeed, I found a woman ruling over them, who has been given everything ˹she needs˺, and who has a magnificent throne.",
        "I found her and her people prostrating to the sun instead of Allah. For Satan has made their deeds appealing to them—hindering them from the ˹Right˺ Way and leaving them unguided—",
        "so they do not prostrate to Allah, Who brings forth what is hidden in the heavens and the earth, and knows what you ˹all˺ conceal and what you reveal.",
        "˹He is˺ Allah! There is no god ˹worthy of worship˺ except Him, the Lord of the Mighty Throne.”",
        "Solomon said, “We will see whether you are telling the truth or lying.",
        "Go with this letter of mine and deliver it to them, then stand aside and see how they will respond.”",
        "The Queen ˹later˺ announced, “O chiefs! Indeed, a noble letter has been delivered to me.",
        "It is from Solomon, and it reads: ‘In the Name of Allah—the Most Compassionate, Most Merciful.",
        "Do not be arrogant with me, but come to me, fully submitting ˹to Allah˺.’”",
        "She said, “O chiefs! Advise me in this matter of mine, for I would never make any decision without you.”",
        "They responded, “We are a people of strength and great ˹military˺ might, but the decision is yours, so decide what you will command.”",
        "She reasoned, “Indeed, when kings invade a land, they ruin it and debase its nobles. They really do so!",
        "But I will certainly send him a gift, and see what ˹response˺ my envoys will return with.”",
        "When the chief-envoy came to him, Solomon said, “Do you offer me wealth? What Allah has granted me is far greater than what He has granted you. No! It is you who rejoice in ˹receiving˺ gifts.",
        "Go back to them, for we will certainly mobilize against them forces which they can never resist, and we will drive them out from there in disgrace, fully humbled.”",
        "Solomon asked, “O chiefs! Which of you can bring me her throne before they come to me in ˹full˺ submission?”",
        "One mighty jinn responded, “I can bring it to you before you rise from this council of yours. And I am quite strong and trustworthy for this ˹task˺.”",
        "But the one who had knowledge of the Scripture said, “I can bring it to you in the blink of an eye.” So when Solomon saw it placed before him, he exclaimed, “This is by the grace of my Lord to test me whether I am grateful or ungrateful. And whoever is grateful, it is only for their own good. But whoever is ungrateful, surely my Lord is Self-Sufficient, Most Generous.”",
        "˹Then˺ Solomon said, “Disguise her throne for her so we may see whether she will recognize ˹it˺ or she will not be able to.”",
        "So when she arrived, it was said ˹to her˺, “Is your throne like this?” She replied, “It looks to be the same. We have ˹already˺ received knowledge ˹of Solomon’s prophethood˺ before this ˹miracle˺, and have submitted ˹to Allah˺.”",
        "But she had been hindered by what she used to worship instead of Allah, for she was indeed from a disbelieving people.",
        "Then she was told, “Enter the palace.” But when she saw the hall, she thought it was a body of water, so she bared her legs. Solomon said. “It is just a palace paved with crystal.” ˹At last˺ she declared, “My Lord! I have certainly wronged my soul. Now I ˹fully˺ submit myself along with Solomon to Allah, the Lord of all worlds.”",
        "And We certainly sent to the people of Thamûd their brother Ṣâliḥ, proclaiming, “Worship Allah,” but they suddenly split into two opposing groups.",
        "He urged ˹the disbelieving group˺, “O my people! Why do you ˹seek to˺ hasten the torment rather than grace? If only you sought Allah’s forgiveness so you may be shown mercy!”",
        "They replied, “You and your followers are a bad omen for us.” He responded, “Your omens are destined by Allah. In fact, you are ˹only˺ a people being tested.”",
        "And there were in the city nine ˹elite˺ men who spread corruption in the land, never doing what is right.",
        "They vowed, “Let us swear by Allah that we will take him and his family down by night. Then we will certainly say to his ˹closest˺ heirs, ‘We did not witness the murder of his family. We are definitely telling the truth.’”",
        "And ˹so˺ they made a plan, but We too made a plan, while they were unaware.",
        "See then what the consequences of their plan were: We ˹utterly˺ destroyed them and their people all together.",
        "So their homes are there, ˹but completely˺ ruined because of their wrongdoing. Surely in this is a lesson for people of knowledge.",
        "And We delivered those who were faithful and were mindful ˹of Allah˺.",
        "And ˹remember˺ Lot, when he rebuked ˹the men of˺ his people, “Do you commit that shameful deed while you can see ˹one another˺?",
        "Do you really lust after men instead of women? In fact, you are ˹only˺ a people acting ignorantly.”",
        "But his people’s only response was to say, “Expel Lot’s followers from your land! They are a people who wish to remain chaste!”",
        "So We delivered him and his family, except his wife. We had destined her to be one of the doomed.",
        "And We poured upon them a rain ˹of brimstone˺. How evil was the rain of those who had been warned!",
        "Say, ˹O Prophet,˺ “Praise be to Allah, and peace be upon the servants He has chosen.” ˹Ask the disbelievers,˺ “Which is better: Allah or whatever ˹gods˺ they associate ˹with Him˺?”",
        "Or ˹ask them,˺ “Who created the heavens and the earth, and sends down rain for you from the sky, by which We cause delightful gardens to grow? You could never cause their trees to grow. Was it another god besides Allah?” Absolutely not! But they are a people who set up equals ˹to Allah˺!",
        "Or ˹ask them,˺ “Who made the earth a place of settlement, caused rivers to flow through it, placed firm mountains upon it, and set a barrier between ˹fresh and salt˺ bodies of water? Was it another god besides Allah?” Absolutely not! But most of them do not know.",
        "Or ˹ask them,˺ “Who responds to the distressed when they cry to Him, relieving ˹their˺ affliction, and ˹Who˺ makes you successors in the earth? Is it another god besides Allah? Yet you are hardly mindful!”",
        "Or ˹ask them,˺ “Who guides you in the darkness of the land and sea, and sends the winds ushering in His mercy? Is it another god besides Allah? Exalted is Allah above what they associate ˹with Him˺!",
        "Or ˹ask them,˺ “Who originates the creation then resurrects it, and gives you provisions from the heavens and the earth? Is it another god besides Allah?” Say, ˹O Prophet,˺ “Show ˹me˺ your proof, if what you say is true.”",
        "Say, ˹O Prophet,˺ “None in the heavens and the earth has knowledge of the unseen except Allah. Nor do they know when they will be resurrected.",
        "No! Their knowledge of the Hereafter amounts to ignorance. In fact, they are in doubt about it. In truth, they are ˹totally˺ blind to it.",
        "The disbelievers ask, “When we and our fathers are reduced to dust, will we really be brought forth ˹alive˺?",
        "We have already been promised this, as well as our forefathers earlier. This is nothing but ancient fables!”",
        "Say, ˹O Prophet,˺ “Travel throughout the land and see the fate of the wicked.”",
        "Do not grieve for them, nor be distressed by their schemes.",
        "They ask ˹the believers˺, “When will this threat come to pass, if what you say is true?”",
        "Say, ˹O Prophet,˺ “Perhaps some of what you seek to hasten is close at hand.”",
        "Surely your Lord is ever Bountiful to humanity, but most of them are ungrateful.",
        "And surely your Lord knows what their hearts conceal and what they reveal.",
        "For there is nothing hidden in the heavens or the earth without being ˹written˺ in a perfect Record.",
        "Indeed, this Quran clarifies for the Children of Israel most of what they differ over.",
        "And it is truly a guide and mercy for the believers.",
        "Your Lord will certainly judge between them by His justice, for He is the Almighty, All-Knowing.",
        "So put your trust in Allah, for you are surely upon the ˹Path of˺ clear truth.",
        "You certainly cannot make the dead hear ˹the truth˺. Nor can you make the deaf hear the call when they turn their backs and walk away.",
        "Nor can you lead the blind out of their misguidance. You can make none hear ˹the truth˺ except those who believe in Our revelations, ˹fully˺ submitting ˹to Allah˺.",
        "And when the decree ˹of the Hour˺ comes to pass against them, We will bring forth for them a beast from the earth, telling them that the people had no sure faith in Our revelations.",
        "˹Watch for˺ the Day We will gather from every faith-community a group of those who denied Our revelations, and they will be driven in ranks.",
        "When they ˹finally˺ come before their Lord, He will ask ˹them˺, “Did you deny My revelations without ˹even˺ comprehending them? Or what ˹exactly˺ did you do?”",
        "And the decree ˹of torment˺ will be justified against them for their wrongdoing, leaving them speechless.",
        "Do they not see that We made the night for them to rest in and the day bright? Surely in this are signs for those who believe.",
        "And ˹beware of˺ the Day the Trumpet will be blown, and all those in the heavens and all those on the earth will be horrified ˹to the point of death˺, except those Allah wills ˹to spare˺. And all will come before Him, fully humbled.",
        "Now you see the mountains, thinking they are firmly fixed, but they are travelling ˹just˺ like clouds. ˹That is˺ the design of Allah, Who has perfected everything. Surely He is All-Aware of what you do.",
        "Whoever comes with a good deed will be rewarded with what is better, and they will be secure from the horror on that Day.",
        "And whoever comes with an evil deed will be hurled face-first into the Fire. Are you rewarded except for what you used to do?",
        "Say, ˹O Prophet,˺ “I have only been commanded to worship the Lord of this city ˹of Mecca˺, Who has made it sacred, and to Him belongs everything. And I am commanded to be one of those who ˹fully˺ submit ˹to Him˺",
        "and to recite the Quran.” Then whoever chooses to be guided, it is only for their own good. But whoever chooses to stray, say, ˹O Prophet,˺ “I am only a warner.”",
        "And say, “All praise is for Allah! He will show you His signs, and you will recognize them. And your Lord is never unaware of what you do.”"
    ],
    "arabic1": [
        " طسٓ ۚ تِلْكَ ءَايَـٰتُ ٱلْقُرْءَانِ وَكِتَابٍ مُّبِينٍ",
        "هُدًى وَبُشْرَىٰ لِلْمُؤْمِنِينَ",
        "ٱلَّذِينَ يُقِيمُونَ ٱلصَّلَوٰةَ وَيُؤْتُونَ ٱلزَّكَوٰةَ وَهُم بِٱلْـَٔاخِرَةِ هُمْ يُوقِنُونَ",
        "إِنَّ ٱلَّذِينَ لَا يُؤْمِنُونَ بِٱلْـَٔاخِرَةِ زَيَّنَّا لَهُمْ أَعْمَـٰلَهُمْ فَهُمْ يَعْمَهُونَ",
        "أُو۟لَـٰٓئِكَ ٱلَّذِينَ لَهُمْ سُوٓءُ ٱلْعَذَابِ وَهُمْ فِى ٱلْـَٔاخِرَةِ هُمُ ٱلْأَخْسَرُونَ",
        "وَإِنَّكَ لَتُلَقَّى ٱلْقُرْءَانَ مِن لَّدُنْ حَكِيمٍ عَلِيمٍ",
        "إِذْ قَالَ مُوسَىٰ لِأَهْلِهِۦٓ إِنِّىٓ ءَانَسْتُ نَارًا سَـَٔاتِيكُم مِّنْهَا بِخَبَرٍ أَوْ ءَاتِيكُم بِشِهَابٍ قَبَسٍ لَّعَلَّكُمْ تَصْطَلُونَ",
        "فَلَمَّا جَآءَهَا نُودِىَ أَنۢ بُورِكَ مَن فِى ٱلنَّارِ وَمَنْ حَوْلَهَا وَسُبْحَـٰنَ ٱللَّهِ رَبِّ ٱلْعَـٰلَمِينَ",
        "يَـٰمُوسَىٰٓ إِنَّهُۥٓ أَنَا ٱللَّهُ ٱلْعَزِيزُ ٱلْحَكِيمُ",
        "وَأَلْقِ عَصَاكَ ۚ فَلَمَّا رَءَاهَا تَهْتَزُّ كَأَنَّهَا جَآنٌّ وَلَّىٰ مُدْبِرًا وَلَمْ يُعَقِّبْ ۚ يَـٰمُوسَىٰ لَا تَخَفْ إِنِّى لَا يَخَافُ لَدَىَّ ٱلْمُرْسَلُونَ",
        "إِلَّا مَن ظَلَمَ ثُمَّ بَدَّلَ حُسْنًۢا بَعْدَ سُوٓءٍ فَإِنِّى غَفُورٌ رَّحِيمٌ",
        "وَأَدْخِلْ يَدَكَ فِى جَيْبِكَ تَخْرُجْ بَيْضَآءَ مِنْ غَيْرِ سُوٓءٍ ۖ فِى تِسْعِ ءَايَـٰتٍ إِلَىٰ فِرْعَوْنَ وَقَوْمِهِۦٓ ۚ إِنَّهُمْ كَانُوا۟ قَوْمًا فَـٰسِقِينَ",
        "فَلَمَّا جَآءَتْهُمْ ءَايَـٰتُنَا مُبْصِرَةً قَالُوا۟ هَـٰذَا سِحْرٌ مُّبِينٌ",
        "وَجَحَدُوا۟ بِهَا وَٱسْتَيْقَنَتْهَآ أَنفُسُهُمْ ظُلْمًا وَعُلُوًّا ۚ فَٱنظُرْ كَيْفَ كَانَ عَـٰقِبَةُ ٱلْمُفْسِدِينَ",
        "وَلَقَدْ ءَاتَيْنَا دَاوُۥدَ وَسُلَيْمَـٰنَ عِلْمًا ۖ وَقَالَا ٱلْحَمْدُ لِلَّهِ ٱلَّذِى فَضَّلَنَا عَلَىٰ كَثِيرٍ مِّنْ عِبَادِهِ ٱلْمُؤْمِنِينَ",
        "وَوَرِثَ سُلَيْمَـٰنُ دَاوُۥدَ ۖ وَقَالَ يَـٰٓأَيُّهَا ٱلنَّاسُ عُلِّمْنَا مَنطِقَ ٱلطَّيْرِ وَأُوتِينَا مِن كُلِّ شَىْءٍ ۖ إِنَّ هَـٰذَا لَهُوَ ٱلْفَضْلُ ٱلْمُبِينُ",
        "وَحُشِرَ لِسُلَيْمَـٰنَ جُنُودُهُۥ مِنَ ٱلْجِنِّ وَٱلْإِنسِ وَٱلطَّيْرِ فَهُمْ يُوزَعُونَ",
        "حَتَّىٰٓ إِذَآ أَتَوْا۟ عَلَىٰ وَادِ ٱلنَّمْلِ قَالَتْ نَمْلَةٌ يَـٰٓأَيُّهَا ٱلنَّمْلُ ٱدْخُلُوا۟ مَسَـٰكِنَكُمْ لَا يَحْطِمَنَّكُمْ سُلَيْمَـٰنُ وَجُنُودُهُۥ وَهُمْ لَا يَشْعُرُونَ",
        "فَتَبَسَّمَ ضَاحِكًا مِّن قَوْلِهَا وَقَالَ رَبِّ أَوْزِعْنِىٓ أَنْ أَشْكُرَ نِعْمَتَكَ ٱلَّتِىٓ أَنْعَمْتَ عَلَىَّ وَعَلَىٰ وَٰلِدَىَّ وَأَنْ أَعْمَلَ صَـٰلِحًا تَرْضَىٰهُ وَأَدْخِلْنِى بِرَحْمَتِكَ فِى عِبَادِكَ ٱلصَّـٰلِحِينَ",
        "وَتَفَقَّدَ ٱلطَّيْرَ فَقَالَ مَا لِىَ لَآ أَرَى ٱلْهُدْهُدَ أَمْ كَانَ مِنَ ٱلْغَآئِبِينَ",
        "لَأُعَذِّبَنَّهُۥ عَذَابًا شَدِيدًا أَوْ لَأَا۟ذْبَحَنَّهُۥٓ أَوْ لَيَأْتِيَنِّى بِسُلْطَـٰنٍ مُّبِينٍ",
        "فَمَكَثَ غَيْرَ بَعِيدٍ فَقَالَ أَحَطتُ بِمَا لَمْ تُحِطْ بِهِۦ وَجِئْتُكَ مِن سَبَإٍۭ بِنَبَإٍ يَقِينٍ",
        "إِنِّى وَجَدتُّ ٱمْرَأَةً تَمْلِكُهُمْ وَأُوتِيَتْ مِن كُلِّ شَىْءٍ وَلَهَا عَرْشٌ عَظِيمٌ",
        "وَجَدتُّهَا وَقَوْمَهَا يَسْجُدُونَ لِلشَّمْسِ مِن دُونِ ٱللَّهِ وَزَيَّنَ لَهُمُ ٱلشَّيْطَـٰنُ أَعْمَـٰلَهُمْ فَصَدَّهُمْ عَنِ ٱلسَّبِيلِ فَهُمْ لَا يَهْتَدُونَ",
        "أَلَّا يَسْجُدُوا۟ لِلَّهِ ٱلَّذِى يُخْرِجُ ٱلْخَبْءَ فِى ٱلسَّمَـٰوَٰتِ وَٱلْأَرْضِ وَيَعْلَمُ مَا تُخْفُونَ وَمَا تُعْلِنُونَ",
        "ٱللَّهُ لَآ إِلَـٰهَ إِلَّا هُوَ رَبُّ ٱلْعَرْشِ ٱلْعَظِيمِ ۩",
        "۞ قَالَ سَنَنظُرُ أَصَدَقْتَ أَمْ كُنتَ مِنَ ٱلْكَـٰذِبِينَ",
        "ٱذْهَب بِّكِتَـٰبِى هَـٰذَا فَأَلْقِهْ إِلَيْهِمْ ثُمَّ تَوَلَّ عَنْهُمْ فَٱنظُرْ مَاذَا يَرْجِعُونَ",
        "قَالَتْ يَـٰٓأَيُّهَا ٱلْمَلَؤُا۟ إِنِّىٓ أُلْقِىَ إِلَىَّ كِتَـٰبٌ كَرِيمٌ",
        "إِنَّهُۥ مِن سُلَيْمَـٰنَ وَإِنَّهُۥ بِسْمِ ٱللَّهِ ٱلرَّحْمَـٰنِ ٱلرَّحِيمِ",
        "أَلَّا تَعْلُوا۟ عَلَىَّ وَأْتُونِى مُسْلِمِينَ",
        "قَالَتْ يَـٰٓأَيُّهَا ٱلْمَلَؤُا۟ أَفْتُونِى فِىٓ أَمْرِى مَا كُنتُ قَاطِعَةً أَمْرًا حَتَّىٰ تَشْهَدُونِ",
        "قَالُوا۟ نَحْنُ أُو۟لُوا۟ قُوَّةٍ وَأُو۟لُوا۟ بَأْسٍ شَدِيدٍ وَٱلْأَمْرُ إِلَيْكِ فَٱنظُرِى مَاذَا تَأْمُرِينَ",
        "قَالَتْ إِنَّ ٱلْمُلُوكَ إِذَا دَخَلُوا۟ قَرْيَةً أَفْسَدُوهَا وَجَعَلُوٓا۟ أَعِزَّةَ أَهْلِهَآ أَذِلَّةً ۖ وَكَذَٰلِكَ يَفْعَلُونَ",
        "وَإِنِّى مُرْسِلَةٌ إِلَيْهِم بِهَدِيَّةٍ فَنَاظِرَةٌۢ بِمَ يَرْجِعُ ٱلْمُرْسَلُونَ",
        "فَلَمَّا جَآءَ سُلَيْمَـٰنَ قَالَ أَتُمِدُّونَنِ بِمَالٍ فَمَآ ءَاتَىٰنِۦَ ٱللَّهُ خَيْرٌ مِّمَّآ ءَاتَىٰكُم بَلْ أَنتُم بِهَدِيَّتِكُمْ تَفْرَحُونَ",
        "ٱرْجِعْ إِلَيْهِمْ فَلَنَأْتِيَنَّهُم بِجُنُودٍ لَّا قِبَلَ لَهُم بِهَا وَلَنُخْرِجَنَّهُم مِّنْهَآ أَذِلَّةً وَهُمْ صَـٰغِرُونَ",
        "قَالَ يَـٰٓأَيُّهَا ٱلْمَلَؤُا۟ أَيُّكُمْ يَأْتِينِى بِعَرْشِهَا قَبْلَ أَن يَأْتُونِى مُسْلِمِينَ",
        "قَالَ عِفْرِيتٌ مِّنَ ٱلْجِنِّ أَنَا۠ ءَاتِيكَ بِهِۦ قَبْلَ أَن تَقُومَ مِن مَّقَامِكَ ۖ وَإِنِّى عَلَيْهِ لَقَوِىٌّ أَمِينٌ",
        "قَالَ ٱلَّذِى عِندَهُۥ عِلْمٌ مِّنَ ٱلْكِتَـٰبِ أَنَا۠ ءَاتِيكَ بِهِۦ قَبْلَ أَن يَرْتَدَّ إِلَيْكَ طَرْفُكَ ۚ فَلَمَّا رَءَاهُ مُسْتَقِرًّا عِندَهُۥ قَالَ هَـٰذَا مِن فَضْلِ رَبِّى لِيَبْلُوَنِىٓ ءَأَشْكُرُ أَمْ أَكْفُرُ ۖ وَمَن شَكَرَ فَإِنَّمَا يَشْكُرُ لِنَفْسِهِۦ ۖ وَمَن كَفَرَ فَإِنَّ رَبِّى غَنِىٌّ كَرِيمٌ",
        "قَالَ نَكِّرُوا۟ لَهَا عَرْشَهَا نَنظُرْ أَتَهْتَدِىٓ أَمْ تَكُونُ مِنَ ٱلَّذِينَ لَا يَهْتَدُونَ",
        "فَلَمَّا جَآءَتْ قِيلَ أَهَـٰكَذَا عَرْشُكِ ۖ قَالَتْ كَأَنَّهُۥ هُوَ ۚ وَأُوتِينَا ٱلْعِلْمَ مِن قَبْلِهَا وَكُنَّا مُسْلِمِينَ",
        "وَصَدَّهَا مَا كَانَت تَّعْبُدُ مِن دُونِ ٱللَّهِ ۖ إِنَّهَا كَانَتْ مِن قَوْمٍ كَـٰفِرِينَ",
        "قِيلَ لَهَا ٱدْخُلِى ٱلصَّرْحَ ۖ فَلَمَّا رَأَتْهُ حَسِبَتْهُ لُجَّةً وَكَشَفَتْ عَن سَاقَيْهَا ۚ قَالَ إِنَّهُۥ صَرْحٌ مُّمَرَّدٌ مِّن قَوَارِيرَ ۗ قَالَتْ رَبِّ إِنِّى ظَلَمْتُ نَفْسِى وَأَسْلَمْتُ مَعَ سُلَيْمَـٰنَ لِلَّهِ رَبِّ ٱلْعَـٰلَمِينَ",
        "وَلَقَدْ أَرْسَلْنَآ إِلَىٰ ثَمُودَ أَخَاهُمْ صَـٰلِحًا أَنِ ٱعْبُدُوا۟ ٱللَّهَ فَإِذَا هُمْ فَرِيقَانِ يَخْتَصِمُونَ",
        "قَالَ يَـٰقَوْمِ لِمَ تَسْتَعْجِلُونَ بِٱلسَّيِّئَةِ قَبْلَ ٱلْحَسَنَةِ ۖ لَوْلَا تَسْتَغْفِرُونَ ٱللَّهَ لَعَلَّكُمْ تُرْحَمُونَ",
        "قَالُوا۟ ٱطَّيَّرْنَا بِكَ وَبِمَن مَّعَكَ ۚ قَالَ طَـٰٓئِرُكُمْ عِندَ ٱللَّهِ ۖ بَلْ أَنتُمْ قَوْمٌ تُفْتَنُونَ",
        "وَكَانَ فِى ٱلْمَدِينَةِ تِسْعَةُ رَهْطٍ يُفْسِدُونَ فِى ٱلْأَرْضِ وَلَا يُصْلِحُونَ",
        "قَالُوا۟ تَقَاسَمُوا۟ بِٱللَّهِ لَنُبَيِّتَنَّهُۥ وَأَهْلَهُۥ ثُمَّ لَنَقُولَنَّ لِوَلِيِّهِۦ مَا شَهِدْنَا مَهْلِكَ أَهْلِهِۦ وَإِنَّا لَصَـٰدِقُونَ",
        "وَمَكَرُوا۟ مَكْرًا وَمَكَرْنَا مَكْرًا وَهُمْ لَا يَشْعُرُونَ",
        "فَٱنظُرْ كَيْفَ كَانَ عَـٰقِبَةُ مَكْرِهِمْ أَنَّا دَمَّرْنَـٰهُمْ وَقَوْمَهُمْ أَجْمَعِينَ",
        "فَتِلْكَ بُيُوتُهُمْ خَاوِيَةًۢ بِمَا ظَلَمُوٓا۟ ۗ إِنَّ فِى ذَٰلِكَ لَـَٔايَةً لِّقَوْمٍ يَعْلَمُونَ",
        "وَأَنجَيْنَا ٱلَّذِينَ ءَامَنُوا۟ وَكَانُوا۟ يَتَّقُونَ",
        "وَلُوطًا إِذْ قَالَ لِقَوْمِهِۦٓ أَتَأْتُونَ ٱلْفَـٰحِشَةَ وَأَنتُمْ تُبْصِرُونَ",
        "أَئِنَّكُمْ لَتَأْتُونَ ٱلرِّجَالَ شَهْوَةً مِّن دُونِ ٱلنِّسَآءِ ۚ بَلْ أَنتُمْ قَوْمٌ تَجْهَلُونَ",
        "۞ فَمَا كَانَ جَوَابَ قَوْمِهِۦٓ إِلَّآ أَن قَالُوٓا۟ أَخْرِجُوٓا۟ ءَالَ لُوطٍ مِّن قَرْيَتِكُمْ ۖ إِنَّهُمْ أُنَاسٌ يَتَطَهَّرُونَ",
        "فَأَنجَيْنَـٰهُ وَأَهْلَهُۥٓ إِلَّا ٱمْرَأَتَهُۥ قَدَّرْنَـٰهَا مِنَ ٱلْغَـٰبِرِينَ",
        "وَأَمْطَرْنَا عَلَيْهِم مَّطَرًا ۖ فَسَآءَ مَطَرُ ٱلْمُنذَرِينَ",
        "قُلِ ٱلْحَمْدُ لِلَّهِ وَسَلَـٰمٌ عَلَىٰ عِبَادِهِ ٱلَّذِينَ ٱصْطَفَىٰٓ ۗ ءَآللَّهُ خَيْرٌ أَمَّا يُشْرِكُونَ",
        "أَمَّنْ خَلَقَ ٱلسَّمَـٰوَٰتِ وَٱلْأَرْضَ وَأَنزَلَ لَكُم مِّنَ ٱلسَّمَآءِ مَآءً فَأَنۢبَتْنَا بِهِۦ حَدَآئِقَ ذَاتَ بَهْجَةٍ مَّا كَانَ لَكُمْ أَن تُنۢبِتُوا۟ شَجَرَهَآ ۗ أَءِلَـٰهٌ مَّعَ ٱللَّهِ ۚ بَلْ هُمْ قَوْمٌ يَعْدِلُونَ",
        "أَمَّن جَعَلَ ٱلْأَرْضَ قَرَارًا وَجَعَلَ خِلَـٰلَهَآ أَنْهَـٰرًا وَجَعَلَ لَهَا رَوَٰسِىَ وَجَعَلَ بَيْنَ ٱلْبَحْرَيْنِ حَاجِزًا ۗ أَءِلَـٰهٌ مَّعَ ٱللَّهِ ۚ بَلْ أَكْثَرُهُمْ لَا يَعْلَمُونَ",
        "أَمَّن يُجِيبُ ٱلْمُضْطَرَّ إِذَا دَعَاهُ وَيَكْشِفُ ٱلسُّوٓءَ وَيَجْعَلُكُمْ خُلَفَآءَ ٱلْأَرْضِ ۗ أَءِلَـٰهٌ مَّعَ ٱللَّهِ ۚ قَلِيلًا مَّا تَذَكَّرُونَ",
        "أَمَّن يَهْدِيكُمْ فِى ظُلُمَـٰتِ ٱلْبَرِّ وَٱلْبَحْرِ وَمَن يُرْسِلُ ٱلرِّيَـٰحَ بُشْرًۢا بَيْنَ يَدَىْ رَحْمَتِهِۦٓ ۗ أَءِلَـٰهٌ مَّعَ ٱللَّهِ ۚ تَعَـٰلَى ٱللَّهُ عَمَّا يُشْرِكُونَ",
        "أَمَّن يَبْدَؤُا۟ ٱلْخَلْقَ ثُمَّ يُعِيدُهُۥ وَمَن يَرْزُقُكُم مِّنَ ٱلسَّمَآءِ وَٱلْأَرْضِ ۗ أَءِلَـٰهٌ مَّعَ ٱللَّهِ ۚ قُلْ هَاتُوا۟ بُرْهَـٰنَكُمْ إِن كُنتُمْ صَـٰدِقِينَ",
        "قُل لَّا يَعْلَمُ مَن فِى ٱلسَّمَـٰوَٰتِ وَٱلْأَرْضِ ٱلْغَيْبَ إِلَّا ٱللَّهُ ۚ وَمَا يَشْعُرُونَ أَيَّانَ يُبْعَثُونَ",
        "بَلِ ٱدَّٰرَكَ عِلْمُهُمْ فِى ٱلْـَٔاخِرَةِ ۚ بَلْ هُمْ فِى شَكٍّ مِّنْهَا ۖ بَلْ هُم مِّنْهَا عَمُونَ",
        "وَقَالَ ٱلَّذِينَ كَفَرُوٓا۟ أَءِذَا كُنَّا تُرَٰبًا وَءَابَآؤُنَآ أَئِنَّا لَمُخْرَجُونَ",
        "لَقَدْ وُعِدْنَا هَـٰذَا نَحْنُ وَءَابَآؤُنَا مِن قَبْلُ إِنْ هَـٰذَآ إِلَّآ أَسَـٰطِيرُ ٱلْأَوَّلِينَ",
        "قُلْ سِيرُوا۟ فِى ٱلْأَرْضِ فَٱنظُرُوا۟ كَيْفَ كَانَ عَـٰقِبَةُ ٱلْمُجْرِمِينَ",
        "وَلَا تَحْزَنْ عَلَيْهِمْ وَلَا تَكُن فِى ضَيْقٍ مِّمَّا يَمْكُرُونَ",
        "وَيَقُولُونَ مَتَىٰ هَـٰذَا ٱلْوَعْدُ إِن كُنتُمْ صَـٰدِقِينَ",
        "قُلْ عَسَىٰٓ أَن يَكُونَ رَدِفَ لَكُم بَعْضُ ٱلَّذِى تَسْتَعْجِلُونَ",
        "وَإِنَّ رَبَّكَ لَذُو فَضْلٍ عَلَى ٱلنَّاسِ وَلَـٰكِنَّ أَكْثَرَهُمْ لَا يَشْكُرُونَ",
        "وَإِنَّ رَبَّكَ لَيَعْلَمُ مَا تُكِنُّ صُدُورُهُمْ وَمَا يُعْلِنُونَ",
        "وَمَا مِنْ غَآئِبَةٍ فِى ٱلسَّمَآءِ وَٱلْأَرْضِ إِلَّا فِى كِتَـٰبٍ مُّبِينٍ",
        "إِنَّ هَـٰذَا ٱلْقُرْءَانَ يَقُصُّ عَلَىٰ بَنِىٓ إِسْرَٰٓءِيلَ أَكْثَرَ ٱلَّذِى هُمْ فِيهِ يَخْتَلِفُونَ",
        "وَإِنَّهُۥ لَهُدًى وَرَحْمَةٌ لِّلْمُؤْمِنِينَ",
        "إِنَّ رَبَّكَ يَقْضِى بَيْنَهُم بِحُكْمِهِۦ ۚ وَهُوَ ٱلْعَزِيزُ ٱلْعَلِيمُ",
        "فَتَوَكَّلْ عَلَى ٱللَّهِ ۖ إِنَّكَ عَلَى ٱلْحَقِّ ٱلْمُبِينِ",
        "إِنَّكَ لَا تُسْمِعُ ٱلْمَوْتَىٰ وَلَا تُسْمِعُ ٱلصُّمَّ ٱلدُّعَآءَ إِذَا وَلَّوْا۟ مُدْبِرِينَ",
        "وَمَآ أَنتَ بِهَـٰدِى ٱلْعُمْىِ عَن ضَلَـٰلَتِهِمْ ۖ إِن تُسْمِعُ إِلَّا مَن يُؤْمِنُ بِـَٔايَـٰتِنَا فَهُم مُّسْلِمُونَ",
        "۞ وَإِذَا وَقَعَ ٱلْقَوْلُ عَلَيْهِمْ أَخْرَجْنَا لَهُمْ دَآبَّةً مِّنَ ٱلْأَرْضِ تُكَلِّمُهُمْ أَنَّ ٱلنَّاسَ كَانُوا۟ بِـَٔايَـٰتِنَا لَا يُوقِنُونَ",
        "وَيَوْمَ نَحْشُرُ مِن كُلِّ أُمَّةٍ فَوْجًا مِّمَّن يُكَذِّبُ بِـَٔايَـٰتِنَا فَهُمْ يُوزَعُونَ",
        "حَتَّىٰٓ إِذَا جَآءُو قَالَ أَكَذَّبْتُم بِـَٔايَـٰتِى وَلَمْ تُحِيطُوا۟ بِهَا عِلْمًا أَمَّاذَا كُنتُمْ تَعْمَلُونَ",
        "وَوَقَعَ ٱلْقَوْلُ عَلَيْهِم بِمَا ظَلَمُوا۟ فَهُمْ لَا يَنطِقُونَ",
        "أَلَمْ يَرَوْا۟ أَنَّا جَعَلْنَا ٱلَّيْلَ لِيَسْكُنُوا۟ فِيهِ وَٱلنَّهَارَ مُبْصِرًا ۚ إِنَّ فِى ذَٰلِكَ لَـَٔايَـٰتٍ لِّقَوْمٍ يُؤْمِنُونَ",
        "وَيَوْمَ يُنفَخُ فِى ٱلصُّورِ فَفَزِعَ مَن فِى ٱلسَّمَـٰوَٰتِ وَمَن فِى ٱلْأَرْضِ إِلَّا مَن شَآءَ ٱللَّهُ ۚ وَكُلٌّ أَتَوْهُ دَٰخِرِينَ",
        "وَتَرَى ٱلْجِبَالَ تَحْسَبُهَا جَامِدَةً وَهِىَ تَمُرُّ مَرَّ ٱلسَّحَابِ ۚ صُنْعَ ٱللَّهِ ٱلَّذِىٓ أَتْقَنَ كُلَّ شَىْءٍ ۚ إِنَّهُۥ خَبِيرٌۢ بِمَا تَفْعَلُونَ",
        "مَن جَآءَ بِٱلْحَسَنَةِ فَلَهُۥ خَيْرٌ مِّنْهَا وَهُم مِّن فَزَعٍ يَوْمَئِذٍ ءَامِنُونَ",
        "وَمَن جَآءَ بِٱلسَّيِّئَةِ فَكُبَّتْ وُجُوهُهُمْ فِى ٱلنَّارِ هَلْ تُجْزَوْنَ إِلَّا مَا كُنتُمْ تَعْمَلُونَ",
        "إِنَّمَآ أُمِرْتُ أَنْ أَعْبُدَ رَبَّ هَـٰذِهِ ٱلْبَلْدَةِ ٱلَّذِى حَرَّمَهَا وَلَهُۥ كُلُّ شَىْءٍ ۖ وَأُمِرْتُ أَنْ أَكُونَ مِنَ ٱلْمُسْلِمِينَ",
        "وَأَنْ أَتْلُوَا۟ ٱلْقُرْءَانَ ۖ فَمَنِ ٱهْتَدَىٰ فَإِنَّمَا يَهْتَدِى لِنَفْسِهِۦ ۖ وَمَن ضَلَّ فَقُلْ إِنَّمَآ أَنَا۠ مِنَ ٱلْمُنذِرِينَ",
        "وَقُلِ ٱلْحَمْدُ لِلَّهِ سَيُرِيكُمْ ءَايَـٰتِهِۦ فَتَعْرِفُونَهَا ۚ وَمَا رَبُّكَ بِغَـٰفِلٍ عَمَّا تَعْمَلُونَ"
    ],
    "arabic2": [
        "طس تلك ايات القران وكتاب مبين",
        "هدى وبشرى للمؤمنين",
        "الذين يقيمون الصلاة ويؤتون الزكاة وهم بالاخرة هم يوقنون",
        "ان الذين لا يؤمنون بالاخرة زينا لهم اعمالهم فهم يعمهون",
        "اولئك الذين لهم سوء العذاب وهم في الاخرة هم الاخسرون",
        "وانك لتلقى القران من لدن حكيم عليم",
        "اذ قال موسى لاهله اني انست نارا ساتيكم منها بخبر او اتيكم بشهاب قبس لعلكم تصطلون",
        "فلما جاءها نودي ان بورك من في النار ومن حولها وسبحان الله رب العالمين",
        "يا موسى انه انا الله العزيز الحكيم",
        "والق عصاك فلما راها تهتز كانها جان ولى مدبرا ولم يعقب يا موسى لا تخف اني لا يخاف لدي المرسلون",
        "الا من ظلم ثم بدل حسنا بعد سوء فاني غفور رحيم",
        "وادخل يدك في جيبك تخرج بيضاء من غير سوء في تسع ايات الى فرعون وقومه انهم كانوا قوما فاسقين",
        "فلما جاءتهم اياتنا مبصرة قالوا هذا سحر مبين",
        "وجحدوا بها واستيقنتها انفسهم ظلما وعلوا فانظر كيف كان عاقبة المفسدين",
        "ولقد اتينا داوود وسليمان علما وقالا الحمد لله الذي فضلنا على كثير من عباده المؤمنين",
        "وورث سليمان داوود وقال يا ايها الناس علمنا منطق الطير واوتينا من كل شيء ان هذا لهو الفضل المبين",
        "وحشر لسليمان جنوده من الجن والانس والطير فهم يوزعون",
        "حتى اذا اتوا على واد النمل قالت نملة يا ايها النمل ادخلوا مساكنكم لا يحطمنكم سليمان وجنوده وهم لا يشعرون",
        "فتبسم ضاحكا من قولها وقال رب اوزعني ان اشكر نعمتك التي انعمت علي وعلى والدي وان اعمل صالحا ترضاه وادخلني برحمتك في عبادك الصالحين",
        "وتفقد الطير فقال ما لي لا ارى الهدهد ام كان من الغائبين",
        "لاعذبنه عذابا شديدا او لاذبحنه او لياتيني بسلطان مبين",
        "فمكث غير بعيد فقال احطت بما لم تحط به وجئتك من سبا بنبا يقين",
        "اني وجدت امراة تملكهم واوتيت من كل شيء ولها عرش عظيم",
        "وجدتها وقومها يسجدون للشمس من دون الله وزين لهم الشيطان اعمالهم فصدهم عن السبيل فهم لا يهتدون",
        "الا يسجدوا لله الذي يخرج الخبء في السماوات والارض ويعلم ما تخفون وما تعلنون",
        "الله لا اله الا هو رب العرش العظيم",
        "قال سننظر اصدقت ام كنت من الكاذبين",
        "اذهب بكتابي هذا فالقه اليهم ثم تول عنهم فانظر ماذا يرجعون",
        "قالت يا ايها الملا اني القي الي كتاب كريم",
        "انه من سليمان وانه بسم الله الرحمن الرحيم",
        "الا تعلوا علي واتوني مسلمين",
        "قالت يا ايها الملا افتوني في امري ما كنت قاطعة امرا حتى تشهدون",
        "قالوا نحن اولو قوة واولو باس شديد والامر اليك فانظري ماذا تامرين",
        "قالت ان الملوك اذا دخلوا قرية افسدوها وجعلوا اعزة اهلها اذلة وكذلك يفعلون",
        "واني مرسلة اليهم بهدية فناظرة بم يرجع المرسلون",
        "فلما جاء سليمان قال اتمدونن بمال فما اتاني الله خير مما اتاكم بل انتم بهديتكم تفرحون",
        "ارجع اليهم فلناتينهم بجنود لا قبل لهم بها ولنخرجنهم منها اذلة وهم صاغرون",
        "قال يا ايها الملا ايكم ياتيني بعرشها قبل ان ياتوني مسلمين",
        "قال عفريت من الجن انا اتيك به قبل ان تقوم من مقامك واني عليه لقوي امين",
        "قال الذي عنده علم من الكتاب انا اتيك به قبل ان يرتد اليك طرفك فلما راه مستقرا عنده قال هذا من فضل ربي ليبلوني ااشكر ام اكفر ومن شكر فانما يشكر لنفسه ومن كفر فان ربي غني كريم",
        "قال نكروا لها عرشها ننظر اتهتدي ام تكون من الذين لا يهتدون",
        "فلما جاءت قيل اهكذا عرشك قالت كانه هو واوتينا العلم من قبلها وكنا مسلمين",
        "وصدها ما كانت تعبد من دون الله انها كانت من قوم كافرين",
        "قيل لها ادخلي الصرح فلما راته حسبته لجة وكشفت عن ساقيها قال انه صرح ممرد من قوارير قالت رب اني ظلمت نفسي واسلمت مع سليمان لله رب العالمين",
        "ولقد ارسلنا الى ثمود اخاهم صالحا ان اعبدوا الله فاذا هم فريقان يختصمون",
        "قال يا قوم لم تستعجلون بالسيئة قبل الحسنة لولا تستغفرون الله لعلكم ترحمون",
        "قالوا اطيرنا بك وبمن معك قال طائركم عند الله بل انتم قوم تفتنون",
        "وكان في المدينة تسعة رهط يفسدون في الارض ولا يصلحون",
        "قالوا تقاسموا بالله لنبيتنه واهله ثم لنقولن لوليه ما شهدنا مهلك اهله وانا لصادقون",
        "ومكروا مكرا ومكرنا مكرا وهم لا يشعرون",
        "فانظر كيف كان عاقبة مكرهم انا دمرناهم وقومهم اجمعين",
        "فتلك بيوتهم خاوية بما ظلموا ان في ذلك لاية لقوم يعلمون",
        "وانجينا الذين امنوا وكانوا يتقون",
        "ولوطا اذ قال لقومه اتاتون الفاحشة وانتم تبصرون",
        "ائنكم لتاتون الرجال شهوة من دون النساء بل انتم قوم تجهلون",
        "فما كان جواب قومه الا ان قالوا اخرجوا ال لوط من قريتكم انهم اناس يتطهرون",
        "فانجيناه واهله الا امراته قدرناها من الغابرين",
        "وامطرنا عليهم مطرا فساء مطر المنذرين",
        "قل الحمد لله وسلام على عباده الذين اصطفى الله خير اما يشركون",
        "امن خلق السماوات والارض وانزل لكم من السماء ماء فانبتنا به حدائق ذات بهجة ما كان لكم ان تنبتوا شجرها االه مع الله بل هم قوم يعدلون",
        "امن جعل الارض قرارا وجعل خلالها انهارا وجعل لها رواسي وجعل بين البحرين حاجزا االه مع الله بل اكثرهم لا يعلمون",
        "امن يجيب المضطر اذا دعاه ويكشف السوء ويجعلكم خلفاء الارض االه مع الله قليلا ما تذكرون",
        "امن يهديكم في ظلمات البر والبحر ومن يرسل الرياح بشرا بين يدي رحمته االه مع الله تعالى الله عما يشركون",
        "امن يبدا الخلق ثم يعيده ومن يرزقكم من السماء والارض االه مع الله قل هاتوا برهانكم ان كنتم صادقين",
        "قل لا يعلم من في السماوات والارض الغيب الا الله وما يشعرون ايان يبعثون",
        "بل ادارك علمهم في الاخرة بل هم في شك منها بل هم منها عمون",
        "وقال الذين كفروا ااذا كنا ترابا واباؤنا ائنا لمخرجون",
        "لقد وعدنا هذا نحن واباؤنا من قبل ان هذا الا اساطير الاولين",
        "قل سيروا في الارض فانظروا كيف كان عاقبة المجرمين",
        "ولا تحزن عليهم ولا تكن في ضيق مما يمكرون",
        "ويقولون متى هذا الوعد ان كنتم صادقين",
        "قل عسى ان يكون ردف لكم بعض الذي تستعجلون",
        "وان ربك لذو فضل على الناس ولكن اكثرهم لا يشكرون",
        "وان ربك ليعلم ما تكن صدورهم وما يعلنون",
        "وما من غائبة في السماء والارض الا في كتاب مبين",
        "ان هذا القران يقص على بني اسرائيل اكثر الذي هم فيه يختلفون",
        "وانه لهدى ورحمة للمؤمنين",
        "ان ربك يقضي بينهم بحكمه وهو العزيز العليم",
        "فتوكل على الله انك على الحق المبين",
        "انك لا تسمع الموتى ولا تسمع الصم الدعاء اذا ولوا مدبرين",
        "وما انت بهادي العمي عن ضلالتهم ان تسمع الا من يؤمن باياتنا فهم مسلمون",
        "واذا وقع القول عليهم اخرجنا لهم دابة من الارض تكلمهم ان الناس كانوا باياتنا لا يوقنون",
        "ويوم نحشر من كل امة فوجا ممن يكذب باياتنا فهم يوزعون",
        "حتى اذا جاءوا قال اكذبتم باياتي ولم تحيطوا بها علما اماذا كنتم تعملون",
        "ووقع القول عليهم بما ظلموا فهم لا ينطقون",
        "الم يروا انا جعلنا الليل ليسكنوا فيه والنهار مبصرا ان في ذلك لايات لقوم يؤمنون",
        "ويوم ينفخ في الصور ففزع من في السماوات ومن في الارض الا من شاء الله وكل اتوه داخرين",
        "وترى الجبال تحسبها جامدة وهي تمر مر السحاب صنع الله الذي اتقن كل شيء انه خبير بما تفعلون",
        "من جاء بالحسنة فله خير منها وهم من فزع يومئذ امنون",
        "ومن جاء بالسيئة فكبت وجوههم في النار هل تجزون الا ما كنتم تعملون",
        "انما امرت ان اعبد رب هذه البلدة الذي حرمها وله كل شيء وامرت ان اكون من المسلمين",
        "وان اتلو القران فمن اهتدى فانما يهتدي لنفسه ومن ضل فقل انما انا من المنذرين",
        "وقل الحمد لله سيريكم اياته فتعرفونها وما ربك بغافل عما تعملون"
    ]
}