{
    "surahName": "Al-Qasas",
    "surahNameArabic": "القصص",
    "surahNameArabicLong": "سورة القصص",
    "surahNameTranslation": "The Stories",
    "revelationPlace": "Mecca",
    "totalAyah": 88,
    "surahNo": 28,
    "english": [
        "Ṭâ-Sĩn-Mĩm.",
        "These are the verses of the clear Book.",
        "We narrate to you ˹O Prophet˺ part of the story of Moses and Pharaoh in truth for people who believe.",
        "Indeed, Pharaoh ˹arrogantly˺ elevated himself in the land and divided its people into ˹subservient˺ groups, one of which he persecuted, slaughtering their sons and keeping their women. He was truly one of the corruptors.",
        "But it was Our Will to favour those who were oppressed in the land, making them models ˹of faith˺ as well as successors;",
        "and to establish them in the land; and through them show Pharaoh, Hamân, and their soldiers ˹the fulfilment of˺ what they feared.",
        "We inspired the mother of Moses: “Nurse him, but when you fear for him, put him then into the river, and do not fear or grieve. We will certainly return him to you, and make him one of the messengers.”",
        "And ˹it so happened that˺ Pharaoh’s people picked him up, only to become their enemy and source of grief. Surely Pharaoh, Hamân, and their soldiers were sinful.",
        "Pharaoh’s wife said ˹to him˺, “˹This baby is˺ a source of joy for me and you. Do not kill him. Perhaps he may be useful to us or we may adopt him as a son.” They were unaware ˹of what was to come˺.",
        "And the heart of Moses’ mother ached so much that she almost gave away his identity, had We not reassured her heart in order for her to have faith ˹in Allah’s promise˺.",
        "And she said to his sister, “Keep track of him!” So she watched him from a distance, while they were unaware.",
        "And We had caused him to refuse all wet-nurses at first, so his sister suggested, “Shall I direct you to a family who will bring him up for you and take good care of him?”",
        "This is how We returned him to his mother so that her heart would be put at ease, and not grieve, and that she would know that Allah’s promise is ˹always˺ true. But most people do not know.",
        "And when he reached full strength and maturity, We gave him wisdom and knowledge. This is how We reward the good-doers.",
        "˹One day˺ he entered the city unnoticed by its people. There he found two men fighting: one of his own people, and the other of his enemies. The man from his people called to him for help against his foe. So Moses punched him, causing his death. Moses cried, “This is from Satan’s handiwork. He is certainly a sworn, misleading enemy.”",
        "He pleaded, “My Lord! I have definitely wronged my soul, so forgive me.” So He forgave him, ˹for˺ He is indeed the All-Forgiving, Most Merciful.",
        "Moses pledged, “My Lord! For all Your favours upon me, I will never side with the wicked.”",
        "And so Moses became fearful, watching out in the city, when suddenly the one who sought his help the day before cried out to him again for help. Moses rebuked him, “Indeed, you are clearly a trouble-maker.”",
        "Then when Moses was about to lay his hands on their foe, the enemy said, “O Moses! Do you intend to kill me as you killed a man yesterday? You only want to be a tyrant in the land. You do not intend to make peace!”",
        "And there came a man, rushing from the farthest end of the city. He said, “O Moses! The chiefs are actually conspiring against you to put you to death, so leave ˹the city˺. I really advise you ˹to do so˺.”",
        "So Moses left the city in a state of fear and caution, praying, “My Lord! Deliver me from the wrongdoing people.”",
        "And as he made his way towards Midian, he said, “I trust my Lord will guide me to the right way.”",
        "When he arrived at the well of Midian, he found a group of people watering ˹their herds˺. Apart from them, he noticed two women holding back ˹their herd˺. He asked ˹them˺, “What is the problem?” They replied, “We cannot water ˹our animals˺ until the ˹other˺ shepherds are done, for our father is a very old man.”",
        "So he watered ˹their herd˺ for them, then withdrew to the shade and prayed, “My Lord! I am truly in ˹desperate˺ need of whatever provision You may have in store for me.”",
        "Then one of the two women came to him, walking bashfully. She said, “My father is inviting you so he may reward you for watering ˹our animals˺ for us.” When Moses came to him and told him his whole story, the old man said, “Have no fear! You are ˹now˺ safe from the wrongdoing people.”",
        "One of the two daughters suggested, “O my dear father! Hire him. The best man for employment is definitely the strong and trustworthy ˹one˺.”",
        "The old man proposed, “I wish to marry one of these two daughters of mine to you, provided that you stay in my service for eight years. If you complete ten, it will be ˹a favour˺ from you, but I do not wish to make it difficult for you. Allah willing, you will find me an agreeable man.”",
        "Moses responded, “˹Then˺ it is ˹settled˺ between you and I. Whichever term I fulfill, there will be no ˹further˺ obligation on me. And Allah is a Witness to what we say.”",
        "When Moses had completed the term and was travelling with his family, he spotted a fire on the side of Mount Ṭûr. He said to his family, “Stay here, ˹for˺ I have spotted a fire. Perhaps from there I can bring you some directions or a torch from the fire so you may warm yourselves.”",
        "But when he came to it, he was called from the bush in the sacred ground to the right side of the valley: “O Moses! It is truly I. I am Allah—the Lord of all worlds.",
        "Now, throw down your staff!” But when he saw it slithering like a snake, he ran away without looking back. ˹Allah reassured him,˺ “O Moses! Draw near, and have no fear. You are perfectly secure.",
        "Now put your hand through ˹the opening of˺ your collar, it will come out ˹shining˺ white, unblemished. And cross your arms tightly to calm your fears. These are two proofs from your Lord to Pharaoh and his chiefs. They have truly been a rebellious people.”",
        "Moses appealed, “My Lord! I have indeed killed a man from them, so I fear they may kill me.",
        "And my brother Aaron is more eloquent than I, so send him with me as a helper to support what I say, for I truly fear they may reject me.”",
        "Allah responded, “We will assist you with your brother and grant you both authority, so they cannot harm you. With Our signs, you and those who follow you will ˹certainly˺ prevail.”",
        "But when Moses came to them with Our clear signs, they said ˹arrogantly˺, “This is nothing but conjured magic ˹tricks˺. We have never heard of this in ˹the history of˺ our forefathers.”",
        "Moses responded, “My Lord knows best who has come with ˹true˺ guidance from Him and will fare best in the end. Indeed, the wrongdoers will never succeed.”",
        "Pharaoh declared, “O chiefs! I know of no other god for you but myself. So bake bricks out of clay for me, O  Hamân, and build a high tower so I may look at the God of Moses, although I am sure he is a liar.”",
        "And so he and his soldiers behaved arrogantly in the land with no right, thinking they would never be returned to Us.",
        "So We seized him and his soldiers, casting them into the sea. See then what was the end of the wrongdoers!",
        "We made them leaders inviting ˹others˺ to the Fire. And on the Day of Judgment they will not be helped.",
        "We caused a curse to follow them in this world. And on the Day of Judgment they will be among the outcasts.",
        "Indeed, We gave Moses the Scripture—after destroying earlier nations—as an insight for the people, a guide, and mercy so perhaps they would be mindful.",
        "You were not there ˹O Prophet˺ on the western side of the mountain when We entrusted the Commandments to Moses, nor were you present ˹in his time˺.",
        "But We ˹later˺ raised ˹several˺ generations, and the ages took their toll on them. Nor were you living among the people of Midian, rehearsing Our revelations with them. But it is We Who have sent ˹this revelation to you˺.",
        "And you were not at the side of Mount Ṭûr when We called out ˹to Moses˺. But ˹you have been sent˺ as a mercy from your Lord to warn a people to whom no warner has come before you, so perhaps they may be mindful.",
        "Also so they would not say, if struck by an affliction for what their hands have done: “Our Lord! If only You had sent us a messenger, we would have followed Your revelations and become believers.”",
        "But when the truth came to them from Us, they said, “If only he was given the like of what Moses had been given.” Did they not deny what had been given to Moses earlier? They claimed, “Both ˹Scriptures˺ are works of magic, supporting each other!” Adding, “We truly deny both.”",
        "Say, ˹O Prophet,˺ “Bring then a scripture from Allah which is a better guide than these two so I may follow it, if your claim is true.”",
        "So if they fail to respond to you, then know that they only follow their desires. And who could be more astray than those who follow their desires with no guidance from Allah? Surely Allah does not guide the wrongdoing people.",
        "Indeed, We have steadily delivered the Word ˹of Allah˺ to the people so they may be mindful.",
        "˹As for˺ those ˹faithful˺ to whom We had given the Scripture before this ˹Quran˺, they do believe in it.",
        "When it is recited to them, they declare, “We believe in it. This is definitely the truth from our Lord. We had already submitted ˹even˺ before this.”",
        "These ˹believers˺ will be given a double reward for their perseverance, responding to evil with good, and for donating from what We have provided for them.",
        "When they hear slanderous talk, they turn away from it, saying, “We are accountable for our deeds and you for yours. Peace ˹is our only response˺ to you! We want nothing to do with those who act ignorantly.”",
        "You surely cannot guide whoever you like ˹O Prophet˺, but it is Allah Who guides whoever He wills, and He knows best who are ˹fit to be˺ guided.",
        "They say ˹to the Prophet˺, “If we were to follow ˹true˺ guidance with you, we would certainly be snatched away from our land.” Have We not established for them a safe haven ˹in Mecca˺ to which fruits of all kinds are brought as a provision from Us? But most of them do not know ˹this favour˺.",
        "˹Imagine˺ how many societies We have destroyed that had been spoiled by their ˹comfortable˺ living! Those are their residences, never inhabited after them except passingly. And We ˹alone˺ were the Successor.",
        "Your Lord would never destroy a society until He had sent to its capital a messenger, reciting Our revelations to them. Nor would We ever destroy a society unless its people persisted in wrongdoing.",
        "Whatever ˹pleasure˺ you have been given is no more than ˹a fleeting˺ enjoyment and adornment of this worldly life. But what is with Allah is far better and more lasting. Will you not then understand?",
        "Can those to whom We have made a fine promise—which they will see fulfilled—be like those who We have allowed to enjoy the pleasures of this worldly life, but on the Day of Judgment will be brought ˹for punishment˺?",
        "˹Watch for˺ the Day He will call to them, “Where are those you claimed were My associate-gods?”",
        "Those ˹misleaders˺ against whom the decree ˹of torment˺ is justified will cry, “Our Lord! These ˹followers˺ are the ones we caused to deviate. We led them into deviance, for we ourselves were deviant. We disassociate ourselves ˹from them˺ before You. It was not us that they used to worship.”",
        "It will be said ˹to the disbelievers˺, “Call upon your associate-gods ˹for help˺.” So they will call them, but will receive no response. And they will face the punishment, wishing they had been ˹rightly˺ guided!",
        "And ˹watch for˺ the Day He will call to them, asking, “What response did you give to the messengers?”",
        "They will be too dumbstruck on that Day to ask one another ˹for answers˺.",
        "As for those who repent, believe, and do good ˹in this world˺, it is right to hope that they will be among the successful.",
        "Your Lord creates and chooses whatever He wills—the choice is not theirs. Glorified and Exalted is Allah above what they associate ˹with Him˺!",
        "And your Lord knows what their hearts conceal and what they reveal.",
        "He is Allah. There is no god ˹worthy of worship˺ except Him. All praise belongs to Him in this life and the next. All authority is His. And to Him you will ˹all˺ be returned.",
        "Ask ˹them, O  Prophet˺, “Imagine if Allah were to make the night perpetual for you until the Day of Judgment, which god other than Allah could bring you sunlight? Will you not then listen?”",
        "Ask ˹them also˺, “Imagine if Allah were to make the day perpetual for you until the Day of Judgment, which god other than Allah could bring you night to rest in? Will you not then see?”",
        "It is out of His mercy that He has made for you the day and night so that you may rest ˹in the latter˺ and seek His bounty ˹in the former˺, and perhaps you will be grateful.",
        "And ˹watch for˺ the Day He will call to them, “Where are those you claimed were My associate-gods?”",
        "And We will bring forth a witness from every faith-community and ask ˹the polytheists˺, “Show ˹Us˺ your proof.” Then they will ˹come to˺ know that the truth is with Allah ˹alone˺. And whatever ˹gods˺ they fabricated will fail them.",
        "Indeed, Korah was from the people of Moses, but he behaved arrogantly towards them. We had granted him such treasures that even their keys would burden a group of strong men. ˹Some of˺ his people advised him, “Do not be prideful! Surely Allah does not like the prideful.",
        "Rather, seek the ˹reward˺ of the Hereafter by means of what Allah has granted you, without forgetting your share of this world. And be good ˹to others˺ as Allah has been good to you. Do not seek to spread corruption in the land, for Allah certainly does not like the corruptors.”",
        "He replied, “I have been granted all this because of some knowledge I have.” Did he not know that Allah had already destroyed some from the generations before him who were far superior to him in power and greater in accumulating ˹wealth˺? There will be no need for the wicked to be asked about their sins.",
        "Then he came out before his people in all his glamour. Those who desired the life of this world wished, “If only we could have something like what Korah has been given. He is truly a man of great fortune!”",
        "But those gifted with knowledge said, “Shame on you! Allah’s reward is far better for those who believe and do good. But none will attain this except the steadfast.”",
        "Then We caused the earth to swallow him up, along with his home. There was no one to help him against Allah, nor could he even help himself.",
        "And those who had craved his position the previous day began to say, “Ah! It is certainly Allah Who gives abundant or limited provisions to whoever He wills of His servants. Had it not been for the grace of Allah, He could have surely caused the earth to swallow us up! Oh, indeed! The disbelievers will never succeed.”",
        "That ˹eternal˺ Home in the Hereafter We reserve ˹only˺ for those who seek neither tyranny nor corruption on the earth. The ultimate outcome belongs ˹only˺ to the righteous.",
        "Whoever comes with a good deed will be rewarded with what is better. And whoever comes with an evil deed, then the evildoers will only be rewarded for what they used to do.",
        "Most certainly, the One Who has ordained the Quran for you will ˹ultimately˺ bring you back home ˹to Mecca˺. Say, “My Lord knows best who has come with ˹true˺ guidance and who is clearly astray.”",
        "You never expected this Book to be revealed to you, but ˹it came˺ only ˹as˺ a mercy from your Lord. So never side with the disbelievers ˹in their disbelief˺.",
        "Do not let them turn you away from the revelations of Allah after they have been sent down to you. Rather, invite ˹all˺ to ˹the Way of˺ your Lord, and never be one of the polytheists.",
        "And do not invoke any other god with Allah. There is no god ˹worthy of worship˺ except Him. Everything is bound to perish except He Himself. All authority belongs to Him. And to Him you will ˹all˺ be returned."
    ],
    "arabic1": [
        " طسٓمٓ",
        "تِلْكَ ءَايَـٰتُ ٱلْكِتَـٰبِ ٱلْمُبِينِ",
        "نَتْلُوا۟ عَلَيْكَ مِن نَّبَإِ مُوسَىٰ وَفِرْعَوْنَ بِٱلْحَقِّ لِقَوْمٍ يُؤْمِنُونَ",
        "إِنَّ فِرْعَوْنَ عَلَا فِى ٱلْأَرْضِ وَجَعَلَ أَهْلَهَا شِيَعًا يَسْتَضْعِفُ طَآئِفَةً مِّنْهُمْ يُذَبِّحُ أَبْنَآءَهُمْ وَيَسْتَحْىِۦ نِسَآءَهُمْ ۚ إِنَّهُۥ كَانَ مِنَ ٱلْمُفْسِدِينَ",
        "وَنُرِيدُ أَن نَّمُنَّ عَلَى ٱلَّذِينَ ٱسْتُضْعِفُوا۟ فِى ٱلْأَرْضِ وَنَجْعَلَهُمْ أَئِمَّةً وَنَجْعَلَهُمُ ٱلْوَٰرِثِينَ",
        "وَنُمَكِّنَ لَهُمْ فِى ٱلْأَرْضِ وَنُرِىَ فِرْعَوْنَ وَهَـٰمَـٰنَ وَجُنُودَهُمَا مِنْهُم مَّا كَانُوا۟ يَحْذَرُونَ",
        "وَأَوْحَيْنَآ إِلَىٰٓ أُمِّ مُوسَىٰٓ أَنْ أَرْضِعِيهِ ۖ فَإِذَا خِفْتِ عَلَيْهِ فَأَلْقِيهِ فِى ٱلْيَمِّ وَلَا تَخَافِى وَلَا تَحْزَنِىٓ ۖ إِنَّا رَآدُّوهُ إِلَيْكِ وَجَاعِلُوهُ مِنَ ٱلْمُرْسَلِينَ",
        "فَٱلْتَقَطَهُۥٓ ءَالُ فِرْعَوْنَ لِيَكُونَ لَهُمْ عَدُوًّا وَحَزَنًا ۗ إِنَّ فِرْعَوْنَ وَهَـٰمَـٰنَ وَجُنُودَهُمَا كَانُوا۟ خَـٰطِـِٔينَ",
        "وَقَالَتِ ٱمْرَأَتُ فِرْعَوْنَ قُرَّتُ عَيْنٍ لِّى وَلَكَ ۖ لَا تَقْتُلُوهُ عَسَىٰٓ أَن يَنفَعَنَآ أَوْ نَتَّخِذَهُۥ وَلَدًا وَهُمْ لَا يَشْعُرُونَ",
        "وَأَصْبَحَ فُؤَادُ أُمِّ مُوسَىٰ فَـٰرِغًا ۖ إِن كَادَتْ لَتُبْدِى بِهِۦ لَوْلَآ أَن رَّبَطْنَا عَلَىٰ قَلْبِهَا لِتَكُونَ مِنَ ٱلْمُؤْمِنِينَ",
        "وَقَالَتْ لِأُخْتِهِۦ قُصِّيهِ ۖ فَبَصُرَتْ بِهِۦ عَن جُنُبٍ وَهُمْ لَا يَشْعُرُونَ",
        "۞ وَحَرَّمْنَا عَلَيْهِ ٱلْمَرَاضِعَ مِن قَبْلُ فَقَالَتْ هَلْ أَدُلُّكُمْ عَلَىٰٓ أَهْلِ بَيْتٍ يَكْفُلُونَهُۥ لَكُمْ وَهُمْ لَهُۥ نَـٰصِحُونَ",
        "فَرَدَدْنَـٰهُ إِلَىٰٓ أُمِّهِۦ كَىْ تَقَرَّ عَيْنُهَا وَلَا تَحْزَنَ وَلِتَعْلَمَ أَنَّ وَعْدَ ٱللَّهِ حَقٌّ وَلَـٰكِنَّ أَكْثَرَهُمْ لَا يَعْلَمُونَ",
        "وَلَمَّا بَلَغَ أَشُدَّهُۥ وَٱسْتَوَىٰٓ ءَاتَيْنَـٰهُ حُكْمًا وَعِلْمًا ۚ وَكَذَٰلِكَ نَجْزِى ٱلْمُحْسِنِينَ",
        "وَدَخَلَ ٱلْمَدِينَةَ عَلَىٰ حِينِ غَفْلَةٍ مِّنْ أَهْلِهَا فَوَجَدَ فِيهَا رَجُلَيْنِ يَقْتَتِلَانِ هَـٰذَا مِن شِيعَتِهِۦ وَهَـٰذَا مِنْ عَدُوِّهِۦ ۖ فَٱسْتَغَـٰثَهُ ٱلَّذِى مِن شِيعَتِهِۦ عَلَى ٱلَّذِى مِنْ عَدُوِّهِۦ فَوَكَزَهُۥ مُوسَىٰ فَقَضَىٰ عَلَيْهِ ۖ قَالَ هَـٰذَا مِنْ عَمَلِ ٱلشَّيْطَـٰنِ ۖ إِنَّهُۥ عَدُوٌّ مُّضِلٌّ مُّبِينٌ",
        "قَالَ رَبِّ إِنِّى ظَلَمْتُ نَفْسِى فَٱغْفِرْ لِى فَغَفَرَ لَهُۥٓ ۚ إِنَّهُۥ هُوَ ٱلْغَفُورُ ٱلرَّحِيمُ",
        "قَالَ رَبِّ بِمَآ أَنْعَمْتَ عَلَىَّ فَلَنْ أَكُونَ ظَهِيرًا لِّلْمُجْرِمِينَ",
        "فَأَصْبَحَ فِى ٱلْمَدِينَةِ خَآئِفًا يَتَرَقَّبُ فَإِذَا ٱلَّذِى ٱسْتَنصَرَهُۥ بِٱلْأَمْسِ يَسْتَصْرِخُهُۥ ۚ قَالَ لَهُۥ مُوسَىٰٓ إِنَّكَ لَغَوِىٌّ مُّبِينٌ",
        "فَلَمَّآ أَنْ أَرَادَ أَن يَبْطِشَ بِٱلَّذِى هُوَ عَدُوٌّ لَّهُمَا قَالَ يَـٰمُوسَىٰٓ أَتُرِيدُ أَن تَقْتُلَنِى كَمَا قَتَلْتَ نَفْسًۢا بِٱلْأَمْسِ ۖ إِن تُرِيدُ إِلَّآ أَن تَكُونَ جَبَّارًا فِى ٱلْأَرْضِ وَمَا تُرِيدُ أَن تَكُونَ مِنَ ٱلْمُصْلِحِينَ",
        "وَجَآءَ رَجُلٌ مِّنْ أَقْصَا ٱلْمَدِينَةِ يَسْعَىٰ قَالَ يَـٰمُوسَىٰٓ إِنَّ ٱلْمَلَأَ يَأْتَمِرُونَ بِكَ لِيَقْتُلُوكَ فَٱخْرُجْ إِنِّى لَكَ مِنَ ٱلنَّـٰصِحِينَ",
        "فَخَرَجَ مِنْهَا خَآئِفًا يَتَرَقَّبُ ۖ قَالَ رَبِّ نَجِّنِى مِنَ ٱلْقَوْمِ ٱلظَّـٰلِمِينَ",
        "وَلَمَّا تَوَجَّهَ تِلْقَآءَ مَدْيَنَ قَالَ عَسَىٰ رَبِّىٓ أَن يَهْدِيَنِى سَوَآءَ ٱلسَّبِيلِ",
        "وَلَمَّا وَرَدَ مَآءَ مَدْيَنَ وَجَدَ عَلَيْهِ أُمَّةً مِّنَ ٱلنَّاسِ يَسْقُونَ وَوَجَدَ مِن دُونِهِمُ ٱمْرَأَتَيْنِ تَذُودَانِ ۖ قَالَ مَا خَطْبُكُمَا ۖ قَالَتَا لَا نَسْقِى حَتَّىٰ يُصْدِرَ ٱلرِّعَآءُ ۖ وَأَبُونَا شَيْخٌ كَبِيرٌ",
        "فَسَقَىٰ لَهُمَا ثُمَّ تَوَلَّىٰٓ إِلَى ٱلظِّلِّ فَقَالَ رَبِّ إِنِّى لِمَآ أَنزَلْتَ إِلَىَّ مِنْ خَيْرٍ فَقِيرٌ",
        "فَجَآءَتْهُ إِحْدَىٰهُمَا تَمْشِى عَلَى ٱسْتِحْيَآءٍ قَالَتْ إِنَّ أَبِى يَدْعُوكَ لِيَجْزِيَكَ أَجْرَ مَا سَقَيْتَ لَنَا ۚ فَلَمَّا جَآءَهُۥ وَقَصَّ عَلَيْهِ ٱلْقَصَصَ قَالَ لَا تَخَفْ ۖ نَجَوْتَ مِنَ ٱلْقَوْمِ ٱلظَّـٰلِمِينَ",
        "قَالَتْ إِحْدَىٰهُمَا يَـٰٓأَبَتِ ٱسْتَـْٔجِرْهُ ۖ إِنَّ خَيْرَ مَنِ ٱسْتَـْٔجَرْتَ ٱلْقَوِىُّ ٱلْأَمِينُ",
        "قَالَ إِنِّىٓ أُرِيدُ أَنْ أُنكِحَكَ إِحْدَى ٱبْنَتَىَّ هَـٰتَيْنِ عَلَىٰٓ أَن تَأْجُرَنِى ثَمَـٰنِىَ حِجَجٍ ۖ فَإِنْ أَتْمَمْتَ عَشْرًا فَمِنْ عِندِكَ ۖ وَمَآ أُرِيدُ أَنْ أَشُقَّ عَلَيْكَ ۚ سَتَجِدُنِىٓ إِن شَآءَ ٱللَّهُ مِنَ ٱلصَّـٰلِحِينَ",
        "قَالَ ذَٰلِكَ بَيْنِى وَبَيْنَكَ ۖ أَيَّمَا ٱلْأَجَلَيْنِ قَضَيْتُ فَلَا عُدْوَٰنَ عَلَىَّ ۖ وَٱللَّهُ عَلَىٰ مَا نَقُولُ وَكِيلٌ",
        "۞ فَلَمَّا قَضَىٰ مُوسَى ٱلْأَجَلَ وَسَارَ بِأَهْلِهِۦٓ ءَانَسَ مِن جَانِبِ ٱلطُّورِ نَارًا قَالَ لِأَهْلِهِ ٱمْكُثُوٓا۟ إِنِّىٓ ءَانَسْتُ نَارًا لَّعَلِّىٓ ءَاتِيكُم مِّنْهَا بِخَبَرٍ أَوْ جَذْوَةٍ مِّنَ ٱلنَّارِ لَعَلَّكُمْ تَصْطَلُونَ",
        "فَلَمَّآ أَتَىٰهَا نُودِىَ مِن شَـٰطِئِ ٱلْوَادِ ٱلْأَيْمَنِ فِى ٱلْبُقْعَةِ ٱلْمُبَـٰرَكَةِ مِنَ ٱلشَّجَرَةِ أَن يَـٰمُوسَىٰٓ إِنِّىٓ أَنَا ٱللَّهُ رَبُّ ٱلْعَـٰلَمِينَ",
        "وَأَنْ أَلْقِ عَصَاكَ ۖ فَلَمَّا رَءَاهَا تَهْتَزُّ كَأَنَّهَا جَآنٌّ وَلَّىٰ مُدْبِرًا وَلَمْ يُعَقِّبْ ۚ يَـٰمُوسَىٰٓ أَقْبِلْ وَلَا تَخَفْ ۖ إِنَّكَ مِنَ ٱلْـَٔامِنِينَ",
        "ٱسْلُكْ يَدَكَ فِى جَيْبِكَ تَخْرُجْ بَيْضَآءَ مِنْ غَيْرِ سُوٓءٍ وَٱضْمُمْ إِلَيْكَ جَنَاحَكَ مِنَ ٱلرَّهْبِ ۖ فَذَٰنِكَ بُرْهَـٰنَانِ مِن رَّبِّكَ إِلَىٰ فِرْعَوْنَ وَمَلَإِي۟هِۦٓ ۚ إِنَّهُمْ كَانُوا۟ قَوْمًا فَـٰسِقِينَ",
        "قَالَ رَبِّ إِنِّى قَتَلْتُ مِنْهُمْ نَفْسًا فَأَخَافُ أَن يَقْتُلُونِ",
        "وَأَخِى هَـٰرُونُ هُوَ أَفْصَحُ مِنِّى لِسَانًا فَأَرْسِلْهُ مَعِىَ رِدْءًا يُصَدِّقُنِىٓ ۖ إِنِّىٓ أَخَافُ أَن يُكَذِّبُونِ",
        "قَالَ سَنَشُدُّ عَضُدَكَ بِأَخِيكَ وَنَجْعَلُ لَكُمَا سُلْطَـٰنًا فَلَا يَصِلُونَ إِلَيْكُمَا ۚ بِـَٔايَـٰتِنَآ أَنتُمَا وَمَنِ ٱتَّبَعَكُمَا ٱلْغَـٰلِبُونَ",
        "فَلَمَّا جَآءَهُم مُّوسَىٰ بِـَٔايَـٰتِنَا بَيِّنَـٰتٍ قَالُوا۟ مَا هَـٰذَآ إِلَّا سِحْرٌ مُّفْتَرًى وَمَا سَمِعْنَا بِهَـٰذَا فِىٓ ءَابَآئِنَا ٱلْأَوَّلِينَ",
        "وَقَالَ مُوسَىٰ رَبِّىٓ أَعْلَمُ بِمَن جَآءَ بِٱلْهُدَىٰ مِنْ عِندِهِۦ وَمَن تَكُونُ لَهُۥ عَـٰقِبَةُ ٱلدَّارِ ۖ إِنَّهُۥ لَا يُفْلِحُ ٱلظَّـٰلِمُونَ",
        "وَقَالَ فِرْعَوْنُ يَـٰٓأَيُّهَا ٱلْمَلَأُ مَا عَلِمْتُ لَكُم مِّنْ إِلَـٰهٍ غَيْرِى فَأَوْقِدْ لِى يَـٰهَـٰمَـٰنُ عَلَى ٱلطِّينِ فَٱجْعَل لِّى صَرْحًا لَّعَلِّىٓ أَطَّلِعُ إِلَىٰٓ إِلَـٰهِ مُوسَىٰ وَإِنِّى لَأَظُنُّهُۥ مِنَ ٱلْكَـٰذِبِينَ",
        "وَٱسْتَكْبَرَ هُوَ وَجُنُودُهُۥ فِى ٱلْأَرْضِ بِغَيْرِ ٱلْحَقِّ وَظَنُّوٓا۟ أَنَّهُمْ إِلَيْنَا لَا يُرْجَعُونَ",
        "فَأَخَذْنَـٰهُ وَجُنُودَهُۥ فَنَبَذْنَـٰهُمْ فِى ٱلْيَمِّ ۖ فَٱنظُرْ كَيْفَ كَانَ عَـٰقِبَةُ ٱلظَّـٰلِمِينَ",
        "وَجَعَلْنَـٰهُمْ أَئِمَّةً يَدْعُونَ إِلَى ٱلنَّارِ ۖ وَيَوْمَ ٱلْقِيَـٰمَةِ لَا يُنصَرُونَ",
        "وَأَتْبَعْنَـٰهُمْ فِى هَـٰذِهِ ٱلدُّنْيَا لَعْنَةً ۖ وَيَوْمَ ٱلْقِيَـٰمَةِ هُم مِّنَ ٱلْمَقْبُوحِينَ",
        "وَلَقَدْ ءَاتَيْنَا مُوسَى ٱلْكِتَـٰبَ مِنۢ بَعْدِ مَآ أَهْلَكْنَا ٱلْقُرُونَ ٱلْأُولَىٰ بَصَآئِرَ لِلنَّاسِ وَهُدًى وَرَحْمَةً لَّعَلَّهُمْ يَتَذَكَّرُونَ",
        "وَمَا كُنتَ بِجَانِبِ ٱلْغَرْبِىِّ إِذْ قَضَيْنَآ إِلَىٰ مُوسَى ٱلْأَمْرَ وَمَا كُنتَ مِنَ ٱلشَّـٰهِدِينَ",
        "وَلَـٰكِنَّآ أَنشَأْنَا قُرُونًا فَتَطَاوَلَ عَلَيْهِمُ ٱلْعُمُرُ ۚ وَمَا كُنتَ ثَاوِيًا فِىٓ أَهْلِ مَدْيَنَ تَتْلُوا۟ عَلَيْهِمْ ءَايَـٰتِنَا وَلَـٰكِنَّا كُنَّا مُرْسِلِينَ",
        "وَمَا كُنتَ بِجَانِبِ ٱلطُّورِ إِذْ نَادَيْنَا وَلَـٰكِن رَّحْمَةً مِّن رَّبِّكَ لِتُنذِرَ قَوْمًا مَّآ أَتَىٰهُم مِّن نَّذِيرٍ مِّن قَبْلِكَ لَعَلَّهُمْ يَتَذَكَّرُونَ",
        "وَلَوْلَآ أَن تُصِيبَهُم مُّصِيبَةٌۢ بِمَا قَدَّمَتْ أَيْدِيهِمْ فَيَقُولُوا۟ رَبَّنَا لَوْلَآ أَرْسَلْتَ إِلَيْنَا رَسُولًا فَنَتَّبِعَ ءَايَـٰتِكَ وَنَكُونَ مِنَ ٱلْمُؤْمِنِينَ",
        "فَلَمَّا جَآءَهُمُ ٱلْحَقُّ مِنْ عِندِنَا قَالُوا۟ لَوْلَآ أُوتِىَ مِثْلَ مَآ أُوتِىَ مُوسَىٰٓ ۚ أَوَلَمْ يَكْفُرُوا۟ بِمَآ أُوتِىَ مُوسَىٰ مِن قَبْلُ ۖ قَالُوا۟ سِحْرَانِ تَظَـٰهَرَا وَقَالُوٓا۟ إِنَّا بِكُلٍّ كَـٰفِرُونَ",
        "قُلْ فَأْتُوا۟ بِكِتَـٰبٍ مِّنْ عِندِ ٱللَّهِ هُوَ أَهْدَىٰ مِنْهُمَآ أَتَّبِعْهُ إِن كُنتُمْ صَـٰدِقِينَ",
        "فَإِن لَّمْ يَسْتَجِيبُوا۟ لَكَ فَٱعْلَمْ أَنَّمَا يَتَّبِعُونَ أَهْوَآءَهُمْ ۚ وَمَنْ أَضَلُّ مِمَّنِ ٱتَّبَعَ هَوَىٰهُ بِغَيْرِ هُدًى مِّنَ ٱللَّهِ ۚ إِنَّ ٱللَّهَ لَا يَهْدِى ٱلْقَوْمَ ٱلظَّـٰلِمِينَ",
        "۞ وَلَقَدْ وَصَّلْنَا لَهُمُ ٱلْقَوْلَ لَعَلَّهُمْ يَتَذَكَّرُونَ",
        "ٱلَّذِينَ ءَاتَيْنَـٰهُمُ ٱلْكِتَـٰبَ مِن قَبْلِهِۦ هُم بِهِۦ يُؤْمِنُونَ",
        "وَإِذَا يُتْلَىٰ عَلَيْهِمْ قَالُوٓا۟ ءَامَنَّا بِهِۦٓ إِنَّهُ ٱلْحَقُّ مِن رَّبِّنَآ إِنَّا كُنَّا مِن قَبْلِهِۦ مُسْلِمِينَ",
        "أُو۟لَـٰٓئِكَ يُؤْتَوْنَ أَجْرَهُم مَّرَّتَيْنِ بِمَا صَبَرُوا۟ وَيَدْرَءُونَ بِٱلْحَسَنَةِ ٱلسَّيِّئَةَ وَمِمَّا رَزَقْنَـٰهُمْ يُنفِقُونَ",
        "وَإِذَا سَمِعُوا۟ ٱللَّغْوَ أَعْرَضُوا۟ عَنْهُ وَقَالُوا۟ لَنَآ أَعْمَـٰلُنَا وَلَكُمْ أَعْمَـٰلُكُمْ سَلَـٰمٌ عَلَيْكُمْ لَا نَبْتَغِى ٱلْجَـٰهِلِينَ",
        "إِنَّكَ لَا تَهْدِى مَنْ أَحْبَبْتَ وَلَـٰكِنَّ ٱللَّهَ يَهْدِى مَن يَشَآءُ ۚ وَهُوَ أَعْلَمُ بِٱلْمُهْتَدِينَ",
        "وَقَالُوٓا۟ إِن نَّتَّبِعِ ٱلْهُدَىٰ مَعَكَ نُتَخَطَّفْ مِنْ أَرْضِنَآ ۚ أَوَلَمْ نُمَكِّن لَّهُمْ حَرَمًا ءَامِنًا يُجْبَىٰٓ إِلَيْهِ ثَمَرَٰتُ كُلِّ شَىْءٍ رِّزْقًا مِّن لَّدُنَّا وَلَـٰكِنَّ أَكْثَرَهُمْ لَا يَعْلَمُونَ",
        "وَكَمْ أَهْلَكْنَا مِن قَرْيَةٍۭ بَطِرَتْ مَعِيشَتَهَا ۖ فَتِلْكَ مَسَـٰكِنُهُمْ لَمْ تُسْكَن مِّنۢ بَعْدِهِمْ إِلَّا قَلِيلًا ۖ وَكُنَّا نَحْنُ ٱلْوَٰرِثِينَ",
        "وَمَا كَانَ رَبُّكَ مُهْلِكَ ٱلْقُرَىٰ حَتَّىٰ يَبْعَثَ فِىٓ أُمِّهَا رَسُولًا يَتْلُوا۟ عَلَيْهِمْ ءَايَـٰتِنَا ۚ وَمَا كُنَّا مُهْلِكِى ٱلْقُرَىٰٓ إِلَّا وَأَهْلُهَا ظَـٰلِمُونَ",
        "وَمَآ أُوتِيتُم مِّن شَىْءٍ فَمَتَـٰعُ ٱلْحَيَوٰةِ ٱلدُّنْيَا وَزِينَتُهَا ۚ وَمَا عِندَ ٱللَّهِ خَيْرٌ وَأَبْقَىٰٓ ۚ أَفَلَا تَعْقِلُونَ",
        "أَفَمَن وَعَدْنَـٰهُ وَعْدًا حَسَنًا فَهُوَ لَـٰقِيهِ كَمَن مَّتَّعْنَـٰهُ مَتَـٰعَ ٱلْحَيَوٰةِ ٱلدُّنْيَا ثُمَّ هُوَ يَوْمَ ٱلْقِيَـٰمَةِ مِنَ ٱلْمُحْضَرِينَ",
        "وَيَوْمَ يُنَادِيهِمْ فَيَقُولُ أَيْنَ شُرَكَآءِىَ ٱلَّذِينَ كُنتُمْ تَزْعُمُونَ",
        "قَالَ ٱلَّذِينَ حَقَّ عَلَيْهِمُ ٱلْقَوْلُ رَبَّنَا هَـٰٓؤُلَآءِ ٱلَّذِينَ أَغْوَيْنَآ أَغْوَيْنَـٰهُمْ كَمَا غَوَيْنَا ۖ تَبَرَّأْنَآ إِلَيْكَ ۖ مَا كَانُوٓا۟ إِيَّانَا يَعْبُدُونَ",
        "وَقِيلَ ٱدْعُوا۟ شُرَكَآءَكُمْ فَدَعَوْهُمْ فَلَمْ يَسْتَجِيبُوا۟ لَهُمْ وَرَأَوُا۟ ٱلْعَذَابَ ۚ لَوْ أَنَّهُمْ كَانُوا۟ يَهْتَدُونَ",
        "وَيَوْمَ يُنَادِيهِمْ فَيَقُولُ مَاذَآ أَجَبْتُمُ ٱلْمُرْسَلِينَ",
        "فَعَمِيَتْ عَلَيْهِمُ ٱلْأَنۢبَآءُ يَوْمَئِذٍ فَهُمْ لَا يَتَسَآءَلُونَ",
        "فَأَمَّا مَن تَابَ وَءَامَنَ وَعَمِلَ صَـٰلِحًا فَعَسَىٰٓ أَن يَكُونَ مِنَ ٱلْمُفْلِحِينَ",
        "وَرَبُّكَ يَخْلُقُ مَا يَشَآءُ وَيَخْتَارُ ۗ مَا كَانَ لَهُمُ ٱلْخِيَرَةُ ۚ سُبْحَـٰنَ ٱللَّهِ وَتَعَـٰلَىٰ عَمَّا يُشْرِكُونَ",
        "وَرَبُّكَ يَعْلَمُ مَا تُكِنُّ صُدُورُهُمْ وَمَا يُعْلِنُونَ",
        "وَهُوَ ٱللَّهُ لَآ إِلَـٰهَ إِلَّا هُوَ ۖ لَهُ ٱلْحَمْدُ فِى ٱلْأُولَىٰ وَٱلْـَٔاخِرَةِ ۖ وَلَهُ ٱلْحُكْمُ وَإِلَيْهِ تُرْجَعُونَ",
        "قُلْ أَرَءَيْتُمْ إِن جَعَلَ ٱللَّهُ عَلَيْكُمُ ٱلَّيْلَ سَرْمَدًا إِلَىٰ يَوْمِ ٱلْقِيَـٰمَةِ مَنْ إِلَـٰهٌ غَيْرُ ٱللَّهِ يَأْتِيكُم بِضِيَآءٍ ۖ أَفَلَا تَسْمَعُونَ",
        "قُلْ أَرَءَيْتُمْ إِن جَعَلَ ٱللَّهُ عَلَيْكُمُ ٱلنَّهَارَ سَرْمَدًا إِلَىٰ يَوْمِ ٱلْقِيَـٰمَةِ مَنْ إِلَـٰهٌ غَيْرُ ٱللَّهِ يَأْتِيكُم بِلَيْلٍ تَسْكُنُونَ فِيهِ ۖ أَفَلَا تُبْصِرُونَ",
        "وَمِن رَّحْمَتِهِۦ جَعَلَ لَكُمُ ٱلَّيْلَ وَٱلنَّهَارَ لِتَسْكُنُوا۟ فِيهِ وَلِتَبْتَغُوا۟ مِن فَضْلِهِۦ وَلَعَلَّكُمْ تَشْكُرُونَ",
        "وَيَوْمَ يُنَادِيهِمْ فَيَقُولُ أَيْنَ شُرَكَآءِىَ ٱلَّذِينَ كُنتُمْ تَزْعُمُونَ",
        "وَنَزَعْنَا مِن كُلِّ أُمَّةٍ شَهِيدًا فَقُلْنَا هَاتُوا۟ بُرْهَـٰنَكُمْ فَعَلِمُوٓا۟ أَنَّ ٱلْحَقَّ لِلَّهِ وَضَلَّ عَنْهُم مَّا كَانُوا۟ يَفْتَرُونَ",
        "۞ إِنَّ قَـٰرُونَ كَانَ مِن قَوْمِ مُوسَىٰ فَبَغَىٰ عَلَيْهِمْ ۖ وَءَاتَيْنَـٰهُ مِنَ ٱلْكُنُوزِ مَآ إِنَّ مَفَاتِحَهُۥ لَتَنُوٓأُ بِٱلْعُصْبَةِ أُو۟لِى ٱلْقُوَّةِ إِذْ قَالَ لَهُۥ قَوْمُهُۥ لَا تَفْرَحْ ۖ إِنَّ ٱللَّهَ لَا يُحِبُّ ٱلْفَرِحِينَ",
        "وَٱبْتَغِ فِيمَآ ءَاتَىٰكَ ٱللَّهُ ٱلدَّارَ ٱلْـَٔاخِرَةَ ۖ وَلَا تَنسَ نَصِيبَكَ مِنَ ٱلدُّنْيَا ۖ وَأَحْسِن كَمَآ أَحْسَنَ ٱللَّهُ إِلَيْكَ ۖ وَلَا تَبْغِ ٱلْفَسَادَ فِى ٱلْأَرْضِ ۖ إِنَّ ٱللَّهَ لَا يُحِبُّ ٱلْمُفْسِدِينَ",
        "قَالَ إِنَّمَآ أُوتِيتُهُۥ عَلَىٰ عِلْمٍ عِندِىٓ ۚ أَوَلَمْ يَعْلَمْ أَنَّ ٱللَّهَ قَدْ أَهْلَكَ مِن قَبْلِهِۦ مِنَ ٱلْقُرُونِ مَنْ هُوَ أَشَدُّ مِنْهُ قُوَّةً وَأَكْثَرُ جَمْعًا ۚ وَلَا يُسْـَٔلُ عَن ذُنُوبِهِمُ ٱلْمُجْرِمُونَ",
        "فَخَرَجَ عَلَىٰ قَوْمِهِۦ فِى زِينَتِهِۦ ۖ قَالَ ٱلَّذِينَ يُرِيدُونَ ٱلْحَيَوٰةَ ٱلدُّنْيَا يَـٰلَيْتَ لَنَا مِثْلَ مَآ أُوتِىَ قَـٰرُونُ إِنَّهُۥ لَذُو حَظٍّ عَظِيمٍ",
        "وَقَالَ ٱلَّذِينَ أُوتُوا۟ ٱلْعِلْمَ وَيْلَكُمْ ثَوَابُ ٱللَّهِ خَيْرٌ لِّمَنْ ءَامَنَ وَعَمِلَ صَـٰلِحًا وَلَا يُلَقَّىٰهَآ إِلَّا ٱلصَّـٰبِرُونَ",
        "فَخَسَفْنَا بِهِۦ وَبِدَارِهِ ٱلْأَرْضَ فَمَا كَانَ لَهُۥ مِن فِئَةٍ يَنصُرُونَهُۥ مِن دُونِ ٱللَّهِ وَمَا كَانَ مِنَ ٱلْمُنتَصِرِينَ",
        "وَأَصْبَحَ ٱلَّذِينَ تَمَنَّوْا۟ مَكَانَهُۥ بِٱلْأَمْسِ يَقُولُونَ وَيْكَأَنَّ ٱللَّهَ يَبْسُطُ ٱلرِّزْقَ لِمَن يَشَآءُ مِنْ عِبَادِهِۦ وَيَقْدِرُ ۖ لَوْلَآ أَن مَّنَّ ٱللَّهُ عَلَيْنَا لَخَسَفَ بِنَا ۖ وَيْكَأَنَّهُۥ لَا يُفْلِحُ ٱلْكَـٰفِرُونَ",
        "تِلْكَ ٱلدَّارُ ٱلْـَٔاخِرَةُ نَجْعَلُهَا لِلَّذِينَ لَا يُرِيدُونَ عُلُوًّا فِى ٱلْأَرْضِ وَلَا فَسَادًا ۚ وَٱلْعَـٰقِبَةُ لِلْمُتَّقِينَ",
        "مَن جَآءَ بِٱلْحَسَنَةِ فَلَهُۥ خَيْرٌ مِّنْهَا ۖ وَمَن جَآءَ بِٱلسَّيِّئَةِ فَلَا يُجْزَى ٱلَّذِينَ عَمِلُوا۟ ٱلسَّيِّـَٔاتِ إِلَّا مَا كَانُوا۟ يَعْمَلُونَ",
        "إِنَّ ٱلَّذِى فَرَضَ عَلَيْكَ ٱلْقُرْءَانَ لَرَآدُّكَ إِلَىٰ مَعَادٍ ۚ قُل رَّبِّىٓ أَعْلَمُ مَن جَآءَ بِٱلْهُدَىٰ وَمَنْ هُوَ فِى ضَلَـٰلٍ مُّبِينٍ",
        "وَمَا كُنتَ تَرْجُوٓا۟ أَن يُلْقَىٰٓ إِلَيْكَ ٱلْكِتَـٰبُ إِلَّا رَحْمَةً مِّن رَّبِّكَ ۖ فَلَا تَكُونَنَّ ظَهِيرًا لِّلْكَـٰفِرِينَ",
        "وَلَا يَصُدُّنَّكَ عَنْ ءَايَـٰتِ ٱللَّهِ بَعْدَ إِذْ أُنزِلَتْ إِلَيْكَ ۖ وَٱدْعُ إِلَىٰ رَبِّكَ ۖ وَلَا تَكُونَنَّ مِنَ ٱلْمُشْرِكِينَ",
        "وَلَا تَدْعُ مَعَ ٱللَّهِ إِلَـٰهًا ءَاخَرَ ۘ لَآ إِلَـٰهَ إِلَّا هُوَ ۚ كُلُّ شَىْءٍ هَالِكٌ إِلَّا وَجْهَهُۥ ۚ لَهُ ٱلْحُكْمُ وَإِلَيْهِ تُرْجَعُونَ"
    ],
    "arabic2": [
        "طسم",
        "تلك ايات الكتاب المبين",
        "نتلو عليك من نبا موسى وفرعون بالحق لقوم يؤمنون",
        "ان فرعون علا في الارض وجعل اهلها شيعا يستضعف طائفة منهم يذبح ابناءهم ويستحيي نساءهم انه كان من المفسدين",
        "ونريد ان نمن على الذين استضعفوا في الارض ونجعلهم ائمة ونجعلهم الوارثين",
        "ونمكن لهم في الارض ونري فرعون وهامان وجنودهما منهم ما كانوا يحذرون",
        "واوحينا الى ام موسى ان ارضعيه فاذا خفت عليه فالقيه في اليم ولا تخافي ولا تحزني انا رادوه اليك وجاعلوه من المرسلين",
        "فالتقطه ال فرعون ليكون لهم عدوا وحزنا ان فرعون وهامان وجنودهما كانوا خاطئين",
        "وقالت امرات فرعون قرت عين لي ولك لا تقتلوه عسى ان ينفعنا او نتخذه ولدا وهم لا يشعرون",
        "واصبح فؤاد ام موسى فارغا ان كادت لتبدي به لولا ان ربطنا على قلبها لتكون من المؤمنين",
        "وقالت لاخته قصيه فبصرت به عن جنب وهم لا يشعرون",
        "وحرمنا عليه المراضع من قبل فقالت هل ادلكم على اهل بيت يكفلونه لكم وهم له ناصحون",
        "فرددناه الى امه كي تقر عينها ولا تحزن ولتعلم ان وعد الله حق ولكن اكثرهم لا يعلمون",
        "ولما بلغ اشده واستوى اتيناه حكما وعلما وكذلك نجزي المحسنين",
        "ودخل المدينة على حين غفلة من اهلها فوجد فيها رجلين يقتتلان هذا من شيعته وهذا من عدوه فاستغاثه الذي من شيعته على الذي من عدوه فوكزه موسى فقضى عليه قال هذا من عمل الشيطان انه عدو مضل مبين",
        "قال رب اني ظلمت نفسي فاغفر لي فغفر له انه هو الغفور الرحيم",
        "قال رب بما انعمت علي فلن اكون ظهيرا للمجرمين",
        "فاصبح في المدينة خائفا يترقب فاذا الذي استنصره بالامس يستصرخه قال له موسى انك لغوي مبين",
        "فلما ان اراد ان يبطش بالذي هو عدو لهما قال يا موسى اتريد ان تقتلني كما قتلت نفسا بالامس ان تريد الا ان تكون جبارا في الارض وما تريد ان تكون من المصلحين",
        "وجاء رجل من اقصى المدينة يسعى قال يا موسى ان الملا ياتمرون بك ليقتلوك فاخرج اني لك من الناصحين",
        "فخرج منها خائفا يترقب قال رب نجني من القوم الظالمين",
        "ولما توجه تلقاء مدين قال عسى ربي ان يهديني سواء السبيل",
        "ولما ورد ماء مدين وجد عليه امة من الناس يسقون ووجد من دونهم امراتين تذودان قال ما خطبكما قالتا لا نسقي حتى يصدر الرعاء وابونا شيخ كبير",
        "فسقى لهما ثم تولى الى الظل فقال رب اني لما انزلت الي من خير فقير",
        "فجاءته احداهما تمشي على استحياء قالت ان ابي يدعوك ليجزيك اجر ما سقيت لنا فلما جاءه وقص عليه القصص قال لا تخف نجوت من القوم الظالمين",
        "قالت احداهما يا ابت استاجره ان خير من استاجرت القوي الامين",
        "قال اني اريد ان انكحك احدى ابنتي هاتين على ان تاجرني ثماني حجج فان اتممت عشرا فمن عندك وما اريد ان اشق عليك ستجدني ان شاء الله من الصالحين",
        "قال ذلك بيني وبينك ايما الاجلين قضيت فلا عدوان علي والله على ما نقول وكيل",
        "فلما قضى موسى الاجل وسار باهله انس من جانب الطور نارا قال لاهله امكثوا اني انست نارا لعلي اتيكم منها بخبر او جذوة من النار لعلكم تصطلون",
        "فلما اتاها نودي من شاطئ الواد الايمن في البقعة المباركة من الشجرة ان يا موسى اني انا الله رب العالمين",
        "وان الق عصاك فلما راها تهتز كانها جان ولى مدبرا ولم يعقب يا موسى اقبل ولا تخف انك من الامنين",
        "اسلك يدك في جيبك تخرج بيضاء من غير سوء واضمم اليك جناحك من الرهب فذانك برهانان من ربك الى فرعون وملئه انهم كانوا قوما فاسقين",
        "قال رب اني قتلت منهم نفسا فاخاف ان يقتلون",
        "واخي هارون هو افصح مني لسانا فارسله معي ردءا يصدقني اني اخاف ان يكذبون",
        "قال سنشد عضدك باخيك ونجعل لكما سلطانا فلا يصلون اليكما باياتنا انتما ومن اتبعكما الغالبون",
        "فلما جاءهم موسى باياتنا بينات قالوا ما هذا الا سحر مفترى وما سمعنا بهذا في ابائنا الاولين",
        "وقال موسى ربي اعلم بمن جاء بالهدى من عنده ومن تكون له عاقبة الدار انه لا يفلح الظالمون",
        "وقال فرعون يا ايها الملا ما علمت لكم من اله غيري فاوقد لي يا هامان على الطين فاجعل لي صرحا لعلي اطلع الى اله موسى واني لاظنه من الكاذبين",
        "واستكبر هو وجنوده في الارض بغير الحق وظنوا انهم الينا لا يرجعون",
        "فاخذناه وجنوده فنبذناهم في اليم فانظر كيف كان عاقبة الظالمين",
        "وجعلناهم ائمة يدعون الى النار ويوم القيامة لا ينصرون",
        "واتبعناهم في هذه الدنيا لعنة ويوم القيامة هم من المقبوحين",
        "ولقد اتينا موسى الكتاب من بعد ما اهلكنا القرون الاولى بصائر للناس وهدى ورحمة لعلهم يتذكرون",
        "وما كنت بجانب الغربي اذ قضينا الى موسى الامر وما كنت من الشاهدين",
        "ولكنا انشانا قرونا فتطاول عليهم العمر وما كنت ثاويا في اهل مدين تتلو عليهم اياتنا ولكنا كنا مرسلين",
        "وما كنت بجانب الطور اذ نادينا ولكن رحمة من ربك لتنذر قوما ما اتاهم من نذير من قبلك لعلهم يتذكرون",
        "ولولا ان تصيبهم مصيبة بما قدمت ايديهم فيقولوا ربنا لولا ارسلت الينا رسولا فنتبع اياتك ونكون من المؤمنين",
        "فلما جاءهم الحق من عندنا قالوا لولا اوتي مثل ما اوتي موسى اولم يكفروا بما اوتي موسى من قبل قالوا سحران تظاهرا وقالوا انا بكل كافرون",
        "قل فاتوا بكتاب من عند الله هو اهدى منهما اتبعه ان كنتم صادقين",
        "فان لم يستجيبوا لك فاعلم انما يتبعون اهواءهم ومن اضل ممن اتبع هواه بغير هدى من الله ان الله لا يهدي القوم الظالمين",
        "ولقد وصلنا لهم القول لعلهم يتذكرون",
        "الذين اتيناهم الكتاب من قبله هم به يؤمنون",
        "واذا يتلى عليهم قالوا امنا به انه الحق من ربنا انا كنا من قبله مسلمين",
        "اولئك يؤتون اجرهم مرتين بما صبروا ويدرءون بالحسنة السيئة ومما رزقناهم ينفقون",
        "واذا سمعوا اللغو اعرضوا عنه وقالوا لنا اعمالنا ولكم اعمالكم سلام عليكم لا نبتغي الجاهلين",
        "انك لا تهدي من احببت ولكن الله يهدي من يشاء وهو اعلم بالمهتدين",
        "وقالوا ان نتبع الهدى معك نتخطف من ارضنا اولم نمكن لهم حرما امنا يجبى اليه ثمرات كل شيء رزقا من لدنا ولكن اكثرهم لا يعلمون",
        "وكم اهلكنا من قرية بطرت معيشتها فتلك مساكنهم لم تسكن من بعدهم الا قليلا وكنا نحن الوارثين",
        "وما كان ربك مهلك القرى حتى يبعث في امها رسولا يتلو عليهم اياتنا وما كنا مهلكي القرى الا واهلها ظالمون",
        "وما اوتيتم من شيء فمتاع الحياة الدنيا وزينتها وما عند الله خير وابقى افلا تعقلون",
        "افمن وعدناه وعدا حسنا فهو لاقيه كمن متعناه متاع الحياة الدنيا ثم هو يوم القيامة من المحضرين",
        "ويوم يناديهم فيقول اين شركائي الذين كنتم تزعمون",
        "قال الذين حق عليهم القول ربنا هؤلاء الذين اغوينا اغويناهم كما غوينا تبرانا اليك ما كانوا ايانا يعبدون",
        "وقيل ادعوا شركاءكم فدعوهم فلم يستجيبوا لهم وراوا العذاب لو انهم كانوا يهتدون",
        "ويوم يناديهم فيقول ماذا اجبتم المرسلين",
        "فعميت عليهم الانباء يومئذ فهم لا يتساءلون",
        "فاما من تاب وامن وعمل صالحا فعسى ان يكون من المفلحين",
        "وربك يخلق ما يشاء ويختار ما كان لهم الخيرة سبحان الله وتعالى عما يشركون",
        "وربك يعلم ما تكن صدورهم وما يعلنون",
        "وهو الله لا اله الا هو له الحمد في الاولى والاخرة وله الحكم واليه ترجعون",
        "قل ارايتم ان جعل الله عليكم الليل سرمدا الى يوم القيامة من اله غير الله ياتيكم بضياء افلا تسمعون",
        "قل ارايتم ان جعل الله عليكم النهار سرمدا الى يوم القيامة من اله غير الله ياتيكم بليل تسكنون فيه افلا تبصرون",
        "ومن رحمته جعل لكم الليل والنهار لتسكنوا فيه ولتبتغوا من فضله ولعلكم تشكرون",
        "ويوم يناديهم فيقول اين شركائي الذين كنتم تزعمون",
        "ونزعنا من كل امة شهيدا فقلنا هاتوا برهانكم فعلموا ان الحق لله وضل عنهم ما كانوا يفترون",
        "ان قارون كان من قوم موسى فبغى عليهم واتيناه من الكنوز ما ان مفاتحه لتنوء بالعصبة اولي القوة اذ قال له قومه لا تفرح ان الله لا يحب الفرحين",
        "وابتغ فيما اتاك الله الدار الاخرة ولا تنس نصيبك من الدنيا واحسن كما احسن الله اليك ولا تبغ الفساد في الارض ان الله لا يحب المفسدين",
        "قال انما اوتيته على علم عندي اولم يعلم ان الله قد اهلك من قبله من القرون من هو اشد منه قوة واكثر جمعا ولا يسال عن ذنوبهم المجرمون",
        "فخرج على قومه في زينته قال الذين يريدون الحياة الدنيا يا ليت لنا مثل ما اوتي قارون انه لذو حظ عظيم",
        "وقال الذين اوتوا العلم ويلكم ثواب الله خير لمن امن وعمل صالحا ولا يلقاها الا الصابرون",
        "فخسفنا به وبداره الارض فما كان له من فئة ينصرونه من دون الله وما كان من المنتصرين",
        "واصبح الذين تمنوا مكانه بالامس يقولون ويكان الله يبسط الرزق لمن يشاء من عباده ويقدر لولا ان من الله علينا لخسف بنا ويكانه لا يفلح الكافرون",
        "تلك الدار الاخرة نجعلها للذين لا يريدون علوا في الارض ولا فسادا والعاقبة للمتقين",
        "من جاء بالحسنة فله خير منها ومن جاء بالسيئة فلا يجزى الذين عملوا السيئات الا ما كانوا يعملون",
        "ان الذي فرض عليك القران لرادك الى معاد قل ربي اعلم من جاء بالهدى ومن هو في ضلال مبين",
        "وما كنت ترجو ان يلقى اليك الكتاب الا رحمة من ربك فلا تكونن ظهيرا للكافرين",
        "ولا يصدنك عن ايات الله بعد اذ انزلت اليك وادع الى ربك ولا تكونن من المشركين",
        "ولا تدع مع الله الها اخر لا اله الا هو كل شيء هالك الا وجهه له الحكم واليه ترجعون"
    ]
}