{
    "surahName": "Al-Ankaboot",
    "surahNameArabic": "العنكبوت",
    "surahNameArabicLong": "سورة العنكبوت",
    "surahNameTranslation": "The Spider",
    "revelationPlace": "Mecca",
    "totalAyah": 69,
    "surahNo": 29,
    "english": [
        "Alif-Lãm-Mĩm.",
        "Do people think once they say, “We believe,” that they will be left without being put to the test?",
        "We certainly tested those before them. And ˹in this way˺ Allah will clearly distinguish between those who are truthful and those who are liars.",
        "Or do the evildoers ˹simply˺ think that they will escape Us? How wrong is their judgment!",
        "Whoever hopes for the meeting with Allah, ˹let them know that˺ Allah’s appointed time is sure to come. He is the All-Hearing, All-Knowing.",
        "And whoever strives ˹in Allah’s cause˺, only does so for their own good. Surely Allah is not in need of ˹any of˺ His creation.",
        "As for those who believe and do good, We will certainly absolve them of their sins, and reward them according to the best of what they used to do.",
        "We have commanded people to honour their parents. But if they urge you to associate with Me what you have no knowledge of, then do not obey them. To Me you will ˹all˺ return, and then I will inform you of what you used to do.",
        "Those who believe and do good will surely be admitted by Us into ˹the company of˺ the righteous.",
        "There are some who say, “We believe in Allah,” but when they suffer in the cause of Allah, they mistake ˹this˺ persecution at the hands of people for the punishment of Allah. But when victory comes from your Lord, they surely say ˹to the believers˺, “We have always been with you.” Does Allah not know best what is in the hearts of all beings?",
        "Allah will certainly distinguish between those who have ˹sure˺ faith and the hypocrites.",
        "The disbelievers say to the believers, “˹Just˺ follow our way, and we will bear ˹the burden of˺ your sins.” But they would never ˹want to˺ bear any of the believers’ sins. They are simply lying.",
        "Yet they will certainly ˹be made to˺ carry their own burdens, as well as other burdens along with their own. And they will surely be questioned on Judgment Day about what they used to fabricate.",
        "Indeed, We sent Noah to his people, and he remained among them for a thousand years, less fifty. Then the Flood overtook them, while they persisted in wrongdoing.",
        "But We delivered him and those in the Ark, making it a sign for all people.",
        "And ˹remember˺ when Abraham said to his people, “Worship Allah, and fear Him. This is better for you, if only you knew.",
        "You worship besides Allah nothing but idols, simply creating lies ˹about them˺. Those you worship besides Allah certainly cannot give you any provision. So seek provision from Allah ˹alone˺, worship Him, and be grateful to Him. To Him you will ˹all˺ be returned.",
        "If you ˹Meccans˺ persist in denial, so did ˹many˺ communities before you. The Messenger’s duty is only to deliver ˹the message˺ clearly.”",
        "Have they not seen how Allah originates the creation then resurrects it? That is certainly easy for Allah.",
        "Say, ˹O Prophet,˺ “Travel throughout the land and see how He originated the creation, then Allah will bring it into being one more time. Surely Allah is Most Capable of everything.",
        "He punishes whoever He wills, and shows mercy to whoever He wills. And you will ˹all˺ be returned to Him.",
        "And you cannot escape Him on earth or in heaven. Nor have you any protector or helper besides Allah.”",
        "As for those who disbelieve in Allah’s signs and the meeting with Him, it is they who will have no hope in His mercy. And it is they who will suffer a painful punishment.",
        "But the only response of Abraham’s people was to say: “Kill him or burn him!” But Allah saved him from the fire. Surely in this are signs for people who believe.",
        "He said ˹to his people˺, “You have taken idols ˹for worship˺ instead of Allah, only to keep ˹the bond of˺ harmony among yourselves in this worldly life. But on the Day of Judgment you will disown and curse one another. Your home will be the Fire, and you will have no helper!”",
        "So Lot believed in him. And Abraham said, “I am emigrating ˹in obedience˺ to my Lord. He ˹alone˺ is indeed the Almighty, All-Wise.”",
        "We blessed him with Isaac and ˹later˺ Jacob, and reserved prophethood and revelation for his descendants. We gave him his reward in this life, and in the Hereafter he will certainly be among the righteous.",
        "And ˹remember˺ when Lot rebuked ˹the men of˺ his people: “You certainly commit a shameful deed that no man has ever done before you.",
        "Do you really lust after ˹other˺ men, abuse the travellers, and practice immorality ˹openly˺ in your gatherings?” His people’s only response was to say ˹mockingly˺: “Bring Allah’s punishment upon us, if what you say is true.”",
        "Lot prayed, “My Lord! Help me against the people of corruption.”",
        "When Our messenger-angels came to Abraham with the good news ˹of the birth of Isaac˺, they said, “We are going to destroy the people of this city ˹of Sodom˺, for its people have persisted in wrongdoing.”",
        "He said, “But Lot is there!” They responded, “We know best who is there. We will certainly save him and his family—except his wife, who is one of the doomed.”",
        "And when Our messenger-angels came to Lot, he was distressed and worried by their arrival. They reassured ˹him˺, “Do not fear, nor grieve. We will surely deliver you and your family—except your wife, who is one of the doomed.",
        "We are certainly bringing down a punishment from heaven upon the people of this city for their rebelliousness.”",
        "And We did leave ˹some of˺ its ruins as a clear lesson for people of understanding.",
        "And to the people of Midian ˹We sent˺ their brother Shu’aib. He said, “O my people! Worship Allah, and hope for ˹the reward of˺ the Last Day. And do not go about spreading corruption in the land.”",
        "But they rejected him, so an ˹overwhelming˺ earthquake struck them and they fell lifeless in their homes.",
        "And the people of ’Ȃd and Thamûd ˹met a similar fate˺, which must be clear to you ˹Meccans˺ from their ruins. Satan made their ˹evil˺ deeds appealing to them, hindering them from the ˹Right˺ Way, although they were capable of reasoning.",
        "˹We˺ also ˹destroyed˺ Korah, Pharaoh, and Hamân. Indeed, Moses had come to them with clear proofs, but they behaved arrogantly in the land. Yet they could not escape ˹Us˺.",
        "So We seized each ˹people˺ for their sin: against some of them We sent a storm of stones, some were overtaken by a ˹mighty˺ blast, some We caused the earth to swallow, and some We drowned. Allah would not have wronged them, but it was they who wronged themselves.",
        "The parable of those who take protectors other than Allah is that of a spider spinning a shelter. And the flimsiest of all shelters is certainly that of a spider, if only they knew.",
        "Allah surely knows that whatever ˹gods˺ they invoke besides Him are ˹simply˺ nothing. For He is the Almighty, All-Wise.",
        "These are the parables We set forth for humanity, but none will understand them except the people of knowledge.",
        "Allah created the heavens and the earth for a purpose. Surely in this is a sign for the people of faith.",
        "Recite what has been revealed to you of the Book and establish prayer. Indeed, ˹genuine˺ prayer should deter ˹one˺ from indecency and wickedness. The remembrance of Allah is ˹an˺ even greater ˹deterrent˺. And Allah ˹fully˺ knows what you ˹all˺ do.",
        "Do not argue with the People of the Book unless gracefully, except with those of them who act wrongfully. And say, “We believe in what has been revealed to us and what was revealed to you. Our God and your God is ˹only˺ One. And to Him we ˹fully˺ submit.”",
        "Similarly ˹to earlier messengers˺, We have revealed to you a Book ˹O Prophet˺. ˹The faithful of˺ those to whom We gave the Scriptures believe in it, as do some of these ˹pagan Arabs˺. And none denies Our revelations except the ˹stubborn˺ disbelievers.",
        "You ˹O Prophet˺ could not read any writing ˹even˺ before this ˹revelation˺, nor could you write at all. Otherwise, the people of falsehood would have been suspicious.",
        "But this ˹Quran˺ is ˹a set of˺ clear revelations ˹preserved˺ in the hearts of those gifted with knowledge. And none denies Our revelations except the ˹stubborn˺ wrongdoers.",
        "They say, “If only ˹some˺ signs had been sent down to him from his Lord!” Say, ˹O Prophet,˺ “Signs are only with Allah. And I am only sent with a clear warning.”",
        "Is it not enough for them that We have sent down to you the Book, ˹which is˺ recited to them. Surely in this ˹Quran˺ is a mercy and reminder for people who believe.",
        "Say, ˹O Prophet,˺ “Sufficient is Allah as a Witness between me and you. He ˹fully˺ knows whatever is in the heavens and the earth. And those who believe in falsehood and disbelieve in Allah, it is they who are the ˹true˺ losers.”",
        "They challenge you ˹O Prophet˺ to hasten the punishment. Had it not been for a time already set, the punishment would have certainly come to them ˹at once˺. But it will definitely take them by surprise when they least expect it.",
        "They urge you to hasten the punishment. And Hell will certainly encompass the disbelievers",
        "on the Day the punishment will overwhelm them from above them and from below their feet. And it will be said, “Reap what you sowed.”",
        "O My believing servants! My earth is truly spacious, so worship Me ˹alone˺.",
        "Every soul will taste death, then to Us you will ˹all˺ be returned.",
        "˹As for˺ those who believe and do good, We will certainly house them in ˹elevated˺ mansions in Paradise, under which rivers flow, to stay there forever. How excellent is the reward for those who work ˹righteousness!˺—",
        "those who patiently endure, and put their trust in their Lord!",
        "How many are the creatures that cannot secure their provisions! ˹It is˺ Allah ˹Who˺ provides for them and you ˹as well˺. He is indeed the All-Hearing, All-Knowing.",
        "If you ask them ˹O Prophet˺ who created the heavens and the earth and subjected the sun and the moon ˹for your benefit˺, they will certainly say, “Allah!” How can they then be deluded ˹from the truth˺?",
        "Allah gives abundant or limited provisions to whoever He wills of His servants. Surely Allah has ˹full˺ knowledge of everything.",
        "And if you ask them who sends down rain from the sky, giving life to the earth after its death, they will surely say, “Allah!” Say, “Praise be to Allah!” In fact, most of them do not understand.",
        "This worldly life is no more than play and amusement. But the Hereafter is indeed the real life, if only they knew.",
        "If they happen to be aboard a ship ˹caught in a storm˺, they cry out to Allah ˹alone˺ in sincere devotion. But as soon as He delivers them ˹safely˺ to shore, they associate ˹others with Him once again˺.",
        "So let them be ungrateful for all We have given them, and ˹let them˺ enjoy themselves ˹for now˺! For they will soon know.",
        "Have they not seen how We have made ˹Mecca˺ a safe haven, whereas people ˹all˺ around them are snatched away? How can they then believe in falsehood and deny Allah’s favours?",
        "And who does more wrong than those who fabricate lies against Allah or reject the truth after it has reached them? Is Hell not a ˹fitting˺ home for the disbelievers?",
        "As for those who struggle in Our cause, We will surely guide them along Our Way. And Allah is certainly with the good-doers."
    ],
    "arabic1": [
        " الٓمٓ",
        "أَحَسِبَ ٱلنَّاسُ أَن يُتْرَكُوٓا۟ أَن يَقُولُوٓا۟ ءَامَنَّا وَهُمْ لَا يُفْتَنُونَ",
        "وَلَقَدْ فَتَنَّا ٱلَّذِينَ مِن قَبْلِهِمْ ۖ فَلَيَعْلَمَنَّ ٱللَّهُ ٱلَّذِينَ صَدَقُوا۟ وَلَيَعْلَمَنَّ ٱلْكَـٰذِبِينَ",
        "أَمْ حَسِبَ ٱلَّذِينَ يَعْمَلُونَ ٱلسَّيِّـَٔاتِ أَن يَسْبِقُونَا ۚ سَآءَ مَا يَحْكُمُونَ",
        "مَن كَانَ يَرْجُوا۟ لِقَآءَ ٱللَّهِ فَإِنَّ أَجَلَ ٱللَّهِ لَـَٔاتٍ ۚ وَهُوَ ٱلسَّمِيعُ ٱلْعَلِيمُ",
        "وَمَن جَـٰهَدَ فَإِنَّمَا يُجَـٰهِدُ لِنَفْسِهِۦٓ ۚ إِنَّ ٱللَّهَ لَغَنِىٌّ عَنِ ٱلْعَـٰلَمِينَ",
        "وَٱلَّذِينَ ءَامَنُوا۟ وَعَمِلُوا۟ ٱلصَّـٰلِحَـٰتِ لَنُكَفِّرَنَّ عَنْهُمْ سَيِّـَٔاتِهِمْ وَلَنَجْزِيَنَّهُمْ أَحْسَنَ ٱلَّذِى كَانُوا۟ يَعْمَلُونَ",
        "وَوَصَّيْنَا ٱلْإِنسَـٰنَ بِوَٰلِدَيْهِ حُسْنًا ۖ وَإِن جَـٰهَدَاكَ لِتُشْرِكَ بِى مَا لَيْسَ لَكَ بِهِۦ عِلْمٌ فَلَا تُطِعْهُمَآ ۚ إِلَىَّ مَرْجِعُكُمْ فَأُنَبِّئُكُم بِمَا كُنتُمْ تَعْمَلُونَ",
        "وَٱلَّذِينَ ءَامَنُوا۟ وَعَمِلُوا۟ ٱلصَّـٰلِحَـٰتِ لَنُدْخِلَنَّهُمْ فِى ٱلصَّـٰلِحِينَ",
        "وَمِنَ ٱلنَّاسِ مَن يَقُولُ ءَامَنَّا بِٱللَّهِ فَإِذَآ أُوذِىَ فِى ٱللَّهِ جَعَلَ فِتْنَةَ ٱلنَّاسِ كَعَذَابِ ٱللَّهِ وَلَئِن جَآءَ نَصْرٌ مِّن رَّبِّكَ لَيَقُولُنَّ إِنَّا كُنَّا مَعَكُمْ ۚ أَوَلَيْسَ ٱللَّهُ بِأَعْلَمَ بِمَا فِى صُدُورِ ٱلْعَـٰلَمِينَ",
        "وَلَيَعْلَمَنَّ ٱللَّهُ ٱلَّذِينَ ءَامَنُوا۟ وَلَيَعْلَمَنَّ ٱلْمُنَـٰفِقِينَ",
        "وَقَالَ ٱلَّذِينَ كَفَرُوا۟ لِلَّذِينَ ءَامَنُوا۟ ٱتَّبِعُوا۟ سَبِيلَنَا وَلْنَحْمِلْ خَطَـٰيَـٰكُمْ وَمَا هُم بِحَـٰمِلِينَ مِنْ خَطَـٰيَـٰهُم مِّن شَىْءٍ ۖ إِنَّهُمْ لَكَـٰذِبُونَ",
        "وَلَيَحْمِلُنَّ أَثْقَالَهُمْ وَأَثْقَالًا مَّعَ أَثْقَالِهِمْ ۖ وَلَيُسْـَٔلُنَّ يَوْمَ ٱلْقِيَـٰمَةِ عَمَّا كَانُوا۟ يَفْتَرُونَ",
        "وَلَقَدْ أَرْسَلْنَا نُوحًا إِلَىٰ قَوْمِهِۦ فَلَبِثَ فِيهِمْ أَلْفَ سَنَةٍ إِلَّا خَمْسِينَ عَامًا فَأَخَذَهُمُ ٱلطُّوفَانُ وَهُمْ ظَـٰلِمُونَ",
        "فَأَنجَيْنَـٰهُ وَأَصْحَـٰبَ ٱلسَّفِينَةِ وَجَعَلْنَـٰهَآ ءَايَةً لِّلْعَـٰلَمِينَ",
        "وَإِبْرَٰهِيمَ إِذْ قَالَ لِقَوْمِهِ ٱعْبُدُوا۟ ٱللَّهَ وَٱتَّقُوهُ ۖ ذَٰلِكُمْ خَيْرٌ لَّكُمْ إِن كُنتُمْ تَعْلَمُونَ",
        "إِنَّمَا تَعْبُدُونَ مِن دُونِ ٱللَّهِ أَوْثَـٰنًا وَتَخْلُقُونَ إِفْكًا ۚ إِنَّ ٱلَّذِينَ تَعْبُدُونَ مِن دُونِ ٱللَّهِ لَا يَمْلِكُونَ لَكُمْ رِزْقًا فَٱبْتَغُوا۟ عِندَ ٱللَّهِ ٱلرِّزْقَ وَٱعْبُدُوهُ وَٱشْكُرُوا۟ لَهُۥٓ ۖ إِلَيْهِ تُرْجَعُونَ",
        "وَإِن تُكَذِّبُوا۟ فَقَدْ كَذَّبَ أُمَمٌ مِّن قَبْلِكُمْ ۖ وَمَا عَلَى ٱلرَّسُولِ إِلَّا ٱلْبَلَـٰغُ ٱلْمُبِينُ",
        "أَوَلَمْ يَرَوْا۟ كَيْفَ يُبْدِئُ ٱللَّهُ ٱلْخَلْقَ ثُمَّ يُعِيدُهُۥٓ ۚ إِنَّ ذَٰلِكَ عَلَى ٱللَّهِ يَسِيرٌ",
        "قُلْ سِيرُوا۟ فِى ٱلْأَرْضِ فَٱنظُرُوا۟ كَيْفَ بَدَأَ ٱلْخَلْقَ ۚ ثُمَّ ٱللَّهُ يُنشِئُ ٱلنَّشْأَةَ ٱلْـَٔاخِرَةَ ۚ إِنَّ ٱللَّهَ عَلَىٰ كُلِّ شَىْءٍ قَدِيرٌ",
        "يُعَذِّبُ مَن يَشَآءُ وَيَرْحَمُ مَن يَشَآءُ ۖ وَإِلَيْهِ تُقْلَبُونَ",
        "وَمَآ أَنتُم بِمُعْجِزِينَ فِى ٱلْأَرْضِ وَلَا فِى ٱلسَّمَآءِ ۖ وَمَا لَكُم مِّن دُونِ ٱللَّهِ مِن وَلِىٍّ وَلَا نَصِيرٍ",
        "وَٱلَّذِينَ كَفَرُوا۟ بِـَٔايَـٰتِ ٱللَّهِ وَلِقَآئِهِۦٓ أُو۟لَـٰٓئِكَ يَئِسُوا۟ مِن رَّحْمَتِى وَأُو۟لَـٰٓئِكَ لَهُمْ عَذَابٌ أَلِيمٌ",
        "فَمَا كَانَ جَوَابَ قَوْمِهِۦٓ إِلَّآ أَن قَالُوا۟ ٱقْتُلُوهُ أَوْ حَرِّقُوهُ فَأَنجَىٰهُ ٱللَّهُ مِنَ ٱلنَّارِ ۚ إِنَّ فِى ذَٰلِكَ لَـَٔايَـٰتٍ لِّقَوْمٍ يُؤْمِنُونَ",
        "وَقَالَ إِنَّمَا ٱتَّخَذْتُم مِّن دُونِ ٱللَّهِ أَوْثَـٰنًا مَّوَدَّةَ بَيْنِكُمْ فِى ٱلْحَيَوٰةِ ٱلدُّنْيَا ۖ ثُمَّ يَوْمَ ٱلْقِيَـٰمَةِ يَكْفُرُ بَعْضُكُم بِبَعْضٍ وَيَلْعَنُ بَعْضُكُم بَعْضًا وَمَأْوَىٰكُمُ ٱلنَّارُ وَمَا لَكُم مِّن نَّـٰصِرِينَ",
        "۞ فَـَٔامَنَ لَهُۥ لُوطٌ ۘ وَقَالَ إِنِّى مُهَاجِرٌ إِلَىٰ رَبِّىٓ ۖ إِنَّهُۥ هُوَ ٱلْعَزِيزُ ٱلْحَكِيمُ",
        "وَوَهَبْنَا لَهُۥٓ إِسْحَـٰقَ وَيَعْقُوبَ وَجَعَلْنَا فِى ذُرِّيَّتِهِ ٱلنُّبُوَّةَ وَٱلْكِتَـٰبَ وَءَاتَيْنَـٰهُ أَجْرَهُۥ فِى ٱلدُّنْيَا ۖ وَإِنَّهُۥ فِى ٱلْـَٔاخِرَةِ لَمِنَ ٱلصَّـٰلِحِينَ",
        "وَلُوطًا إِذْ قَالَ لِقَوْمِهِۦٓ إِنَّكُمْ لَتَأْتُونَ ٱلْفَـٰحِشَةَ مَا سَبَقَكُم بِهَا مِنْ أَحَدٍ مِّنَ ٱلْعَـٰلَمِينَ",
        "أَئِنَّكُمْ لَتَأْتُونَ ٱلرِّجَالَ وَتَقْطَعُونَ ٱلسَّبِيلَ وَتَأْتُونَ فِى نَادِيكُمُ ٱلْمُنكَرَ ۖ فَمَا كَانَ جَوَابَ قَوْمِهِۦٓ إِلَّآ أَن قَالُوا۟ ٱئْتِنَا بِعَذَابِ ٱللَّهِ إِن كُنتَ مِنَ ٱلصَّـٰدِقِينَ",
        "قَالَ رَبِّ ٱنصُرْنِى عَلَى ٱلْقَوْمِ ٱلْمُفْسِدِينَ",
        "وَلَمَّا جَآءَتْ رُسُلُنَآ إِبْرَٰهِيمَ بِٱلْبُشْرَىٰ قَالُوٓا۟ إِنَّا مُهْلِكُوٓا۟ أَهْلِ هَـٰذِهِ ٱلْقَرْيَةِ ۖ إِنَّ أَهْلَهَا كَانُوا۟ ظَـٰلِمِينَ",
        "قَالَ إِنَّ فِيهَا لُوطًا ۚ قَالُوا۟ نَحْنُ أَعْلَمُ بِمَن فِيهَا ۖ لَنُنَجِّيَنَّهُۥ وَأَهْلَهُۥٓ إِلَّا ٱمْرَأَتَهُۥ كَانَتْ مِنَ ٱلْغَـٰبِرِينَ",
        "وَلَمَّآ أَن جَآءَتْ رُسُلُنَا لُوطًا سِىٓءَ بِهِمْ وَضَاقَ بِهِمْ ذَرْعًا وَقَالُوا۟ لَا تَخَفْ وَلَا تَحْزَنْ ۖ إِنَّا مُنَجُّوكَ وَأَهْلَكَ إِلَّا ٱمْرَأَتَكَ كَانَتْ مِنَ ٱلْغَـٰبِرِينَ",
        "إِنَّا مُنزِلُونَ عَلَىٰٓ أَهْلِ هَـٰذِهِ ٱلْقَرْيَةِ رِجْزًا مِّنَ ٱلسَّمَآءِ بِمَا كَانُوا۟ يَفْسُقُونَ",
        "وَلَقَد تَّرَكْنَا مِنْهَآ ءَايَةًۢ بَيِّنَةً لِّقَوْمٍ يَعْقِلُونَ",
        "وَإِلَىٰ مَدْيَنَ أَخَاهُمْ شُعَيْبًا فَقَالَ يَـٰقَوْمِ ٱعْبُدُوا۟ ٱللَّهَ وَٱرْجُوا۟ ٱلْيَوْمَ ٱلْـَٔاخِرَ وَلَا تَعْثَوْا۟ فِى ٱلْأَرْضِ مُفْسِدِينَ",
        "فَكَذَّبُوهُ فَأَخَذَتْهُمُ ٱلرَّجْفَةُ فَأَصْبَحُوا۟ فِى دَارِهِمْ جَـٰثِمِينَ",
        "وَعَادًا وَثَمُودَا۟ وَقَد تَّبَيَّنَ لَكُم مِّن مَّسَـٰكِنِهِمْ ۖ وَزَيَّنَ لَهُمُ ٱلشَّيْطَـٰنُ أَعْمَـٰلَهُمْ فَصَدَّهُمْ عَنِ ٱلسَّبِيلِ وَكَانُوا۟ مُسْتَبْصِرِينَ",
        "وَقَـٰرُونَ وَفِرْعَوْنَ وَهَـٰمَـٰنَ ۖ وَلَقَدْ جَآءَهُم مُّوسَىٰ بِٱلْبَيِّنَـٰتِ فَٱسْتَكْبَرُوا۟ فِى ٱلْأَرْضِ وَمَا كَانُوا۟ سَـٰبِقِينَ",
        "فَكُلًّا أَخَذْنَا بِذَنۢبِهِۦ ۖ فَمِنْهُم مَّنْ أَرْسَلْنَا عَلَيْهِ حَاصِبًا وَمِنْهُم مَّنْ أَخَذَتْهُ ٱلصَّيْحَةُ وَمِنْهُم مَّنْ خَسَفْنَا بِهِ ٱلْأَرْضَ وَمِنْهُم مَّنْ أَغْرَقْنَا ۚ وَمَا كَانَ ٱللَّهُ لِيَظْلِمَهُمْ وَلَـٰكِن كَانُوٓا۟ أَنفُسَهُمْ يَظْلِمُونَ",
        "مَثَلُ ٱلَّذِينَ ٱتَّخَذُوا۟ مِن دُونِ ٱللَّهِ أَوْلِيَآءَ كَمَثَلِ ٱلْعَنكَبُوتِ ٱتَّخَذَتْ بَيْتًا ۖ وَإِنَّ أَوْهَنَ ٱلْبُيُوتِ لَبَيْتُ ٱلْعَنكَبُوتِ ۖ لَوْ كَانُوا۟ يَعْلَمُونَ",
        "إِنَّ ٱللَّهَ يَعْلَمُ مَا يَدْعُونَ مِن دُونِهِۦ مِن شَىْءٍ ۚ وَهُوَ ٱلْعَزِيزُ ٱلْحَكِيمُ",
        "وَتِلْكَ ٱلْأَمْثَـٰلُ نَضْرِبُهَا لِلنَّاسِ ۖ وَمَا يَعْقِلُهَآ إِلَّا ٱلْعَـٰلِمُونَ",
        "خَلَقَ ٱللَّهُ ٱلسَّمَـٰوَٰتِ وَٱلْأَرْضَ بِٱلْحَقِّ ۚ إِنَّ فِى ذَٰلِكَ لَـَٔايَةً لِّلْمُؤْمِنِينَ",
        "ٱتْلُ مَآ أُوحِىَ إِلَيْكَ مِنَ ٱلْكِتَـٰبِ وَأَقِمِ ٱلصَّلَوٰةَ ۖ إِنَّ ٱلصَّلَوٰةَ تَنْهَىٰ عَنِ ٱلْفَحْشَآءِ وَٱلْمُنكَرِ ۗ وَلَذِكْرُ ٱللَّهِ أَكْبَرُ ۗ وَٱللَّهُ يَعْلَمُ مَا تَصْنَعُونَ",
        "۞ وَلَا تُجَـٰدِلُوٓا۟ أَهْلَ ٱلْكِتَـٰبِ إِلَّا بِٱلَّتِى هِىَ أَحْسَنُ إِلَّا ٱلَّذِينَ ظَلَمُوا۟ مِنْهُمْ ۖ وَقُولُوٓا۟ ءَامَنَّا بِٱلَّذِىٓ أُنزِلَ إِلَيْنَا وَأُنزِلَ إِلَيْكُمْ وَإِلَـٰهُنَا وَإِلَـٰهُكُمْ وَٰحِدٌ وَنَحْنُ لَهُۥ مُسْلِمُونَ",
        "وَكَذَٰلِكَ أَنزَلْنَآ إِلَيْكَ ٱلْكِتَـٰبَ ۚ فَٱلَّذِينَ ءَاتَيْنَـٰهُمُ ٱلْكِتَـٰبَ يُؤْمِنُونَ بِهِۦ ۖ وَمِنْ هَـٰٓؤُلَآءِ مَن يُؤْمِنُ بِهِۦ ۚ وَمَا يَجْحَدُ بِـَٔايَـٰتِنَآ إِلَّا ٱلْكَـٰفِرُونَ",
        "وَمَا كُنتَ تَتْلُوا۟ مِن قَبْلِهِۦ مِن كِتَـٰبٍ وَلَا تَخُطُّهُۥ بِيَمِينِكَ ۖ إِذًا لَّٱرْتَابَ ٱلْمُبْطِلُونَ",
        "بَلْ هُوَ ءَايَـٰتٌۢ بَيِّنَـٰتٌ فِى صُدُورِ ٱلَّذِينَ أُوتُوا۟ ٱلْعِلْمَ ۚ وَمَا يَجْحَدُ بِـَٔايَـٰتِنَآ إِلَّا ٱلظَّـٰلِمُونَ",
        "وَقَالُوا۟ لَوْلَآ أُنزِلَ عَلَيْهِ ءَايَـٰتٌ مِّن رَّبِّهِۦ ۖ قُلْ إِنَّمَا ٱلْـَٔايَـٰتُ عِندَ ٱللَّهِ وَإِنَّمَآ أَنَا۠ نَذِيرٌ مُّبِينٌ",
        "أَوَلَمْ يَكْفِهِمْ أَنَّآ أَنزَلْنَا عَلَيْكَ ٱلْكِتَـٰبَ يُتْلَىٰ عَلَيْهِمْ ۚ إِنَّ فِى ذَٰلِكَ لَرَحْمَةً وَذِكْرَىٰ لِقَوْمٍ يُؤْمِنُونَ",
        "قُلْ كَفَىٰ بِٱللَّهِ بَيْنِى وَبَيْنَكُمْ شَهِيدًا ۖ يَعْلَمُ مَا فِى ٱلسَّمَـٰوَٰتِ وَٱلْأَرْضِ ۗ وَٱلَّذِينَ ءَامَنُوا۟ بِٱلْبَـٰطِلِ وَكَفَرُوا۟ بِٱللَّهِ أُو۟لَـٰٓئِكَ هُمُ ٱلْخَـٰسِرُونَ",
        "وَيَسْتَعْجِلُونَكَ بِٱلْعَذَابِ ۚ وَلَوْلَآ أَجَلٌ مُّسَمًّى لَّجَآءَهُمُ ٱلْعَذَابُ وَلَيَأْتِيَنَّهُم بَغْتَةً وَهُمْ لَا يَشْعُرُونَ",
        "يَسْتَعْجِلُونَكَ بِٱلْعَذَابِ وَإِنَّ جَهَنَّمَ لَمُحِيطَةٌۢ بِٱلْكَـٰفِرِينَ",
        "يَوْمَ يَغْشَىٰهُمُ ٱلْعَذَابُ مِن فَوْقِهِمْ وَمِن تَحْتِ أَرْجُلِهِمْ وَيَقُولُ ذُوقُوا۟ مَا كُنتُمْ تَعْمَلُونَ",
        "يَـٰعِبَادِىَ ٱلَّذِينَ ءَامَنُوٓا۟ إِنَّ أَرْضِى وَٰسِعَةٌ فَإِيَّـٰىَ فَٱعْبُدُونِ",
        "كُلُّ نَفْسٍ ذَآئِقَةُ ٱلْمَوْتِ ۖ ثُمَّ إِلَيْنَا تُرْجَعُونَ",
        "وَٱلَّذِينَ ءَامَنُوا۟ وَعَمِلُوا۟ ٱلصَّـٰلِحَـٰتِ لَنُبَوِّئَنَّهُم مِّنَ ٱلْجَنَّةِ غُرَفًا تَجْرِى مِن تَحْتِهَا ٱلْأَنْهَـٰرُ خَـٰلِدِينَ فِيهَا ۚ نِعْمَ أَجْرُ ٱلْعَـٰمِلِينَ",
        "ٱلَّذِينَ صَبَرُوا۟ وَعَلَىٰ رَبِّهِمْ يَتَوَكَّلُونَ",
        "وَكَأَيِّن مِّن دَآبَّةٍ لَّا تَحْمِلُ رِزْقَهَا ٱللَّهُ يَرْزُقُهَا وَإِيَّاكُمْ ۚ وَهُوَ ٱلسَّمِيعُ ٱلْعَلِيمُ",
        "وَلَئِن سَأَلْتَهُم مَّنْ خَلَقَ ٱلسَّمَـٰوَٰتِ وَٱلْأَرْضَ وَسَخَّرَ ٱلشَّمْسَ وَٱلْقَمَرَ لَيَقُولُنَّ ٱللَّهُ ۖ فَأَنَّىٰ يُؤْفَكُونَ",
        "ٱللَّهُ يَبْسُطُ ٱلرِّزْقَ لِمَن يَشَآءُ مِنْ عِبَادِهِۦ وَيَقْدِرُ لَهُۥٓ ۚ إِنَّ ٱللَّهَ بِكُلِّ شَىْءٍ عَلِيمٌ",
        "وَلَئِن سَأَلْتَهُم مَّن نَّزَّلَ مِنَ ٱلسَّمَآءِ مَآءً فَأَحْيَا بِهِ ٱلْأَرْضَ مِنۢ بَعْدِ مَوْتِهَا لَيَقُولُنَّ ٱللَّهُ ۚ قُلِ ٱلْحَمْدُ لِلَّهِ ۚ بَلْ أَكْثَرُهُمْ لَا يَعْقِلُونَ",
        "وَمَا هَـٰذِهِ ٱلْحَيَوٰةُ ٱلدُّنْيَآ إِلَّا لَهْوٌ وَلَعِبٌ ۚ وَإِنَّ ٱلدَّارَ ٱلْـَٔاخِرَةَ لَهِىَ ٱلْحَيَوَانُ ۚ لَوْ كَانُوا۟ يَعْلَمُونَ",
        "فَإِذَا رَكِبُوا۟ فِى ٱلْفُلْكِ دَعَوُا۟ ٱللَّهَ مُخْلِصِينَ لَهُ ٱلدِّينَ فَلَمَّا نَجَّىٰهُمْ إِلَى ٱلْبَرِّ إِذَا هُمْ يُشْرِكُونَ",
        "لِيَكْفُرُوا۟ بِمَآ ءَاتَيْنَـٰهُمْ وَلِيَتَمَتَّعُوا۟ ۖ فَسَوْفَ يَعْلَمُونَ",
        "أَوَلَمْ يَرَوْا۟ أَنَّا جَعَلْنَا حَرَمًا ءَامِنًا وَيُتَخَطَّفُ ٱلنَّاسُ مِنْ حَوْلِهِمْ ۚ أَفَبِٱلْبَـٰطِلِ يُؤْمِنُونَ وَبِنِعْمَةِ ٱللَّهِ يَكْفُرُونَ",
        "وَمَنْ أَظْلَمُ مِمَّنِ ٱفْتَرَىٰ عَلَى ٱللَّهِ كَذِبًا أَوْ كَذَّبَ بِٱلْحَقِّ لَمَّا جَآءَهُۥٓ ۚ أَلَيْسَ فِى جَهَنَّمَ مَثْوًى لِّلْكَـٰفِرِينَ",
        "وَٱلَّذِينَ جَـٰهَدُوا۟ فِينَا لَنَهْدِيَنَّهُمْ سُبُلَنَا ۚ وَإِنَّ ٱللَّهَ لَمَعَ ٱلْمُحْسِنِينَ"
    ],
    "arabic2": [
        "الم",
        "احسب الناس ان يتركوا ان يقولوا امنا وهم لا يفتنون",
        "ولقد فتنا الذين من قبلهم فليعلمن الله الذين صدقوا وليعلمن الكاذبين",
        "ام حسب الذين يعملون السيئات ان يسبقونا ساء ما يحكمون",
        "من كان يرجو لقاء الله فان اجل الله لات وهو السميع العليم",
        "ومن جاهد فانما يجاهد لنفسه ان الله لغني عن العالمين",
        "والذين امنوا وعملوا الصالحات لنكفرن عنهم سيئاتهم ولنجزينهم احسن الذي كانوا يعملون",
        "ووصينا الانسان بوالديه حسنا وان جاهداك لتشرك بي ما ليس لك به علم فلا تطعهما الي مرجعكم فانبئكم بما كنتم تعملون",
        "والذين امنوا وعملوا الصالحات لندخلنهم في الصالحين",
        "ومن الناس من يقول امنا بالله فاذا اوذي في الله جعل فتنة الناس كعذاب الله ولئن جاء نصر من ربك ليقولن انا كنا معكم اوليس الله باعلم بما في صدور العالمين",
        "وليعلمن الله الذين امنوا وليعلمن المنافقين",
        "وقال الذين كفروا للذين امنوا اتبعوا سبيلنا ولنحمل خطاياكم وما هم بحاملين من خطاياهم من شيء انهم لكاذبون",
        "وليحملن اثقالهم واثقالا مع اثقالهم وليسالن يوم القيامة عما كانوا يفترون",
        "ولقد ارسلنا نوحا الى قومه فلبث فيهم الف سنة الا خمسين عاما فاخذهم الطوفان وهم ظالمون",
        "فانجيناه واصحاب السفينة وجعلناها اية للعالمين",
        "وابراهيم اذ قال لقومه اعبدوا الله واتقوه ذلكم خير لكم ان كنتم تعلمون",
        "انما تعبدون من دون الله اوثانا وتخلقون افكا ان الذين تعبدون من دون الله لا يملكون لكم رزقا فابتغوا عند الله الرزق واعبدوه واشكروا له اليه ترجعون",
        "وان تكذبوا فقد كذب امم من قبلكم وما على الرسول الا البلاغ المبين",
        "اولم يروا كيف يبدئ الله الخلق ثم يعيده ان ذلك على الله يسير",
        "قل سيروا في الارض فانظروا كيف بدا الخلق ثم الله ينشئ النشاة الاخرة ان الله على كل شيء قدير",
        "يعذب من يشاء ويرحم من يشاء واليه تقلبون",
        "وما انتم بمعجزين في الارض ولا في السماء وما لكم من دون الله من ولي ولا نصير",
        "والذين كفروا بايات الله ولقائه اولئك يئسوا من رحمتي واولئك لهم عذاب اليم",
        "فما كان جواب قومه الا ان قالوا اقتلوه او حرقوه فانجاه الله من النار ان في ذلك لايات لقوم يؤمنون",
        "وقال انما اتخذتم من دون الله اوثانا مودة بينكم في الحياة الدنيا ثم يوم القيامة يكفر بعضكم ببعض ويلعن بعضكم بعضا وماواكم النار وما لكم من ناصرين",
        "فامن له لوط وقال اني مهاجر الى ربي انه هو العزيز الحكيم",
        "ووهبنا له اسحاق ويعقوب وجعلنا في ذريته النبوة والكتاب واتيناه اجره في الدنيا وانه في الاخرة لمن الصالحين",
        "ولوطا اذ قال لقومه انكم لتاتون الفاحشة ما سبقكم بها من احد من العالمين",
        "ائنكم لتاتون الرجال وتقطعون السبيل وتاتون في ناديكم المنكر فما كان جواب قومه الا ان قالوا ائتنا بعذاب الله ان كنت من الصادقين",
        "قال رب انصرني على القوم المفسدين",
        "ولما جاءت رسلنا ابراهيم بالبشرى قالوا انا مهلكو اهل هذه القرية ان اهلها كانوا ظالمين",
        "قال ان فيها لوطا قالوا نحن اعلم بمن فيها لننجينه واهله الا امراته كانت من الغابرين",
        "ولما ان جاءت رسلنا لوطا سيء بهم وضاق بهم ذرعا وقالوا لا تخف ولا تحزن انا منجوك واهلك الا امراتك كانت من الغابرين",
        "انا منزلون على اهل هذه القرية رجزا من السماء بما كانوا يفسقون",
        "ولقد تركنا منها اية بينة لقوم يعقلون",
        "والى مدين اخاهم شعيبا فقال يا قوم اعبدوا الله وارجوا اليوم الاخر ولا تعثوا في الارض مفسدين",
        "فكذبوه فاخذتهم الرجفة فاصبحوا في دارهم جاثمين",
        "وعادا وثمود وقد تبين لكم من مساكنهم وزين لهم الشيطان اعمالهم فصدهم عن السبيل وكانوا مستبصرين",
        "وقارون وفرعون وهامان ولقد جاءهم موسى بالبينات فاستكبروا في الارض وما كانوا سابقين",
        "فكلا اخذنا بذنبه فمنهم من ارسلنا عليه حاصبا ومنهم من اخذته الصيحة ومنهم من خسفنا به الارض ومنهم من اغرقنا وما كان الله ليظلمهم ولكن كانوا انفسهم يظلمون",
        "مثل الذين اتخذوا من دون الله اولياء كمثل العنكبوت اتخذت بيتا وان اوهن البيوت لبيت العنكبوت لو كانوا يعلمون",
        "ان الله يعلم ما يدعون من دونه من شيء وهو العزيز الحكيم",
        "وتلك الامثال نضربها للناس وما يعقلها الا العالمون",
        "خلق الله السماوات والارض بالحق ان في ذلك لاية للمؤمنين",
        "اتل ما اوحي اليك من الكتاب واقم الصلاة ان الصلاة تنهى عن الفحشاء والمنكر ولذكر الله اكبر والله يعلم ما تصنعون",
        "ولا تجادلوا اهل الكتاب الا بالتي هي احسن الا الذين ظلموا منهم وقولوا امنا بالذي انزل الينا وانزل اليكم والهنا والهكم واحد ونحن له مسلمون",
        "وكذلك انزلنا اليك الكتاب فالذين اتيناهم الكتاب يؤمنون به ومن هؤلاء من يؤمن به وما يجحد باياتنا الا الكافرون",
        "وما كنت تتلو من قبله من كتاب ولا تخطه بيمينك اذا لارتاب المبطلون",
        "بل هو ايات بينات في صدور الذين اوتوا العلم وما يجحد باياتنا الا الظالمون",
        "وقالوا لولا انزل عليه ايات من ربه قل انما الايات عند الله وانما انا نذير مبين",
        "اولم يكفهم انا انزلنا عليك الكتاب يتلى عليهم ان في ذلك لرحمة وذكرى لقوم يؤمنون",
        "قل كفى بالله بيني وبينكم شهيدا يعلم ما في السماوات والارض والذين امنوا بالباطل وكفروا بالله اولئك هم الخاسرون",
        "ويستعجلونك بالعذاب ولولا اجل مسمى لجاءهم العذاب ولياتينهم بغتة وهم لا يشعرون",
        "يستعجلونك بالعذاب وان جهنم لمحيطة بالكافرين",
        "يوم يغشاهم العذاب من فوقهم ومن تحت ارجلهم ويقول ذوقوا ما كنتم تعملون",
        "يا عبادي الذين امنوا ان ارضي واسعة فاياي فاعبدون",
        "كل نفس ذائقة الموت ثم الينا ترجعون",
        "والذين امنوا وعملوا الصالحات لنبوئنهم من الجنة غرفا تجري من تحتها الانهار خالدين فيها نعم اجر العاملين",
        "الذين صبروا وعلى ربهم يتوكلون",
        "وكاين من دابة لا تحمل رزقها الله يرزقها واياكم وهو السميع العليم",
        "ولئن سالتهم من خلق السماوات والارض وسخر الشمس والقمر ليقولن الله فانى يؤفكون",
        "الله يبسط الرزق لمن يشاء من عباده ويقدر له ان الله بكل شيء عليم",
        "ولئن سالتهم من نزل من السماء ماء فاحيا به الارض من بعد موتها ليقولن الله قل الحمد لله بل اكثرهم لا يعقلون",
        "وما هذه الحياة الدنيا الا لهو ولعب وان الدار الاخرة لهي الحيوان لو كانوا يعلمون",
        "فاذا ركبوا في الفلك دعوا الله مخلصين له الدين فلما نجاهم الى البر اذا هم يشركون",
        "ليكفروا بما اتيناهم وليتمتعوا فسوف يعلمون",
        "اولم يروا انا جعلنا حرما امنا ويتخطف الناس من حولهم افبالباطل يؤمنون وبنعمة الله يكفرون",
        "ومن اظلم ممن افترى على الله كذبا او كذب بالحق لما جاءه اليس في جهنم مثوى للكافرين",
        "والذين جاهدوا فينا لنهدينهم سبلنا وان الله لمع المحسنين"
    ]
}