{
    "surahName": "Ar-Room",
    "surahNameArabic": "الروم",
    "surahNameArabicLong": "سورة الروم",
    "surahNameTranslation": "The Romans",
    "revelationPlace": "Mecca",
    "totalAyah": 60,
    "surahNo": 30,
    "english": [
        "Alif-Lãm-Mĩm.",
        "The Romans have been defeated",
        "in a nearby land. Yet following their defeat, they will triumph",
        "within three to nine years. The ˹whole˺ matter rests with Allah before and after ˹victory˺. And on that day the believers will rejoice",
        "at the victory willed by Allah. He gives victory to whoever He wills. For He is the Almighty, Most Merciful.",
        "˹This is˺ the promise of Allah. ˹And˺ Allah never fails in His promise. But most people do not know.",
        "They ˹only˺ know the worldly affairs of this life, but are ˹totally˺ oblivious to the Hereafter.",
        "Have they not reflected upon their own being? Allah only created the heavens and the earth and everything in between for a purpose and an appointed term. Yet most people are truly in denial of the meeting with their Lord!",
        "Have they not travelled throughout the land to see what was the end of those ˹destroyed˺ before them? They were far superior in might; they cultivated the land and developed it more than these ˹Meccans˺ ever have. Their messengers came to them with clear proofs. Allah would have never wronged them, but it was they who wronged themselves.",
        "Then most evil was the end of the evildoers for denying and mocking the signs of Allah.",
        "It is Allah Who originates the creation, and will resurrect it. And then to Him you will ˹all˺ be returned.",
        "On the Day the Hour will arrive, the wicked will be dumbstruck.",
        "There will be no intercessors for them from among their associate-gods, and they will ˹totally˺ deny their associate-gods.",
        "And on the Day the Hour will arrive, the people will then be split ˹into two groups˺.",
        "As for those who believed and did good, they will be rejoicing in a Garden.",
        "And as for those who disbelieved, and denied Our signs and the meeting ˹with Allah˺ in the Hereafter, they will be confined in punishment.",
        "So glorify Allah in the evening and in the morning—",
        "all praise is for Him in the heavens and the earth—as well as in the afternoon, and at noon.",
        "He brings forth the living from the dead and the dead from the living. And He gives life to the earth after its death. And so will you be brought forth ˹from the grave˺.",
        "One of His signs is that He created you from dust, then—behold!—you are human beings spreading over ˹the earth˺.",
        "And one of His signs is that He created for you spouses from among yourselves so that you may find comfort in them. And He has placed between you compassion and mercy. Surely in this are signs for people who reflect.",
        "And one of His signs is the creation of the heavens and the earth, and the diversity of your languages and colours. Surely in this are signs for those of ˹sound˺ knowledge.",
        "And one of His signs is your sleep by night and by day ˹for rest˺ as well as your seeking His bounty ˹in both˺. Surely in this are signs for people who listen.",
        "And one of His signs is that He shows you lightning, inspiring ˹you with˺ hope and fear. And He sends down rain from the sky, reviving the earth after its death. Surely in this are signs for people who understand.",
        "And one of His signs is that the heavens and the earth persist by His command. Then when He calls you out of the earth just once, you will instantly come forth.",
        "And to Him belong all those in the heavens and the earth—all are subject to His Will.",
        "And He is the One Who originates the creation then will resurrect it—which is even easier for Him. To Him belong the finest attributes in the heavens and the earth. And He is the Almighty, All-Wise.",
        "He sets forth for you an example ˹drawn˺ from your own lives: would you allow some of those ˹bondspeople˺ in your possession to be your equal partners in whatever ˹wealth˺ We have provided you, keeping them in mind as you are mindful of your peers? This is how We make the signs clear for people who understand.",
        "In fact, the wrongdoers merely follow their desires with no knowledge. Who then can guide those Allah has left to stray? They will have no helpers.",
        "So be steadfast in faith in all uprightness ˹O Prophet˺—the natural Way of Allah which He has instilled in ˹all˺ people. Let there be no change in this creation of Allah. That is the Straight Way, but most people do not know.",
        "˹O believers!˺ Always turn to Him ˹in repentance˺, be mindful of Him, and establish prayers. And do not be polytheists—",
        "˹like˺ those who have divided their faith and split into sects, each rejoicing in what they have.",
        "When people are touched with hardship, they cry out to their Lord, turning to Him ˹alone˺. But as soon as He gives them a taste of His mercy, a group of them associates ˹others˺ with their Lord ˹in worship˺",
        "becoming ungrateful for whatever ˹favours˺ We have given them. So enjoy yourselves, for soon you will know.",
        "Or have We sent down to them an authority which attests to what they associate ˹with Him˺?",
        "If We give people a taste of mercy, they become prideful ˹because˺ of it. But if they are afflicted with an evil for what their hands have done, they instantly fall into despair.",
        "Have they not seen that Allah gives abundant or limited provisions to whoever He wills? Surely in this are signs for people who believe.",
        "So give your close relatives their due, as well as the poor and the ˹needy˺ traveller. That is best for those who seek the pleasure of Allah, and it is they who will be successful.",
        "Whatever loans you give, ˹only˺ seeking interest at the expense of people’s wealth will not increase with Allah. But whatever charity you give, ˹only˺ seeking the pleasure of Allah—it is they whose reward will be multiplied.",
        "It is Allah Who created you, then gives you provisions, then will cause you to die, and then will bring you back to life. Can any of your associate-gods do any of this? Glorified and Exalted is He above what they associate with Him ˹in worship˺!",
        "Corruption has spread on land and sea as a result of what people’s hands have done, so that Allah may cause them to taste ˹the consequences of˺ some of their deeds and perhaps they might return ˹to the Right Path˺.",
        "Say, ˹O Prophet,˺ “Travel throughout the land and see what was the end of those ˹destroyed˺ before ˹you˺—most of them were polytheists.”",
        "So be steadfast in the Upright Faith ˹O Prophet˺, before the coming of a Day from Allah that cannot be averted. On that Day the people will be divided:",
        "those who disbelieved will bear ˹the burden of˺ their own disbelief; and those who did good will have prepared for themselves ˹eternal homes˺",
        "so that He may ˹generously˺ reward those who believe and do good, out of His grace. He truly does not like the disbelievers.",
        "And one of His signs is that He sends the winds, ushering in good news ˹of rain˺ so that He may give you a taste of His mercy, and that ships may sail by His command, and that you may seek His bounty, and perhaps you will be grateful.",
        "Indeed, We sent before you ˹O Prophet˺ messengers, each to their own people, and they came to them with clear proofs. Then We inflicted punishment upon those who persisted in wickedness. For it is Our duty to help the believers.",
        "It is Allah Who sends the winds, which then stir up ˹vapour, forming˺ clouds, which He then spreads out in the sky or piles up into masses as He wills, from which you see rain come forth. Then as soon as He causes it to fall on whoever He wills of His servants, they rejoice",
        "although they had utterly lost hope just before it was sent down to them.",
        "See then the impact of Allah’s mercy: how He gives life to the earth after its death! Surely That ˹same God˺ can raise the dead. For He is Most Capable of everything.",
        "Then if We send a ˹harsh˺ wind which they see withering ˹their˺ crops, they will definitely deny ˹old favours˺ right after.",
        "So you ˹O Prophet˺ certainly cannot make the dead hear ˹the truth˺. Nor can you make the deaf hear the call when they turn their backs and walk away.",
        "Nor can you lead the blind out of their misguidance. You can make none hear ˹the truth˺ except those who believe in Our revelations, ˹fully˺ submitting ˹to Allah˺.",
        "It is Allah Who created you in a state of weakness, then developed ˹your˺ weakness into strength, then developed ˹your˺ strength into weakness and old age. He creates whatever He wills. For He is the All-Knowing, Most Capable.",
        "And on the Day the Hour will arrive, the wicked will swear that they did not stay ˹in this world˺ more than an hour. In this way they were always deluded ˹in the world˺.",
        "But those gifted with knowledge and faith will say ˹to them˺, “You did actually stay—as destined by Allah—until the Day of Resurrection. So here is the Day of Resurrection ˹which you denied˺! But you did not know ˹it was true˺.”",
        "So on that Day the wrongdoers’ excuses will not benefit them, nor will they be allowed to appease ˹their Lord˺.",
        "We have certainly set forth every ˹kind of˺ lesson for people in this Quran. And no matter what sign you bring to them ˹O Prophet˺, the disbelievers will definitely say ˹to the believers˺, “You are only a people of falsehood.”",
        "This is how Allah seals the hearts of those unwilling to know ˹the truth˺.",
        "So be patient, for the promise of Allah certainly is true. And do not be disturbed by those who have no sure faith."
    ],
    "arabic1": [
        " الٓمٓ",
        "غُلِبَتِ ٱلرُّومُ",
        "فِىٓ أَدْنَى ٱلْأَرْضِ وَهُم مِّنۢ بَعْدِ غَلَبِهِمْ سَيَغْلِبُونَ",
        "فِى بِضْعِ سِنِينَ ۗ لِلَّهِ ٱلْأَمْرُ مِن قَبْلُ وَمِنۢ بَعْدُ ۚ وَيَوْمَئِذٍ يَفْرَحُ ٱلْمُؤْمِنُونَ",
        "بِنَصْرِ ٱللَّهِ ۚ يَنصُرُ مَن يَشَآءُ ۖ وَهُوَ ٱلْعَزِيزُ ٱلرَّحِيمُ",
        "وَعْدَ ٱللَّهِ ۖ لَا يُخْلِفُ ٱللَّهُ وَعْدَهُۥ وَلَـٰكِنَّ أَكْثَرَ ٱلنَّاسِ لَا يَعْلَمُونَ",
        "يَعْلَمُونَ ظَـٰهِرًا مِّنَ ٱلْحَيَوٰةِ ٱلدُّنْيَا وَهُمْ عَنِ ٱلْـَٔاخِرَةِ هُمْ غَـٰفِلُونَ",
        "أَوَلَمْ يَتَفَكَّرُوا۟ فِىٓ أَنفُسِهِم ۗ مَّا خَلَقَ ٱللَّهُ ٱلسَّمَـٰوَٰتِ وَٱلْأَرْضَ وَمَا بَيْنَهُمَآ إِلَّا بِٱلْحَقِّ وَأَجَلٍ مُّسَمًّى ۗ وَإِنَّ كَثِيرًا مِّنَ ٱلنَّاسِ بِلِقَآئِ رَبِّهِمْ لَكَـٰفِرُونَ",
        "أَوَلَمْ يَسِيرُوا۟ فِى ٱلْأَرْضِ فَيَنظُرُوا۟ كَيْفَ كَانَ عَـٰقِبَةُ ٱلَّذِينَ مِن قَبْلِهِمْ ۚ كَانُوٓا۟ أَشَدَّ مِنْهُمْ قُوَّةً وَأَثَارُوا۟ ٱلْأَرْضَ وَعَمَرُوهَآ أَكْثَرَ مِمَّا عَمَرُوهَا وَجَآءَتْهُمْ رُسُلُهُم بِٱلْبَيِّنَـٰتِ ۖ فَمَا كَانَ ٱللَّهُ لِيَظْلِمَهُمْ وَلَـٰكِن كَانُوٓا۟ أَنفُسَهُمْ يَظْلِمُونَ",
        "ثُمَّ كَانَ عَـٰقِبَةَ ٱلَّذِينَ أَسَـٰٓـُٔوا۟ ٱلسُّوٓأَىٰٓ أَن كَذَّبُوا۟ بِـَٔايَـٰتِ ٱللَّهِ وَكَانُوا۟ بِهَا يَسْتَهْزِءُونَ",
        "ٱللَّهُ يَبْدَؤُا۟ ٱلْخَلْقَ ثُمَّ يُعِيدُهُۥ ثُمَّ إِلَيْهِ تُرْجَعُونَ",
        "وَيَوْمَ تَقُومُ ٱلسَّاعَةُ يُبْلِسُ ٱلْمُجْرِمُونَ",
        "وَلَمْ يَكُن لَّهُم مِّن شُرَكَآئِهِمْ شُفَعَـٰٓؤُا۟ وَكَانُوا۟ بِشُرَكَآئِهِمْ كَـٰفِرِينَ",
        "وَيَوْمَ تَقُومُ ٱلسَّاعَةُ يَوْمَئِذٍ يَتَفَرَّقُونَ",
        "فَأَمَّا ٱلَّذِينَ ءَامَنُوا۟ وَعَمِلُوا۟ ٱلصَّـٰلِحَـٰتِ فَهُمْ فِى رَوْضَةٍ يُحْبَرُونَ",
        "وَأَمَّا ٱلَّذِينَ كَفَرُوا۟ وَكَذَّبُوا۟ بِـَٔايَـٰتِنَا وَلِقَآئِ ٱلْـَٔاخِرَةِ فَأُو۟لَـٰٓئِكَ فِى ٱلْعَذَابِ مُحْضَرُونَ",
        "فَسُبْحَـٰنَ ٱللَّهِ حِينَ تُمْسُونَ وَحِينَ تُصْبِحُونَ",
        "وَلَهُ ٱلْحَمْدُ فِى ٱلسَّمَـٰوَٰتِ وَٱلْأَرْضِ وَعَشِيًّا وَحِينَ تُظْهِرُونَ",
        "يُخْرِجُ ٱلْحَىَّ مِنَ ٱلْمَيِّتِ وَيُخْرِجُ ٱلْمَيِّتَ مِنَ ٱلْحَىِّ وَيُحْىِ ٱلْأَرْضَ بَعْدَ مَوْتِهَا ۚ وَكَذَٰلِكَ تُخْرَجُونَ",
        "وَمِنْ ءَايَـٰتِهِۦٓ أَنْ خَلَقَكُم مِّن تُرَابٍ ثُمَّ إِذَآ أَنتُم بَشَرٌ تَنتَشِرُونَ",
        "وَمِنْ ءَايَـٰتِهِۦٓ أَنْ خَلَقَ لَكُم مِّنْ أَنفُسِكُمْ أَزْوَٰجًا لِّتَسْكُنُوٓا۟ إِلَيْهَا وَجَعَلَ بَيْنَكُم مَّوَدَّةً وَرَحْمَةً ۚ إِنَّ فِى ذَٰلِكَ لَـَٔايَـٰتٍ لِّقَوْمٍ يَتَفَكَّرُونَ",
        "وَمِنْ ءَايَـٰتِهِۦ خَلْقُ ٱلسَّمَـٰوَٰتِ وَٱلْأَرْضِ وَٱخْتِلَـٰفُ أَلْسِنَتِكُمْ وَأَلْوَٰنِكُمْ ۚ إِنَّ فِى ذَٰلِكَ لَـَٔايَـٰتٍ لِّلْعَـٰلِمِينَ",
        "وَمِنْ ءَايَـٰتِهِۦ مَنَامُكُم بِٱلَّيْلِ وَٱلنَّهَارِ وَٱبْتِغَآؤُكُم مِّن فَضْلِهِۦٓ ۚ إِنَّ فِى ذَٰلِكَ لَـَٔايَـٰتٍ لِّقَوْمٍ يَسْمَعُونَ",
        "وَمِنْ ءَايَـٰتِهِۦ يُرِيكُمُ ٱلْبَرْقَ خَوْفًا وَطَمَعًا وَيُنَزِّلُ مِنَ ٱلسَّمَآءِ مَآءً فَيُحْىِۦ بِهِ ٱلْأَرْضَ بَعْدَ مَوْتِهَآ ۚ إِنَّ فِى ذَٰلِكَ لَـَٔايَـٰتٍ لِّقَوْمٍ يَعْقِلُونَ",
        "وَمِنْ ءَايَـٰتِهِۦٓ أَن تَقُومَ ٱلسَّمَآءُ وَٱلْأَرْضُ بِأَمْرِهِۦ ۚ ثُمَّ إِذَا دَعَاكُمْ دَعْوَةً مِّنَ ٱلْأَرْضِ إِذَآ أَنتُمْ تَخْرُجُونَ",
        "وَلَهُۥ مَن فِى ٱلسَّمَـٰوَٰتِ وَٱلْأَرْضِ ۖ كُلٌّ لَّهُۥ قَـٰنِتُونَ",
        "وَهُوَ ٱلَّذِى يَبْدَؤُا۟ ٱلْخَلْقَ ثُمَّ يُعِيدُهُۥ وَهُوَ أَهْوَنُ عَلَيْهِ ۚ وَلَهُ ٱلْمَثَلُ ٱلْأَعْلَىٰ فِى ٱلسَّمَـٰوَٰتِ وَٱلْأَرْضِ ۚ وَهُوَ ٱلْعَزِيزُ ٱلْحَكِيمُ",
        "ضَرَبَ لَكُم مَّثَلًا مِّنْ أَنفُسِكُمْ ۖ هَل لَّكُم مِّن مَّا مَلَكَتْ أَيْمَـٰنُكُم مِّن شُرَكَآءَ فِى مَا رَزَقْنَـٰكُمْ فَأَنتُمْ فِيهِ سَوَآءٌ تَخَافُونَهُمْ كَخِيفَتِكُمْ أَنفُسَكُمْ ۚ كَذَٰلِكَ نُفَصِّلُ ٱلْـَٔايَـٰتِ لِقَوْمٍ يَعْقِلُونَ",
        "بَلِ ٱتَّبَعَ ٱلَّذِينَ ظَلَمُوٓا۟ أَهْوَآءَهُم بِغَيْرِ عِلْمٍ ۖ فَمَن يَهْدِى مَنْ أَضَلَّ ٱللَّهُ ۖ وَمَا لَهُم مِّن نَّـٰصِرِينَ",
        "فَأَقِمْ وَجْهَكَ لِلدِّينِ حَنِيفًا ۚ فِطْرَتَ ٱللَّهِ ٱلَّتِى فَطَرَ ٱلنَّاسَ عَلَيْهَا ۚ لَا تَبْدِيلَ لِخَلْقِ ٱللَّهِ ۚ ذَٰلِكَ ٱلدِّينُ ٱلْقَيِّمُ وَلَـٰكِنَّ أَكْثَرَ ٱلنَّاسِ لَا يَعْلَمُونَ",
        "۞ مُنِيبِينَ إِلَيْهِ وَٱتَّقُوهُ وَأَقِيمُوا۟ ٱلصَّلَوٰةَ وَلَا تَكُونُوا۟ مِنَ ٱلْمُشْرِكِينَ",
        "مِنَ ٱلَّذِينَ فَرَّقُوا۟ دِينَهُمْ وَكَانُوا۟ شِيَعًا ۖ كُلُّ حِزْبٍۭ بِمَا لَدَيْهِمْ فَرِحُونَ",
        "وَإِذَا مَسَّ ٱلنَّاسَ ضُرٌّ دَعَوْا۟ رَبَّهُم مُّنِيبِينَ إِلَيْهِ ثُمَّ إِذَآ أَذَاقَهُم مِّنْهُ رَحْمَةً إِذَا فَرِيقٌ مِّنْهُم بِرَبِّهِمْ يُشْرِكُونَ",
        "لِيَكْفُرُوا۟ بِمَآ ءَاتَيْنَـٰهُمْ ۚ فَتَمَتَّعُوا۟ فَسَوْفَ تَعْلَمُونَ",
        "أَمْ أَنزَلْنَا عَلَيْهِمْ سُلْطَـٰنًا فَهُوَ يَتَكَلَّمُ بِمَا كَانُوا۟ بِهِۦ يُشْرِكُونَ",
        "وَإِذَآ أَذَقْنَا ٱلنَّاسَ رَحْمَةً فَرِحُوا۟ بِهَا ۖ وَإِن تُصِبْهُمْ سَيِّئَةٌۢ بِمَا قَدَّمَتْ أَيْدِيهِمْ إِذَا هُمْ يَقْنَطُونَ",
        "أَوَلَمْ يَرَوْا۟ أَنَّ ٱللَّهَ يَبْسُطُ ٱلرِّزْقَ لِمَن يَشَآءُ وَيَقْدِرُ ۚ إِنَّ فِى ذَٰلِكَ لَـَٔايَـٰتٍ لِّقَوْمٍ يُؤْمِنُونَ",
        "فَـَٔاتِ ذَا ٱلْقُرْبَىٰ حَقَّهُۥ وَٱلْمِسْكِينَ وَٱبْنَ ٱلسَّبِيلِ ۚ ذَٰلِكَ خَيْرٌ لِّلَّذِينَ يُرِيدُونَ وَجْهَ ٱللَّهِ ۖ وَأُو۟لَـٰٓئِكَ هُمُ ٱلْمُفْلِحُونَ",
        "وَمَآ ءَاتَيْتُم مِّن رِّبًا لِّيَرْبُوَا۟ فِىٓ أَمْوَٰلِ ٱلنَّاسِ فَلَا يَرْبُوا۟ عِندَ ٱللَّهِ ۖ وَمَآ ءَاتَيْتُم مِّن زَكَوٰةٍ تُرِيدُونَ وَجْهَ ٱللَّهِ فَأُو۟لَـٰٓئِكَ هُمُ ٱلْمُضْعِفُونَ",
        "ٱللَّهُ ٱلَّذِى خَلَقَكُمْ ثُمَّ رَزَقَكُمْ ثُمَّ يُمِيتُكُمْ ثُمَّ يُحْيِيكُمْ ۖ هَلْ مِن شُرَكَآئِكُم مَّن يَفْعَلُ مِن ذَٰلِكُم مِّن شَىْءٍ ۚ سُبْحَـٰنَهُۥ وَتَعَـٰلَىٰ عَمَّا يُشْرِكُونَ",
        "ظَهَرَ ٱلْفَسَادُ فِى ٱلْبَرِّ وَٱلْبَحْرِ بِمَا كَسَبَتْ أَيْدِى ٱلنَّاسِ لِيُذِيقَهُم بَعْضَ ٱلَّذِى عَمِلُوا۟ لَعَلَّهُمْ يَرْجِعُونَ",
        "قُلْ سِيرُوا۟ فِى ٱلْأَرْضِ فَٱنظُرُوا۟ كَيْفَ كَانَ عَـٰقِبَةُ ٱلَّذِينَ مِن قَبْلُ ۚ كَانَ أَكْثَرُهُم مُّشْرِكِينَ",
        "فَأَقِمْ وَجْهَكَ لِلدِّينِ ٱلْقَيِّمِ مِن قَبْلِ أَن يَأْتِىَ يَوْمٌ لَّا مَرَدَّ لَهُۥ مِنَ ٱللَّهِ ۖ يَوْمَئِذٍ يَصَّدَّعُونَ",
        "مَن كَفَرَ فَعَلَيْهِ كُفْرُهُۥ ۖ وَمَنْ عَمِلَ صَـٰلِحًا فَلِأَنفُسِهِمْ يَمْهَدُونَ",
        "لِيَجْزِىَ ٱلَّذِينَ ءَامَنُوا۟ وَعَمِلُوا۟ ٱلصَّـٰلِحَـٰتِ مِن فَضْلِهِۦٓ ۚ إِنَّهُۥ لَا يُحِبُّ ٱلْكَـٰفِرِينَ",
        "وَمِنْ ءَايَـٰتِهِۦٓ أَن يُرْسِلَ ٱلرِّيَاحَ مُبَشِّرَٰتٍ وَلِيُذِيقَكُم مِّن رَّحْمَتِهِۦ وَلِتَجْرِىَ ٱلْفُلْكُ بِأَمْرِهِۦ وَلِتَبْتَغُوا۟ مِن فَضْلِهِۦ وَلَعَلَّكُمْ تَشْكُرُونَ",
        "وَلَقَدْ أَرْسَلْنَا مِن قَبْلِكَ رُسُلًا إِلَىٰ قَوْمِهِمْ فَجَآءُوهُم بِٱلْبَيِّنَـٰتِ فَٱنتَقَمْنَا مِنَ ٱلَّذِينَ أَجْرَمُوا۟ ۖ وَكَانَ حَقًّا عَلَيْنَا نَصْرُ ٱلْمُؤْمِنِينَ",
        "ٱللَّهُ ٱلَّذِى يُرْسِلُ ٱلرِّيَـٰحَ فَتُثِيرُ سَحَابًا فَيَبْسُطُهُۥ فِى ٱلسَّمَآءِ كَيْفَ يَشَآءُ وَيَجْعَلُهُۥ كِسَفًا فَتَرَى ٱلْوَدْقَ يَخْرُجُ مِنْ خِلَـٰلِهِۦ ۖ فَإِذَآ أَصَابَ بِهِۦ مَن يَشَآءُ مِنْ عِبَادِهِۦٓ إِذَا هُمْ يَسْتَبْشِرُونَ",
        "وَإِن كَانُوا۟ مِن قَبْلِ أَن يُنَزَّلَ عَلَيْهِم مِّن قَبْلِهِۦ لَمُبْلِسِينَ",
        "فَٱنظُرْ إِلَىٰٓ ءَاثَـٰرِ رَحْمَتِ ٱللَّهِ كَيْفَ يُحْىِ ٱلْأَرْضَ بَعْدَ مَوْتِهَآ ۚ إِنَّ ذَٰلِكَ لَمُحْىِ ٱلْمَوْتَىٰ ۖ وَهُوَ عَلَىٰ كُلِّ شَىْءٍ قَدِيرٌ",
        "وَلَئِنْ أَرْسَلْنَا رِيحًا فَرَأَوْهُ مُصْفَرًّا لَّظَلُّوا۟ مِنۢ بَعْدِهِۦ يَكْفُرُونَ",
        "فَإِنَّكَ لَا تُسْمِعُ ٱلْمَوْتَىٰ وَلَا تُسْمِعُ ٱلصُّمَّ ٱلدُّعَآءَ إِذَا وَلَّوْا۟ مُدْبِرِينَ",
        "وَمَآ أَنتَ بِهَـٰدِ ٱلْعُمْىِ عَن ضَلَـٰلَتِهِمْ ۖ إِن تُسْمِعُ إِلَّا مَن يُؤْمِنُ بِـَٔايَـٰتِنَا فَهُم مُّسْلِمُونَ",
        "۞ ٱللَّهُ ٱلَّذِى خَلَقَكُم مِّن ضَعْفٍ ثُمَّ جَعَلَ مِنۢ بَعْدِ ضَعْفٍ قُوَّةً ثُمَّ جَعَلَ مِنۢ بَعْدِ قُوَّةٍ ضَعْفًا وَشَيْبَةً ۚ يَخْلُقُ مَا يَشَآءُ ۖ وَهُوَ ٱلْعَلِيمُ ٱلْقَدِيرُ",
        "وَيَوْمَ تَقُومُ ٱلسَّاعَةُ يُقْسِمُ ٱلْمُجْرِمُونَ مَا لَبِثُوا۟ غَيْرَ سَاعَةٍ ۚ كَذَٰلِكَ كَانُوا۟ يُؤْفَكُونَ",
        "وَقَالَ ٱلَّذِينَ أُوتُوا۟ ٱلْعِلْمَ وَٱلْإِيمَـٰنَ لَقَدْ لَبِثْتُمْ فِى كِتَـٰبِ ٱللَّهِ إِلَىٰ يَوْمِ ٱلْبَعْثِ ۖ فَهَـٰذَا يَوْمُ ٱلْبَعْثِ وَلَـٰكِنَّكُمْ كُنتُمْ لَا تَعْلَمُونَ",
        "فَيَوْمَئِذٍ لَّا يَنفَعُ ٱلَّذِينَ ظَلَمُوا۟ مَعْذِرَتُهُمْ وَلَا هُمْ يُسْتَعْتَبُونَ",
        "وَلَقَدْ ضَرَبْنَا لِلنَّاسِ فِى هَـٰذَا ٱلْقُرْءَانِ مِن كُلِّ مَثَلٍ ۚ وَلَئِن جِئْتَهُم بِـَٔايَةٍ لَّيَقُولَنَّ ٱلَّذِينَ كَفَرُوٓا۟ إِنْ أَنتُمْ إِلَّا مُبْطِلُونَ",
        "كَذَٰلِكَ يَطْبَعُ ٱللَّهُ عَلَىٰ قُلُوبِ ٱلَّذِينَ لَا يَعْلَمُونَ",
        "فَٱصْبِرْ إِنَّ وَعْدَ ٱللَّهِ حَقٌّ ۖ وَلَا يَسْتَخِفَّنَّكَ ٱلَّذِينَ لَا يُوقِنُونَ"
    ],
    "arabic2": [
        "الم",
        "غلبت الروم",
        "في ادنى الارض وهم من بعد غلبهم سيغلبون",
        "في بضع سنين لله الامر من قبل ومن بعد ويومئذ يفرح المؤمنون",
        "بنصر الله ينصر من يشاء وهو العزيز الرحيم",
        "وعد الله لا يخلف الله وعده ولكن اكثر الناس لا يعلمون",
        "يعلمون ظاهرا من الحياة الدنيا وهم عن الاخرة هم غافلون",
        "اولم يتفكروا في انفسهم ما خلق الله السماوات والارض وما بينهما الا بالحق واجل مسمى وان كثيرا من الناس بلقاء ربهم لكافرون",
        "اولم يسيروا في الارض فينظروا كيف كان عاقبة الذين من قبلهم كانوا اشد منهم قوة واثاروا الارض وعمروها اكثر مما عمروها وجاءتهم رسلهم بالبينات فما كان الله ليظلمهم ولكن كانوا انفسهم يظلمون",
        "ثم كان عاقبة الذين اساءوا السواى ان كذبوا بايات الله وكانوا بها يستهزئون",
        "الله يبدا الخلق ثم يعيده ثم اليه ترجعون",
        "ويوم تقوم الساعة يبلس المجرمون",
        "ولم يكن لهم من شركائهم شفعاء وكانوا بشركائهم كافرين",
        "ويوم تقوم الساعة يومئذ يتفرقون",
        "فاما الذين امنوا وعملوا الصالحات فهم في روضة يحبرون",
        "واما الذين كفروا وكذبوا باياتنا ولقاء الاخرة فاولئك في العذاب محضرون",
        "فسبحان الله حين تمسون وحين تصبحون",
        "وله الحمد في السماوات والارض وعشيا وحين تظهرون",
        "يخرج الحي من الميت ويخرج الميت من الحي ويحيي الارض بعد موتها وكذلك تخرجون",
        "ومن اياته ان خلقكم من تراب ثم اذا انتم بشر تنتشرون",
        "ومن اياته ان خلق لكم من انفسكم ازواجا لتسكنوا اليها وجعل بينكم مودة ورحمة ان في ذلك لايات لقوم يتفكرون",
        "ومن اياته خلق السماوات والارض واختلاف السنتكم والوانكم ان في ذلك لايات للعالمين",
        "ومن اياته منامكم بالليل والنهار وابتغاؤكم من فضله ان في ذلك لايات لقوم يسمعون",
        "ومن اياته يريكم البرق خوفا وطمعا وينزل من السماء ماء فيحيي به الارض بعد موتها ان في ذلك لايات لقوم يعقلون",
        "ومن اياته ان تقوم السماء والارض بامره ثم اذا دعاكم دعوة من الارض اذا انتم تخرجون",
        "وله من في السماوات والارض كل له قانتون",
        "وهو الذي يبدا الخلق ثم يعيده وهو اهون عليه وله المثل الاعلى في السماوات والارض وهو العزيز الحكيم",
        "ضرب لكم مثلا من انفسكم هل لكم من ما ملكت ايمانكم من شركاء في ما رزقناكم فانتم فيه سواء تخافونهم كخيفتكم انفسكم كذلك نفصل الايات لقوم يعقلون",
        "بل اتبع الذين ظلموا اهواءهم بغير علم فمن يهدي من اضل الله وما لهم من ناصرين",
        "فاقم وجهك للدين حنيفا فطرت الله التي فطر الناس عليها لا تبديل لخلق الله ذلك الدين القيم ولكن اكثر الناس لا يعلمون",
        "منيبين اليه واتقوه واقيموا الصلاة ولا تكونوا من المشركين",
        "من الذين فرقوا دينهم وكانوا شيعا كل حزب بما لديهم فرحون",
        "واذا مس الناس ضر دعوا ربهم منيبين اليه ثم اذا اذاقهم منه رحمة اذا فريق منهم بربهم يشركون",
        "ليكفروا بما اتيناهم فتمتعوا فسوف تعلمون",
        "ام انزلنا عليهم سلطانا فهو يتكلم بما كانوا به يشركون",
        "واذا اذقنا الناس رحمة فرحوا بها وان تصبهم سيئة بما قدمت ايديهم اذا هم يقنطون",
        "اولم يروا ان الله يبسط الرزق لمن يشاء ويقدر ان في ذلك لايات لقوم يؤمنون",
        "فات ذا القربى حقه والمسكين وابن السبيل ذلك خير للذين يريدون وجه الله واولئك هم المفلحون",
        "وما اتيتم من ربا ليربو في اموال الناس فلا يربو عند الله وما اتيتم من زكاة تريدون وجه الله فاولئك هم المضعفون",
        "الله الذي خلقكم ثم رزقكم ثم يميتكم ثم يحييكم هل من شركائكم من يفعل من ذلكم من شيء سبحانه وتعالى عما يشركون",
        "ظهر الفساد في البر والبحر بما كسبت ايدي الناس ليذيقهم بعض الذي عملوا لعلهم يرجعون",
        "قل سيروا في الارض فانظروا كيف كان عاقبة الذين من قبل كان اكثرهم مشركين",
        "فاقم وجهك للدين القيم من قبل ان ياتي يوم لا مرد له من الله يومئذ يصدعون",
        "من كفر فعليه كفره ومن عمل صالحا فلانفسهم يمهدون",
        "ليجزي الذين امنوا وعملوا الصالحات من فضله انه لا يحب الكافرين",
        "ومن اياته ان يرسل الرياح مبشرات وليذيقكم من رحمته ولتجري الفلك بامره ولتبتغوا من فضله ولعلكم تشكرون",
        "ولقد ارسلنا من قبلك رسلا الى قومهم فجاءوهم بالبينات فانتقمنا من الذين اجرموا وكان حقا علينا نصر المؤمنين",
        "الله الذي يرسل الرياح فتثير سحابا فيبسطه في السماء كيف يشاء ويجعله كسفا فترى الودق يخرج من خلاله فاذا اصاب به من يشاء من عباده اذا هم يستبشرون",
        "وان كانوا من قبل ان ينزل عليهم من قبله لمبلسين",
        "فانظر الى اثار رحمت الله كيف يحيي الارض بعد موتها ان ذلك لمحيي الموتى وهو على كل شيء قدير",
        "ولئن ارسلنا ريحا فراوه مصفرا لظلوا من بعده يكفرون",
        "فانك لا تسمع الموتى ولا تسمع الصم الدعاء اذا ولوا مدبرين",
        "وما انت بهاد العمي عن ضلالتهم ان تسمع الا من يؤمن باياتنا فهم مسلمون",
        "الله الذي خلقكم من ضعف ثم جعل من بعد ضعف قوة ثم جعل من بعد قوة ضعفا وشيبة يخلق ما يشاء وهو العليم القدير",
        "ويوم تقوم الساعة يقسم المجرمون ما لبثوا غير ساعة كذلك كانوا يؤفكون",
        "وقال الذين اوتوا العلم والايمان لقد لبثتم في كتاب الله الى يوم البعث فهذا يوم البعث ولكنكم كنتم لا تعلمون",
        "فيومئذ لا ينفع الذين ظلموا معذرتهم ولا هم يستعتبون",
        "ولقد ضربنا للناس في هذا القران من كل مثل ولئن جئتهم باية ليقولن الذين كفروا ان انتم الا مبطلون",
        "كذلك يطبع الله على قلوب الذين لا يعلمون",
        "فاصبر ان وعد الله حق ولا يستخفنك الذين لا يوقنون"
    ]
}