{
    "surahName": "As-Sajda",
    "surahNameArabic": "السجدة",
    "surahNameArabicLong": "سورة السجدة",
    "surahNameTranslation": "The Prostration",
    "revelationPlace": "Mecca",
    "totalAyah": 30,
    "surahNo": 32,
    "english": [
        "Alif-Lãm-Mĩm.",
        "The revelation of this Book is—beyond doubt—from the Lord of all worlds.",
        "Or do they say, “He has fabricated it!”? No! It is the truth from your Lord in order for you to warn a people to whom no warner has come before you, so they may be ˹rightly˺ guided.",
        "It is Allah Who has created the heavens and the earth and everything in between in six Days, then established Himself on the Throne. You have no protector or intercessor besides Him. Will you not then be mindful?",
        "He conducts every affair from the heavens to the earth, then it all ascends to Him on a Day whose length is a thousand years by your counting.",
        "That is the Knower of the seen and unseen—the Almighty, Most Merciful",
        "Who has perfected everything He created. And He originated the creation of humankind from clay.",
        "Then He made his descendants from an extract of a humble fluid",
        "then He fashioned them and had a spirit of His Own ˹creation˺ breathed into them. And He gave you hearing, sight, and intellect. ˹Yet˺ you hardly give any thanks.",
        "˹Still˺ they ask ˹mockingly˺, “When we are disintegrated into the earth, will we really be raised as a new creation?” In fact, they are in denial of the meeting with their Lord.",
        "Say, ˹O Prophet,˺ “Your soul will be taken by the Angel of Death, who is in charge of you. Then to your Lord you will ˹all˺ be returned.”",
        "If only you could see the wicked hanging their heads ˹in shame˺ before their Lord, ˹crying:˺ “Our Lord! We have now seen and heard, so send us back and we will do good. We truly have sure faith ˹now˺!”",
        "Had We willed, We could have easily imposed guidance on every soul. But My Word will come to pass: I will surely fill up Hell with jinn and humans all together.",
        "So taste ˹the punishment˺ for neglecting the meeting of this Day of yours. We ˹too˺ will certainly neglect you. And taste the torment of eternity for what you used to do!",
        "The only ˹true˺ believers in Our revelation are those who—when it is recited to them—fall into prostration and glorify the praises of their Lord and are not too proud.",
        "They abandon their beds, invoking their Lord with hope and fear, and donate from what We have provided for them.",
        "No soul can imagine what delights are kept in store for them as a reward for what they used to do.",
        "Is the one who is a believer equal ˹before Allah˺ to the one who is rebellious? They are not equal!",
        "As for those who believe and do good, they will have the Gardens of ˹Eternal˺ Residence—as an accommodation for what they used to do.",
        "But as for those who are rebellious, the Fire will be their home. Whenever they try to escape from it, they will be forced back into it, and will be told, “Taste the Fire’s torment, which you used to deny.”",
        "We will certainly make them taste some of the minor torment ˹in this life˺ before the major torment ˹of the Hereafter˺, so perhaps they will return ˹to the Right Path˺.",
        "And who does more wrong than the one who is reminded of Allah’s revelations then turns away from them? We will surely inflict punishment upon the wicked.",
        "Indeed, We gave the Scripture to Moses—so let there be no doubt ˹O Prophet˺ that you ˹too˺ are receiving revelations—and We made it a guide for the Children of Israel.",
        "We raised from among them leaders, guiding by Our command, when they patiently endured and firmly believed in Our signs.",
        "Indeed, your Lord will decide between them on the Day of Judgment regarding their differences.",
        "Is it not yet clear to them how many peoples We destroyed before them, whose ruins they still pass by? Surely in this are signs. Will they not then listen?",
        "Do they not see how We drive rain to parched land, producing ˹various˺ crops from which they and their cattle eat? Will they not then see?",
        "They ask ˹mockingly˺, “When is this ˹Day of final˺ Decision, if what you say is true?”",
        "Say, ˹O Prophet,˺ “On the Day of Decision it will not benefit the disbelievers to believe then, nor will they be delayed ˹from punishment˺.”",
        "So turn away from them, and wait! They too are waiting."
    ],
    "arabic1": [
        " الٓمٓ",
        "تَنزِيلُ ٱلْكِتَـٰبِ لَا رَيْبَ فِيهِ مِن رَّبِّ ٱلْعَـٰلَمِينَ",
        "أَمْ يَقُولُونَ ٱفْتَرَىٰهُ ۚ بَلْ هُوَ ٱلْحَقُّ مِن رَّبِّكَ لِتُنذِرَ قَوْمًا مَّآ أَتَىٰهُم مِّن نَّذِيرٍ مِّن قَبْلِكَ لَعَلَّهُمْ يَهْتَدُونَ",
        "ٱللَّهُ ٱلَّذِى خَلَقَ ٱلسَّمَـٰوَٰتِ وَٱلْأَرْضَ وَمَا بَيْنَهُمَا فِى سِتَّةِ أَيَّامٍ ثُمَّ ٱسْتَوَىٰ عَلَى ٱلْعَرْشِ ۖ مَا لَكُم مِّن دُونِهِۦ مِن وَلِىٍّ وَلَا شَفِيعٍ ۚ أَفَلَا تَتَذَكَّرُونَ",
        "يُدَبِّرُ ٱلْأَمْرَ مِنَ ٱلسَّمَآءِ إِلَى ٱلْأَرْضِ ثُمَّ يَعْرُجُ إِلَيْهِ فِى يَوْمٍ كَانَ مِقْدَارُهُۥٓ أَلْفَ سَنَةٍ مِّمَّا تَعُدُّونَ",
        "ذَٰلِكَ عَـٰلِمُ ٱلْغَيْبِ وَٱلشَّهَـٰدَةِ ٱلْعَزِيزُ ٱلرَّحِيمُ",
        "ٱلَّذِىٓ أَحْسَنَ كُلَّ شَىْءٍ خَلَقَهُۥ ۖ وَبَدَأَ خَلْقَ ٱلْإِنسَـٰنِ مِن طِينٍ",
        "ثُمَّ جَعَلَ نَسْلَهُۥ مِن سُلَـٰلَةٍ مِّن مَّآءٍ مَّهِينٍ",
        "ثُمَّ سَوَّىٰهُ وَنَفَخَ فِيهِ مِن رُّوحِهِۦ ۖ وَجَعَلَ لَكُمُ ٱلسَّمْعَ وَٱلْأَبْصَـٰرَ وَٱلْأَفْـِٔدَةَ ۚ قَلِيلًا مَّا تَشْكُرُونَ",
        "وَقَالُوٓا۟ أَءِذَا ضَلَلْنَا فِى ٱلْأَرْضِ أَءِنَّا لَفِى خَلْقٍ جَدِيدٍۭ ۚ بَلْ هُم بِلِقَآءِ رَبِّهِمْ كَـٰفِرُونَ",
        "۞ قُلْ يَتَوَفَّىٰكُم مَّلَكُ ٱلْمَوْتِ ٱلَّذِى وُكِّلَ بِكُمْ ثُمَّ إِلَىٰ رَبِّكُمْ تُرْجَعُونَ",
        "وَلَوْ تَرَىٰٓ إِذِ ٱلْمُجْرِمُونَ نَاكِسُوا۟ رُءُوسِهِمْ عِندَ رَبِّهِمْ رَبَّنَآ أَبْصَرْنَا وَسَمِعْنَا فَٱرْجِعْنَا نَعْمَلْ صَـٰلِحًا إِنَّا مُوقِنُونَ",
        "وَلَوْ شِئْنَا لَـَٔاتَيْنَا كُلَّ نَفْسٍ هُدَىٰهَا وَلَـٰكِنْ حَقَّ ٱلْقَوْلُ مِنِّى لَأَمْلَأَنَّ جَهَنَّمَ مِنَ ٱلْجِنَّةِ وَٱلنَّاسِ أَجْمَعِينَ",
        "فَذُوقُوا۟ بِمَا نَسِيتُمْ لِقَآءَ يَوْمِكُمْ هَـٰذَآ إِنَّا نَسِينَـٰكُمْ ۖ وَذُوقُوا۟ عَذَابَ ٱلْخُلْدِ بِمَا كُنتُمْ تَعْمَلُونَ",
        "إِنَّمَا يُؤْمِنُ بِـَٔايَـٰتِنَا ٱلَّذِينَ إِذَا ذُكِّرُوا۟ بِهَا خَرُّوا۟ سُجَّدًا وَسَبَّحُوا۟ بِحَمْدِ رَبِّهِمْ وَهُمْ لَا يَسْتَكْبِرُونَ ۩",
        "تَتَجَافَىٰ جُنُوبُهُمْ عَنِ ٱلْمَضَاجِعِ يَدْعُونَ رَبَّهُمْ خَوْفًا وَطَمَعًا وَمِمَّا رَزَقْنَـٰهُمْ يُنفِقُونَ",
        "فَلَا تَعْلَمُ نَفْسٌ مَّآ أُخْفِىَ لَهُم مِّن قُرَّةِ أَعْيُنٍ جَزَآءًۢ بِمَا كَانُوا۟ يَعْمَلُونَ",
        "أَفَمَن كَانَ مُؤْمِنًا كَمَن كَانَ فَاسِقًا ۚ لَّا يَسْتَوُۥنَ",
        "أَمَّا ٱلَّذِينَ ءَامَنُوا۟ وَعَمِلُوا۟ ٱلصَّـٰلِحَـٰتِ فَلَهُمْ جَنَّـٰتُ ٱلْمَأْوَىٰ نُزُلًۢا بِمَا كَانُوا۟ يَعْمَلُونَ",
        "وَأَمَّا ٱلَّذِينَ فَسَقُوا۟ فَمَأْوَىٰهُمُ ٱلنَّارُ ۖ كُلَّمَآ أَرَادُوٓا۟ أَن يَخْرُجُوا۟ مِنْهَآ أُعِيدُوا۟ فِيهَا وَقِيلَ لَهُمْ ذُوقُوا۟ عَذَابَ ٱلنَّارِ ٱلَّذِى كُنتُم بِهِۦ تُكَذِّبُونَ",
        "وَلَنُذِيقَنَّهُم مِّنَ ٱلْعَذَابِ ٱلْأَدْنَىٰ دُونَ ٱلْعَذَابِ ٱلْأَكْبَرِ لَعَلَّهُمْ يَرْجِعُونَ",
        "وَمَنْ أَظْلَمُ مِمَّن ذُكِّرَ بِـَٔايَـٰتِ رَبِّهِۦ ثُمَّ أَعْرَضَ عَنْهَآ ۚ إِنَّا مِنَ ٱلْمُجْرِمِينَ مُنتَقِمُونَ",
        "وَلَقَدْ ءَاتَيْنَا مُوسَى ٱلْكِتَـٰبَ فَلَا تَكُن فِى مِرْيَةٍ مِّن لِّقَآئِهِۦ ۖ وَجَعَلْنَـٰهُ هُدًى لِّبَنِىٓ إِسْرَٰٓءِيلَ",
        "وَجَعَلْنَا مِنْهُمْ أَئِمَّةً يَهْدُونَ بِأَمْرِنَا لَمَّا صَبَرُوا۟ ۖ وَكَانُوا۟ بِـَٔايَـٰتِنَا يُوقِنُونَ",
        "إِنَّ رَبَّكَ هُوَ يَفْصِلُ بَيْنَهُمْ يَوْمَ ٱلْقِيَـٰمَةِ فِيمَا كَانُوا۟ فِيهِ يَخْتَلِفُونَ",
        "أَوَلَمْ يَهْدِ لَهُمْ كَمْ أَهْلَكْنَا مِن قَبْلِهِم مِّنَ ٱلْقُرُونِ يَمْشُونَ فِى مَسَـٰكِنِهِمْ ۚ إِنَّ فِى ذَٰلِكَ لَـَٔايَـٰتٍ ۖ أَفَلَا يَسْمَعُونَ",
        "أَوَلَمْ يَرَوْا۟ أَنَّا نَسُوقُ ٱلْمَآءَ إِلَى ٱلْأَرْضِ ٱلْجُرُزِ فَنُخْرِجُ بِهِۦ زَرْعًا تَأْكُلُ مِنْهُ أَنْعَـٰمُهُمْ وَأَنفُسُهُمْ ۖ أَفَلَا يُبْصِرُونَ",
        "وَيَقُولُونَ مَتَىٰ هَـٰذَا ٱلْفَتْحُ إِن كُنتُمْ صَـٰدِقِينَ",
        "قُلْ يَوْمَ ٱلْفَتْحِ لَا يَنفَعُ ٱلَّذِينَ كَفَرُوٓا۟ إِيمَـٰنُهُمْ وَلَا هُمْ يُنظَرُونَ",
        "فَأَعْرِضْ عَنْهُمْ وَٱنتَظِرْ إِنَّهُم مُّنتَظِرُونَ"
    ],
    "arabic2": [
        "الم",
        "تنزيل الكتاب لا ريب فيه من رب العالمين",
        "ام يقولون افتراه بل هو الحق من ربك لتنذر قوما ما اتاهم من نذير من قبلك لعلهم يهتدون",
        "الله الذي خلق السماوات والارض وما بينهما في ستة ايام ثم استوى على العرش ما لكم من دونه من ولي ولا شفيع افلا تتذكرون",
        "يدبر الامر من السماء الى الارض ثم يعرج اليه في يوم كان مقداره الف سنة مما تعدون",
        "ذلك عالم الغيب والشهادة العزيز الرحيم",
        "الذي احسن كل شيء خلقه وبدا خلق الانسان من طين",
        "ثم جعل نسله من سلالة من ماء مهين",
        "ثم سواه ونفخ فيه من روحه وجعل لكم السمع والابصار والافئدة قليلا ما تشكرون",
        "وقالوا ااذا ضللنا في الارض اانا لفي خلق جديد بل هم بلقاء ربهم كافرون",
        "قل يتوفاكم ملك الموت الذي وكل بكم ثم الى ربكم ترجعون",
        "ولو ترى اذ المجرمون ناكسو رءوسهم عند ربهم ربنا ابصرنا وسمعنا فارجعنا نعمل صالحا انا موقنون",
        "ولو شئنا لاتينا كل نفس هداها ولكن حق القول مني لاملان جهنم من الجنة والناس اجمعين",
        "فذوقوا بما نسيتم لقاء يومكم هذا انا نسيناكم وذوقوا عذاب الخلد بما كنتم تعملون",
        "انما يؤمن باياتنا الذين اذا ذكروا بها خروا سجدا وسبحوا بحمد ربهم وهم لا يستكبرون",
        "تتجافى جنوبهم عن المضاجع يدعون ربهم خوفا وطمعا ومما رزقناهم ينفقون",
        "فلا تعلم نفس ما اخفي لهم من قرة اعين جزاء بما كانوا يعملون",
        "افمن كان مؤمنا كمن كان فاسقا لا يستوون",
        "اما الذين امنوا وعملوا الصالحات فلهم جنات الماوى نزلا بما كانوا يعملون",
        "واما الذين فسقوا فماواهم النار كلما ارادوا ان يخرجوا منها اعيدوا فيها وقيل لهم ذوقوا عذاب النار الذي كنتم به تكذبون",
        "ولنذيقنهم من العذاب الادنى دون العذاب الاكبر لعلهم يرجعون",
        "ومن اظلم ممن ذكر بايات ربه ثم اعرض عنها انا من المجرمين منتقمون",
        "ولقد اتينا موسى الكتاب فلا تكن في مرية من لقائه وجعلناه هدى لبني اسرائيل",
        "وجعلنا منهم ائمة يهدون بامرنا لما صبروا وكانوا باياتنا يوقنون",
        "ان ربك هو يفصل بينهم يوم القيامة فيما كانوا فيه يختلفون",
        "اولم يهد لهم كم اهلكنا من قبلهم من القرون يمشون في مساكنهم ان في ذلك لايات افلا يسمعون",
        "اولم يروا انا نسوق الماء الى الارض الجرز فنخرج به زرعا تاكل منه انعامهم وانفسهم افلا يبصرون",
        "ويقولون متى هذا الفتح ان كنتم صادقين",
        "قل يوم الفتح لا ينفع الذين كفروا ايمانهم ولا هم ينظرون",
        "فاعرض عنهم وانتظر انهم منتظرون"
    ]
}