{
    "surahName": "Al-Ahzaab",
    "surahNameArabic": "الأحزاب",
    "surahNameArabicLong": "سورة الأحزاب",
    "surahNameTranslation": "The Clans",
    "revelationPlace": "Madina",
    "totalAyah": 73,
    "surahNo": 33,
    "english": [
        "O Prophet! ˹Always˺ be mindful of Allah, and do not yield to the disbelievers and the hypocrites. Indeed, Allah is All-Knowing, All-Wise.",
        "Follow what is revealed to you from your Lord. Surely Allah is All-Aware of what you ˹all˺ do.",
        "And put your trust in Allah, for Allah is sufficient as a Trustee of Affairs.",
        "Allah does not place two hearts in any person’s chest. Nor does He regard your wives as ˹unlawful for you like˺ your real mothers, ˹even˺ if you say they are. Nor does He regard your adopted children as your real children. These are only your baseless assertions. But Allah declares the truth, and He ˹alone˺ guides to the ˹Right˺ Way.",
        "Let your adopted children keep their family names. That is more just in the sight of Allah. But if you do not know their fathers, then they are ˹simply˺ your fellow believers and close associates. There is no blame on you for what you do by mistake, but ˹only˺ for what you do intentionally. And Allah is All-Forgiving, Most Merciful.",
        "The Prophet has a stronger affinity to the believers than they do themselves. And his wives are their mothers. As ordained by Allah, blood relatives are more entitled ˹to inheritance˺ than ˹other˺ believers and immigrants, unless you ˹want to˺ show kindness to your ˹close˺ associates ˹through bequest˺. This is decreed in the Record.",
        "And ˹remember˺ when We took a covenant from the prophets, as well as from you ˹O Prophet˺, and from Noah, Abraham, Moses, and Jesus, son of Mary. We did take a solemn covenant from ˹all of˺ them",
        "so that He may question these men of truth about their ˹delivery of the˺ truth. And He has prepared a painful punishment for the disbelievers.",
        "O believers! Remember Allah’s favour upon you when ˹enemy˺ forces came to ˹besiege˺ you ˹in Medina˺, so We sent against them a ˹bitter˺ wind and forces you could not see. And Allah is All-Seeing of what you do.",
        "˹Remember˺ when they came at you from east and west, when your eyes grew wild ˹in horror˺ and your hearts jumped into your throats, and you entertained ˹conflicting˺ thoughts about Allah.",
        "Then and there the believers were put to the test, and were violently shaken.",
        "And ˹remember˺ when the hypocrites and those with sickness in their hearts said, “Allah and His Messenger have promised us nothing but delusion!”",
        "And ˹remember˺ when a group of them said, “O people of Yathrib! There is no point in you staying ˹here˺, so retreat!” Another group of them asked the Prophet’s permission ˹to leave˺, saying, “Our homes are vulnerable,” while ˹in fact˺ they were not vulnerable. They only wished to flee.",
        "Had their city been sacked from all sides and they had been asked to abandon faith, they would have done so with little hesitation.",
        "They had already pledged to Allah earlier never to turn their backs ˹in retreat˺. And a pledge to Allah must be answered for.",
        "Say, ˹O Prophet,˺ “Fleeing will not benefit you if you ˹try to˺ escape a natural or violent death. ˹If it is not your time,˺ you will only be allowed enjoyment for a little while.”",
        "Ask ˹them, O  Prophet˺, “Who can put you out of Allah’s reach if He intends to harm you or show you mercy?” They can never find any protector or helper besides Allah.",
        "Allah knows well those among you who discourage ˹others from fighting˺, saying ˹secretly˺ to their brothers, “Stay with us,” and who themselves hardly take part in fighting.",
        "˹They are˺ totally unwilling to assist you. When danger comes, you see them staring at you with their eyes rolling like someone in the throes of death. But once the danger is over, they slash you with razor-sharp tongues, ravenous for ˹worldly˺ gains. Such people have not ˹truly˺ believed, so Allah has rendered their deeds void. And that is easy for Allah.",
        "They ˹still˺ think that the enemy alliance has not ˹yet˺ withdrawn. And if the allies were to come ˹again˺, the hypocrites would wish to be away in the desert among nomadic Arabs, ˹only˺ asking for news about you ˹believers˺. And if the hypocrites were in your midst, they would hardly take part in the fight.",
        "Indeed, in the Messenger of Allah you have an excellent example for whoever has hope in Allah and the Last Day, and remembers Allah often.",
        "When the believers saw the enemy alliance, they said, “This is what Allah and His Messenger had promised us. The promise of Allah and His Messenger has come true.” And this only increased them in faith and submission.",
        "Among the believers are men who have proven true to what they pledged to Allah. Some of them have fulfilled their pledge ˹with their lives˺, others are waiting ˹their turn˺. They have never changed ˹their commitment˺ in the least.",
        "˹It all happened˺ so Allah may reward the faithful for their faithfulness, and punish the hypocrites if He wills or turn to them ˹in mercy˺. Surely Allah is All-Forgiving, Most Merciful.",
        "And Allah drove back the disbelievers in their rage, totally empty-handed. And Allah spared the believers from fighting. For Allah is All-Powerful, Almighty.",
        "And He brought down those from the People of the Book who supported the enemy alliance from their own strongholds, and cast horror into their hearts. You ˹believers˺ killed some, and took others captive.",
        "He has also caused you to take over their lands, homes, and wealth, as well as lands you have not yet set foot on. And Allah is Most Capable of everything.",
        "O Prophet! Say to your wives, “If you desire the life of this world and its luxury, then come, I will give you a ˹suitable˺ compensation ˹for divorce˺ and let you go graciously.",
        "But if you desire Allah and His Messenger and the ˹everlasting˺ Home of the Hereafter, then Surely Allah has prepared a great reward for those of you who do good.”",
        "O wives of the Prophet! If any of you were to commit a blatant misconduct, the punishment would be doubled for her. And that is easy for Allah.",
        "And whoever of you devoutly obeys Allah and His Messenger and does good, We will grant her double the reward, and We have prepared for her an honourable provision.",
        "O wives of the Prophet! You are not like any other women: if you are mindful ˹of Allah˺, then do not be overly effeminate in speech ˹with men˺ or those with sickness in their hearts may be tempted, but speak in a moderate tone.",
        "Settle in your homes, and do not display yourselves as women did in the days of ˹pre-Islamic˺ ignorance. Establish prayer, pay alms-tax, and obey Allah and His Messenger. Allah only intends to keep ˹the causes of˺ evil away from you and purify you completely, O  members of the ˹Prophet’s˺ family!",
        "˹Always˺ remember what is recited in your homes of Allah’s revelations and ˹prophetic˺ wisdom. Surely Allah is Most Subtle, All-Aware.",
        "Surely ˹for˺ Muslim men and women, believing men and women, devout men and women, truthful men and women, patient men and women, humble men and women, charitable men and women, fasting men and women, men and women who guard their chastity, and men and women who remember Allah often—for ˹all of˺ them Allah has prepared forgiveness and a great reward.",
        "It is not for a believing man or woman—when Allah and His Messenger decree a matter—to have any other choice in that matter. Indeed, whoever disobeys Allah and His Messenger has clearly gone ˹far˺ astray.",
        "And ˹remember, O  Prophet,˺ when you said to the one for whom Allah has done a favour and you ˹too˺ have done a favour, “Keep your wife and fear Allah,” while concealing within yourself what Allah was going to reveal. And ˹so˺ you were considering the people, whereas Allah was more worthy of your consideration. So when Zaid totally lost interest in ˹keeping˺ his wife, We gave her to you in marriage, so that there would be no blame on the believers for marrying the ex-wives of their adopted sons after their divorce. And Allah’s command is totally binding.",
        "There is no blame on the Prophet for doing what Allah has ordained for him. That has been the way of Allah with those ˹prophets˺ who had gone before. And Allah’s command has been firmly decreed.",
        "˹That is His way with˺ those ˹prophets˺ who deliver the messages of Allah, and consider Him, and none but Allah. And sufficient is Allah as a ˹vigilant˺ Reckoner.",
        "Muḥammad is not the father of any of your men, but is the Messenger of Allah and the seal of the prophets. And Allah has ˹perfect˺ knowledge of all things.",
        "O believers! Always remember Allah often",
        "and glorify Him morning and evening.",
        "He is the One Who showers His blessings upon you—and His angels pray for you—so that He may bring you out of darkness and into light. For He is ever Merciful to the believers.",
        "Their greeting on the Day they meet Him will be, “Peace!” And He has prepared for them an honourable reward.",
        "O Prophet! We have sent you as a witness, and a deliverer of good news, and a warner",
        "and a caller to ˹the Way of˺ Allah by His command, and a beacon of light.",
        "Give good news to the believers that they will have a great bounty from Allah.",
        "Do not yield to the disbelievers and the hypocrites. Overlook their annoyances, and put your trust in Allah. For Allah is sufficient as a Trustee of Affairs.",
        "O believers! If you marry believing women and then divorce them before you touch them, they will have no waiting period for you to count, so give them a ˹suitable˺ compensation, and let them go graciously.",
        "O Prophet! We have made lawful for you your wives to whom you have paid their ˹full˺ dowries as well as those ˹bondwomen˺ in your possession, whom Allah has granted you. And ˹you are allowed to marry˺ the daughters of your paternal uncles and aunts, and the daughters of your maternal uncles and aunts, who have emigrated like you. Also ˹allowed for marriage is˺ a believing woman who offers herself to the Prophet ˹without dowry˺ if he is interested in marrying her—˹this is˺ exclusively for you, not for the rest of the believers. We know well what ˹rulings˺ We have ordained for the believers in relation to their wives and those ˹bondwomen˺ in their possession. As such, there would be no blame on you. And Allah is All-Forgiving, Most Merciful.",
        "It is up to you ˹O Prophet˺ to delay or receive whoever you please of your wives. There is no blame on you if you call back any of those you have set aside. That is more likely that they will be content, not grieved, and satisfied with what you offer them all. Allah ˹fully˺ knows what is in your hearts. And Allah is All-Knowing, Most Forbearing.",
        "It is not lawful for you ˹O Prophet˺ to marry more women after this, nor can you replace any of your present wives with another, even if her beauty may attract you—except those ˹bondwomen˺ in your possession. And Allah is ever Watchful over all things.",
        "O believers! Do not enter the homes of the Prophet without permission ˹and if invited˺ for a meal, do not ˹come too early and˺ linger until the meal is ready. But if you are invited, then enter ˹on time˺. Once you have eaten, then go on your way, and do not stay for casual talk. Such behaviour is truly annoying to the Prophet, yet he is too shy to ask you to leave. But Allah is never shy of the truth. And when you ˹believers˺ ask his wives for something, ask them from behind a barrier. This is purer for your hearts and theirs. And it is not right for you to annoy the Messenger of Allah, nor ever marry his wives after him. This would certainly be a major offence in the sight of Allah.",
        "Whether you reveal something or conceal it, surely Allah has ˹perfect˺ knowledge of all things.",
        "There is no blame on the Prophet’s wives ˹if they appear unveiled˺ before their fathers, their sons, their brothers, their brothers’ sons, their sisters’ sons, their fellow ˹Muslim˺ women, and those ˹bondspeople˺ in their possession. And be mindful of Allah ˹O wives of the Prophet!˺ Surely Allah is a Witness over all things.",
        "Indeed, Allah showers His blessings upon the Prophet, and His angels pray for him. O  believers! Invoke Allah’s blessings upon him, and salute him with worthy greetings of peace.",
        "Surely those who offend Allah and His Messenger are condemned by Allah in this world and the Hereafter. And He has prepared for them a humiliating punishment.",
        "As for those who abuse believing men and women unjustifiably, they will definitely bear the guilt of slander and blatant sin.",
        "O Prophet! Ask your wives, daughters, and believing women to draw their cloaks over their bodies. In this way it is more likely that they will be recognized ˹as virtuous˺ and not be harassed. And Allah is All-Forgiving, Most Merciful.",
        "If the hypocrites, and those with sickness in their hearts, and rumour-mongers in Medina do not desist, We will certainly incite you ˹O Prophet˺ against them, and then they will not be your neighbours there any longer.",
        "˹They deserve to be˺ condemned. ˹If they were to persist,˺ they would get themselves seized and killed relentlessly wherever they are found!",
        "That was Allah’s way with those ˹hypocrites˺ who have gone before. And you will find no change in Allah’s way.",
        "People ask you ˹O Prophet˺ about the Hour. Say, “That knowledge is only with Allah. You never know, perhaps the Hour is near.”",
        "Surely Allah condemns the disbelievers, and has prepared for them a blazing Fire",
        "to stay there for ever and ever—never will they find any protector or helper.",
        "On the Day their faces are ˹constantly˺ flipped in the Fire, they will cry, “Oh! If only we had obeyed Allah and obeyed the Messenger!”",
        "And they will say, “Our Lord! We obeyed our leaders and elite, but they led us astray from the ˹Right˺ Way.",
        "Our Lord! Give them double ˹our˺ punishment, and condemn them tremendously.”",
        "O believers! Do not be like those who slandered Moses, but Allah cleared him of what they said. And he was honourable in the sight of Allah.",
        "O  believers! Be mindful of Allah, and say what is right.",
        "He will bless your deeds for you, and forgive your sins. And whoever obeys Allah and His Messenger, has truly achieved a great triumph.",
        "Indeed, We offered the trust to the heavens and the earth and the mountains, but they ˹all˺ declined to bear it, being fearful of it. But humanity assumed it, ˹for˺ they are truly wrongful ˹to themselves˺ and ignorant ˹of the consequences˺",
        "so that Allah will punish hypocrite men and women and polytheistic men and women, and Allah will turn in mercy to believing men and women. For Allah is All-Forgiving, Most Merciful."
    ],
    "arabic1": [
        " يَـٰٓأَيُّهَا ٱلنَّبِىُّ ٱتَّقِ ٱللَّهَ وَلَا تُطِعِ ٱلْكَـٰفِرِينَ وَٱلْمُنَـٰفِقِينَ ۗ إِنَّ ٱللَّهَ كَانَ عَلِيمًا حَكِيمًا",
        "وَٱتَّبِعْ مَا يُوحَىٰٓ إِلَيْكَ مِن رَّبِّكَ ۚ إِنَّ ٱللَّهَ كَانَ بِمَا تَعْمَلُونَ خَبِيرًا",
        "وَتَوَكَّلْ عَلَى ٱللَّهِ ۚ وَكَفَىٰ بِٱللَّهِ وَكِيلًا",
        "مَّا جَعَلَ ٱللَّهُ لِرَجُلٍ مِّن قَلْبَيْنِ فِى جَوْفِهِۦ ۚ وَمَا جَعَلَ أَزْوَٰجَكُمُ ٱلَّـٰٓـِٔى تُظَـٰهِرُونَ مِنْهُنَّ أُمَّهَـٰتِكُمْ ۚ وَمَا جَعَلَ أَدْعِيَآءَكُمْ أَبْنَآءَكُمْ ۚ ذَٰلِكُمْ قَوْلُكُم بِأَفْوَٰهِكُمْ ۖ وَٱللَّهُ يَقُولُ ٱلْحَقَّ وَهُوَ يَهْدِى ٱلسَّبِيلَ",
        "ٱدْعُوهُمْ لِـَٔابَآئِهِمْ هُوَ أَقْسَطُ عِندَ ٱللَّهِ ۚ فَإِن لَّمْ تَعْلَمُوٓا۟ ءَابَآءَهُمْ فَإِخْوَٰنُكُمْ فِى ٱلدِّينِ وَمَوَٰلِيكُمْ ۚ وَلَيْسَ عَلَيْكُمْ جُنَاحٌ فِيمَآ أَخْطَأْتُم بِهِۦ وَلَـٰكِن مَّا تَعَمَّدَتْ قُلُوبُكُمْ ۚ وَكَانَ ٱللَّهُ غَفُورًا رَّحِيمًا",
        "ٱلنَّبِىُّ أَوْلَىٰ بِٱلْمُؤْمِنِينَ مِنْ أَنفُسِهِمْ ۖ وَأَزْوَٰجُهُۥٓ أُمَّهَـٰتُهُمْ ۗ وَأُو۟لُوا۟ ٱلْأَرْحَامِ بَعْضُهُمْ أَوْلَىٰ بِبَعْضٍ فِى كِتَـٰبِ ٱللَّهِ مِنَ ٱلْمُؤْمِنِينَ وَٱلْمُهَـٰجِرِينَ إِلَّآ أَن تَفْعَلُوٓا۟ إِلَىٰٓ أَوْلِيَآئِكُم مَّعْرُوفًا ۚ كَانَ ذَٰلِكَ فِى ٱلْكِتَـٰبِ مَسْطُورًا",
        "وَإِذْ أَخَذْنَا مِنَ ٱلنَّبِيِّـۧنَ مِيثَـٰقَهُمْ وَمِنكَ وَمِن نُّوحٍ وَإِبْرَٰهِيمَ وَمُوسَىٰ وَعِيسَى ٱبْنِ مَرْيَمَ ۖ وَأَخَذْنَا مِنْهُم مِّيثَـٰقًا غَلِيظًا",
        "لِّيَسْـَٔلَ ٱلصَّـٰدِقِينَ عَن صِدْقِهِمْ ۚ وَأَعَدَّ لِلْكَـٰفِرِينَ عَذَابًا أَلِيمًا",
        "يَـٰٓأَيُّهَا ٱلَّذِينَ ءَامَنُوا۟ ٱذْكُرُوا۟ نِعْمَةَ ٱللَّهِ عَلَيْكُمْ إِذْ جَآءَتْكُمْ جُنُودٌ فَأَرْسَلْنَا عَلَيْهِمْ رِيحًا وَجُنُودًا لَّمْ تَرَوْهَا ۚ وَكَانَ ٱللَّهُ بِمَا تَعْمَلُونَ بَصِيرًا",
        "إِذْ جَآءُوكُم مِّن فَوْقِكُمْ وَمِنْ أَسْفَلَ مِنكُمْ وَإِذْ زَاغَتِ ٱلْأَبْصَـٰرُ وَبَلَغَتِ ٱلْقُلُوبُ ٱلْحَنَاجِرَ وَتَظُنُّونَ بِٱللَّهِ ٱلظُّنُونَا۠",
        "هُنَالِكَ ٱبْتُلِىَ ٱلْمُؤْمِنُونَ وَزُلْزِلُوا۟ زِلْزَالًا شَدِيدًا",
        "وَإِذْ يَقُولُ ٱلْمُنَـٰفِقُونَ وَٱلَّذِينَ فِى قُلُوبِهِم مَّرَضٌ مَّا وَعَدَنَا ٱللَّهُ وَرَسُولُهُۥٓ إِلَّا غُرُورًا",
        "وَإِذْ قَالَت طَّآئِفَةٌ مِّنْهُمْ يَـٰٓأَهْلَ يَثْرِبَ لَا مُقَامَ لَكُمْ فَٱرْجِعُوا۟ ۚ وَيَسْتَـْٔذِنُ فَرِيقٌ مِّنْهُمُ ٱلنَّبِىَّ يَقُولُونَ إِنَّ بُيُوتَنَا عَوْرَةٌ وَمَا هِىَ بِعَوْرَةٍ ۖ إِن يُرِيدُونَ إِلَّا فِرَارًا",
        "وَلَوْ دُخِلَتْ عَلَيْهِم مِّنْ أَقْطَارِهَا ثُمَّ سُئِلُوا۟ ٱلْفِتْنَةَ لَـَٔاتَوْهَا وَمَا تَلَبَّثُوا۟ بِهَآ إِلَّا يَسِيرًا",
        "وَلَقَدْ كَانُوا۟ عَـٰهَدُوا۟ ٱللَّهَ مِن قَبْلُ لَا يُوَلُّونَ ٱلْأَدْبَـٰرَ ۚ وَكَانَ عَهْدُ ٱللَّهِ مَسْـُٔولًا",
        "قُل لَّن يَنفَعَكُمُ ٱلْفِرَارُ إِن فَرَرْتُم مِّنَ ٱلْمَوْتِ أَوِ ٱلْقَتْلِ وَإِذًا لَّا تُمَتَّعُونَ إِلَّا قَلِيلًا",
        "قُلْ مَن ذَا ٱلَّذِى يَعْصِمُكُم مِّنَ ٱللَّهِ إِنْ أَرَادَ بِكُمْ سُوٓءًا أَوْ أَرَادَ بِكُمْ رَحْمَةً ۚ وَلَا يَجِدُونَ لَهُم مِّن دُونِ ٱللَّهِ وَلِيًّا وَلَا نَصِيرًا",
        "۞ قَدْ يَعْلَمُ ٱللَّهُ ٱلْمُعَوِّقِينَ مِنكُمْ وَٱلْقَآئِلِينَ لِإِخْوَٰنِهِمْ هَلُمَّ إِلَيْنَا ۖ وَلَا يَأْتُونَ ٱلْبَأْسَ إِلَّا قَلِيلًا",
        "أَشِحَّةً عَلَيْكُمْ ۖ فَإِذَا جَآءَ ٱلْخَوْفُ رَأَيْتَهُمْ يَنظُرُونَ إِلَيْكَ تَدُورُ أَعْيُنُهُمْ كَٱلَّذِى يُغْشَىٰ عَلَيْهِ مِنَ ٱلْمَوْتِ ۖ فَإِذَا ذَهَبَ ٱلْخَوْفُ سَلَقُوكُم بِأَلْسِنَةٍ حِدَادٍ أَشِحَّةً عَلَى ٱلْخَيْرِ ۚ أُو۟لَـٰٓئِكَ لَمْ يُؤْمِنُوا۟ فَأَحْبَطَ ٱللَّهُ أَعْمَـٰلَهُمْ ۚ وَكَانَ ذَٰلِكَ عَلَى ٱللَّهِ يَسِيرًا",
        "يَحْسَبُونَ ٱلْأَحْزَابَ لَمْ يَذْهَبُوا۟ ۖ وَإِن يَأْتِ ٱلْأَحْزَابُ يَوَدُّوا۟ لَوْ أَنَّهُم بَادُونَ فِى ٱلْأَعْرَابِ يَسْـَٔلُونَ عَنْ أَنۢبَآئِكُمْ ۖ وَلَوْ كَانُوا۟ فِيكُم مَّا قَـٰتَلُوٓا۟ إِلَّا قَلِيلًا",
        "لَّقَدْ كَانَ لَكُمْ فِى رَسُولِ ٱللَّهِ أُسْوَةٌ حَسَنَةٌ لِّمَن كَانَ يَرْجُوا۟ ٱللَّهَ وَٱلْيَوْمَ ٱلْـَٔاخِرَ وَذَكَرَ ٱللَّهَ كَثِيرًا",
        "وَلَمَّا رَءَا ٱلْمُؤْمِنُونَ ٱلْأَحْزَابَ قَالُوا۟ هَـٰذَا مَا وَعَدَنَا ٱللَّهُ وَرَسُولُهُۥ وَصَدَقَ ٱللَّهُ وَرَسُولُهُۥ ۚ وَمَا زَادَهُمْ إِلَّآ إِيمَـٰنًا وَتَسْلِيمًا",
        "مِّنَ ٱلْمُؤْمِنِينَ رِجَالٌ صَدَقُوا۟ مَا عَـٰهَدُوا۟ ٱللَّهَ عَلَيْهِ ۖ فَمِنْهُم مَّن قَضَىٰ نَحْبَهُۥ وَمِنْهُم مَّن يَنتَظِرُ ۖ وَمَا بَدَّلُوا۟ تَبْدِيلًا",
        "لِّيَجْزِىَ ٱللَّهُ ٱلصَّـٰدِقِينَ بِصِدْقِهِمْ وَيُعَذِّبَ ٱلْمُنَـٰفِقِينَ إِن شَآءَ أَوْ يَتُوبَ عَلَيْهِمْ ۚ إِنَّ ٱللَّهَ كَانَ غَفُورًا رَّحِيمًا",
        "وَرَدَّ ٱللَّهُ ٱلَّذِينَ كَفَرُوا۟ بِغَيْظِهِمْ لَمْ يَنَالُوا۟ خَيْرًا ۚ وَكَفَى ٱللَّهُ ٱلْمُؤْمِنِينَ ٱلْقِتَالَ ۚ وَكَانَ ٱللَّهُ قَوِيًّا عَزِيزًا",
        "وَأَنزَلَ ٱلَّذِينَ ظَـٰهَرُوهُم مِّنْ أَهْلِ ٱلْكِتَـٰبِ مِن صَيَاصِيهِمْ وَقَذَفَ فِى قُلُوبِهِمُ ٱلرُّعْبَ فَرِيقًا تَقْتُلُونَ وَتَأْسِرُونَ فَرِيقًا",
        "وَأَوْرَثَكُمْ أَرْضَهُمْ وَدِيَـٰرَهُمْ وَأَمْوَٰلَهُمْ وَأَرْضًا لَّمْ تَطَـُٔوهَا ۚ وَكَانَ ٱللَّهُ عَلَىٰ كُلِّ شَىْءٍ قَدِيرًا",
        "يَـٰٓأَيُّهَا ٱلنَّبِىُّ قُل لِّأَزْوَٰجِكَ إِن كُنتُنَّ تُرِدْنَ ٱلْحَيَوٰةَ ٱلدُّنْيَا وَزِينَتَهَا فَتَعَالَيْنَ أُمَتِّعْكُنَّ وَأُسَرِّحْكُنَّ سَرَاحًا جَمِيلًا",
        "وَإِن كُنتُنَّ تُرِدْنَ ٱللَّهَ وَرَسُولَهُۥ وَٱلدَّارَ ٱلْـَٔاخِرَةَ فَإِنَّ ٱللَّهَ أَعَدَّ لِلْمُحْسِنَـٰتِ مِنكُنَّ أَجْرًا عَظِيمًا",
        "يَـٰنِسَآءَ ٱلنَّبِىِّ مَن يَأْتِ مِنكُنَّ بِفَـٰحِشَةٍ مُّبَيِّنَةٍ يُضَـٰعَفْ لَهَا ٱلْعَذَابُ ضِعْفَيْنِ ۚ وَكَانَ ذَٰلِكَ عَلَى ٱللَّهِ يَسِيرًا",
        "۞ وَمَن يَقْنُتْ مِنكُنَّ لِلَّهِ وَرَسُولِهِۦ وَتَعْمَلْ صَـٰلِحًا نُّؤْتِهَآ أَجْرَهَا مَرَّتَيْنِ وَأَعْتَدْنَا لَهَا رِزْقًا كَرِيمًا",
        "يَـٰنِسَآءَ ٱلنَّبِىِّ لَسْتُنَّ كَأَحَدٍ مِّنَ ٱلنِّسَآءِ ۚ إِنِ ٱتَّقَيْتُنَّ فَلَا تَخْضَعْنَ بِٱلْقَوْلِ فَيَطْمَعَ ٱلَّذِى فِى قَلْبِهِۦ مَرَضٌ وَقُلْنَ قَوْلًا مَّعْرُوفًا",
        "وَقَرْنَ فِى بُيُوتِكُنَّ وَلَا تَبَرَّجْنَ تَبَرُّجَ ٱلْجَـٰهِلِيَّةِ ٱلْأُولَىٰ ۖ وَأَقِمْنَ ٱلصَّلَوٰةَ وَءَاتِينَ ٱلزَّكَوٰةَ وَأَطِعْنَ ٱللَّهَ وَرَسُولَهُۥٓ ۚ إِنَّمَا يُرِيدُ ٱللَّهُ لِيُذْهِبَ عَنكُمُ ٱلرِّجْسَ أَهْلَ ٱلْبَيْتِ وَيُطَهِّرَكُمْ تَطْهِيرًا",
        "وَٱذْكُرْنَ مَا يُتْلَىٰ فِى بُيُوتِكُنَّ مِنْ ءَايَـٰتِ ٱللَّهِ وَٱلْحِكْمَةِ ۚ إِنَّ ٱللَّهَ كَانَ لَطِيفًا خَبِيرًا",
        "إِنَّ ٱلْمُسْلِمِينَ وَٱلْمُسْلِمَـٰتِ وَٱلْمُؤْمِنِينَ وَٱلْمُؤْمِنَـٰتِ وَٱلْقَـٰنِتِينَ وَٱلْقَـٰنِتَـٰتِ وَٱلصَّـٰدِقِينَ وَٱلصَّـٰدِقَـٰتِ وَٱلصَّـٰبِرِينَ وَٱلصَّـٰبِرَٰتِ وَٱلْخَـٰشِعِينَ وَٱلْخَـٰشِعَـٰتِ وَٱلْمُتَصَدِّقِينَ وَٱلْمُتَصَدِّقَـٰتِ وَٱلصَّـٰٓئِمِينَ وَٱلصَّـٰٓئِمَـٰتِ وَٱلْحَـٰفِظِينَ فُرُوجَهُمْ وَٱلْحَـٰفِظَـٰتِ وَٱلذَّٰكِرِينَ ٱللَّهَ كَثِيرًا وَٱلذَّٰكِرَٰتِ أَعَدَّ ٱللَّهُ لَهُم مَّغْفِرَةً وَأَجْرًا عَظِيمًا",
        "وَمَا كَانَ لِمُؤْمِنٍ وَلَا مُؤْمِنَةٍ إِذَا قَضَى ٱللَّهُ وَرَسُولُهُۥٓ أَمْرًا أَن يَكُونَ لَهُمُ ٱلْخِيَرَةُ مِنْ أَمْرِهِمْ ۗ وَمَن يَعْصِ ٱللَّهَ وَرَسُولَهُۥ فَقَدْ ضَلَّ ضَلَـٰلًا مُّبِينًا",
        "وَإِذْ تَقُولُ لِلَّذِىٓ أَنْعَمَ ٱللَّهُ عَلَيْهِ وَأَنْعَمْتَ عَلَيْهِ أَمْسِكْ عَلَيْكَ زَوْجَكَ وَٱتَّقِ ٱللَّهَ وَتُخْفِى فِى نَفْسِكَ مَا ٱللَّهُ مُبْدِيهِ وَتَخْشَى ٱلنَّاسَ وَٱللَّهُ أَحَقُّ أَن تَخْشَىٰهُ ۖ فَلَمَّا قَضَىٰ زَيْدٌ مِّنْهَا وَطَرًا زَوَّجْنَـٰكَهَا لِكَىْ لَا يَكُونَ عَلَى ٱلْمُؤْمِنِينَ حَرَجٌ فِىٓ أَزْوَٰجِ أَدْعِيَآئِهِمْ إِذَا قَضَوْا۟ مِنْهُنَّ وَطَرًا ۚ وَكَانَ أَمْرُ ٱللَّهِ مَفْعُولًا",
        "مَّا كَانَ عَلَى ٱلنَّبِىِّ مِنْ حَرَجٍ فِيمَا فَرَضَ ٱللَّهُ لَهُۥ ۖ سُنَّةَ ٱللَّهِ فِى ٱلَّذِينَ خَلَوْا۟ مِن قَبْلُ ۚ وَكَانَ أَمْرُ ٱللَّهِ قَدَرًا مَّقْدُورًا",
        "ٱلَّذِينَ يُبَلِّغُونَ رِسَـٰلَـٰتِ ٱللَّهِ وَيَخْشَوْنَهُۥ وَلَا يَخْشَوْنَ أَحَدًا إِلَّا ٱللَّهَ ۗ وَكَفَىٰ بِٱللَّهِ حَسِيبًا",
        "مَّا كَانَ مُحَمَّدٌ أَبَآ أَحَدٍ مِّن رِّجَالِكُمْ وَلَـٰكِن رَّسُولَ ٱللَّهِ وَخَاتَمَ ٱلنَّبِيِّـۧنَ ۗ وَكَانَ ٱللَّهُ بِكُلِّ شَىْءٍ عَلِيمًا",
        "يَـٰٓأَيُّهَا ٱلَّذِينَ ءَامَنُوا۟ ٱذْكُرُوا۟ ٱللَّهَ ذِكْرًا كَثِيرًا",
        "وَسَبِّحُوهُ بُكْرَةً وَأَصِيلًا",
        "هُوَ ٱلَّذِى يُصَلِّى عَلَيْكُمْ وَمَلَـٰٓئِكَتُهُۥ لِيُخْرِجَكُم مِّنَ ٱلظُّلُمَـٰتِ إِلَى ٱلنُّورِ ۚ وَكَانَ بِٱلْمُؤْمِنِينَ رَحِيمًا",
        "تَحِيَّتُهُمْ يَوْمَ يَلْقَوْنَهُۥ سَلَـٰمٌ ۚ وَأَعَدَّ لَهُمْ أَجْرًا كَرِيمًا",
        "يَـٰٓأَيُّهَا ٱلنَّبِىُّ إِنَّآ أَرْسَلْنَـٰكَ شَـٰهِدًا وَمُبَشِّرًا وَنَذِيرًا",
        "وَدَاعِيًا إِلَى ٱللَّهِ بِإِذْنِهِۦ وَسِرَاجًا مُّنِيرًا",
        "وَبَشِّرِ ٱلْمُؤْمِنِينَ بِأَنَّ لَهُم مِّنَ ٱللَّهِ فَضْلًا كَبِيرًا",
        "وَلَا تُطِعِ ٱلْكَـٰفِرِينَ وَٱلْمُنَـٰفِقِينَ وَدَعْ أَذَىٰهُمْ وَتَوَكَّلْ عَلَى ٱللَّهِ ۚ وَكَفَىٰ بِٱللَّهِ وَكِيلًا",
        "يَـٰٓأَيُّهَا ٱلَّذِينَ ءَامَنُوٓا۟ إِذَا نَكَحْتُمُ ٱلْمُؤْمِنَـٰتِ ثُمَّ طَلَّقْتُمُوهُنَّ مِن قَبْلِ أَن تَمَسُّوهُنَّ فَمَا لَكُمْ عَلَيْهِنَّ مِنْ عِدَّةٍ تَعْتَدُّونَهَا ۖ فَمَتِّعُوهُنَّ وَسَرِّحُوهُنَّ سَرَاحًا جَمِيلًا",
        "يَـٰٓأَيُّهَا ٱلنَّبِىُّ إِنَّآ أَحْلَلْنَا لَكَ أَزْوَٰجَكَ ٱلَّـٰتِىٓ ءَاتَيْتَ أُجُورَهُنَّ وَمَا مَلَكَتْ يَمِينُكَ مِمَّآ أَفَآءَ ٱللَّهُ عَلَيْكَ وَبَنَاتِ عَمِّكَ وَبَنَاتِ عَمَّـٰتِكَ وَبَنَاتِ خَالِكَ وَبَنَاتِ خَـٰلَـٰتِكَ ٱلَّـٰتِى هَاجَرْنَ مَعَكَ وَٱمْرَأَةً مُّؤْمِنَةً إِن وَهَبَتْ نَفْسَهَا لِلنَّبِىِّ إِنْ أَرَادَ ٱلنَّبِىُّ أَن يَسْتَنكِحَهَا خَالِصَةً لَّكَ مِن دُونِ ٱلْمُؤْمِنِينَ ۗ قَدْ عَلِمْنَا مَا فَرَضْنَا عَلَيْهِمْ فِىٓ أَزْوَٰجِهِمْ وَمَا مَلَكَتْ أَيْمَـٰنُهُمْ لِكَيْلَا يَكُونَ عَلَيْكَ حَرَجٌ ۗ وَكَانَ ٱللَّهُ غَفُورًا رَّحِيمًا",
        "۞ تُرْجِى مَن تَشَآءُ مِنْهُنَّ وَتُـْٔوِىٓ إِلَيْكَ مَن تَشَآءُ ۖ وَمَنِ ٱبْتَغَيْتَ مِمَّنْ عَزَلْتَ فَلَا جُنَاحَ عَلَيْكَ ۚ ذَٰلِكَ أَدْنَىٰٓ أَن تَقَرَّ أَعْيُنُهُنَّ وَلَا يَحْزَنَّ وَيَرْضَيْنَ بِمَآ ءَاتَيْتَهُنَّ كُلُّهُنَّ ۚ وَٱللَّهُ يَعْلَمُ مَا فِى قُلُوبِكُمْ ۚ وَكَانَ ٱللَّهُ عَلِيمًا حَلِيمًا",
        "لَّا يَحِلُّ لَكَ ٱلنِّسَآءُ مِنۢ بَعْدُ وَلَآ أَن تَبَدَّلَ بِهِنَّ مِنْ أَزْوَٰجٍ وَلَوْ أَعْجَبَكَ حُسْنُهُنَّ إِلَّا مَا مَلَكَتْ يَمِينُكَ ۗ وَكَانَ ٱللَّهُ عَلَىٰ كُلِّ شَىْءٍ رَّقِيبًا",
        "يَـٰٓأَيُّهَا ٱلَّذِينَ ءَامَنُوا۟ لَا تَدْخُلُوا۟ بُيُوتَ ٱلنَّبِىِّ إِلَّآ أَن يُؤْذَنَ لَكُمْ إِلَىٰ طَعَامٍ غَيْرَ نَـٰظِرِينَ إِنَىٰهُ وَلَـٰكِنْ إِذَا دُعِيتُمْ فَٱدْخُلُوا۟ فَإِذَا طَعِمْتُمْ فَٱنتَشِرُوا۟ وَلَا مُسْتَـْٔنِسِينَ لِحَدِيثٍ ۚ إِنَّ ذَٰلِكُمْ كَانَ يُؤْذِى ٱلنَّبِىَّ فَيَسْتَحْىِۦ مِنكُمْ ۖ وَٱللَّهُ لَا يَسْتَحْىِۦ مِنَ ٱلْحَقِّ ۚ وَإِذَا سَأَلْتُمُوهُنَّ مَتَـٰعًا فَسْـَٔلُوهُنَّ مِن وَرَآءِ حِجَابٍ ۚ ذَٰلِكُمْ أَطْهَرُ لِقُلُوبِكُمْ وَقُلُوبِهِنَّ ۚ وَمَا كَانَ لَكُمْ أَن تُؤْذُوا۟ رَسُولَ ٱللَّهِ وَلَآ أَن تَنكِحُوٓا۟ أَزْوَٰجَهُۥ مِنۢ بَعْدِهِۦٓ أَبَدًا ۚ إِنَّ ذَٰلِكُمْ كَانَ عِندَ ٱللَّهِ عَظِيمًا",
        "إِن تُبْدُوا۟ شَيْـًٔا أَوْ تُخْفُوهُ فَإِنَّ ٱللَّهَ كَانَ بِكُلِّ شَىْءٍ عَلِيمًا",
        "لَّا جُنَاحَ عَلَيْهِنَّ فِىٓ ءَابَآئِهِنَّ وَلَآ أَبْنَآئِهِنَّ وَلَآ إِخْوَٰنِهِنَّ وَلَآ أَبْنَآءِ إِخْوَٰنِهِنَّ وَلَآ أَبْنَآءِ أَخَوَٰتِهِنَّ وَلَا نِسَآئِهِنَّ وَلَا مَا مَلَكَتْ أَيْمَـٰنُهُنَّ ۗ وَٱتَّقِينَ ٱللَّهَ ۚ إِنَّ ٱللَّهَ كَانَ عَلَىٰ كُلِّ شَىْءٍ شَهِيدًا",
        "إِنَّ ٱللَّهَ وَمَلَـٰٓئِكَتَهُۥ يُصَلُّونَ عَلَى ٱلنَّبِىِّ ۚ يَـٰٓأَيُّهَا ٱلَّذِينَ ءَامَنُوا۟ صَلُّوا۟ عَلَيْهِ وَسَلِّمُوا۟ تَسْلِيمًا",
        "إِنَّ ٱلَّذِينَ يُؤْذُونَ ٱللَّهَ وَرَسُولَهُۥ لَعَنَهُمُ ٱللَّهُ فِى ٱلدُّنْيَا وَٱلْـَٔاخِرَةِ وَأَعَدَّ لَهُمْ عَذَابًا مُّهِينًا",
        "وَٱلَّذِينَ يُؤْذُونَ ٱلْمُؤْمِنِينَ وَٱلْمُؤْمِنَـٰتِ بِغَيْرِ مَا ٱكْتَسَبُوا۟ فَقَدِ ٱحْتَمَلُوا۟ بُهْتَـٰنًا وَإِثْمًا مُّبِينًا",
        "يَـٰٓأَيُّهَا ٱلنَّبِىُّ قُل لِّأَزْوَٰجِكَ وَبَنَاتِكَ وَنِسَآءِ ٱلْمُؤْمِنِينَ يُدْنِينَ عَلَيْهِنَّ مِن جَلَـٰبِيبِهِنَّ ۚ ذَٰلِكَ أَدْنَىٰٓ أَن يُعْرَفْنَ فَلَا يُؤْذَيْنَ ۗ وَكَانَ ٱللَّهُ غَفُورًا رَّحِيمًا",
        "۞ لَّئِن لَّمْ يَنتَهِ ٱلْمُنَـٰفِقُونَ وَٱلَّذِينَ فِى قُلُوبِهِم مَّرَضٌ وَٱلْمُرْجِفُونَ فِى ٱلْمَدِينَةِ لَنُغْرِيَنَّكَ بِهِمْ ثُمَّ لَا يُجَاوِرُونَكَ فِيهَآ إِلَّا قَلِيلًا",
        "مَّلْعُونِينَ ۖ أَيْنَمَا ثُقِفُوٓا۟ أُخِذُوا۟ وَقُتِّلُوا۟ تَقْتِيلًا",
        "سُنَّةَ ٱللَّهِ فِى ٱلَّذِينَ خَلَوْا۟ مِن قَبْلُ ۖ وَلَن تَجِدَ لِسُنَّةِ ٱللَّهِ تَبْدِيلًا",
        "يَسْـَٔلُكَ ٱلنَّاسُ عَنِ ٱلسَّاعَةِ ۖ قُلْ إِنَّمَا عِلْمُهَا عِندَ ٱللَّهِ ۚ وَمَا يُدْرِيكَ لَعَلَّ ٱلسَّاعَةَ تَكُونُ قَرِيبًا",
        "إِنَّ ٱللَّهَ لَعَنَ ٱلْكَـٰفِرِينَ وَأَعَدَّ لَهُمْ سَعِيرًا",
        "خَـٰلِدِينَ فِيهَآ أَبَدًا ۖ لَّا يَجِدُونَ وَلِيًّا وَلَا نَصِيرًا",
        "يَوْمَ تُقَلَّبُ وُجُوهُهُمْ فِى ٱلنَّارِ يَقُولُونَ يَـٰلَيْتَنَآ أَطَعْنَا ٱللَّهَ وَأَطَعْنَا ٱلرَّسُولَا۠",
        "وَقَالُوا۟ رَبَّنَآ إِنَّآ أَطَعْنَا سَادَتَنَا وَكُبَرَآءَنَا فَأَضَلُّونَا ٱلسَّبِيلَا۠",
        "رَبَّنَآ ءَاتِهِمْ ضِعْفَيْنِ مِنَ ٱلْعَذَابِ وَٱلْعَنْهُمْ لَعْنًا كَبِيرًا",
        "يَـٰٓأَيُّهَا ٱلَّذِينَ ءَامَنُوا۟ لَا تَكُونُوا۟ كَٱلَّذِينَ ءَاذَوْا۟ مُوسَىٰ فَبَرَّأَهُ ٱللَّهُ مِمَّا قَالُوا۟ ۚ وَكَانَ عِندَ ٱللَّهِ وَجِيهًا",
        "يَـٰٓأَيُّهَا ٱلَّذِينَ ءَامَنُوا۟ ٱتَّقُوا۟ ٱللَّهَ وَقُولُوا۟ قَوْلًا سَدِيدًا",
        "يُصْلِحْ لَكُمْ أَعْمَـٰلَكُمْ وَيَغْفِرْ لَكُمْ ذُنُوبَكُمْ ۗ وَمَن يُطِعِ ٱللَّهَ وَرَسُولَهُۥ فَقَدْ فَازَ فَوْزًا عَظِيمًا",
        "إِنَّا عَرَضْنَا ٱلْأَمَانَةَ عَلَى ٱلسَّمَـٰوَٰتِ وَٱلْأَرْضِ وَٱلْجِبَالِ فَأَبَيْنَ أَن يَحْمِلْنَهَا وَأَشْفَقْنَ مِنْهَا وَحَمَلَهَا ٱلْإِنسَـٰنُ ۖ إِنَّهُۥ كَانَ ظَلُومًا جَهُولًا",
        "لِّيُعَذِّبَ ٱللَّهُ ٱلْمُنَـٰفِقِينَ وَٱلْمُنَـٰفِقَـٰتِ وَٱلْمُشْرِكِينَ وَٱلْمُشْرِكَـٰتِ وَيَتُوبَ ٱللَّهُ عَلَى ٱلْمُؤْمِنِينَ وَٱلْمُؤْمِنَـٰتِ ۗ وَكَانَ ٱللَّهُ غَفُورًا رَّحِيمًۢا"
    ],
    "arabic2": [
        "يا ايها النبي اتق الله ولا تطع الكافرين والمنافقين ان الله كان عليما حكيما",
        "واتبع ما يوحى اليك من ربك ان الله كان بما تعملون خبيرا",
        "وتوكل على الله وكفى بالله وكيلا",
        "ما جعل الله لرجل من قلبين في جوفه وما جعل ازواجكم اللائي تظاهرون منهن امهاتكم وما جعل ادعياءكم ابناءكم ذلكم قولكم بافواهكم والله يقول الحق وهو يهدي السبيل",
        "ادعوهم لابائهم هو اقسط عند الله فان لم تعلموا اباءهم فاخوانكم في الدين ومواليكم وليس عليكم جناح فيما اخطاتم به ولكن ما تعمدت قلوبكم وكان الله غفورا رحيما",
        "النبي اولى بالمؤمنين من انفسهم وازواجه امهاتهم واولو الارحام بعضهم اولى ببعض في كتاب الله من المؤمنين والمهاجرين الا ان تفعلوا الى اوليائكم معروفا كان ذلك في الكتاب مسطورا",
        "واذ اخذنا من النبيين ميثاقهم ومنك ومن نوح وابراهيم وموسى وعيسى ابن مريم واخذنا منهم ميثاقا غليظا",
        "ليسال الصادقين عن صدقهم واعد للكافرين عذابا اليما",
        "يا ايها الذين امنوا اذكروا نعمة الله عليكم اذ جاءتكم جنود فارسلنا عليهم ريحا وجنودا لم تروها وكان الله بما تعملون بصيرا",
        "اذ جاءوكم من فوقكم ومن اسفل منكم واذ زاغت الابصار وبلغت القلوب الحناجر وتظنون بالله الظنونا",
        "هنالك ابتلي المؤمنون وزلزلوا زلزالا شديدا",
        "واذ يقول المنافقون والذين في قلوبهم مرض ما وعدنا الله ورسوله الا غرورا",
        "واذ قالت طائفة منهم يا اهل يثرب لا مقام لكم فارجعوا ويستاذن فريق منهم النبي يقولون ان بيوتنا عورة وما هي بعورة ان يريدون الا فرارا",
        "ولو دخلت عليهم من اقطارها ثم سئلوا الفتنة لاتوها وما تلبثوا بها الا يسيرا",
        "ولقد كانوا عاهدوا الله من قبل لا يولون الادبار وكان عهد الله مسئولا",
        "قل لن ينفعكم الفرار ان فررتم من الموت او القتل واذا لا تمتعون الا قليلا",
        "قل من ذا الذي يعصمكم من الله ان اراد بكم سوءا او اراد بكم رحمة ولا يجدون لهم من دون الله وليا ولا نصيرا",
        "قد يعلم الله المعوقين منكم والقائلين لاخوانهم هلم الينا ولا ياتون الباس الا قليلا",
        "اشحة عليكم فاذا جاء الخوف رايتهم ينظرون اليك تدور اعينهم كالذي يغشى عليه من الموت فاذا ذهب الخوف سلقوكم بالسنة حداد اشحة على الخير اولئك لم يؤمنوا فاحبط الله اعمالهم وكان ذلك على الله يسيرا",
        "يحسبون الاحزاب لم يذهبوا وان يات الاحزاب يودوا لو انهم بادون في الاعراب يسالون عن انبائكم ولو كانوا فيكم ما قاتلوا الا قليلا",
        "لقد كان لكم في رسول الله اسوة حسنة لمن كان يرجو الله واليوم الاخر وذكر الله كثيرا",
        "ولما راى المؤمنون الاحزاب قالوا هذا ما وعدنا الله ورسوله وصدق الله ورسوله وما زادهم الا ايمانا وتسليما",
        "من المؤمنين رجال صدقوا ما عاهدوا الله عليه فمنهم من قضى نحبه ومنهم من ينتظر وما بدلوا تبديلا",
        "ليجزي الله الصادقين بصدقهم ويعذب المنافقين ان شاء او يتوب عليهم ان الله كان غفورا رحيما",
        "ورد الله الذين كفروا بغيظهم لم ينالوا خيرا وكفى الله المؤمنين القتال وكان الله قويا عزيزا",
        "وانزل الذين ظاهروهم من اهل الكتاب من صياصيهم وقذف في قلوبهم الرعب فريقا تقتلون وتاسرون فريقا",
        "واورثكم ارضهم وديارهم واموالهم وارضا لم تطئوها وكان الله على كل شيء قديرا",
        "يا ايها النبي قل لازواجك ان كنتن تردن الحياة الدنيا وزينتها فتعالين امتعكن واسرحكن سراحا جميلا",
        "وان كنتن تردن الله ورسوله والدار الاخرة فان الله اعد للمحسنات منكن اجرا عظيما",
        "يا نساء النبي من يات منكن بفاحشة مبينة يضاعف لها العذاب ضعفين وكان ذلك على الله يسيرا",
        "ومن يقنت منكن لله ورسوله وتعمل صالحا نؤتها اجرها مرتين واعتدنا لها رزقا كريما",
        "يا نساء النبي لستن كاحد من النساء ان اتقيتن فلا تخضعن بالقول فيطمع الذي في قلبه مرض وقلن قولا معروفا",
        "وقرن في بيوتكن ولا تبرجن تبرج الجاهلية الاولى واقمن الصلاة واتين الزكاة واطعن الله ورسوله انما يريد الله ليذهب عنكم الرجس اهل البيت ويطهركم تطهيرا",
        "واذكرن ما يتلى في بيوتكن من ايات الله والحكمة ان الله كان لطيفا خبيرا",
        "ان المسلمين والمسلمات والمؤمنين والمؤمنات والقانتين والقانتات والصادقين والصادقات والصابرين والصابرات والخاشعين والخاشعات والمتصدقين والمتصدقات والصائمين والصائمات والحافظين فروجهم والحافظات والذاكرين الله كثيرا والذاكرات اعد الله لهم مغفرة واجرا عظيما",
        "وما كان لمؤمن ولا مؤمنة اذا قضى الله ورسوله امرا ان يكون لهم الخيرة من امرهم ومن يعص الله ورسوله فقد ضل ضلالا مبينا",
        "واذ تقول للذي انعم الله عليه وانعمت عليه امسك عليك زوجك واتق الله وتخفي في نفسك ما الله مبديه وتخشى الناس والله احق ان تخشاه فلما قضى زيد منها وطرا زوجناكها لكي لا يكون على المؤمنين حرج في ازواج ادعيائهم اذا قضوا منهن وطرا وكان امر الله مفعولا",
        "ما كان على النبي من حرج فيما فرض الله له سنة الله في الذين خلوا من قبل وكان امر الله قدرا مقدورا",
        "الذين يبلغون رسالات الله ويخشونه ولا يخشون احدا الا الله وكفى بالله حسيبا",
        "ما كان محمد ابا احد من رجالكم ولكن رسول الله وخاتم النبيين وكان الله بكل شيء عليما",
        "يا ايها الذين امنوا اذكروا الله ذكرا كثيرا",
        "وسبحوه بكرة واصيلا",
        "هو الذي يصلي عليكم وملائكته ليخرجكم من الظلمات الى النور وكان بالمؤمنين رحيما",
        "تحيتهم يوم يلقونه سلام واعد لهم اجرا كريما",
        "يا ايها النبي انا ارسلناك شاهدا ومبشرا ونذيرا",
        "وداعيا الى الله باذنه وسراجا منيرا",
        "وبشر المؤمنين بان لهم من الله فضلا كبيرا",
        "ولا تطع الكافرين والمنافقين ودع اذاهم وتوكل على الله وكفى بالله وكيلا",
        "يا ايها الذين امنوا اذا نكحتم المؤمنات ثم طلقتموهن من قبل ان تمسوهن فما لكم عليهن من عدة تعتدونها فمتعوهن وسرحوهن سراحا جميلا",
        "يا ايها النبي انا احللنا لك ازواجك اللاتي اتيت اجورهن وما ملكت يمينك مما افاء الله عليك وبنات عمك وبنات عماتك وبنات خالك وبنات خالاتك اللاتي هاجرن معك وامراة مؤمنة ان وهبت نفسها للنبي ان اراد النبي ان يستنكحها خالصة لك من دون المؤمنين قد علمنا ما فرضنا عليهم في ازواجهم وما ملكت ايمانهم لكيلا يكون عليك حرج وكان الله غفورا رحيما",
        "ترجي من تشاء منهن وتؤوي اليك من تشاء ومن ابتغيت ممن عزلت فلا جناح عليك ذلك ادنى ان تقر اعينهن ولا يحزن ويرضين بما اتيتهن كلهن والله يعلم ما في قلوبكم وكان الله عليما حليما",
        "لا يحل لك النساء من بعد ولا ان تبدل بهن من ازواج ولو اعجبك حسنهن الا ما ملكت يمينك وكان الله على كل شيء رقيبا",
        "يا ايها الذين امنوا لا تدخلوا بيوت النبي الا ان يؤذن لكم الى طعام غير ناظرين اناه ولكن اذا دعيتم فادخلوا فاذا طعمتم فانتشروا ولا مستانسين لحديث ان ذلكم كان يؤذي النبي فيستحيي منكم والله لا يستحيي من الحق واذا سالتموهن متاعا فاسالوهن من وراء حجاب ذلكم اطهر لقلوبكم وقلوبهن وما كان لكم ان تؤذوا رسول الله ولا ان تنكحوا ازواجه من بعده ابدا ان ذلكم كان عند الله عظيما",
        "ان تبدوا شيئا او تخفوه فان الله كان بكل شيء عليما",
        "لا جناح عليهن في ابائهن ولا ابنائهن ولا اخوانهن ولا ابناء اخوانهن ولا ابناء اخواتهن ولا نسائهن ولا ما ملكت ايمانهن واتقين الله ان الله كان على كل شيء شهيدا",
        "ان الله وملائكته يصلون على النبي يا ايها الذين امنوا صلوا عليه وسلموا تسليما",
        "ان الذين يؤذون الله ورسوله لعنهم الله في الدنيا والاخرة واعد لهم عذابا مهينا",
        "والذين يؤذون المؤمنين والمؤمنات بغير ما اكتسبوا فقد احتملوا بهتانا واثما مبينا",
        "يا ايها النبي قل لازواجك وبناتك ونساء المؤمنين يدنين عليهن من جلابيبهن ذلك ادنى ان يعرفن فلا يؤذين وكان الله غفورا رحيما",
        "لئن لم ينته المنافقون والذين في قلوبهم مرض والمرجفون في المدينة لنغرينك بهم ثم لا يجاورونك فيها الا قليلا",
        "ملعونين اينما ثقفوا اخذوا وقتلوا تقتيلا",
        "سنة الله في الذين خلوا من قبل ولن تجد لسنة الله تبديلا",
        "يسالك الناس عن الساعة قل انما علمها عند الله وما يدريك لعل الساعة تكون قريبا",
        "ان الله لعن الكافرين واعد لهم سعيرا",
        "خالدين فيها ابدا لا يجدون وليا ولا نصيرا",
        "يوم تقلب وجوههم في النار يقولون يا ليتنا اطعنا الله واطعنا الرسولا",
        "وقالوا ربنا انا اطعنا سادتنا وكبراءنا فاضلونا السبيلا",
        "ربنا اتهم ضعفين من العذاب والعنهم لعنا كبيرا",
        "يا ايها الذين امنوا لا تكونوا كالذين اذوا موسى فبراه الله مما قالوا وكان عند الله وجيها",
        "يا ايها الذين امنوا اتقوا الله وقولوا قولا سديدا",
        "يصلح لكم اعمالكم ويغفر لكم ذنوبكم ومن يطع الله ورسوله فقد فاز فوزا عظيما",
        "انا عرضنا الامانة على السماوات والارض والجبال فابين ان يحملنها واشفقن منها وحملها الانسان انه كان ظلوما جهولا",
        "ليعذب الله المنافقين والمنافقات والمشركين والمشركات ويتوب الله على المؤمنين والمؤمنات وكان الله غفورا رحيما"
    ]
}