{
    "surahName": "Saba",
    "surahNameArabic": "سبإ",
    "surahNameArabicLong": "سورة سَبَأ",
    "surahNameTranslation": "Sheba",
    "revelationPlace": "Mecca",
    "totalAyah": 54,
    "surahNo": 34,
    "english": [
        "All praise is for Allah, to Whom belongs whatever is in the heavens and whatever is on the earth. And praise be to Him in the Hereafter. He is the All-Wise, All-Aware.",
        "He knows whatever goes into the earth and whatever comes out of it, and whatever descends from the sky and whatever ascends into it. And He is the Most Merciful, All-Forgiving.",
        "The disbelievers say, “The Hour will never come to us.” Say, ˹O Prophet,˺ “Yes—by my Lord, the Knower of the unseen—it will certainly come to you!” Not ˹even˺ an atom’s weight is hidden from Him in the heavens or the earth; nor anything smaller or larger than that, but is ˹written˺ in a perfect Record.",
        "So He may reward those who believe and do good. It is they who will have forgiveness and an honourable provision.",
        "As for those who strive to discredit Our revelations, it is they who will suffer the ˹worst˺ torment of agonizing pain.",
        "Those gifted with knowledge ˹clearly˺ see that what has been revealed to you from your Lord ˹O Prophet˺ is the truth, and that it guides to the Path of the Almighty, the Praiseworthy.",
        "The disbelievers say ˹mockingly to one another˺, “Shall we show you a man who claims that when you have been utterly disintegrated you will be raised as a new creation?",
        "Has he fabricated a lie against Allah or is he insane?” In fact, those who do not believe in the Hereafter are bound for torment and have strayed farthest ˹from the truth˺.",
        "Have they not then seen all that surrounds them of the heavens and the earth? If We willed, We could cause the earth to swallow them up, or cause ˹deadly˺ pieces of the sky to fall upon them. Surely in this is a sign for every servant who turns ˹to Allah˺.",
        "Indeed, We granted David a ˹great˺ privilege from Us, ˹commanding:˺ “O mountains! Echo his hymns! And the birds as well.” We made iron mouldable for him",
        "instructing: “Make full-length armour, ˹perfectly˺ balancing the links. And work righteousness ˹O family of David!˺. Indeed, I am All-Seeing of what you do.”",
        "And to Solomon ˹We subjected˺ the wind: its morning stride was a month’s journey and so was its evening stride. And We caused a stream of molten copper to flow for him, and ˹We subjected˺ some of the jinn to work under him by his Lord’s Will. And whoever of them deviated from Our command, We made them taste the torment of the blaze.",
        "They made for him whatever he desired of sanctuaries, statues, basins as large as reservoirs, and cooking pots fixed ˹into the ground˺. ˹We ordered:˺ “Work gratefully, O  family of David!” ˹Only˺ a few of My servants are ˹truly˺ grateful.",
        "When We decreed Solomon’s death, nothing indicated to the ˹subjected˺ jinn that he was dead except the termites eating away his staff. So when he collapsed, the jinn realized that if they had ˹really˺ known the unseen, they would not have remained in ˹such˺ humiliating servitude.",
        "Indeed, there was a sign for ˹the tribe of˺ Sheba in their homeland: two orchards—one to the right and the other to the left. ˹They were told:˺ “Eat from the provision of your Lord, and be grateful to Him. ˹Yours is˺ a good land and a forgiving Lord.”",
        "But they turned away. So We sent against them a devastating flood, and replaced their orchards with two others producing bitter fruit, fruitless bushes, and a few ˹sparse˺ thorny trees.",
        "This is how We rewarded them for their ingratitude. Would We ever punish ˹anyone in such a way˺ except the ungrateful?",
        "We had also placed between them and the cities We showered with blessings ˹many small˺ towns within sight of one another. And We set moderate travel distances in between, ˹saying,˺ “Travel between them by day and night safely.”",
        "But they said, “Our Lord! Make ˹the distances of˺ our journeys longer,” wronging themselves. So We reduced them to ˹cautionary˺ tales, and scattered them utterly. Surely in this are lessons for whoever is steadfast, grateful.",
        "Indeed, Iblîs’ assumption about them has come true, so they ˹all˺ follow him, except a group of ˹true˺ believers.",
        "He does not have any authority over them, but ˹Our Will is˺ only to distinguish those who believe in the Hereafter from those who are in doubt about it. And your Lord is a ˹vigilant˺ Keeper over all things.”",
        "Say, ˹O Prophet,˺ “Call upon those you claim ˹to be divine˺ besides Allah. They do not possess ˹even˺ an atom’s weight either in the heavens or the earth, nor do they have any share in ˹governing˺ them. Nor is any of them a helper to Him.”",
        "No intercession will be of any benefit with Him, except by those granted permission by Him. ˹At last,˺ when the dread ˹of Judgment Day˺ is relieved from their hearts ˹because they are permitted to intercede˺, they will ˹excitedly˺ ask ˹the angels˺, “What has your Lord ˹just˺ said?” The angels will reply, “The truth! And He is the Most High, All-Great.”",
        "Ask ˹them, O  Prophet˺, “Who provides for you from the heavens and the earth?” Say, “Allah! Now, certainly one of our two groups is ˹rightly˺ guided; the other is clearly astray.”",
        "Say, “You will not be accountable for our misdeeds, nor will we be accountable for your deeds.”",
        "Say, “Our Lord will gather us together, then He will judge between us with the truth. For He is the All-Knowing Judge.”",
        "Say, “Show me those ˹idols˺ you have joined with Him as partners. No! In fact, He ˹alone˺ is Allah—the Almighty, All-Wise.”",
        "We have sent you ˹O Prophet˺ only as a deliverer of good news and a warner to all of humanity, but most people do not know.",
        "And they ask ˹the believers˺, “When will this threat come to pass, if what you say is true?”",
        "Say, ˹O Prophet,˺ “A Day has ˹already˺ been appointed for you, which you can neither delay nor advance by a ˹single˺ moment.”",
        "The disbelievers vow, “We will never believe in this Quran, nor in those ˹Scriptures˺ before it.” If only you could see when the wrongdoers will be detained before their Lord, throwing blame at each other! The lowly ˹followers˺ will say to the arrogant ˹leaders˺, “Had it not been for you, we would certainly have been believers.”",
        "The arrogant will respond to the lowly, “Did we ever hinder you from guidance after it came to you? In fact, you were wicked ˹on your own˺.”",
        "The lowly will say to the arrogant, “No! It was your plotting by day and night—when you ordered us to disbelieve in Allah and to set up equals with Him.” They will ˹all˺ hide ˹their˺ remorse when they see the torment. And We will put shackles around the necks of the disbelievers. Will they be rewarded except for what they used to do?",
        "Whenever We sent a warner to a society, its elite would say, “We truly reject what you have been sent with.”",
        "Adding, “We are far superior ˹to the believers˺ in wealth and children, and we will never be punished.”",
        "Say, ˹O Prophet,˺ “Surely ˹it is˺ my Lord ˹Who˺ gives abundant or limited provisions to whoever He wills. But most people do not know.”",
        "It is not your wealth or children that bring you closer to Us. But those who believe and do good—it is they who will have a multiplied reward for what they did, and they will be secure in ˹elevated˺ mansions.",
        "As for those who strive to discredit Our revelations, it is they who will be confined in punishment.",
        "Say, ˹O Prophet,˺ “Surely ˹it is˺ my Lord ˹Who˺ gives abundant or limited provisions to whoever He wills of His servants. And whatever you spend in charity, He will compensate ˹you˺ for it. For He is the Best Provider.”",
        "And ˹consider˺ the Day He will gather them all together, and then ask the angels, “Was it you that these ˹polytheists˺ used to worship?”",
        "They will say, “Glory be to You! Our loyalty is to You, not them. In fact, they ˹only˺ followed the ˹temptations of evil˺ jinn, in whom most of them had faith.”",
        "So Today neither of you can benefit or protect each other. And We will say to the wrongdoers, “Taste the torment of the Fire, which you used to deny.”",
        "When Our clear revelations are recited to them, they say, “This is only a man who wishes to hinder you from what your forefathers used to worship.” They also say, “This ˹Quran˺ is no more than a fabricated lie.” And the disbelievers say of the truth when it has come to them, “This is nothing but pure magic.”",
        "˹They say so even though˺ We had never given them any scriptures to study, nor did We ever send them a warner before you ˹O Prophet˺.",
        "Those ˹destroyed˺ before them denied as well—and these ˹Meccans˺ have not attained even one-tenth of what We had given their predecessors. Yet ˹when˺ they denied My messengers, how severe was My response!",
        "Say, ˹O Prophet,˺ “I advise you to do ˹only˺ one thing: stand up for ˹the sake of˺ Allah—individually or in pairs—then reflect. Your fellow man is not insane. He is only a warner to you before ˹the coming of˺ a severe punishment.”",
        "Say, “If I had ever asked you for a reward, you could keep it. My reward is only from Allah. And He is a Witness over all things.”",
        "Say, “Surely my Lord hurls the truth ˹against falsehood˺. ˹He is˺ the Knower of all unseen.”",
        "Say, “The truth has come, and falsehood will vanish, never to return.”",
        "Say, “If I am astray, the loss is only mine. And if I am guided, it is ˹only˺ because of what my Lord reveals to me. He is indeed All-Hearing, Ever Near.”",
        "If only you could see when they will be horrified with no escape ˹on Judgment Day˺! And they will be seized from a nearby place.",
        "They will ˹then˺ cry, “We do ˹now˺ believe in it ˹all˺.” But how could they ˹possibly˺ attain faith from a place so far-off ˹from the world˺",
        "while they had already rejected it before, guessing blindly from a place ˹equally˺ far-away ˹from the Hereafter˺?",
        "They will be sealed off from whatever they desire, as was done to their counterparts before. Indeed, they were ˹all˺ in alarming doubt."
    ],
    "arabic1": [
        " ٱلْحَمْدُ لِلَّهِ ٱلَّذِى لَهُۥ مَا فِى ٱلسَّمَـٰوَٰتِ وَمَا فِى ٱلْأَرْضِ وَلَهُ ٱلْحَمْدُ فِى ٱلْـَٔاخِرَةِ ۚ وَهُوَ ٱلْحَكِيمُ ٱلْخَبِيرُ",
        "يَعْلَمُ مَا يَلِجُ فِى ٱلْأَرْضِ وَمَا يَخْرُجُ مِنْهَا وَمَا يَنزِلُ مِنَ ٱلسَّمَآءِ وَمَا يَعْرُجُ فِيهَا ۚ وَهُوَ ٱلرَّحِيمُ ٱلْغَفُورُ",
        "وَقَالَ ٱلَّذِينَ كَفَرُوا۟ لَا تَأْتِينَا ٱلسَّاعَةُ ۖ قُلْ بَلَىٰ وَرَبِّى لَتَأْتِيَنَّكُمْ عَـٰلِمِ ٱلْغَيْبِ ۖ لَا يَعْزُبُ عَنْهُ مِثْقَالُ ذَرَّةٍ فِى ٱلسَّمَـٰوَٰتِ وَلَا فِى ٱلْأَرْضِ وَلَآ أَصْغَرُ مِن ذَٰلِكَ وَلَآ أَكْبَرُ إِلَّا فِى كِتَـٰبٍ مُّبِينٍ",
        "لِّيَجْزِىَ ٱلَّذِينَ ءَامَنُوا۟ وَعَمِلُوا۟ ٱلصَّـٰلِحَـٰتِ ۚ أُو۟لَـٰٓئِكَ لَهُم مَّغْفِرَةٌ وَرِزْقٌ كَرِيمٌ",
        "وَٱلَّذِينَ سَعَوْ فِىٓ ءَايَـٰتِنَا مُعَـٰجِزِينَ أُو۟لَـٰٓئِكَ لَهُمْ عَذَابٌ مِّن رِّجْزٍ أَلِيمٌ",
        "وَيَرَى ٱلَّذِينَ أُوتُوا۟ ٱلْعِلْمَ ٱلَّذِىٓ أُنزِلَ إِلَيْكَ مِن رَّبِّكَ هُوَ ٱلْحَقَّ وَيَهْدِىٓ إِلَىٰ صِرَٰطِ ٱلْعَزِيزِ ٱلْحَمِيدِ",
        "وَقَالَ ٱلَّذِينَ كَفَرُوا۟ هَلْ نَدُلُّكُمْ عَلَىٰ رَجُلٍ يُنَبِّئُكُمْ إِذَا مُزِّقْتُمْ كُلَّ مُمَزَّقٍ إِنَّكُمْ لَفِى خَلْقٍ جَدِيدٍ",
        "أَفْتَرَىٰ عَلَى ٱللَّهِ كَذِبًا أَم بِهِۦ جِنَّةٌۢ ۗ بَلِ ٱلَّذِينَ لَا يُؤْمِنُونَ بِٱلْـَٔاخِرَةِ فِى ٱلْعَذَابِ وَٱلضَّلَـٰلِ ٱلْبَعِيدِ",
        "أَفَلَمْ يَرَوْا۟ إِلَىٰ مَا بَيْنَ أَيْدِيهِمْ وَمَا خَلْفَهُم مِّنَ ٱلسَّمَآءِ وَٱلْأَرْضِ ۚ إِن نَّشَأْ نَخْسِفْ بِهِمُ ٱلْأَرْضَ أَوْ نُسْقِطْ عَلَيْهِمْ كِسَفًا مِّنَ ٱلسَّمَآءِ ۚ إِنَّ فِى ذَٰلِكَ لَـَٔايَةً لِّكُلِّ عَبْدٍ مُّنِيبٍ",
        "۞ وَلَقَدْ ءَاتَيْنَا دَاوُۥدَ مِنَّا فَضْلًا ۖ يَـٰجِبَالُ أَوِّبِى مَعَهُۥ وَٱلطَّيْرَ ۖ وَأَلَنَّا لَهُ ٱلْحَدِيدَ",
        "أَنِ ٱعْمَلْ سَـٰبِغَـٰتٍ وَقَدِّرْ فِى ٱلسَّرْدِ ۖ وَٱعْمَلُوا۟ صَـٰلِحًا ۖ إِنِّى بِمَا تَعْمَلُونَ بَصِيرٌ",
        "وَلِسُلَيْمَـٰنَ ٱلرِّيحَ غُدُوُّهَا شَهْرٌ وَرَوَاحُهَا شَهْرٌ ۖ وَأَسَلْنَا لَهُۥ عَيْنَ ٱلْقِطْرِ ۖ وَمِنَ ٱلْجِنِّ مَن يَعْمَلُ بَيْنَ يَدَيْهِ بِإِذْنِ رَبِّهِۦ ۖ وَمَن يَزِغْ مِنْهُمْ عَنْ أَمْرِنَا نُذِقْهُ مِنْ عَذَابِ ٱلسَّعِيرِ",
        "يَعْمَلُونَ لَهُۥ مَا يَشَآءُ مِن مَّحَـٰرِيبَ وَتَمَـٰثِيلَ وَجِفَانٍ كَٱلْجَوَابِ وَقُدُورٍ رَّاسِيَـٰتٍ ۚ ٱعْمَلُوٓا۟ ءَالَ دَاوُۥدَ شُكْرًا ۚ وَقَلِيلٌ مِّنْ عِبَادِىَ ٱلشَّكُورُ",
        "فَلَمَّا قَضَيْنَا عَلَيْهِ ٱلْمَوْتَ مَا دَلَّهُمْ عَلَىٰ مَوْتِهِۦٓ إِلَّا دَآبَّةُ ٱلْأَرْضِ تَأْكُلُ مِنسَأَتَهُۥ ۖ فَلَمَّا خَرَّ تَبَيَّنَتِ ٱلْجِنُّ أَن لَّوْ كَانُوا۟ يَعْلَمُونَ ٱلْغَيْبَ مَا لَبِثُوا۟ فِى ٱلْعَذَابِ ٱلْمُهِينِ",
        "لَقَدْ كَانَ لِسَبَإٍ فِى مَسْكَنِهِمْ ءَايَةٌ ۖ جَنَّتَانِ عَن يَمِينٍ وَشِمَالٍ ۖ كُلُوا۟ مِن رِّزْقِ رَبِّكُمْ وَٱشْكُرُوا۟ لَهُۥ ۚ بَلْدَةٌ طَيِّبَةٌ وَرَبٌّ غَفُورٌ",
        "فَأَعْرَضُوا۟ فَأَرْسَلْنَا عَلَيْهِمْ سَيْلَ ٱلْعَرِمِ وَبَدَّلْنَـٰهُم بِجَنَّتَيْهِمْ جَنَّتَيْنِ ذَوَاتَىْ أُكُلٍ خَمْطٍ وَأَثْلٍ وَشَىْءٍ مِّن سِدْرٍ قَلِيلٍ",
        "ذَٰلِكَ جَزَيْنَـٰهُم بِمَا كَفَرُوا۟ ۖ وَهَلْ نُجَـٰزِىٓ إِلَّا ٱلْكَفُورَ",
        "وَجَعَلْنَا بَيْنَهُمْ وَبَيْنَ ٱلْقُرَى ٱلَّتِى بَـٰرَكْنَا فِيهَا قُرًى ظَـٰهِرَةً وَقَدَّرْنَا فِيهَا ٱلسَّيْرَ ۖ سِيرُوا۟ فِيهَا لَيَالِىَ وَأَيَّامًا ءَامِنِينَ",
        "فَقَالُوا۟ رَبَّنَا بَـٰعِدْ بَيْنَ أَسْفَارِنَا وَظَلَمُوٓا۟ أَنفُسَهُمْ فَجَعَلْنَـٰهُمْ أَحَادِيثَ وَمَزَّقْنَـٰهُمْ كُلَّ مُمَزَّقٍ ۚ إِنَّ فِى ذَٰلِكَ لَـَٔايَـٰتٍ لِّكُلِّ صَبَّارٍ شَكُورٍ",
        "وَلَقَدْ صَدَّقَ عَلَيْهِمْ إِبْلِيسُ ظَنَّهُۥ فَٱتَّبَعُوهُ إِلَّا فَرِيقًا مِّنَ ٱلْمُؤْمِنِينَ",
        "وَمَا كَانَ لَهُۥ عَلَيْهِم مِّن سُلْطَـٰنٍ إِلَّا لِنَعْلَمَ مَن يُؤْمِنُ بِٱلْـَٔاخِرَةِ مِمَّنْ هُوَ مِنْهَا فِى شَكٍّ ۗ وَرَبُّكَ عَلَىٰ كُلِّ شَىْءٍ حَفِيظٌ",
        "قُلِ ٱدْعُوا۟ ٱلَّذِينَ زَعَمْتُم مِّن دُونِ ٱللَّهِ ۖ لَا يَمْلِكُونَ مِثْقَالَ ذَرَّةٍ فِى ٱلسَّمَـٰوَٰتِ وَلَا فِى ٱلْأَرْضِ وَمَا لَهُمْ فِيهِمَا مِن شِرْكٍ وَمَا لَهُۥ مِنْهُم مِّن ظَهِيرٍ",
        "وَلَا تَنفَعُ ٱلشَّفَـٰعَةُ عِندَهُۥٓ إِلَّا لِمَنْ أَذِنَ لَهُۥ ۚ حَتَّىٰٓ إِذَا فُزِّعَ عَن قُلُوبِهِمْ قَالُوا۟ مَاذَا قَالَ رَبُّكُمْ ۖ قَالُوا۟ ٱلْحَقَّ ۖ وَهُوَ ٱلْعَلِىُّ ٱلْكَبِيرُ",
        "۞ قُلْ مَن يَرْزُقُكُم مِّنَ ٱلسَّمَـٰوَٰتِ وَٱلْأَرْضِ ۖ قُلِ ٱللَّهُ ۖ وَإِنَّآ أَوْ إِيَّاكُمْ لَعَلَىٰ هُدًى أَوْ فِى ضَلَـٰلٍ مُّبِينٍ",
        "قُل لَّا تُسْـَٔلُونَ عَمَّآ أَجْرَمْنَا وَلَا نُسْـَٔلُ عَمَّا تَعْمَلُونَ",
        "قُلْ يَجْمَعُ بَيْنَنَا رَبُّنَا ثُمَّ يَفْتَحُ بَيْنَنَا بِٱلْحَقِّ وَهُوَ ٱلْفَتَّاحُ ٱلْعَلِيمُ",
        "قُلْ أَرُونِىَ ٱلَّذِينَ أَلْحَقْتُم بِهِۦ شُرَكَآءَ ۖ كَلَّا ۚ بَلْ هُوَ ٱللَّهُ ٱلْعَزِيزُ ٱلْحَكِيمُ",
        "وَمَآ أَرْسَلْنَـٰكَ إِلَّا كَآفَّةً لِّلنَّاسِ بَشِيرًا وَنَذِيرًا وَلَـٰكِنَّ أَكْثَرَ ٱلنَّاسِ لَا يَعْلَمُونَ",
        "وَيَقُولُونَ مَتَىٰ هَـٰذَا ٱلْوَعْدُ إِن كُنتُمْ صَـٰدِقِينَ",
        "قُل لَّكُم مِّيعَادُ يَوْمٍ لَّا تَسْتَـْٔخِرُونَ عَنْهُ سَاعَةً وَلَا تَسْتَقْدِمُونَ",
        "وَقَالَ ٱلَّذِينَ كَفَرُوا۟ لَن نُّؤْمِنَ بِهَـٰذَا ٱلْقُرْءَانِ وَلَا بِٱلَّذِى بَيْنَ يَدَيْهِ ۗ وَلَوْ تَرَىٰٓ إِذِ ٱلظَّـٰلِمُونَ مَوْقُوفُونَ عِندَ رَبِّهِمْ يَرْجِعُ بَعْضُهُمْ إِلَىٰ بَعْضٍ ٱلْقَوْلَ يَقُولُ ٱلَّذِينَ ٱسْتُضْعِفُوا۟ لِلَّذِينَ ٱسْتَكْبَرُوا۟ لَوْلَآ أَنتُمْ لَكُنَّا مُؤْمِنِينَ",
        "قَالَ ٱلَّذِينَ ٱسْتَكْبَرُوا۟ لِلَّذِينَ ٱسْتُضْعِفُوٓا۟ أَنَحْنُ صَدَدْنَـٰكُمْ عَنِ ٱلْهُدَىٰ بَعْدَ إِذْ جَآءَكُم ۖ بَلْ كُنتُم مُّجْرِمِينَ",
        "وَقَالَ ٱلَّذِينَ ٱسْتُضْعِفُوا۟ لِلَّذِينَ ٱسْتَكْبَرُوا۟ بَلْ مَكْرُ ٱلَّيْلِ وَٱلنَّهَارِ إِذْ تَأْمُرُونَنَآ أَن نَّكْفُرَ بِٱللَّهِ وَنَجْعَلَ لَهُۥٓ أَندَادًا ۚ وَأَسَرُّوا۟ ٱلنَّدَامَةَ لَمَّا رَأَوُا۟ ٱلْعَذَابَ وَجَعَلْنَا ٱلْأَغْلَـٰلَ فِىٓ أَعْنَاقِ ٱلَّذِينَ كَفَرُوا۟ ۚ هَلْ يُجْزَوْنَ إِلَّا مَا كَانُوا۟ يَعْمَلُونَ",
        "وَمَآ أَرْسَلْنَا فِى قَرْيَةٍ مِّن نَّذِيرٍ إِلَّا قَالَ مُتْرَفُوهَآ إِنَّا بِمَآ أُرْسِلْتُم بِهِۦ كَـٰفِرُونَ",
        "وَقَالُوا۟ نَحْنُ أَكْثَرُ أَمْوَٰلًا وَأَوْلَـٰدًا وَمَا نَحْنُ بِمُعَذَّبِينَ",
        "قُلْ إِنَّ رَبِّى يَبْسُطُ ٱلرِّزْقَ لِمَن يَشَآءُ وَيَقْدِرُ وَلَـٰكِنَّ أَكْثَرَ ٱلنَّاسِ لَا يَعْلَمُونَ",
        "وَمَآ أَمْوَٰلُكُمْ وَلَآ أَوْلَـٰدُكُم بِٱلَّتِى تُقَرِّبُكُمْ عِندَنَا زُلْفَىٰٓ إِلَّا مَنْ ءَامَنَ وَعَمِلَ صَـٰلِحًا فَأُو۟لَـٰٓئِكَ لَهُمْ جَزَآءُ ٱلضِّعْفِ بِمَا عَمِلُوا۟ وَهُمْ فِى ٱلْغُرُفَـٰتِ ءَامِنُونَ",
        "وَٱلَّذِينَ يَسْعَوْنَ فِىٓ ءَايَـٰتِنَا مُعَـٰجِزِينَ أُو۟لَـٰٓئِكَ فِى ٱلْعَذَابِ مُحْضَرُونَ",
        "قُلْ إِنَّ رَبِّى يَبْسُطُ ٱلرِّزْقَ لِمَن يَشَآءُ مِنْ عِبَادِهِۦ وَيَقْدِرُ لَهُۥ ۚ وَمَآ أَنفَقْتُم مِّن شَىْءٍ فَهُوَ يُخْلِفُهُۥ ۖ وَهُوَ خَيْرُ ٱلرَّٰزِقِينَ",
        "وَيَوْمَ يَحْشُرُهُمْ جَمِيعًا ثُمَّ يَقُولُ لِلْمَلَـٰٓئِكَةِ أَهَـٰٓؤُلَآءِ إِيَّاكُمْ كَانُوا۟ يَعْبُدُونَ",
        "قَالُوا۟ سُبْحَـٰنَكَ أَنتَ وَلِيُّنَا مِن دُونِهِم ۖ بَلْ كَانُوا۟ يَعْبُدُونَ ٱلْجِنَّ ۖ أَكْثَرُهُم بِهِم مُّؤْمِنُونَ",
        "فَٱلْيَوْمَ لَا يَمْلِكُ بَعْضُكُمْ لِبَعْضٍ نَّفْعًا وَلَا ضَرًّا وَنَقُولُ لِلَّذِينَ ظَلَمُوا۟ ذُوقُوا۟ عَذَابَ ٱلنَّارِ ٱلَّتِى كُنتُم بِهَا تُكَذِّبُونَ",
        "وَإِذَا تُتْلَىٰ عَلَيْهِمْ ءَايَـٰتُنَا بَيِّنَـٰتٍ قَالُوا۟ مَا هَـٰذَآ إِلَّا رَجُلٌ يُرِيدُ أَن يَصُدَّكُمْ عَمَّا كَانَ يَعْبُدُ ءَابَآؤُكُمْ وَقَالُوا۟ مَا هَـٰذَآ إِلَّآ إِفْكٌ مُّفْتَرًى ۚ وَقَالَ ٱلَّذِينَ كَفَرُوا۟ لِلْحَقِّ لَمَّا جَآءَهُمْ إِنْ هَـٰذَآ إِلَّا سِحْرٌ مُّبِينٌ",
        "وَمَآ ءَاتَيْنَـٰهُم مِّن كُتُبٍ يَدْرُسُونَهَا ۖ وَمَآ أَرْسَلْنَآ إِلَيْهِمْ قَبْلَكَ مِن نَّذِيرٍ",
        "وَكَذَّبَ ٱلَّذِينَ مِن قَبْلِهِمْ وَمَا بَلَغُوا۟ مِعْشَارَ مَآ ءَاتَيْنَـٰهُمْ فَكَذَّبُوا۟ رُسُلِى ۖ فَكَيْفَ كَانَ نَكِيرِ",
        "۞ قُلْ إِنَّمَآ أَعِظُكُم بِوَٰحِدَةٍ ۖ أَن تَقُومُوا۟ لِلَّهِ مَثْنَىٰ وَفُرَٰدَىٰ ثُمَّ تَتَفَكَّرُوا۟ ۚ مَا بِصَاحِبِكُم مِّن جِنَّةٍ ۚ إِنْ هُوَ إِلَّا نَذِيرٌ لَّكُم بَيْنَ يَدَىْ عَذَابٍ شَدِيدٍ",
        "قُلْ مَا سَأَلْتُكُم مِّنْ أَجْرٍ فَهُوَ لَكُمْ ۖ إِنْ أَجْرِىَ إِلَّا عَلَى ٱللَّهِ ۖ وَهُوَ عَلَىٰ كُلِّ شَىْءٍ شَهِيدٌ",
        "قُلْ إِنَّ رَبِّى يَقْذِفُ بِٱلْحَقِّ عَلَّـٰمُ ٱلْغُيُوبِ",
        "قُلْ جَآءَ ٱلْحَقُّ وَمَا يُبْدِئُ ٱلْبَـٰطِلُ وَمَا يُعِيدُ",
        "قُلْ إِن ضَلَلْتُ فَإِنَّمَآ أَضِلُّ عَلَىٰ نَفْسِى ۖ وَإِنِ ٱهْتَدَيْتُ فَبِمَا يُوحِىٓ إِلَىَّ رَبِّىٓ ۚ إِنَّهُۥ سَمِيعٌ قَرِيبٌ",
        "وَلَوْ تَرَىٰٓ إِذْ فَزِعُوا۟ فَلَا فَوْتَ وَأُخِذُوا۟ مِن مَّكَانٍ قَرِيبٍ",
        "وَقَالُوٓا۟ ءَامَنَّا بِهِۦ وَأَنَّىٰ لَهُمُ ٱلتَّنَاوُشُ مِن مَّكَانٍۭ بَعِيدٍ",
        "وَقَدْ كَفَرُوا۟ بِهِۦ مِن قَبْلُ ۖ وَيَقْذِفُونَ بِٱلْغَيْبِ مِن مَّكَانٍۭ بَعِيدٍ",
        "وَحِيلَ بَيْنَهُمْ وَبَيْنَ مَا يَشْتَهُونَ كَمَا فُعِلَ بِأَشْيَاعِهِم مِّن قَبْلُ ۚ إِنَّهُمْ كَانُوا۟ فِى شَكٍّ مُّرِيبٍۭ"
    ],
    "arabic2": [
        "الحمد لله الذي له ما في السماوات وما في الارض وله الحمد في الاخرة وهو الحكيم الخبير",
        "يعلم ما يلج في الارض وما يخرج منها وما ينزل من السماء وما يعرج فيها وهو الرحيم الغفور",
        "وقال الذين كفروا لا تاتينا الساعة قل بلى وربي لتاتينكم عالم الغيب لا يعزب عنه مثقال ذرة في السماوات ولا في الارض ولا اصغر من ذلك ولا اكبر الا في كتاب مبين",
        "ليجزي الذين امنوا وعملوا الصالحات اولئك لهم مغفرة ورزق كريم",
        "والذين سعوا في اياتنا معاجزين اولئك لهم عذاب من رجز اليم",
        "ويرى الذين اوتوا العلم الذي انزل اليك من ربك هو الحق ويهدي الى صراط العزيز الحميد",
        "وقال الذين كفروا هل ندلكم على رجل ينبئكم اذا مزقتم كل ممزق انكم لفي خلق جديد",
        "افترى على الله كذبا ام به جنة بل الذين لا يؤمنون بالاخرة في العذاب والضلال البعيد",
        "افلم يروا الى ما بين ايديهم وما خلفهم من السماء والارض ان نشا نخسف بهم الارض او نسقط عليهم كسفا من السماء ان في ذلك لاية لكل عبد منيب",
        "ولقد اتينا داوود منا فضلا يا جبال اوبي معه والطير والنا له الحديد",
        "ان اعمل سابغات وقدر في السرد واعملوا صالحا اني بما تعملون بصير",
        "ولسليمان الريح غدوها شهر ورواحها شهر واسلنا له عين القطر ومن الجن من يعمل بين يديه باذن ربه ومن يزغ منهم عن امرنا نذقه من عذاب السعير",
        "يعملون له ما يشاء من محاريب وتماثيل وجفان كالجواب وقدور راسيات اعملوا ال داوود شكرا وقليل من عبادي الشكور",
        "فلما قضينا عليه الموت ما دلهم على موته الا دابة الارض تاكل منساته فلما خر تبينت الجن ان لو كانوا يعلمون الغيب ما لبثوا في العذاب المهين",
        "لقد كان لسبا في مسكنهم اية جنتان عن يمين وشمال كلوا من رزق ربكم واشكروا له بلدة طيبة ورب غفور",
        "فاعرضوا فارسلنا عليهم سيل العرم وبدلناهم بجنتيهم جنتين ذواتي اكل خمط واثل وشيء من سدر قليل",
        "ذلك جزيناهم بما كفروا وهل نجازي الا الكفور",
        "وجعلنا بينهم وبين القرى التي باركنا فيها قرى ظاهرة وقدرنا فيها السير سيروا فيها ليالي واياما امنين",
        "فقالوا ربنا باعد بين اسفارنا وظلموا انفسهم فجعلناهم احاديث ومزقناهم كل ممزق ان في ذلك لايات لكل صبار شكور",
        "ولقد صدق عليهم ابليس ظنه فاتبعوه الا فريقا من المؤمنين",
        "وما كان له عليهم من سلطان الا لنعلم من يؤمن بالاخرة ممن هو منها في شك وربك على كل شيء حفيظ",
        "قل ادعوا الذين زعمتم من دون الله لا يملكون مثقال ذرة في السماوات ولا في الارض وما لهم فيهما من شرك وما له منهم من ظهير",
        "ولا تنفع الشفاعة عنده الا لمن اذن له حتى اذا فزع عن قلوبهم قالوا ماذا قال ربكم قالوا الحق وهو العلي الكبير",
        "قل من يرزقكم من السماوات والارض قل الله وانا او اياكم لعلى هدى او في ضلال مبين",
        "قل لا تسالون عما اجرمنا ولا نسال عما تعملون",
        "قل يجمع بيننا ربنا ثم يفتح بيننا بالحق وهو الفتاح العليم",
        "قل اروني الذين الحقتم به شركاء كلا بل هو الله العزيز الحكيم",
        "وما ارسلناك الا كافة للناس بشيرا ونذيرا ولكن اكثر الناس لا يعلمون",
        "ويقولون متى هذا الوعد ان كنتم صادقين",
        "قل لكم ميعاد يوم لا تستاخرون عنه ساعة ولا تستقدمون",
        "وقال الذين كفروا لن نؤمن بهذا القران ولا بالذي بين يديه ولو ترى اذ الظالمون موقوفون عند ربهم يرجع بعضهم الى بعض القول يقول الذين استضعفوا للذين استكبروا لولا انتم لكنا مؤمنين",
        "قال الذين استكبروا للذين استضعفوا انحن صددناكم عن الهدى بعد اذ جاءكم بل كنتم مجرمين",
        "وقال الذين استضعفوا للذين استكبروا بل مكر الليل والنهار اذ تامروننا ان نكفر بالله ونجعل له اندادا واسروا الندامة لما راوا العذاب وجعلنا الاغلال في اعناق الذين كفروا هل يجزون الا ما كانوا يعملون",
        "وما ارسلنا في قرية من نذير الا قال مترفوها انا بما ارسلتم به كافرون",
        "وقالوا نحن اكثر اموالا واولادا وما نحن بمعذبين",
        "قل ان ربي يبسط الرزق لمن يشاء ويقدر ولكن اكثر الناس لا يعلمون",
        "وما اموالكم ولا اولادكم بالتي تقربكم عندنا زلفى الا من امن وعمل صالحا فاولئك لهم جزاء الضعف بما عملوا وهم في الغرفات امنون",
        "والذين يسعون في اياتنا معاجزين اولئك في العذاب محضرون",
        "قل ان ربي يبسط الرزق لمن يشاء من عباده ويقدر له وما انفقتم من شيء فهو يخلفه وهو خير الرازقين",
        "ويوم يحشرهم جميعا ثم يقول للملائكة اهؤلاء اياكم كانوا يعبدون",
        "قالوا سبحانك انت ولينا من دونهم بل كانوا يعبدون الجن اكثرهم بهم مؤمنون",
        "فاليوم لا يملك بعضكم لبعض نفعا ولا ضرا ونقول للذين ظلموا ذوقوا عذاب النار التي كنتم بها تكذبون",
        "واذا تتلى عليهم اياتنا بينات قالوا ما هذا الا رجل يريد ان يصدكم عما كان يعبد اباؤكم وقالوا ما هذا الا افك مفترى وقال الذين كفروا للحق لما جاءهم ان هذا الا سحر مبين",
        "وما اتيناهم من كتب يدرسونها وما ارسلنا اليهم قبلك من نذير",
        "وكذب الذين من قبلهم وما بلغوا معشار ما اتيناهم فكذبوا رسلي فكيف كان نكير",
        "قل انما اعظكم بواحدة ان تقوموا لله مثنى وفرادى ثم تتفكروا ما بصاحبكم من جنة ان هو الا نذير لكم بين يدي عذاب شديد",
        "قل ما سالتكم من اجر فهو لكم ان اجري الا على الله وهو على كل شيء شهيد",
        "قل ان ربي يقذف بالحق علام الغيوب",
        "قل جاء الحق وما يبدئ الباطل وما يعيد",
        "قل ان ضللت فانما اضل على نفسي وان اهتديت فبما يوحي الي ربي انه سميع قريب",
        "ولو ترى اذ فزعوا فلا فوت واخذوا من مكان قريب",
        "وقالوا امنا به وانى لهم التناوش من مكان بعيد",
        "وقد كفروا به من قبل ويقذفون بالغيب من مكان بعيد",
        "وحيل بينهم وبين ما يشتهون كما فعل باشياعهم من قبل انهم كانوا في شك مريب"
    ]
}