{
    "surahName": "Faatir",
    "surahNameArabic": "فاطر",
    "surahNameArabicLong": "سورة فاطر",
    "surahNameTranslation": "The Originator",
    "revelationPlace": "Mecca",
    "totalAyah": 45,
    "surahNo": 35,
    "english": [
        "All praise is for Allah, the Originator of the heavens and the earth, Who made angels ˹as His˺ messengers with wings—two, three, or four. He increases in creation whatever He wills. Surely Allah is Most Capable of everything.",
        "Whatever mercy Allah opens up for people, none can withhold it. And whatever He withholds, none but Him can release it. For He is the Almighty, All-Wise.",
        "O humanity! Remember Allah’s favours upon you. Is there any creator other than Allah who provides for you from the heavens and the earth? There is no god ˹worthy of worship˺ except Him. How can you then be deluded ˹from the truth˺?",
        "If you are rejected by them, so too were messengers before you. And to Allah ˹all˺ matters will be returned ˹for judgment˺.",
        "O humanity! Indeed, Allah’s promise is true. So do not let the life of this world deceive you, nor let the Chief Deceiver deceive you about Allah.",
        "Surely Satan is an enemy to you, so take him as an enemy. He only invites his followers to become inmates of the Blaze.",
        "Those who disbelieve will have a severe punishment. But those who believe and do good will have forgiveness and a great reward.",
        "Are those whose evil-doing is made so appealing to them that they deem it good ˹like those who are rightly guided˺? ˹It is˺ certainly Allah ˹Who˺ leaves to stray whoever He wills, and guides whoever He wills. So do not grieve yourself to death over them ˹O Prophet˺. Surely Allah is All-Knowing of what they do.",
        "And it is Allah Who sends the winds, which then stir up ˹vapour, forming˺ clouds, and then We drive them to a lifeless land, giving life to the earth after its death. Similar is the Resurrection.",
        "Whoever seeks honour and power, then ˹let them know that˺ all honour and power belongs to Allah. To Him ˹alone˺ good words ascend, and righteous deeds are raised up by Him. As for those who plot evil, they will suffer a severe punishment. And the plotting of such ˹people˺ is doomed ˹to fail˺.",
        "And ˹it is˺ Allah ˹Who˺ created you from dust, then ˹developed you˺ from a sperm-drop, then made you into pairs. No female ever conceives or delivers without His knowledge. And no one’s life is made long or cut short but is ˹written˺ in a Record. That is certainly easy for Allah.",
        "The two bodies of water are not alike: one is fresh, palatable, and pleasant to drink and the other is salty and bitter. Yet from them both you eat tender seafood and extract ornaments to wear. And you see the ships ploughing their way through both, so you may seek His bounty and give thanks ˹to Him˺.",
        "He merges the night into the day and the day into the night, and has subjected the sun and the moon, each orbiting for an appointed term. That is Allah—your Lord! All authority belongs to Him. But those ˹idols˺ you invoke besides Him do not possess even the skin of a date stone.",
        "If you call upon them, they cannot hear your calls. And if they were to hear, they could not respond to you. On the Day of Judgment they will disown your worship ˹of them˺. And no one can inform you ˹O Prophet˺ like the All-Knowledgeable.",
        "O humanity! It is you who stand in need of Allah, but Allah ˹alone˺ is the Self-Sufficient, Praiseworthy.",
        "If He willed, He could eliminate you and produce a new creation.",
        "And that is not difficult for Allah ˹at all˺.",
        "No soul burdened with sin will bear the burden of another. And if a sin-burdened soul cries for help with its burden, none of it will be carried—even by a close relative. You ˹O Prophet˺ can only warn those who stand in awe of their Lord without seeing Him and establish prayer. Whoever purifies themselves, they only do so for their own good. And to Allah is the final return.",
        "Those blind ˹to the truth˺ and those who can see are not equal",
        "nor are the darkness and the light",
        "nor the ˹scorching˺ heat and the ˹cool˺ shade.",
        "Nor are the dead and the living equal. Indeed, Allah ˹alone˺ makes whoever He wills hear, but you ˹O Prophet˺ can never make those in the graves hear ˹your call˺.",
        "You are only a warner.",
        "We have surely sent you with the truth as a deliverer of good news and a warner. There is no community that has not had a warner.",
        "If they deny you, so did those before them. Their messengers came to them with clear proofs, divine Books, and enlightening Scriptures.",
        "Then I seized those who persisted in disbelief. How severe was My response!",
        "Do you not see that Allah sends down rain from the sky with which We bring forth fruits of different colours? And in the mountains are streaks of varying shades of white, red, and raven black;",
        "just as people, living beings, and cattle are of various colours as well. Of all of Allah’s servants, only the knowledgeable ˹of His might˺ are ˹truly˺ in awe of Him. Allah is indeed Almighty, All-Forgiving.",
        "Surely those who recite the Book of Allah, establish prayer, and donate from what We have provided for them—secretly and openly—˹can˺ hope for an exchange that will never fail",
        "so that He will reward them in full and increase them out of His grace. He is truly All-Forgiving, Most Appreciative.",
        "The Book We have revealed to you ˹O Prophet˺ is the truth, confirming what came before it. Surely Allah is All-Aware, All-Seeing of His servants.",
        "Then We granted the Book to those We have chosen from Our servants. Some of them wrong themselves, some follow a middle course, and some are foremost in good deeds by Allah’s Will. That is ˹truly˺ the greatest bounty.",
        "They will enter the Gardens of Eternity, where they will be adorned with bracelets of gold and pearls, and their clothing will be silk.",
        "And they will say, “Praise be to Allah, Who has kept away from us all ˹causes of˺ sorrow. Our Lord is indeed All-Forgiving, Most Appreciative.",
        "˹He is the One˺ Who—out of His grace—has settled us in the Home of Everlasting Stay, where we will be touched by neither fatigue nor weariness.”",
        "As for the disbelievers, they will have the Fire of Hell, where they will not be ˹allowed to be˺ finished by death, nor will its torment be lightened for them. This is how We reward every ˹stubborn˺ disbeliever.",
        "There they will be ˹fervently˺ screaming, “Our Lord! Take us out ˹and send us back˺. We will do good, unlike what we used to do.” ˹They will be told,˺ “Did We not give you lives long enough so that whoever wanted to be mindful could have done so? And the warner came to you. So taste ˹the punishment˺, for the wrongdoers have no helper.”",
        "Indeed, Allah is the Knower of the unseen of the heavens and the earth. He surely knows best what is ˹hidden˺ in the heart.",
        "He is the One Who has placed you as successors on earth. So whoever disbelieves will bear ˹the burden of˺ their own disbelief. The disbelievers’ denial only increases them in contempt in the sight of their Lord, and it will only contribute to their loss.",
        "Ask ˹them, O  Prophet˺, “Have you considered your associate-gods which you invoke besides Allah? Show me what they have created on earth! Or do they have a share in ˹the creation of˺ the heavens? Or have We given the polytheists a Book, which serves as a clear proof for them? In fact, the wrongdoers promise each other nothing but delusion.”",
        "Indeed, Allah ˹alone˺ keeps the heavens and the earth from falling apart. If they were to fall apart, none but Him could hold them up. He is truly Most Forbearing, All-Forgiving.",
        "They swore by Allah their most solemn oaths that if a warner were to come to them, they would certainly be better guided than any other community. Yet when a warner did come to them, it only drove them farther away—",
        "behaving arrogantly in the land and plotting evil. But evil plotting only backfires on those who plot. Are they awaiting anything but the fate of those ˹destroyed˺ before? You will find no change in the way of Allah, nor will you find it diverted ˹to someone else˺.",
        "Have they not travelled throughout the land to see what was the end of those ˹destroyed˺ before them? They were far superior in might. But there is nothing that can escape Allah in the heavens or the earth. He is certainly All-Knowing, Most Capable.",
        "If Allah were to punish people ˹immediately˺ for what they have committed, He would not have left a single living being on earth. But He delays them for an appointed term. And when their time arrives, then surely Allah is All-Seeing of His servants."
    ],
    "arabic1": [
        " ٱلْحَمْدُ لِلَّهِ فَاطِرِ ٱلسَّمَـٰوَٰتِ وَٱلْأَرْضِ جَاعِلِ ٱلْمَلَـٰٓئِكَةِ رُسُلًا أُو۟لِىٓ أَجْنِحَةٍ مَّثْنَىٰ وَثُلَـٰثَ وَرُبَـٰعَ ۚ يَزِيدُ فِى ٱلْخَلْقِ مَا يَشَآءُ ۚ إِنَّ ٱللَّهَ عَلَىٰ كُلِّ شَىْءٍ قَدِيرٌ",
        "مَّا يَفْتَحِ ٱللَّهُ لِلنَّاسِ مِن رَّحْمَةٍ فَلَا مُمْسِكَ لَهَا ۖ وَمَا يُمْسِكْ فَلَا مُرْسِلَ لَهُۥ مِنۢ بَعْدِهِۦ ۚ وَهُوَ ٱلْعَزِيزُ ٱلْحَكِيمُ",
        "يَـٰٓأَيُّهَا ٱلنَّاسُ ٱذْكُرُوا۟ نِعْمَتَ ٱللَّهِ عَلَيْكُمْ ۚ هَلْ مِنْ خَـٰلِقٍ غَيْرُ ٱللَّهِ يَرْزُقُكُم مِّنَ ٱلسَّمَآءِ وَٱلْأَرْضِ ۚ لَآ إِلَـٰهَ إِلَّا هُوَ ۖ فَأَنَّىٰ تُؤْفَكُونَ",
        "وَإِن يُكَذِّبُوكَ فَقَدْ كُذِّبَتْ رُسُلٌ مِّن قَبْلِكَ ۚ وَإِلَى ٱللَّهِ تُرْجَعُ ٱلْأُمُورُ",
        "يَـٰٓأَيُّهَا ٱلنَّاسُ إِنَّ وَعْدَ ٱللَّهِ حَقٌّ ۖ فَلَا تَغُرَّنَّكُمُ ٱلْحَيَوٰةُ ٱلدُّنْيَا ۖ وَلَا يَغُرَّنَّكُم بِٱللَّهِ ٱلْغَرُورُ",
        "إِنَّ ٱلشَّيْطَـٰنَ لَكُمْ عَدُوٌّ فَٱتَّخِذُوهُ عَدُوًّا ۚ إِنَّمَا يَدْعُوا۟ حِزْبَهُۥ لِيَكُونُوا۟ مِنْ أَصْحَـٰبِ ٱلسَّعِيرِ",
        "ٱلَّذِينَ كَفَرُوا۟ لَهُمْ عَذَابٌ شَدِيدٌ ۖ وَٱلَّذِينَ ءَامَنُوا۟ وَعَمِلُوا۟ ٱلصَّـٰلِحَـٰتِ لَهُم مَّغْفِرَةٌ وَأَجْرٌ كَبِيرٌ",
        "أَفَمَن زُيِّنَ لَهُۥ سُوٓءُ عَمَلِهِۦ فَرَءَاهُ حَسَنًا ۖ فَإِنَّ ٱللَّهَ يُضِلُّ مَن يَشَآءُ وَيَهْدِى مَن يَشَآءُ ۖ فَلَا تَذْهَبْ نَفْسُكَ عَلَيْهِمْ حَسَرَٰتٍ ۚ إِنَّ ٱللَّهَ عَلِيمٌۢ بِمَا يَصْنَعُونَ",
        "وَٱللَّهُ ٱلَّذِىٓ أَرْسَلَ ٱلرِّيَـٰحَ فَتُثِيرُ سَحَابًا فَسُقْنَـٰهُ إِلَىٰ بَلَدٍ مَّيِّتٍ فَأَحْيَيْنَا بِهِ ٱلْأَرْضَ بَعْدَ مَوْتِهَا ۚ كَذَٰلِكَ ٱلنُّشُورُ",
        "مَن كَانَ يُرِيدُ ٱلْعِزَّةَ فَلِلَّهِ ٱلْعِزَّةُ جَمِيعًا ۚ إِلَيْهِ يَصْعَدُ ٱلْكَلِمُ ٱلطَّيِّبُ وَٱلْعَمَلُ ٱلصَّـٰلِحُ يَرْفَعُهُۥ ۚ وَٱلَّذِينَ يَمْكُرُونَ ٱلسَّيِّـَٔاتِ لَهُمْ عَذَابٌ شَدِيدٌ ۖ وَمَكْرُ أُو۟لَـٰٓئِكَ هُوَ يَبُورُ",
        "وَٱللَّهُ خَلَقَكُم مِّن تُرَابٍ ثُمَّ مِن نُّطْفَةٍ ثُمَّ جَعَلَكُمْ أَزْوَٰجًا ۚ وَمَا تَحْمِلُ مِنْ أُنثَىٰ وَلَا تَضَعُ إِلَّا بِعِلْمِهِۦ ۚ وَمَا يُعَمَّرُ مِن مُّعَمَّرٍ وَلَا يُنقَصُ مِنْ عُمُرِهِۦٓ إِلَّا فِى كِتَـٰبٍ ۚ إِنَّ ذَٰلِكَ عَلَى ٱللَّهِ يَسِيرٌ",
        "وَمَا يَسْتَوِى ٱلْبَحْرَانِ هَـٰذَا عَذْبٌ فُرَاتٌ سَآئِغٌ شَرَابُهُۥ وَهَـٰذَا مِلْحٌ أُجَاجٌ ۖ وَمِن كُلٍّ تَأْكُلُونَ لَحْمًا طَرِيًّا وَتَسْتَخْرِجُونَ حِلْيَةً تَلْبَسُونَهَا ۖ وَتَرَى ٱلْفُلْكَ فِيهِ مَوَاخِرَ لِتَبْتَغُوا۟ مِن فَضْلِهِۦ وَلَعَلَّكُمْ تَشْكُرُونَ",
        "يُولِجُ ٱلَّيْلَ فِى ٱلنَّهَارِ وَيُولِجُ ٱلنَّهَارَ فِى ٱلَّيْلِ وَسَخَّرَ ٱلشَّمْسَ وَٱلْقَمَرَ كُلٌّ يَجْرِى لِأَجَلٍ مُّسَمًّى ۚ ذَٰلِكُمُ ٱللَّهُ رَبُّكُمْ لَهُ ٱلْمُلْكُ ۚ وَٱلَّذِينَ تَدْعُونَ مِن دُونِهِۦ مَا يَمْلِكُونَ مِن قِطْمِيرٍ",
        "إِن تَدْعُوهُمْ لَا يَسْمَعُوا۟ دُعَآءَكُمْ وَلَوْ سَمِعُوا۟ مَا ٱسْتَجَابُوا۟ لَكُمْ ۖ وَيَوْمَ ٱلْقِيَـٰمَةِ يَكْفُرُونَ بِشِرْكِكُمْ ۚ وَلَا يُنَبِّئُكَ مِثْلُ خَبِيرٍ",
        "۞ يَـٰٓأَيُّهَا ٱلنَّاسُ أَنتُمُ ٱلْفُقَرَآءُ إِلَى ٱللَّهِ ۖ وَٱللَّهُ هُوَ ٱلْغَنِىُّ ٱلْحَمِيدُ",
        "إِن يَشَأْ يُذْهِبْكُمْ وَيَأْتِ بِخَلْقٍ جَدِيدٍ",
        "وَمَا ذَٰلِكَ عَلَى ٱللَّهِ بِعَزِيزٍ",
        "وَلَا تَزِرُ وَازِرَةٌ وِزْرَ أُخْرَىٰ ۚ وَإِن تَدْعُ مُثْقَلَةٌ إِلَىٰ حِمْلِهَا لَا يُحْمَلْ مِنْهُ شَىْءٌ وَلَوْ كَانَ ذَا قُرْبَىٰٓ ۗ إِنَّمَا تُنذِرُ ٱلَّذِينَ يَخْشَوْنَ رَبَّهُم بِٱلْغَيْبِ وَأَقَامُوا۟ ٱلصَّلَوٰةَ ۚ وَمَن تَزَكَّىٰ فَإِنَّمَا يَتَزَكَّىٰ لِنَفْسِهِۦ ۚ وَإِلَى ٱللَّهِ ٱلْمَصِيرُ",
        "وَمَا يَسْتَوِى ٱلْأَعْمَىٰ وَٱلْبَصِيرُ",
        "وَلَا ٱلظُّلُمَـٰتُ وَلَا ٱلنُّورُ",
        "وَلَا ٱلظِّلُّ وَلَا ٱلْحَرُورُ",
        "وَمَا يَسْتَوِى ٱلْأَحْيَآءُ وَلَا ٱلْأَمْوَٰتُ ۚ إِنَّ ٱللَّهَ يُسْمِعُ مَن يَشَآءُ ۖ وَمَآ أَنتَ بِمُسْمِعٍ مَّن فِى ٱلْقُبُورِ",
        "إِنْ أَنتَ إِلَّا نَذِيرٌ",
        "إِنَّآ أَرْسَلْنَـٰكَ بِٱلْحَقِّ بَشِيرًا وَنَذِيرًا ۚ وَإِن مِّنْ أُمَّةٍ إِلَّا خَلَا فِيهَا نَذِيرٌ",
        "وَإِن يُكَذِّبُوكَ فَقَدْ كَذَّبَ ٱلَّذِينَ مِن قَبْلِهِمْ جَآءَتْهُمْ رُسُلُهُم بِٱلْبَيِّنَـٰتِ وَبِٱلزُّبُرِ وَبِٱلْكِتَـٰبِ ٱلْمُنِيرِ",
        "ثُمَّ أَخَذْتُ ٱلَّذِينَ كَفَرُوا۟ ۖ فَكَيْفَ كَانَ نَكِيرِ",
        "أَلَمْ تَرَ أَنَّ ٱللَّهَ أَنزَلَ مِنَ ٱلسَّمَآءِ مَآءً فَأَخْرَجْنَا بِهِۦ ثَمَرَٰتٍ مُّخْتَلِفًا أَلْوَٰنُهَا ۚ وَمِنَ ٱلْجِبَالِ جُدَدٌۢ بِيضٌ وَحُمْرٌ مُّخْتَلِفٌ أَلْوَٰنُهَا وَغَرَابِيبُ سُودٌ",
        "وَمِنَ ٱلنَّاسِ وَٱلدَّوَآبِّ وَٱلْأَنْعَـٰمِ مُخْتَلِفٌ أَلْوَٰنُهُۥ كَذَٰلِكَ ۗ إِنَّمَا يَخْشَى ٱللَّهَ مِنْ عِبَادِهِ ٱلْعُلَمَـٰٓؤُا۟ ۗ إِنَّ ٱللَّهَ عَزِيزٌ غَفُورٌ",
        "إِنَّ ٱلَّذِينَ يَتْلُونَ كِتَـٰبَ ٱللَّهِ وَأَقَامُوا۟ ٱلصَّلَوٰةَ وَأَنفَقُوا۟ مِمَّا رَزَقْنَـٰهُمْ سِرًّا وَعَلَانِيَةً يَرْجُونَ تِجَـٰرَةً لَّن تَبُورَ",
        "لِيُوَفِّيَهُمْ أُجُورَهُمْ وَيَزِيدَهُم مِّن فَضْلِهِۦٓ ۚ إِنَّهُۥ غَفُورٌ شَكُورٌ",
        "وَٱلَّذِىٓ أَوْحَيْنَآ إِلَيْكَ مِنَ ٱلْكِتَـٰبِ هُوَ ٱلْحَقُّ مُصَدِّقًا لِّمَا بَيْنَ يَدَيْهِ ۗ إِنَّ ٱللَّهَ بِعِبَادِهِۦ لَخَبِيرٌۢ بَصِيرٌ",
        "ثُمَّ أَوْرَثْنَا ٱلْكِتَـٰبَ ٱلَّذِينَ ٱصْطَفَيْنَا مِنْ عِبَادِنَا ۖ فَمِنْهُمْ ظَالِمٌ لِّنَفْسِهِۦ وَمِنْهُم مُّقْتَصِدٌ وَمِنْهُمْ سَابِقٌۢ بِٱلْخَيْرَٰتِ بِإِذْنِ ٱللَّهِ ۚ ذَٰلِكَ هُوَ ٱلْفَضْلُ ٱلْكَبِيرُ",
        "جَنَّـٰتُ عَدْنٍ يَدْخُلُونَهَا يُحَلَّوْنَ فِيهَا مِنْ أَسَاوِرَ مِن ذَهَبٍ وَلُؤْلُؤًا ۖ وَلِبَاسُهُمْ فِيهَا حَرِيرٌ",
        "وَقَالُوا۟ ٱلْحَمْدُ لِلَّهِ ٱلَّذِىٓ أَذْهَبَ عَنَّا ٱلْحَزَنَ ۖ إِنَّ رَبَّنَا لَغَفُورٌ شَكُورٌ",
        "ٱلَّذِىٓ أَحَلَّنَا دَارَ ٱلْمُقَامَةِ مِن فَضْلِهِۦ لَا يَمَسُّنَا فِيهَا نَصَبٌ وَلَا يَمَسُّنَا فِيهَا لُغُوبٌ",
        "وَٱلَّذِينَ كَفَرُوا۟ لَهُمْ نَارُ جَهَنَّمَ لَا يُقْضَىٰ عَلَيْهِمْ فَيَمُوتُوا۟ وَلَا يُخَفَّفُ عَنْهُم مِّنْ عَذَابِهَا ۚ كَذَٰلِكَ نَجْزِى كُلَّ كَفُورٍ",
        "وَهُمْ يَصْطَرِخُونَ فِيهَا رَبَّنَآ أَخْرِجْنَا نَعْمَلْ صَـٰلِحًا غَيْرَ ٱلَّذِى كُنَّا نَعْمَلُ ۚ أَوَلَمْ نُعَمِّرْكُم مَّا يَتَذَكَّرُ فِيهِ مَن تَذَكَّرَ وَجَآءَكُمُ ٱلنَّذِيرُ ۖ فَذُوقُوا۟ فَمَا لِلظَّـٰلِمِينَ مِن نَّصِيرٍ",
        "إِنَّ ٱللَّهَ عَـٰلِمُ غَيْبِ ٱلسَّمَـٰوَٰتِ وَٱلْأَرْضِ ۚ إِنَّهُۥ عَلِيمٌۢ بِذَاتِ ٱلصُّدُورِ",
        "هُوَ ٱلَّذِى جَعَلَكُمْ خَلَـٰٓئِفَ فِى ٱلْأَرْضِ ۚ فَمَن كَفَرَ فَعَلَيْهِ كُفْرُهُۥ ۖ وَلَا يَزِيدُ ٱلْكَـٰفِرِينَ كُفْرُهُمْ عِندَ رَبِّهِمْ إِلَّا مَقْتًا ۖ وَلَا يَزِيدُ ٱلْكَـٰفِرِينَ كُفْرُهُمْ إِلَّا خَسَارًا",
        "قُلْ أَرَءَيْتُمْ شُرَكَآءَكُمُ ٱلَّذِينَ تَدْعُونَ مِن دُونِ ٱللَّهِ أَرُونِى مَاذَا خَلَقُوا۟ مِنَ ٱلْأَرْضِ أَمْ لَهُمْ شِرْكٌ فِى ٱلسَّمَـٰوَٰتِ أَمْ ءَاتَيْنَـٰهُمْ كِتَـٰبًا فَهُمْ عَلَىٰ بَيِّنَتٍ مِّنْهُ ۚ بَلْ إِن يَعِدُ ٱلظَّـٰلِمُونَ بَعْضُهُم بَعْضًا إِلَّا غُرُورًا",
        "۞ إِنَّ ٱللَّهَ يُمْسِكُ ٱلسَّمَـٰوَٰتِ وَٱلْأَرْضَ أَن تَزُولَا ۚ وَلَئِن زَالَتَآ إِنْ أَمْسَكَهُمَا مِنْ أَحَدٍ مِّنۢ بَعْدِهِۦٓ ۚ إِنَّهُۥ كَانَ حَلِيمًا غَفُورًا",
        "وَأَقْسَمُوا۟ بِٱللَّهِ جَهْدَ أَيْمَـٰنِهِمْ لَئِن جَآءَهُمْ نَذِيرٌ لَّيَكُونُنَّ أَهْدَىٰ مِنْ إِحْدَى ٱلْأُمَمِ ۖ فَلَمَّا جَآءَهُمْ نَذِيرٌ مَّا زَادَهُمْ إِلَّا نُفُورًا",
        "ٱسْتِكْبَارًا فِى ٱلْأَرْضِ وَمَكْرَ ٱلسَّيِّئِ ۚ وَلَا يَحِيقُ ٱلْمَكْرُ ٱلسَّيِّئُ إِلَّا بِأَهْلِهِۦ ۚ فَهَلْ يَنظُرُونَ إِلَّا سُنَّتَ ٱلْأَوَّلِينَ ۚ فَلَن تَجِدَ لِسُنَّتِ ٱللَّهِ تَبْدِيلًا ۖ وَلَن تَجِدَ لِسُنَّتِ ٱللَّهِ تَحْوِيلًا",
        "أَوَلَمْ يَسِيرُوا۟ فِى ٱلْأَرْضِ فَيَنظُرُوا۟ كَيْفَ كَانَ عَـٰقِبَةُ ٱلَّذِينَ مِن قَبْلِهِمْ وَكَانُوٓا۟ أَشَدَّ مِنْهُمْ قُوَّةً ۚ وَمَا كَانَ ٱللَّهُ لِيُعْجِزَهُۥ مِن شَىْءٍ فِى ٱلسَّمَـٰوَٰتِ وَلَا فِى ٱلْأَرْضِ ۚ إِنَّهُۥ كَانَ عَلِيمًا قَدِيرًا",
        "وَلَوْ يُؤَاخِذُ ٱللَّهُ ٱلنَّاسَ بِمَا كَسَبُوا۟ مَا تَرَكَ عَلَىٰ ظَهْرِهَا مِن دَآبَّةٍ وَلَـٰكِن يُؤَخِّرُهُمْ إِلَىٰٓ أَجَلٍ مُّسَمًّى ۖ فَإِذَا جَآءَ أَجَلُهُمْ فَإِنَّ ٱللَّهَ كَانَ بِعِبَادِهِۦ بَصِيرًۢا"
    ],
    "arabic2": [
        "الحمد لله فاطر السماوات والارض جاعل الملائكة رسلا اولي اجنحة مثنى وثلاث ورباع يزيد في الخلق ما يشاء ان الله على كل شيء قدير",
        "ما يفتح الله للناس من رحمة فلا ممسك لها وما يمسك فلا مرسل له من بعده وهو العزيز الحكيم",
        "يا ايها الناس اذكروا نعمت الله عليكم هل من خالق غير الله يرزقكم من السماء والارض لا اله الا هو فانى تؤفكون",
        "وان يكذبوك فقد كذبت رسل من قبلك والى الله ترجع الامور",
        "يا ايها الناس ان وعد الله حق فلا تغرنكم الحياة الدنيا ولا يغرنكم بالله الغرور",
        "ان الشيطان لكم عدو فاتخذوه عدوا انما يدعو حزبه ليكونوا من اصحاب السعير",
        "الذين كفروا لهم عذاب شديد والذين امنوا وعملوا الصالحات لهم مغفرة واجر كبير",
        "افمن زين له سوء عمله فراه حسنا فان الله يضل من يشاء ويهدي من يشاء فلا تذهب نفسك عليهم حسرات ان الله عليم بما يصنعون",
        "والله الذي ارسل الرياح فتثير سحابا فسقناه الى بلد ميت فاحيينا به الارض بعد موتها كذلك النشور",
        "من كان يريد العزة فلله العزة جميعا اليه يصعد الكلم الطيب والعمل الصالح يرفعه والذين يمكرون السيئات لهم عذاب شديد ومكر اولئك هو يبور",
        "والله خلقكم من تراب ثم من نطفة ثم جعلكم ازواجا وما تحمل من انثى ولا تضع الا بعلمه وما يعمر من معمر ولا ينقص من عمره الا في كتاب ان ذلك على الله يسير",
        "وما يستوي البحران هذا عذب فرات سائغ شرابه وهذا ملح اجاج ومن كل تاكلون لحما طريا وتستخرجون حلية تلبسونها وترى الفلك فيه مواخر لتبتغوا من فضله ولعلكم تشكرون",
        "يولج الليل في النهار ويولج النهار في الليل وسخر الشمس والقمر كل يجري لاجل مسمى ذلكم الله ربكم له الملك والذين تدعون من دونه ما يملكون من قطمير",
        "ان تدعوهم لا يسمعوا دعاءكم ولو سمعوا ما استجابوا لكم ويوم القيامة يكفرون بشرككم ولا ينبئك مثل خبير",
        "يا ايها الناس انتم الفقراء الى الله والله هو الغني الحميد",
        "ان يشا يذهبكم ويات بخلق جديد",
        "وما ذلك على الله بعزيز",
        "ولا تزر وازرة وزر اخرى وان تدع مثقلة الى حملها لا يحمل منه شيء ولو كان ذا قربى انما تنذر الذين يخشون ربهم بالغيب واقاموا الصلاة ومن تزكى فانما يتزكى لنفسه والى الله المصير",
        "وما يستوي الاعمى والبصير",
        "ولا الظلمات ولا النور",
        "ولا الظل ولا الحرور",
        "وما يستوي الاحياء ولا الاموات ان الله يسمع من يشاء وما انت بمسمع من في القبور",
        "ان انت الا نذير",
        "انا ارسلناك بالحق بشيرا ونذيرا وان من امة الا خلا فيها نذير",
        "وان يكذبوك فقد كذب الذين من قبلهم جاءتهم رسلهم بالبينات وبالزبر وبالكتاب المنير",
        "ثم اخذت الذين كفروا فكيف كان نكير",
        "الم تر ان الله انزل من السماء ماء فاخرجنا به ثمرات مختلفا الوانها ومن الجبال جدد بيض وحمر مختلف الوانها وغرابيب سود",
        "ومن الناس والدواب والانعام مختلف الوانه كذلك انما يخشى الله من عباده العلماء ان الله عزيز غفور",
        "ان الذين يتلون كتاب الله واقاموا الصلاة وانفقوا مما رزقناهم سرا وعلانية يرجون تجارة لن تبور",
        "ليوفيهم اجورهم ويزيدهم من فضله انه غفور شكور",
        "والذي اوحينا اليك من الكتاب هو الحق مصدقا لما بين يديه ان الله بعباده لخبير بصير",
        "ثم اورثنا الكتاب الذين اصطفينا من عبادنا فمنهم ظالم لنفسه ومنهم مقتصد ومنهم سابق بالخيرات باذن الله ذلك هو الفضل الكبير",
        "جنات عدن يدخلونها يحلون فيها من اساور من ذهب ولؤلؤا ولباسهم فيها حرير",
        "وقالوا الحمد لله الذي اذهب عنا الحزن ان ربنا لغفور شكور",
        "الذي احلنا دار المقامة من فضله لا يمسنا فيها نصب ولا يمسنا فيها لغوب",
        "والذين كفروا لهم نار جهنم لا يقضى عليهم فيموتوا ولا يخفف عنهم من عذابها كذلك نجزي كل كفور",
        "وهم يصطرخون فيها ربنا اخرجنا نعمل صالحا غير الذي كنا نعمل اولم نعمركم ما يتذكر فيه من تذكر وجاءكم النذير فذوقوا فما للظالمين من نصير",
        "ان الله عالم غيب السماوات والارض انه عليم بذات الصدور",
        "هو الذي جعلكم خلائف في الارض فمن كفر فعليه كفره ولا يزيد الكافرين كفرهم عند ربهم الا مقتا ولا يزيد الكافرين كفرهم الا خسارا",
        "قل ارايتم شركاءكم الذين تدعون من دون الله اروني ماذا خلقوا من الارض ام لهم شرك في السماوات ام اتيناهم كتابا فهم على بينت منه بل ان يعد الظالمون بعضهم بعضا الا غرورا",
        "ان الله يمسك السماوات والارض ان تزولا ولئن زالتا ان امسكهما من احد من بعده انه كان حليما غفورا",
        "واقسموا بالله جهد ايمانهم لئن جاءهم نذير ليكونن اهدى من احدى الامم فلما جاءهم نذير ما زادهم الا نفورا",
        "استكبارا في الارض ومكر السيئ ولا يحيق المكر السيئ الا باهله فهل ينظرون الا سنت الاولين فلن تجد لسنت الله تبديلا ولن تجد لسنت الله تحويلا",
        "اولم يسيروا في الارض فينظروا كيف كان عاقبة الذين من قبلهم وكانوا اشد منهم قوة وما كان الله ليعجزه من شيء في السماوات ولا في الارض انه كان عليما قديرا",
        "ولو يؤاخذ الله الناس بما كسبوا ما ترك على ظهرها من دابة ولكن يؤخرهم الى اجل مسمى فاذا جاء اجلهم فان الله كان بعباده بصيرا"
    ]
}