{
    "surahName": "Yaseen",
    "surahNameArabic": "يس",
    "surahNameArabicLong": "سورة يس",
    "surahNameTranslation": "Yaseen",
    "revelationPlace": "Mecca",
    "totalAyah": 83,
    "surahNo": 36,
    "english": [
        "Yâ-Sĩn.",
        "By the Quran, rich in wisdom!",
        "You ˹O Prophet˺ are truly one of the messengers",
        "upon the Straight Path.",
        "˹This is˺ a revelation from the Almighty, Most Merciful",
        "so that you may warn a people whose forefathers were not warned, and so are heedless.",
        "The decree ˹of torment˺ has already been justified against most of them, for they will never believe.",
        "˹It is as if˺ We have put shackles around their necks up to their chins, so their heads are forced up",
        "and have placed a barrier before them and a barrier behind them and covered them ˹all˺ up, so they fail to see ˹the truth˺.",
        "It is the same whether you warn them or not—they will never believe.",
        "You can only warn those who follow the Reminder and are in awe of the Most Compassionate without seeing Him. So give them good news of forgiveness and an honourable reward.",
        "It is certainly We Who resurrect the dead, and write what they send forth and what they leave behind. Everything is listed by Us in a perfect Record.",
        "Give them an example ˹O Prophet˺ of the residents of a town, when the messengers came to them.",
        "We sent them two messengers, but they rejected both. So We reinforced ˹the two˺ with a third, and they declared, “We have indeed been sent to you ˹as messengers˺.”",
        "The people replied, “You are only humans like us, and the Most Compassionate has not revealed anything. You are simply lying!”",
        "The messengers responded, “Our Lord knows that we have truly been sent to you.",
        "And our duty is only to deliver ˹the message˺ clearly.”",
        "The people replied, “We definitely see you as a bad omen for us. If you do not desist, we will certainly stone you ˹to death˺ and you will be touched with a painful punishment from us.”",
        "The messengers said, “Your bad omen lies within yourselves. Are you saying this because you are reminded ˹of the truth˺? In fact, you are a transgressing people.”",
        "Then from the farthest end of the city a man came, rushing. He advised, “O my people! Follow the messengers.",
        "Follow those who ask no reward of you, and are ˹rightly˺ guided.",
        "And why should I not worship the One Who has originated me, and to Whom you will be returned.",
        "How could I take besides Him other gods whose intercession would not be of any benefit to me, nor could they save me if the Most Compassionate intended to harm me?",
        "Indeed, I would then be clearly astray.",
        "I do believe in your Lord, so listen to me.”",
        "˹But they killed him, then˺ he was told ˹by the angels˺, “Enter Paradise!” He said, “If only my people knew",
        "of how my Lord has forgiven me, and made me one of the honourable.”",
        "We did not send any soldiers from the heavens against his people after his death, nor did We need to.",
        "All it took was one ˹mighty˺ blast, and they were extinguished at once.",
        "Oh pity, such beings! No messenger ever came to them without being mocked.",
        "Have the deniers not considered how many peoples We destroyed before them who never came back to life again?",
        "Yet they will all be brought before Us.",
        "There is a sign for them in the dead earth: We give it life, producing grain from it for them to eat.",
        "And We have placed in it gardens of palm trees and grapevines, and caused springs to gush forth in it",
        "so that they may eat from its fruit, which they had no hand in making. Will they not then give thanks?",
        "Glory be to the One Who created all ˹things in˺ pairs—˹be it˺ what the earth produces, their genders, or what they do not know!",
        "There is also a sign for them in the night: We strip from it daylight, then—behold!—they are in darkness.",
        "The sun travels for its fixed term. That is the design of the Almighty, All-Knowing.",
        "As for the moon, We have ordained ˹precise˺ phases for it, until it ends up like an old, curved palm stalk.",
        "It is not for the sun to catch up with the moon, nor does the night outrun the day. Each is travelling in an orbit of their own.",
        "Another sign for them is that We carried their ancestors ˹with Noah˺ in the fully loaded Ark",
        "and created for them similar things to ride in.",
        "If We willed, We could drown them: then no one would respond to their cries, nor would they be rescued—",
        "except by mercy from Us, allowing them enjoyment for a ˹little˺ while.",
        "˹Still they turn away˺ when it is said to them, “Beware of what is ahead of you ˹in the Hereafter˺ and what is behind you ˹of destroyed nations˺ so you may be shown mercy.”",
        "Whenever a sign comes to them from their Lord, they turn away from it.",
        "And when it is said to them, “Donate from what Allah has provided for you,” the disbelievers say to the believers, “Why should we feed those whom Allah could have fed if He wanted to? You are clearly astray!”",
        "And they ask ˹the believers˺, “When will this threat come to pass, if what you say is true?”",
        "They must be awaiting a single Blast, which will seize them while they are ˹entrenched˺ in ˹worldly˺ disputes.",
        "Then they will not be able to make a ˹last˺ will, nor can they return to their own people.",
        "The Trumpet will be blown ˹a second time˺, then—behold!—they will rush from the graves to their Lord.",
        "They will cry, “Woe to us! Who has raised us up from our place of rest? This must be what the Most Compassionate warned us of; the messengers told the truth!”",
        "It will only take one Blast, then at once they will all be brought before Us.",
        "On that Day no soul will be wronged in the least, nor will you be rewarded except for what you used to do.",
        "Indeed, on that Day the residents of Paradise will be busy enjoying themselves.",
        "They and their spouses will be in ˹cool˺ shade, reclining on ˹canopied˺ couches.",
        "There they will have fruits and whatever they desire.",
        "And “Peace!” will be ˹their˺ greeting from the Merciful Lord.",
        "˹Then the disbelievers will be told,˺ “Step away ˹from the believers˺ this Day, O  wicked ones!",
        "Did I not command you, O  Children of Adam, not to follow Satan, for he is truly your sworn enemy",
        "but to worship Me ˹alone˺? This is the Straight Path.",
        "Yet he already misled great multitudes of you. Did you not have any sense?",
        "This is the Hell you were warned of.",
        "Burn in it Today for your disbelief.”",
        "On this Day We will seal their mouths, their hands will speak to Us, and their feet will testify to what they used to commit.",
        "Had We willed, We could have easily blinded their eyes, so they would struggle to find their way. How then could they see?",
        "And had We willed, We could have transfigured them on the spot, so they could neither progress forward nor turn back.",
        "And whoever We grant a long life, We reverse them in development. Will they not then understand?",
        "We have not taught him poetry, nor is it fitting for him. This ˹Book˺ is only a Reminder and a clear Quran",
        "to warn whoever is ˹truly˺ alive and fulfil the decree ˹of torment˺ against the disbelievers.",
        "Do they not see that We singlehandedly created for them, among other things, cattle which are under their control?",
        "And We have subjected these ˹animals˺ to them, so they may ride some and eat others.",
        "And they derive from them other benefits and drinks. Will they not then give thanks?",
        "Still they have taken other gods besides Allah, hoping to be helped ˹by them˺.",
        "They cannot help the pagans, even though they serve the idols as dedicated guards.",
        "So do not let their words grieve you ˹O Prophet˺. Indeed, We ˹fully˺ know what they conceal and what they reveal.",
        "Do people not see that We have created them from a sperm-drop, then—behold!—they openly challenge ˹Us˺?",
        "And they argue with Us—forgetting they were created—saying, “Who will give life to decayed bones?”",
        "Say, ˹O Prophet,˺ “They will be revived by the One Who produced them the first time, for He has ˹perfect˺ knowledge of every created being.",
        "˹He is the One˺ Who gives you fire from green trees, and—behold!—you kindle ˹fire˺ from them.",
        "Can the One Who created the heavens and the earth not ˹easily˺ resurrect these ˹deniers˺?” Yes ˹He can˺! For He is the Master Creator, All-Knowing.",
        "All it takes, when He wills something ˹to be˺, is simply to say to it: “Be!” And it is!",
        "So glory be to the One in Whose Hands is the authority over all things, and to Whom ˹alone˺ you will ˹all˺ be returned."
    ],
    "arabic1": [
        " يسٓ",
        "وَٱلْقُرْءَانِ ٱلْحَكِيمِ",
        "إِنَّكَ لَمِنَ ٱلْمُرْسَلِينَ",
        "عَلَىٰ صِرَٰطٍ مُّسْتَقِيمٍ",
        "تَنزِيلَ ٱلْعَزِيزِ ٱلرَّحِيمِ",
        "لِتُنذِرَ قَوْمًا مَّآ أُنذِرَ ءَابَآؤُهُمْ فَهُمْ غَـٰفِلُونَ",
        "لَقَدْ حَقَّ ٱلْقَوْلُ عَلَىٰٓ أَكْثَرِهِمْ فَهُمْ لَا يُؤْمِنُونَ",
        "إِنَّا جَعَلْنَا فِىٓ أَعْنَـٰقِهِمْ أَغْلَـٰلًا فَهِىَ إِلَى ٱلْأَذْقَانِ فَهُم مُّقْمَحُونَ",
        "وَجَعَلْنَا مِنۢ بَيْنِ أَيْدِيهِمْ سَدًّا وَمِنْ خَلْفِهِمْ سَدًّا فَأَغْشَيْنَـٰهُمْ فَهُمْ لَا يُبْصِرُونَ",
        "وَسَوَآءٌ عَلَيْهِمْ ءَأَنذَرْتَهُمْ أَمْ لَمْ تُنذِرْهُمْ لَا يُؤْمِنُونَ",
        "إِنَّمَا تُنذِرُ مَنِ ٱتَّبَعَ ٱلذِّكْرَ وَخَشِىَ ٱلرَّحْمَـٰنَ بِٱلْغَيْبِ ۖ فَبَشِّرْهُ بِمَغْفِرَةٍ وَأَجْرٍ كَرِيمٍ",
        "إِنَّا نَحْنُ نُحْىِ ٱلْمَوْتَىٰ وَنَكْتُبُ مَا قَدَّمُوا۟ وَءَاثَـٰرَهُمْ ۚ وَكُلَّ شَىْءٍ أَحْصَيْنَـٰهُ فِىٓ إِمَامٍ مُّبِينٍ",
        "وَٱضْرِبْ لَهُم مَّثَلًا أَصْحَـٰبَ ٱلْقَرْيَةِ إِذْ جَآءَهَا ٱلْمُرْسَلُونَ",
        "إِذْ أَرْسَلْنَآ إِلَيْهِمُ ٱثْنَيْنِ فَكَذَّبُوهُمَا فَعَزَّزْنَا بِثَالِثٍ فَقَالُوٓا۟ إِنَّآ إِلَيْكُم مُّرْسَلُونَ",
        "قَالُوا۟ مَآ أَنتُمْ إِلَّا بَشَرٌ مِّثْلُنَا وَمَآ أَنزَلَ ٱلرَّحْمَـٰنُ مِن شَىْءٍ إِنْ أَنتُمْ إِلَّا تَكْذِبُونَ",
        "قَالُوا۟ رَبُّنَا يَعْلَمُ إِنَّآ إِلَيْكُمْ لَمُرْسَلُونَ",
        "وَمَا عَلَيْنَآ إِلَّا ٱلْبَلَـٰغُ ٱلْمُبِينُ",
        "قَالُوٓا۟ إِنَّا تَطَيَّرْنَا بِكُمْ ۖ لَئِن لَّمْ تَنتَهُوا۟ لَنَرْجُمَنَّكُمْ وَلَيَمَسَّنَّكُم مِّنَّا عَذَابٌ أَلِيمٌ",
        "قَالُوا۟ طَـٰٓئِرُكُم مَّعَكُمْ ۚ أَئِن ذُكِّرْتُم ۚ بَلْ أَنتُمْ قَوْمٌ مُّسْرِفُونَ",
        "وَجَآءَ مِنْ أَقْصَا ٱلْمَدِينَةِ رَجُلٌ يَسْعَىٰ قَالَ يَـٰقَوْمِ ٱتَّبِعُوا۟ ٱلْمُرْسَلِينَ",
        "ٱتَّبِعُوا۟ مَن لَّا يَسْـَٔلُكُمْ أَجْرًا وَهُم مُّهْتَدُونَ",
        "وَمَا لِىَ لَآ أَعْبُدُ ٱلَّذِى فَطَرَنِى وَإِلَيْهِ تُرْجَعُونَ",
        "ءَأَتَّخِذُ مِن دُونِهِۦٓ ءَالِهَةً إِن يُرِدْنِ ٱلرَّحْمَـٰنُ بِضُرٍّ لَّا تُغْنِ عَنِّى شَفَـٰعَتُهُمْ شَيْـًٔا وَلَا يُنقِذُونِ",
        "إِنِّىٓ إِذًا لَّفِى ضَلَـٰلٍ مُّبِينٍ",
        "إِنِّىٓ ءَامَنتُ بِرَبِّكُمْ فَٱسْمَعُونِ",
        "قِيلَ ٱدْخُلِ ٱلْجَنَّةَ ۖ قَالَ يَـٰلَيْتَ قَوْمِى يَعْلَمُونَ",
        "بِمَا غَفَرَ لِى رَبِّى وَجَعَلَنِى مِنَ ٱلْمُكْرَمِينَ",
        "۞ وَمَآ أَنزَلْنَا عَلَىٰ قَوْمِهِۦ مِنۢ بَعْدِهِۦ مِن جُندٍ مِّنَ ٱلسَّمَآءِ وَمَا كُنَّا مُنزِلِينَ",
        "إِن كَانَتْ إِلَّا صَيْحَةً وَٰحِدَةً فَإِذَا هُمْ خَـٰمِدُونَ",
        "يَـٰحَسْرَةً عَلَى ٱلْعِبَادِ ۚ مَا يَأْتِيهِم مِّن رَّسُولٍ إِلَّا كَانُوا۟ بِهِۦ يَسْتَهْزِءُونَ",
        "أَلَمْ يَرَوْا۟ كَمْ أَهْلَكْنَا قَبْلَهُم مِّنَ ٱلْقُرُونِ أَنَّهُمْ إِلَيْهِمْ لَا يَرْجِعُونَ",
        "وَإِن كُلٌّ لَّمَّا جَمِيعٌ لَّدَيْنَا مُحْضَرُونَ",
        "وَءَايَةٌ لَّهُمُ ٱلْأَرْضُ ٱلْمَيْتَةُ أَحْيَيْنَـٰهَا وَأَخْرَجْنَا مِنْهَا حَبًّا فَمِنْهُ يَأْكُلُونَ",
        "وَجَعَلْنَا فِيهَا جَنَّـٰتٍ مِّن نَّخِيلٍ وَأَعْنَـٰبٍ وَفَجَّرْنَا فِيهَا مِنَ ٱلْعُيُونِ",
        "لِيَأْكُلُوا۟ مِن ثَمَرِهِۦ وَمَا عَمِلَتْهُ أَيْدِيهِمْ ۖ أَفَلَا يَشْكُرُونَ",
        "سُبْحَـٰنَ ٱلَّذِى خَلَقَ ٱلْأَزْوَٰجَ كُلَّهَا مِمَّا تُنۢبِتُ ٱلْأَرْضُ وَمِنْ أَنفُسِهِمْ وَمِمَّا لَا يَعْلَمُونَ",
        "وَءَايَةٌ لَّهُمُ ٱلَّيْلُ نَسْلَخُ مِنْهُ ٱلنَّهَارَ فَإِذَا هُم مُّظْلِمُونَ",
        "وَٱلشَّمْسُ تَجْرِى لِمُسْتَقَرٍّ لَّهَا ۚ ذَٰلِكَ تَقْدِيرُ ٱلْعَزِيزِ ٱلْعَلِيمِ",
        "وَٱلْقَمَرَ قَدَّرْنَـٰهُ مَنَازِلَ حَتَّىٰ عَادَ كَٱلْعُرْجُونِ ٱلْقَدِيمِ",
        "لَا ٱلشَّمْسُ يَنۢبَغِى لَهَآ أَن تُدْرِكَ ٱلْقَمَرَ وَلَا ٱلَّيْلُ سَابِقُ ٱلنَّهَارِ ۚ وَكُلٌّ فِى فَلَكٍ يَسْبَحُونَ",
        "وَءَايَةٌ لَّهُمْ أَنَّا حَمَلْنَا ذُرِّيَّتَهُمْ فِى ٱلْفُلْكِ ٱلْمَشْحُونِ",
        "وَخَلَقْنَا لَهُم مِّن مِّثْلِهِۦ مَا يَرْكَبُونَ",
        "وَإِن نَّشَأْ نُغْرِقْهُمْ فَلَا صَرِيخَ لَهُمْ وَلَا هُمْ يُنقَذُونَ",
        "إِلَّا رَحْمَةً مِّنَّا وَمَتَـٰعًا إِلَىٰ حِينٍ",
        "وَإِذَا قِيلَ لَهُمُ ٱتَّقُوا۟ مَا بَيْنَ أَيْدِيكُمْ وَمَا خَلْفَكُمْ لَعَلَّكُمْ تُرْحَمُونَ",
        "وَمَا تَأْتِيهِم مِّنْ ءَايَةٍ مِّنْ ءَايَـٰتِ رَبِّهِمْ إِلَّا كَانُوا۟ عَنْهَا مُعْرِضِينَ",
        "وَإِذَا قِيلَ لَهُمْ أَنفِقُوا۟ مِمَّا رَزَقَكُمُ ٱللَّهُ قَالَ ٱلَّذِينَ كَفَرُوا۟ لِلَّذِينَ ءَامَنُوٓا۟ أَنُطْعِمُ مَن لَّوْ يَشَآءُ ٱللَّهُ أَطْعَمَهُۥٓ إِنْ أَنتُمْ إِلَّا فِى ضَلَـٰلٍ مُّبِينٍ",
        "وَيَقُولُونَ مَتَىٰ هَـٰذَا ٱلْوَعْدُ إِن كُنتُمْ صَـٰدِقِينَ",
        "مَا يَنظُرُونَ إِلَّا صَيْحَةً وَٰحِدَةً تَأْخُذُهُمْ وَهُمْ يَخِصِّمُونَ",
        "فَلَا يَسْتَطِيعُونَ تَوْصِيَةً وَلَآ إِلَىٰٓ أَهْلِهِمْ يَرْجِعُونَ",
        "وَنُفِخَ فِى ٱلصُّورِ فَإِذَا هُم مِّنَ ٱلْأَجْدَاثِ إِلَىٰ رَبِّهِمْ يَنسِلُونَ",
        "قَالُوا۟ يَـٰوَيْلَنَا مَنۢ بَعَثَنَا مِن مَّرْقَدِنَا ۜ ۗ هَـٰذَا مَا وَعَدَ ٱلرَّحْمَـٰنُ وَصَدَقَ ٱلْمُرْسَلُونَ",
        "إِن كَانَتْ إِلَّا صَيْحَةً وَٰحِدَةً فَإِذَا هُمْ جَمِيعٌ لَّدَيْنَا مُحْضَرُونَ",
        "فَٱلْيَوْمَ لَا تُظْلَمُ نَفْسٌ شَيْـًٔا وَلَا تُجْزَوْنَ إِلَّا مَا كُنتُمْ تَعْمَلُونَ",
        "إِنَّ أَصْحَـٰبَ ٱلْجَنَّةِ ٱلْيَوْمَ فِى شُغُلٍ فَـٰكِهُونَ",
        "هُمْ وَأَزْوَٰجُهُمْ فِى ظِلَـٰلٍ عَلَى ٱلْأَرَآئِكِ مُتَّكِـُٔونَ",
        "لَهُمْ فِيهَا فَـٰكِهَةٌ وَلَهُم مَّا يَدَّعُونَ",
        "سَلَـٰمٌ قَوْلًا مِّن رَّبٍّ رَّحِيمٍ",
        "وَٱمْتَـٰزُوا۟ ٱلْيَوْمَ أَيُّهَا ٱلْمُجْرِمُونَ",
        "۞ أَلَمْ أَعْهَدْ إِلَيْكُمْ يَـٰبَنِىٓ ءَادَمَ أَن لَّا تَعْبُدُوا۟ ٱلشَّيْطَـٰنَ ۖ إِنَّهُۥ لَكُمْ عَدُوٌّ مُّبِينٌ",
        "وَأَنِ ٱعْبُدُونِى ۚ هَـٰذَا صِرَٰطٌ مُّسْتَقِيمٌ",
        "وَلَقَدْ أَضَلَّ مِنكُمْ جِبِلًّا كَثِيرًا ۖ أَفَلَمْ تَكُونُوا۟ تَعْقِلُونَ",
        "هَـٰذِهِۦ جَهَنَّمُ ٱلَّتِى كُنتُمْ تُوعَدُونَ",
        "ٱصْلَوْهَا ٱلْيَوْمَ بِمَا كُنتُمْ تَكْفُرُونَ",
        "ٱلْيَوْمَ نَخْتِمُ عَلَىٰٓ أَفْوَٰهِهِمْ وَتُكَلِّمُنَآ أَيْدِيهِمْ وَتَشْهَدُ أَرْجُلُهُم بِمَا كَانُوا۟ يَكْسِبُونَ",
        "وَلَوْ نَشَآءُ لَطَمَسْنَا عَلَىٰٓ أَعْيُنِهِمْ فَٱسْتَبَقُوا۟ ٱلصِّرَٰطَ فَأَنَّىٰ يُبْصِرُونَ",
        "وَلَوْ نَشَآءُ لَمَسَخْنَـٰهُمْ عَلَىٰ مَكَانَتِهِمْ فَمَا ٱسْتَطَـٰعُوا۟ مُضِيًّا وَلَا يَرْجِعُونَ",
        "وَمَن نُّعَمِّرْهُ نُنَكِّسْهُ فِى ٱلْخَلْقِ ۖ أَفَلَا يَعْقِلُونَ",
        "وَمَا عَلَّمْنَـٰهُ ٱلشِّعْرَ وَمَا يَنۢبَغِى لَهُۥٓ ۚ إِنْ هُوَ إِلَّا ذِكْرٌ وَقُرْءَانٌ مُّبِينٌ",
        "لِّيُنذِرَ مَن كَانَ حَيًّا وَيَحِقَّ ٱلْقَوْلُ عَلَى ٱلْكَـٰفِرِينَ",
        "أَوَلَمْ يَرَوْا۟ أَنَّا خَلَقْنَا لَهُم مِّمَّا عَمِلَتْ أَيْدِينَآ أَنْعَـٰمًا فَهُمْ لَهَا مَـٰلِكُونَ",
        "وَذَلَّلْنَـٰهَا لَهُمْ فَمِنْهَا رَكُوبُهُمْ وَمِنْهَا يَأْكُلُونَ",
        "وَلَهُمْ فِيهَا مَنَـٰفِعُ وَمَشَارِبُ ۖ أَفَلَا يَشْكُرُونَ",
        "وَٱتَّخَذُوا۟ مِن دُونِ ٱللَّهِ ءَالِهَةً لَّعَلَّهُمْ يُنصَرُونَ",
        "لَا يَسْتَطِيعُونَ نَصْرَهُمْ وَهُمْ لَهُمْ جُندٌ مُّحْضَرُونَ",
        "فَلَا يَحْزُنكَ قَوْلُهُمْ ۘ إِنَّا نَعْلَمُ مَا يُسِرُّونَ وَمَا يُعْلِنُونَ",
        "أَوَلَمْ يَرَ ٱلْإِنسَـٰنُ أَنَّا خَلَقْنَـٰهُ مِن نُّطْفَةٍ فَإِذَا هُوَ خَصِيمٌ مُّبِينٌ",
        "وَضَرَبَ لَنَا مَثَلًا وَنَسِىَ خَلْقَهُۥ ۖ قَالَ مَن يُحْىِ ٱلْعِظَـٰمَ وَهِىَ رَمِيمٌ",
        "قُلْ يُحْيِيهَا ٱلَّذِىٓ أَنشَأَهَآ أَوَّلَ مَرَّةٍ ۖ وَهُوَ بِكُلِّ خَلْقٍ عَلِيمٌ",
        "ٱلَّذِى جَعَلَ لَكُم مِّنَ ٱلشَّجَرِ ٱلْأَخْضَرِ نَارًا فَإِذَآ أَنتُم مِّنْهُ تُوقِدُونَ",
        "أَوَلَيْسَ ٱلَّذِى خَلَقَ ٱلسَّمَـٰوَٰتِ وَٱلْأَرْضَ بِقَـٰدِرٍ عَلَىٰٓ أَن يَخْلُقَ مِثْلَهُم ۚ بَلَىٰ وَهُوَ ٱلْخَلَّـٰقُ ٱلْعَلِيمُ",
        "إِنَّمَآ أَمْرُهُۥٓ إِذَآ أَرَادَ شَيْـًٔا أَن يَقُولَ لَهُۥ كُن فَيَكُونُ",
        "فَسُبْحَـٰنَ ٱلَّذِى بِيَدِهِۦ مَلَكُوتُ كُلِّ شَىْءٍ وَإِلَيْهِ تُرْجَعُونَ"
    ],
    "arabic2": [
        "يس",
        "والقران الحكيم",
        "انك لمن المرسلين",
        "على صراط مستقيم",
        "تنزيل العزيز الرحيم",
        "لتنذر قوما ما انذر اباؤهم فهم غافلون",
        "لقد حق القول على اكثرهم فهم لا يؤمنون",
        "انا جعلنا في اعناقهم اغلالا فهي الى الاذقان فهم مقمحون",
        "وجعلنا من بين ايديهم سدا ومن خلفهم سدا فاغشيناهم فهم لا يبصرون",
        "وسواء عليهم اانذرتهم ام لم تنذرهم لا يؤمنون",
        "انما تنذر من اتبع الذكر وخشي الرحمن بالغيب فبشره بمغفرة واجر كريم",
        "انا نحن نحيي الموتى ونكتب ما قدموا واثارهم وكل شيء احصيناه في امام مبين",
        "واضرب لهم مثلا اصحاب القرية اذ جاءها المرسلون",
        "اذ ارسلنا اليهم اثنين فكذبوهما فعززنا بثالث فقالوا انا اليكم مرسلون",
        "قالوا ما انتم الا بشر مثلنا وما انزل الرحمن من شيء ان انتم الا تكذبون",
        "قالوا ربنا يعلم انا اليكم لمرسلون",
        "وما علينا الا البلاغ المبين",
        "قالوا انا تطيرنا بكم لئن لم تنتهوا لنرجمنكم وليمسنكم منا عذاب اليم",
        "قالوا طائركم معكم ائن ذكرتم بل انتم قوم مسرفون",
        "وجاء من اقصى المدينة رجل يسعى قال يا قوم اتبعوا المرسلين",
        "اتبعوا من لا يسالكم اجرا وهم مهتدون",
        "وما لي لا اعبد الذي فطرني واليه ترجعون",
        "ااتخذ من دونه الهة ان يردن الرحمن بضر لا تغن عني شفاعتهم شيئا ولا ينقذون",
        "اني اذا لفي ضلال مبين",
        "اني امنت بربكم فاسمعون",
        "قيل ادخل الجنة قال يا ليت قومي يعلمون",
        "بما غفر لي ربي وجعلني من المكرمين",
        "وما انزلنا على قومه من بعده من جند من السماء وما كنا منزلين",
        "ان كانت الا صيحة واحدة فاذا هم خامدون",
        "يا حسرة على العباد ما ياتيهم من رسول الا كانوا به يستهزئون",
        "الم يروا كم اهلكنا قبلهم من القرون انهم اليهم لا يرجعون",
        "وان كل لما جميع لدينا محضرون",
        "واية لهم الارض الميتة احييناها واخرجنا منها حبا فمنه ياكلون",
        "وجعلنا فيها جنات من نخيل واعناب وفجرنا فيها من العيون",
        "لياكلوا من ثمره وما عملته ايديهم افلا يشكرون",
        "سبحان الذي خلق الازواج كلها مما تنبت الارض ومن انفسهم ومما لا يعلمون",
        "واية لهم الليل نسلخ منه النهار فاذا هم مظلمون",
        "والشمس تجري لمستقر لها ذلك تقدير العزيز العليم",
        "والقمر قدرناه منازل حتى عاد كالعرجون القديم",
        "لا الشمس ينبغي لها ان تدرك القمر ولا الليل سابق النهار وكل في فلك يسبحون",
        "واية لهم انا حملنا ذريتهم في الفلك المشحون",
        "وخلقنا لهم من مثله ما يركبون",
        "وان نشا نغرقهم فلا صريخ لهم ولا هم ينقذون",
        "الا رحمة منا ومتاعا الى حين",
        "واذا قيل لهم اتقوا ما بين ايديكم وما خلفكم لعلكم ترحمون",
        "وما تاتيهم من اية من ايات ربهم الا كانوا عنها معرضين",
        "واذا قيل لهم انفقوا مما رزقكم الله قال الذين كفروا للذين امنوا انطعم من لو يشاء الله اطعمه ان انتم الا في ضلال مبين",
        "ويقولون متى هذا الوعد ان كنتم صادقين",
        "ما ينظرون الا صيحة واحدة تاخذهم وهم يخصمون",
        "فلا يستطيعون توصية ولا الى اهلهم يرجعون",
        "ونفخ في الصور فاذا هم من الاجداث الى ربهم ينسلون",
        "قالوا يا ويلنا من بعثنا من مرقدنا هذا ما وعد الرحمن وصدق المرسلون",
        "ان كانت الا صيحة واحدة فاذا هم جميع لدينا محضرون",
        "فاليوم لا تظلم نفس شيئا ولا تجزون الا ما كنتم تعملون",
        "ان اصحاب الجنة اليوم في شغل فاكهون",
        "هم وازواجهم في ظلال على الارائك متكئون",
        "لهم فيها فاكهة ولهم ما يدعون",
        "سلام قولا من رب رحيم",
        "وامتازوا اليوم ايها المجرمون",
        "الم اعهد اليكم يا بني ادم ان لا تعبدوا الشيطان انه لكم عدو مبين",
        "وان اعبدوني هذا صراط مستقيم",
        "ولقد اضل منكم جبلا كثيرا افلم تكونوا تعقلون",
        "هذه جهنم التي كنتم توعدون",
        "اصلوها اليوم بما كنتم تكفرون",
        "اليوم نختم على افواههم وتكلمنا ايديهم وتشهد ارجلهم بما كانوا يكسبون",
        "ولو نشاء لطمسنا على اعينهم فاستبقوا الصراط فانى يبصرون",
        "ولو نشاء لمسخناهم على مكانتهم فما استطاعوا مضيا ولا يرجعون",
        "ومن نعمره ننكسه في الخلق افلا يعقلون",
        "وما علمناه الشعر وما ينبغي له ان هو الا ذكر وقران مبين",
        "لينذر من كان حيا ويحق القول على الكافرين",
        "اولم يروا انا خلقنا لهم مما عملت ايدينا انعاما فهم لها مالكون",
        "وذللناها لهم فمنها ركوبهم ومنها ياكلون",
        "ولهم فيها منافع ومشارب افلا يشكرون",
        "واتخذوا من دون الله الهة لعلهم ينصرون",
        "لا يستطيعون نصرهم وهم لهم جند محضرون",
        "فلا يحزنك قولهم انا نعلم ما يسرون وما يعلنون",
        "اولم ير الانسان انا خلقناه من نطفة فاذا هو خصيم مبين",
        "وضرب لنا مثلا ونسي خلقه قال من يحيي العظام وهي رميم",
        "قل يحييها الذي انشاها اول مرة وهو بكل خلق عليم",
        "الذي جعل لكم من الشجر الاخضر نارا فاذا انتم منه توقدون",
        "اوليس الذي خلق السماوات والارض بقادر على ان يخلق مثلهم بلى وهو الخلاق العليم",
        "انما امره اذا اراد شيئا ان يقول له كن فيكون",
        "فسبحان الذي بيده ملكوت كل شيء واليه ترجعون"
    ]
}