{
    "surahName": "As-Saaffaat",
    "surahNameArabic": "الصافات",
    "surahNameArabicLong": "سورة الصافات",
    "surahNameTranslation": "Those drawn up in Ranks",
    "revelationPlace": "Mecca",
    "totalAyah": 182,
    "surahNo": 37,
    "english": [
        "By those ˹angels˺ lined up in ranks",
        "and those who diligently drive ˹the clouds˺",
        "and those who recite the Reminder!",
        "Surely your God is One!",
        "˹He is˺ the Lord of the heavens and the earth and everything in between, and the Lord of all points of sunrise.",
        "Indeed, We have adorned the lowest heaven with the stars for decoration",
        "and ˹for˺ protection from every rebellious devil.",
        "They cannot listen to the highest assembly ˹of angels˺ for they are pelted from every side",
        "˹fiercely˺ driven away. And they will suffer an everlasting torment.",
        "But whoever manages to stealthily eavesdrop is ˹instantly˺ pursued by a piercing flare.",
        "So ask them ˹O Prophet˺, which is harder to create: them or other marvels of Our creation? Indeed, We created them from a sticky clay.",
        "In fact, you are astonished ˹by their denial˺, while they ridicule ˹you˺.",
        "When they are reminded, they are never mindful.",
        "And whenever they see a sign, they make fun of it",
        "saying, “This is nothing but pure magic.",
        "When we are dead and reduced to dust and bones, will we really be resurrected?",
        "And our forefathers as well?”",
        "Say, “Yes! And you will be fully humbled.”",
        "It will only take one Blast, then at once they will see ˹it all˺.",
        "They will cry, “Oh, woe to us! This is the Day of Judgment!”",
        "˹They will be told,˺ “This is the Day of ˹Final˺ Decision which you used to deny.”",
        "˹Allah will say to the angels,˺ “Gather ˹all˺ the wrongdoers along with their peers, and whatever they used to worship",
        "instead of Allah, then lead them ˹all˺ to the path of Hell.",
        "And detain them, for they must be questioned.”",
        "˹Then they will be asked,˺ “What is the matter with you that you can no longer help each other?”",
        "In fact, on that Day they will be ˹fully˺ submissive.",
        "They will turn on each other, throwing blame.",
        "The misled will say, “It was you who deluded us away from what is right.”",
        "The misleaders will reply, “No! You disbelieved on your own.",
        "We had no authority over you. In fact, you yourselves were a transgressing people.",
        "The decree of our Lord has come to pass against us ˹all˺: we will certainly taste ˹the punishment˺.",
        "We caused you to deviate, for we ourselves were deviant.”",
        "Surely on that Day they will ˹all˺ share in the punishment.",
        "That is certainly how We deal with the wicked.",
        "For whenever it was said to them ˹in the world˺, “There is no god ˹worthy of worship˺ except Allah,” they acted arrogantly",
        "and argued, “Should we really abandon our gods for a mad poet?”",
        "In fact, he came with the truth, confirming ˹earlier˺ messengers.",
        "You will certainly taste the painful torment",
        "and will only be rewarded for what you used to do.",
        "But not the chosen servants of Allah.",
        "They will have a known provision:",
        "fruits ˹of every type˺. And they will be honoured",
        "in the Gardens of Bliss",
        "facing each other on thrones.",
        "A drink ˹of pure wine˺ will be passed around to them from a flowing stream:",
        "crystal-white, delicious to drink.",
        "It will neither harm ˹them˺, nor will they be intoxicated by it.",
        "And with them will be maidens of modest gaze and gorgeous eyes",
        "as if they were pristine pearls.",
        "Then they will turn to one another inquisitively.",
        "One of them will say, “I once had a companion ˹in the world˺",
        "who used to ask ˹me˺, ‘Do you actually believe ˹in resurrection˺?",
        "When we are dead and reduced to dust and bones, will we really be brought to judgment?’”",
        "He will ˹then˺ ask, “Would you care to see ˹his fate˺?”",
        "Then he ˹and the others˺ will look and spot him in the midst of the Hellfire.",
        "He will ˹then˺ say, “By Allah! You nearly ruined me.",
        "Had it not been for the grace of my Lord, I ˹too˺ would have certainly been among those brought ˹to Hell˺.”",
        "˹Then he will ask his fellow believers,˺ “Can you imagine that we will never die",
        "except our first death, nor be punished ˹like the others˺?”",
        "This is truly the ultimate triumph.",
        "For such ˹honour˺ all should strive.",
        "Is this ˹bliss˺ a better accommodation or the tree of Zaqqûm?",
        "We have surely made it a test for the wrongdoers.",
        "Indeed, it is a tree that grows in the depths of Hell",
        "bearing fruit like devils’ heads.",
        "The evildoers will certainly ˹be left to˺ eat from it, filling up their bellies with it.",
        "Then on top of that they will be given a blend of boiling drink.",
        "Then they will ultimately return to ˹their place in˺ Hell.",
        "Indeed, they found their forefathers astray",
        "so they rushed in their footsteps!",
        "And surely most of the earlier generations had strayed before them",
        "although We had certainly sent warners among them.",
        "See then what was the end of those who had been warned.",
        "But not the chosen servants of Allah.",
        "Indeed, Noah cried out to Us, and how excellent are We in responding!",
        "We delivered him and his family from the great distress",
        "and made his descendants the sole survivors.",
        "And We blessed him ˹with honourable mention˺ among later generations:",
        "“Peace be upon Noah among all peoples.”",
        "Indeed, this is how We reward the good-doers.",
        "˹For˺ he was truly one of Our faithful servants.",
        "Then We drowned the others.",
        "And indeed, one of those who followed his way was Abraham.",
        "˹Remember˺ when he came to his Lord with a pure heart",
        "and said to his father and his people, “What are you worshipping?",
        "Is it false gods that you desire instead of Allah?",
        "What then do you expect from the Lord of all worlds?”",
        "He later looked up to the stars ˹in contemplation˺",
        "then said, “I am really sick.”",
        "So they turned their backs on him and went away.",
        "Then he ˹stealthily˺ advanced towards their gods, and said ˹mockingly˺, “Will you not eat ˹your offerings˺?",
        "What is wrong with you that you cannot speak?”",
        "Then he swiftly turned on them, striking ˹them˺ with his right hand.",
        "Later, his people came rushing towards him ˹furiously˺.",
        "He argued, “How can you worship what you carve ˹with your own hands˺",
        "when it is Allah Who created you and whatever you do?”",
        "They said ˹to one another˺, “Build him a furnace and cast him into the blazing fire.”",
        "And so they sought to harm him, but We made them inferior.",
        "He later said, “I am leaving ˹in obedience˺ to my Lord. He will guide me.",
        "My Lord! Bless me with righteous offspring.”",
        "So We gave him good news of a forbearing son.",
        "Then when the boy reached the age to work with him, Abraham said, “O my dear son! I have seen in a dream that I ˹must˺ sacrifice you. So tell me what you think.” He replied, “O my dear father! Do as you are commanded. Allah willing, you will find me steadfast.”",
        "Then when they submitted ˹to Allah’s Will˺, and Abraham laid him on the side of his forehead ˹for sacrifice˺",
        "We called out to him, “O Abraham!",
        "You have already fulfilled the vision.” Indeed, this is how We reward the good-doers.",
        "That was truly a revealing test.",
        "And We ransomed his son with a great sacrifice",
        "and blessed Abraham ˹with honourable mention˺ among later generations:",
        "“Peace be upon Abraham.”",
        "This is how We reward the good-doers.",
        "He was truly one of Our faithful servants.",
        "We ˹later˺ gave him good news of Isaac—a prophet, and one of the righteous.",
        "We blessed him and Isaac as well. Some of their descendants did good, while others clearly wronged themselves.",
        "And We certainly showed favour to Moses and Aaron",
        "and delivered them and their people from the great distress.",
        "We helped them so it was they who prevailed.",
        "We gave them the clear Scripture",
        "and guided them to the Straight Path.",
        "And We blessed them ˹with honourable mention˺ among later generations:",
        "“Peace be upon Moses and Aaron.”",
        "Indeed, this is how We reward the good-doers.",
        "They were truly ˹two˺ of Our faithful servants.",
        "And Elias was indeed one of the messengers.",
        "˹Remember˺ when he said to his people, “Will you not fear ˹Allah˺?",
        "Do you call upon ˹the idol of˺ Ba’l and abandon the Best of Creators—",
        "Allah, your Lord and the Lord of your forefathers?”",
        "But they rejected him, so they will certainly be brought ˹for punishment˺.",
        "But not the chosen servants of Allah.",
        "We blessed him ˹with honourable mention˺ among later generations:",
        "“Peace be upon Elias.”",
        "Indeed, this is how We reward the good-doers.",
        "He was truly one of Our faithful servants.",
        "And Lot was indeed one of the messengers.",
        "˹Remember˺ when We delivered him and all of his family",
        "except an old woman, who was one of the doomed.",
        "Then We ˹utterly˺ destroyed the rest.",
        "You ˹Meccans˺ certainly pass by their ruins day",
        "and night. Will you not then understand?",
        "And Jonah was indeed one of the messengers.",
        "˹Remember˺ when he fled to the overloaded ship.",
        "Then ˹to save it from sinking,˺ he drew straws ˹with other passengers˺. He lost ˹and was thrown overboard˺.",
        "Then the whale engulfed him while he was blameworthy.",
        "Had he not ˹constantly˺ glorified ˹Allah˺",
        "he would have certainly remained in its belly until the Day of Resurrection.",
        "But We cast him onto the open ˹shore˺, ˹totally˺ worn out",
        "and caused a squash plant to grow over him.",
        "We ˹later˺ sent him ˹back˺ to ˹his city of˺ at least one hundred thousand people",
        "who then believed ˹in him˺, so We allowed them enjoyment for a while.",
        "Ask them ˹O Prophet˺ if your Lord has daughters, while the pagans ˹prefer to˺ have sons.",
        "Or ˹ask them˺ if We created the angels as females right before their eyes.",
        "Indeed, it is one of their ˹outrageous˺ fabrications to say",
        "“Allah has children.” They are simply liars.",
        "Has He chosen daughters over sons?",
        "What is the matter with you? How do you judge?",
        "Will you not then be mindful?",
        "Or do you have ˹any˺ compelling proof?",
        "Then bring ˹us˺ your scripture, if what you say is true!",
        "They have also established a ˹marital˺ relationship between Him and the jinn. Yet the jinn ˹themselves˺ know well that such people will certainly be brought ˹for punishment˺.",
        "Glorified is Allah far above what they claim!",
        "But not the chosen servants of Allah.",
        "Surely you ˹pagans˺ and whatever ˹idols˺ you worship",
        "can never lure ˹anyone˺ away from Him",
        "except those ˹destined˺ to burn in Hell.",
        "˹The angels respond,˺ “There is not one of us without an assigned station ˹of worship˺.",
        "We are indeed the ones lined up in ranks ˹for Allah˺.",
        "And we are indeed the ones ˹constantly˺ glorifying ˹His praise˺.”",
        "They certainly used to say",
        "“If only we had a Reminder like ˹those of˺ earlier peoples",
        "we would have truly been Allah’s devoted servants.”",
        "But ˹now˺ they reject it, so they will soon know.",
        "Our Word has already gone forth to Our servants, the messengers",
        "that they would surely be helped",
        "and that Our forces will certainly prevail.",
        "So turn away from the deniers for a while ˹O Prophet˺.",
        "You will see ˹what will happen to˺ them, and they too will see!",
        "Do they ˹really˺ wish to hasten Our punishment?",
        "Yet when it descends upon them: how evil will that morning be for those who had been warned!",
        "And turn away from them for a while.",
        "You will see, and they too will see!",
        "Glorified is your Lord—the Lord of Honour and Power—above what they claim!",
        "Peace be upon the messengers.",
        "And praise be to Allah—Lord of all worlds."
    ],
    "arabic1": [
        " وَٱلصَّـٰٓفَّـٰتِ صَفًّا",
        "فَٱلزَّٰجِرَٰتِ زَجْرًا",
        "فَٱلتَّـٰلِيَـٰتِ ذِكْرًا",
        "إِنَّ إِلَـٰهَكُمْ لَوَٰحِدٌ",
        "رَّبُّ ٱلسَّمَـٰوَٰتِ وَٱلْأَرْضِ وَمَا بَيْنَهُمَا وَرَبُّ ٱلْمَشَـٰرِقِ",
        "إِنَّا زَيَّنَّا ٱلسَّمَآءَ ٱلدُّنْيَا بِزِينَةٍ ٱلْكَوَاكِبِ",
        "وَحِفْظًا مِّن كُلِّ شَيْطَـٰنٍ مَّارِدٍ",
        "لَّا يَسَّمَّعُونَ إِلَى ٱلْمَلَإِ ٱلْأَعْلَىٰ وَيُقْذَفُونَ مِن كُلِّ جَانِبٍ",
        "دُحُورًا ۖ وَلَهُمْ عَذَابٌ وَاصِبٌ",
        "إِلَّا مَنْ خَطِفَ ٱلْخَطْفَةَ فَأَتْبَعَهُۥ شِهَابٌ ثَاقِبٌ",
        "فَٱسْتَفْتِهِمْ أَهُمْ أَشَدُّ خَلْقًا أَم مَّنْ خَلَقْنَآ ۚ إِنَّا خَلَقْنَـٰهُم مِّن طِينٍ لَّازِبٍۭ",
        "بَلْ عَجِبْتَ وَيَسْخَرُونَ",
        "وَإِذَا ذُكِّرُوا۟ لَا يَذْكُرُونَ",
        "وَإِذَا رَأَوْا۟ ءَايَةً يَسْتَسْخِرُونَ",
        "وَقَالُوٓا۟ إِنْ هَـٰذَآ إِلَّا سِحْرٌ مُّبِينٌ",
        "أَءِذَا مِتْنَا وَكُنَّا تُرَابًا وَعِظَـٰمًا أَءِنَّا لَمَبْعُوثُونَ",
        "أَوَءَابَآؤُنَا ٱلْأَوَّلُونَ",
        "قُلْ نَعَمْ وَأَنتُمْ دَٰخِرُونَ",
        "فَإِنَّمَا هِىَ زَجْرَةٌ وَٰحِدَةٌ فَإِذَا هُمْ يَنظُرُونَ",
        "وَقَالُوا۟ يَـٰوَيْلَنَا هَـٰذَا يَوْمُ ٱلدِّينِ",
        "هَـٰذَا يَوْمُ ٱلْفَصْلِ ٱلَّذِى كُنتُم بِهِۦ تُكَذِّبُونَ",
        "۞ ٱحْشُرُوا۟ ٱلَّذِينَ ظَلَمُوا۟ وَأَزْوَٰجَهُمْ وَمَا كَانُوا۟ يَعْبُدُونَ",
        "مِن دُونِ ٱللَّهِ فَٱهْدُوهُمْ إِلَىٰ صِرَٰطِ ٱلْجَحِيمِ",
        "وَقِفُوهُمْ ۖ إِنَّهُم مَّسْـُٔولُونَ",
        "مَا لَكُمْ لَا تَنَاصَرُونَ",
        "بَلْ هُمُ ٱلْيَوْمَ مُسْتَسْلِمُونَ",
        "وَأَقْبَلَ بَعْضُهُمْ عَلَىٰ بَعْضٍ يَتَسَآءَلُونَ",
        "قَالُوٓا۟ إِنَّكُمْ كُنتُمْ تَأْتُونَنَا عَنِ ٱلْيَمِينِ",
        "قَالُوا۟ بَل لَّمْ تَكُونُوا۟ مُؤْمِنِينَ",
        "وَمَا كَانَ لَنَا عَلَيْكُم مِّن سُلْطَـٰنٍۭ ۖ بَلْ كُنتُمْ قَوْمًا طَـٰغِينَ",
        "فَحَقَّ عَلَيْنَا قَوْلُ رَبِّنَآ ۖ إِنَّا لَذَآئِقُونَ",
        "فَأَغْوَيْنَـٰكُمْ إِنَّا كُنَّا غَـٰوِينَ",
        "فَإِنَّهُمْ يَوْمَئِذٍ فِى ٱلْعَذَابِ مُشْتَرِكُونَ",
        "إِنَّا كَذَٰلِكَ نَفْعَلُ بِٱلْمُجْرِمِينَ",
        "إِنَّهُمْ كَانُوٓا۟ إِذَا قِيلَ لَهُمْ لَآ إِلَـٰهَ إِلَّا ٱللَّهُ يَسْتَكْبِرُونَ",
        "وَيَقُولُونَ أَئِنَّا لَتَارِكُوٓا۟ ءَالِهَتِنَا لِشَاعِرٍ مَّجْنُونٍۭ",
        "بَلْ جَآءَ بِٱلْحَقِّ وَصَدَّقَ ٱلْمُرْسَلِينَ",
        "إِنَّكُمْ لَذَآئِقُوا۟ ٱلْعَذَابِ ٱلْأَلِيمِ",
        "وَمَا تُجْزَوْنَ إِلَّا مَا كُنتُمْ تَعْمَلُونَ",
        "إِلَّا عِبَادَ ٱللَّهِ ٱلْمُخْلَصِينَ",
        "أُو۟لَـٰٓئِكَ لَهُمْ رِزْقٌ مَّعْلُومٌ",
        "فَوَٰكِهُ ۖ وَهُم مُّكْرَمُونَ",
        "فِى جَنَّـٰتِ ٱلنَّعِيمِ",
        "عَلَىٰ سُرُرٍ مُّتَقَـٰبِلِينَ",
        "يُطَافُ عَلَيْهِم بِكَأْسٍ مِّن مَّعِينٍۭ",
        "بَيْضَآءَ لَذَّةٍ لِّلشَّـٰرِبِينَ",
        "لَا فِيهَا غَوْلٌ وَلَا هُمْ عَنْهَا يُنزَفُونَ",
        "وَعِندَهُمْ قَـٰصِرَٰتُ ٱلطَّرْفِ عِينٌ",
        "كَأَنَّهُنَّ بَيْضٌ مَّكْنُونٌ",
        "فَأَقْبَلَ بَعْضُهُمْ عَلَىٰ بَعْضٍ يَتَسَآءَلُونَ",
        "قَالَ قَآئِلٌ مِّنْهُمْ إِنِّى كَانَ لِى قَرِينٌ",
        "يَقُولُ أَءِنَّكَ لَمِنَ ٱلْمُصَدِّقِينَ",
        "أَءِذَا مِتْنَا وَكُنَّا تُرَابًا وَعِظَـٰمًا أَءِنَّا لَمَدِينُونَ",
        "قَالَ هَلْ أَنتُم مُّطَّلِعُونَ",
        "فَٱطَّلَعَ فَرَءَاهُ فِى سَوَآءِ ٱلْجَحِيمِ",
        "قَالَ تَٱللَّهِ إِن كِدتَّ لَتُرْدِينِ",
        "وَلَوْلَا نِعْمَةُ رَبِّى لَكُنتُ مِنَ ٱلْمُحْضَرِينَ",
        "أَفَمَا نَحْنُ بِمَيِّتِينَ",
        "إِلَّا مَوْتَتَنَا ٱلْأُولَىٰ وَمَا نَحْنُ بِمُعَذَّبِينَ",
        "إِنَّ هَـٰذَا لَهُوَ ٱلْفَوْزُ ٱلْعَظِيمُ",
        "لِمِثْلِ هَـٰذَا فَلْيَعْمَلِ ٱلْعَـٰمِلُونَ",
        "أَذَٰلِكَ خَيْرٌ نُّزُلًا أَمْ شَجَرَةُ ٱلزَّقُّومِ",
        "إِنَّا جَعَلْنَـٰهَا فِتْنَةً لِّلظَّـٰلِمِينَ",
        "إِنَّهَا شَجَرَةٌ تَخْرُجُ فِىٓ أَصْلِ ٱلْجَحِيمِ",
        "طَلْعُهَا كَأَنَّهُۥ رُءُوسُ ٱلشَّيَـٰطِينِ",
        "فَإِنَّهُمْ لَـَٔاكِلُونَ مِنْهَا فَمَالِـُٔونَ مِنْهَا ٱلْبُطُونَ",
        "ثُمَّ إِنَّ لَهُمْ عَلَيْهَا لَشَوْبًا مِّنْ حَمِيمٍ",
        "ثُمَّ إِنَّ مَرْجِعَهُمْ لَإِلَى ٱلْجَحِيمِ",
        "إِنَّهُمْ أَلْفَوْا۟ ءَابَآءَهُمْ ضَآلِّينَ",
        "فَهُمْ عَلَىٰٓ ءَاثَـٰرِهِمْ يُهْرَعُونَ",
        "وَلَقَدْ ضَلَّ قَبْلَهُمْ أَكْثَرُ ٱلْأَوَّلِينَ",
        "وَلَقَدْ أَرْسَلْنَا فِيهِم مُّنذِرِينَ",
        "فَٱنظُرْ كَيْفَ كَانَ عَـٰقِبَةُ ٱلْمُنذَرِينَ",
        "إِلَّا عِبَادَ ٱللَّهِ ٱلْمُخْلَصِينَ",
        "وَلَقَدْ نَادَىٰنَا نُوحٌ فَلَنِعْمَ ٱلْمُجِيبُونَ",
        "وَنَجَّيْنَـٰهُ وَأَهْلَهُۥ مِنَ ٱلْكَرْبِ ٱلْعَظِيمِ",
        "وَجَعَلْنَا ذُرِّيَّتَهُۥ هُمُ ٱلْبَاقِينَ",
        "وَتَرَكْنَا عَلَيْهِ فِى ٱلْـَٔاخِرِينَ",
        "سَلَـٰمٌ عَلَىٰ نُوحٍ فِى ٱلْعَـٰلَمِينَ",
        "إِنَّا كَذَٰلِكَ نَجْزِى ٱلْمُحْسِنِينَ",
        "إِنَّهُۥ مِنْ عِبَادِنَا ٱلْمُؤْمِنِينَ",
        "ثُمَّ أَغْرَقْنَا ٱلْـَٔاخَرِينَ",
        "۞ وَإِنَّ مِن شِيعَتِهِۦ لَإِبْرَٰهِيمَ",
        "إِذْ جَآءَ رَبَّهُۥ بِقَلْبٍ سَلِيمٍ",
        "إِذْ قَالَ لِأَبِيهِ وَقَوْمِهِۦ مَاذَا تَعْبُدُونَ",
        "أَئِفْكًا ءَالِهَةً دُونَ ٱللَّهِ تُرِيدُونَ",
        "فَمَا ظَنُّكُم بِرَبِّ ٱلْعَـٰلَمِينَ",
        "فَنَظَرَ نَظْرَةً فِى ٱلنُّجُومِ",
        "فَقَالَ إِنِّى سَقِيمٌ",
        "فَتَوَلَّوْا۟ عَنْهُ مُدْبِرِينَ",
        "فَرَاغَ إِلَىٰٓ ءَالِهَتِهِمْ فَقَالَ أَلَا تَأْكُلُونَ",
        "مَا لَكُمْ لَا تَنطِقُونَ",
        "فَرَاغَ عَلَيْهِمْ ضَرْبًۢا بِٱلْيَمِينِ",
        "فَأَقْبَلُوٓا۟ إِلَيْهِ يَزِفُّونَ",
        "قَالَ أَتَعْبُدُونَ مَا تَنْحِتُونَ",
        "وَٱللَّهُ خَلَقَكُمْ وَمَا تَعْمَلُونَ",
        "قَالُوا۟ ٱبْنُوا۟ لَهُۥ بُنْيَـٰنًا فَأَلْقُوهُ فِى ٱلْجَحِيمِ",
        "فَأَرَادُوا۟ بِهِۦ كَيْدًا فَجَعَلْنَـٰهُمُ ٱلْأَسْفَلِينَ",
        "وَقَالَ إِنِّى ذَاهِبٌ إِلَىٰ رَبِّى سَيَهْدِينِ",
        "رَبِّ هَبْ لِى مِنَ ٱلصَّـٰلِحِينَ",
        "فَبَشَّرْنَـٰهُ بِغُلَـٰمٍ حَلِيمٍ",
        "فَلَمَّا بَلَغَ مَعَهُ ٱلسَّعْىَ قَالَ يَـٰبُنَىَّ إِنِّىٓ أَرَىٰ فِى ٱلْمَنَامِ أَنِّىٓ أَذْبَحُكَ فَٱنظُرْ مَاذَا تَرَىٰ ۚ قَالَ يَـٰٓأَبَتِ ٱفْعَلْ مَا تُؤْمَرُ ۖ سَتَجِدُنِىٓ إِن شَآءَ ٱللَّهُ مِنَ ٱلصَّـٰبِرِينَ",
        "فَلَمَّآ أَسْلَمَا وَتَلَّهُۥ لِلْجَبِينِ",
        "وَنَـٰدَيْنَـٰهُ أَن يَـٰٓإِبْرَٰهِيمُ",
        "قَدْ صَدَّقْتَ ٱلرُّءْيَآ ۚ إِنَّا كَذَٰلِكَ نَجْزِى ٱلْمُحْسِنِينَ",
        "إِنَّ هَـٰذَا لَهُوَ ٱلْبَلَـٰٓؤُا۟ ٱلْمُبِينُ",
        "وَفَدَيْنَـٰهُ بِذِبْحٍ عَظِيمٍ",
        "وَتَرَكْنَا عَلَيْهِ فِى ٱلْـَٔاخِرِينَ",
        "سَلَـٰمٌ عَلَىٰٓ إِبْرَٰهِيمَ",
        "كَذَٰلِكَ نَجْزِى ٱلْمُحْسِنِينَ",
        "إِنَّهُۥ مِنْ عِبَادِنَا ٱلْمُؤْمِنِينَ",
        "وَبَشَّرْنَـٰهُ بِإِسْحَـٰقَ نَبِيًّا مِّنَ ٱلصَّـٰلِحِينَ",
        "وَبَـٰرَكْنَا عَلَيْهِ وَعَلَىٰٓ إِسْحَـٰقَ ۚ وَمِن ذُرِّيَّتِهِمَا مُحْسِنٌ وَظَالِمٌ لِّنَفْسِهِۦ مُبِينٌ",
        "وَلَقَدْ مَنَنَّا عَلَىٰ مُوسَىٰ وَهَـٰرُونَ",
        "وَنَجَّيْنَـٰهُمَا وَقَوْمَهُمَا مِنَ ٱلْكَرْبِ ٱلْعَظِيمِ",
        "وَنَصَرْنَـٰهُمْ فَكَانُوا۟ هُمُ ٱلْغَـٰلِبِينَ",
        "وَءَاتَيْنَـٰهُمَا ٱلْكِتَـٰبَ ٱلْمُسْتَبِينَ",
        "وَهَدَيْنَـٰهُمَا ٱلصِّرَٰطَ ٱلْمُسْتَقِيمَ",
        "وَتَرَكْنَا عَلَيْهِمَا فِى ٱلْـَٔاخِرِينَ",
        "سَلَـٰمٌ عَلَىٰ مُوسَىٰ وَهَـٰرُونَ",
        "إِنَّا كَذَٰلِكَ نَجْزِى ٱلْمُحْسِنِينَ",
        "إِنَّهُمَا مِنْ عِبَادِنَا ٱلْمُؤْمِنِينَ",
        "وَإِنَّ إِلْيَاسَ لَمِنَ ٱلْمُرْسَلِينَ",
        "إِذْ قَالَ لِقَوْمِهِۦٓ أَلَا تَتَّقُونَ",
        "أَتَدْعُونَ بَعْلًا وَتَذَرُونَ أَحْسَنَ ٱلْخَـٰلِقِينَ",
        "ٱللَّهَ رَبَّكُمْ وَرَبَّ ءَابَآئِكُمُ ٱلْأَوَّلِينَ",
        "فَكَذَّبُوهُ فَإِنَّهُمْ لَمُحْضَرُونَ",
        "إِلَّا عِبَادَ ٱللَّهِ ٱلْمُخْلَصِينَ",
        "وَتَرَكْنَا عَلَيْهِ فِى ٱلْـَٔاخِرِينَ",
        "سَلَـٰمٌ عَلَىٰٓ إِلْ يَاسِينَ",
        "إِنَّا كَذَٰلِكَ نَجْزِى ٱلْمُحْسِنِينَ",
        "إِنَّهُۥ مِنْ عِبَادِنَا ٱلْمُؤْمِنِينَ",
        "وَإِنَّ لُوطًا لَّمِنَ ٱلْمُرْسَلِينَ",
        "إِذْ نَجَّيْنَـٰهُ وَأَهْلَهُۥٓ أَجْمَعِينَ",
        "إِلَّا عَجُوزًا فِى ٱلْغَـٰبِرِينَ",
        "ثُمَّ دَمَّرْنَا ٱلْـَٔاخَرِينَ",
        "وَإِنَّكُمْ لَتَمُرُّونَ عَلَيْهِم مُّصْبِحِينَ",
        "وَبِٱلَّيْلِ ۗ أَفَلَا تَعْقِلُونَ",
        "وَإِنَّ يُونُسَ لَمِنَ ٱلْمُرْسَلِينَ",
        "إِذْ أَبَقَ إِلَى ٱلْفُلْكِ ٱلْمَشْحُونِ",
        "فَسَاهَمَ فَكَانَ مِنَ ٱلْمُدْحَضِينَ",
        "فَٱلْتَقَمَهُ ٱلْحُوتُ وَهُوَ مُلِيمٌ",
        "فَلَوْلَآ أَنَّهُۥ كَانَ مِنَ ٱلْمُسَبِّحِينَ",
        "لَلَبِثَ فِى بَطْنِهِۦٓ إِلَىٰ يَوْمِ يُبْعَثُونَ",
        "۞ فَنَبَذْنَـٰهُ بِٱلْعَرَآءِ وَهُوَ سَقِيمٌ",
        "وَأَنۢبَتْنَا عَلَيْهِ شَجَرَةً مِّن يَقْطِينٍ",
        "وَأَرْسَلْنَـٰهُ إِلَىٰ مِا۟ئَةِ أَلْفٍ أَوْ يَزِيدُونَ",
        "فَـَٔامَنُوا۟ فَمَتَّعْنَـٰهُمْ إِلَىٰ حِينٍ",
        "فَٱسْتَفْتِهِمْ أَلِرَبِّكَ ٱلْبَنَاتُ وَلَهُمُ ٱلْبَنُونَ",
        "أَمْ خَلَقْنَا ٱلْمَلَـٰٓئِكَةَ إِنَـٰثًا وَهُمْ شَـٰهِدُونَ",
        "أَلَآ إِنَّهُم مِّنْ إِفْكِهِمْ لَيَقُولُونَ",
        "وَلَدَ ٱللَّهُ وَإِنَّهُمْ لَكَـٰذِبُونَ",
        "أَصْطَفَى ٱلْبَنَاتِ عَلَى ٱلْبَنِينَ",
        "مَا لَكُمْ كَيْفَ تَحْكُمُونَ",
        "أَفَلَا تَذَكَّرُونَ",
        "أَمْ لَكُمْ سُلْطَـٰنٌ مُّبِينٌ",
        "فَأْتُوا۟ بِكِتَـٰبِكُمْ إِن كُنتُمْ صَـٰدِقِينَ",
        "وَجَعَلُوا۟ بَيْنَهُۥ وَبَيْنَ ٱلْجِنَّةِ نَسَبًا ۚ وَلَقَدْ عَلِمَتِ ٱلْجِنَّةُ إِنَّهُمْ لَمُحْضَرُونَ",
        "سُبْحَـٰنَ ٱللَّهِ عَمَّا يَصِفُونَ",
        "إِلَّا عِبَادَ ٱللَّهِ ٱلْمُخْلَصِينَ",
        "فَإِنَّكُمْ وَمَا تَعْبُدُونَ",
        "مَآ أَنتُمْ عَلَيْهِ بِفَـٰتِنِينَ",
        "إِلَّا مَنْ هُوَ صَالِ ٱلْجَحِيمِ",
        "وَمَا مِنَّآ إِلَّا لَهُۥ مَقَامٌ مَّعْلُومٌ",
        "وَإِنَّا لَنَحْنُ ٱلصَّآفُّونَ",
        "وَإِنَّا لَنَحْنُ ٱلْمُسَبِّحُونَ",
        "وَإِن كَانُوا۟ لَيَقُولُونَ",
        "لَوْ أَنَّ عِندَنَا ذِكْرًا مِّنَ ٱلْأَوَّلِينَ",
        "لَكُنَّا عِبَادَ ٱللَّهِ ٱلْمُخْلَصِينَ",
        "فَكَفَرُوا۟ بِهِۦ ۖ فَسَوْفَ يَعْلَمُونَ",
        "وَلَقَدْ سَبَقَتْ كَلِمَتُنَا لِعِبَادِنَا ٱلْمُرْسَلِينَ",
        "إِنَّهُمْ لَهُمُ ٱلْمَنصُورُونَ",
        "وَإِنَّ جُندَنَا لَهُمُ ٱلْغَـٰلِبُونَ",
        "فَتَوَلَّ عَنْهُمْ حَتَّىٰ حِينٍ",
        "وَأَبْصِرْهُمْ فَسَوْفَ يُبْصِرُونَ",
        "أَفَبِعَذَابِنَا يَسْتَعْجِلُونَ",
        "فَإِذَا نَزَلَ بِسَاحَتِهِمْ فَسَآءَ صَبَاحُ ٱلْمُنذَرِينَ",
        "وَتَوَلَّ عَنْهُمْ حَتَّىٰ حِينٍ",
        "وَأَبْصِرْ فَسَوْفَ يُبْصِرُونَ",
        "سُبْحَـٰنَ رَبِّكَ رَبِّ ٱلْعِزَّةِ عَمَّا يَصِفُونَ",
        "وَسَلَـٰمٌ عَلَى ٱلْمُرْسَلِينَ",
        "وَٱلْحَمْدُ لِلَّهِ رَبِّ ٱلْعَـٰلَمِينَ"
    ],
    "arabic2": [
        "والصافات صفا",
        "فالزاجرات زجرا",
        "فالتاليات ذكرا",
        "ان الهكم لواحد",
        "رب السماوات والارض وما بينهما ورب المشارق",
        "انا زينا السماء الدنيا بزينة الكواكب",
        "وحفظا من كل شيطان مارد",
        "لا يسمعون الى الملا الاعلى ويقذفون من كل جانب",
        "دحورا ولهم عذاب واصب",
        "الا من خطف الخطفة فاتبعه شهاب ثاقب",
        "فاستفتهم اهم اشد خلقا ام من خلقنا انا خلقناهم من طين لازب",
        "بل عجبت ويسخرون",
        "واذا ذكروا لا يذكرون",
        "واذا راوا اية يستسخرون",
        "وقالوا ان هذا الا سحر مبين",
        "ااذا متنا وكنا ترابا وعظاما اانا لمبعوثون",
        "اواباؤنا الاولون",
        "قل نعم وانتم داخرون",
        "فانما هي زجرة واحدة فاذا هم ينظرون",
        "وقالوا يا ويلنا هذا يوم الدين",
        "هذا يوم الفصل الذي كنتم به تكذبون",
        "احشروا الذين ظلموا وازواجهم وما كانوا يعبدون",
        "من دون الله فاهدوهم الى صراط الجحيم",
        "وقفوهم انهم مسئولون",
        "ما لكم لا تناصرون",
        "بل هم اليوم مستسلمون",
        "واقبل بعضهم على بعض يتساءلون",
        "قالوا انكم كنتم تاتوننا عن اليمين",
        "قالوا بل لم تكونوا مؤمنين",
        "وما كان لنا عليكم من سلطان بل كنتم قوما طاغين",
        "فحق علينا قول ربنا انا لذائقون",
        "فاغويناكم انا كنا غاوين",
        "فانهم يومئذ في العذاب مشتركون",
        "انا كذلك نفعل بالمجرمين",
        "انهم كانوا اذا قيل لهم لا اله الا الله يستكبرون",
        "ويقولون ائنا لتاركو الهتنا لشاعر مجنون",
        "بل جاء بالحق وصدق المرسلين",
        "انكم لذائقو العذاب الاليم",
        "وما تجزون الا ما كنتم تعملون",
        "الا عباد الله المخلصين",
        "اولئك لهم رزق معلوم",
        "فواكه وهم مكرمون",
        "في جنات النعيم",
        "على سرر متقابلين",
        "يطاف عليهم بكاس من معين",
        "بيضاء لذة للشاربين",
        "لا فيها غول ولا هم عنها ينزفون",
        "وعندهم قاصرات الطرف عين",
        "كانهن بيض مكنون",
        "فاقبل بعضهم على بعض يتساءلون",
        "قال قائل منهم اني كان لي قرين",
        "يقول اانك لمن المصدقين",
        "ااذا متنا وكنا ترابا وعظاما اانا لمدينون",
        "قال هل انتم مطلعون",
        "فاطلع فراه في سواء الجحيم",
        "قال تالله ان كدت لتردين",
        "ولولا نعمة ربي لكنت من المحضرين",
        "افما نحن بميتين",
        "الا موتتنا الاولى وما نحن بمعذبين",
        "ان هذا لهو الفوز العظيم",
        "لمثل هذا فليعمل العاملون",
        "اذلك خير نزلا ام شجرة الزقوم",
        "انا جعلناها فتنة للظالمين",
        "انها شجرة تخرج في اصل الجحيم",
        "طلعها كانه رءوس الشياطين",
        "فانهم لاكلون منها فمالئون منها البطون",
        "ثم ان لهم عليها لشوبا من حميم",
        "ثم ان مرجعهم لالى الجحيم",
        "انهم الفوا اباءهم ضالين",
        "فهم على اثارهم يهرعون",
        "ولقد ضل قبلهم اكثر الاولين",
        "ولقد ارسلنا فيهم منذرين",
        "فانظر كيف كان عاقبة المنذرين",
        "الا عباد الله المخلصين",
        "ولقد نادانا نوح فلنعم المجيبون",
        "ونجيناه واهله من الكرب العظيم",
        "وجعلنا ذريته هم الباقين",
        "وتركنا عليه في الاخرين",
        "سلام على نوح في العالمين",
        "انا كذلك نجزي المحسنين",
        "انه من عبادنا المؤمنين",
        "ثم اغرقنا الاخرين",
        "وان من شيعته لابراهيم",
        "اذ جاء ربه بقلب سليم",
        "اذ قال لابيه وقومه ماذا تعبدون",
        "ائفكا الهة دون الله تريدون",
        "فما ظنكم برب العالمين",
        "فنظر نظرة في النجوم",
        "فقال اني سقيم",
        "فتولوا عنه مدبرين",
        "فراغ الى الهتهم فقال الا تاكلون",
        "ما لكم لا تنطقون",
        "فراغ عليهم ضربا باليمين",
        "فاقبلوا اليه يزفون",
        "قال اتعبدون ما تنحتون",
        "والله خلقكم وما تعملون",
        "قالوا ابنوا له بنيانا فالقوه في الجحيم",
        "فارادوا به كيدا فجعلناهم الاسفلين",
        "وقال اني ذاهب الى ربي سيهدين",
        "رب هب لي من الصالحين",
        "فبشرناه بغلام حليم",
        "فلما بلغ معه السعي قال يا بني اني ارى في المنام اني اذبحك فانظر ماذا ترى قال يا ابت افعل ما تؤمر ستجدني ان شاء الله من الصابرين",
        "فلما اسلما وتله للجبين",
        "وناديناه ان يا ابراهيم",
        "قد صدقت الرؤيا انا كذلك نجزي المحسنين",
        "ان هذا لهو البلاء المبين",
        "وفديناه بذبح عظيم",
        "وتركنا عليه في الاخرين",
        "سلام على ابراهيم",
        "كذلك نجزي المحسنين",
        "انه من عبادنا المؤمنين",
        "وبشرناه باسحاق نبيا من الصالحين",
        "وباركنا عليه وعلى اسحاق ومن ذريتهما محسن وظالم لنفسه مبين",
        "ولقد مننا على موسى وهارون",
        "ونجيناهما وقومهما من الكرب العظيم",
        "ونصرناهم فكانوا هم الغالبين",
        "واتيناهما الكتاب المستبين",
        "وهديناهما الصراط المستقيم",
        "وتركنا عليهما في الاخرين",
        "سلام على موسى وهارون",
        "انا كذلك نجزي المحسنين",
        "انهما من عبادنا المؤمنين",
        "وان الياس لمن المرسلين",
        "اذ قال لقومه الا تتقون",
        "اتدعون بعلا وتذرون احسن الخالقين",
        "الله ربكم ورب ابائكم الاولين",
        "فكذبوه فانهم لمحضرون",
        "الا عباد الله المخلصين",
        "وتركنا عليه في الاخرين",
        "سلام على ال ياسين",
        "انا كذلك نجزي المحسنين",
        "انه من عبادنا المؤمنين",
        "وان لوطا لمن المرسلين",
        "اذ نجيناه واهله اجمعين",
        "الا عجوزا في الغابرين",
        "ثم دمرنا الاخرين",
        "وانكم لتمرون عليهم مصبحين",
        "وبالليل افلا تعقلون",
        "وان يونس لمن المرسلين",
        "اذ ابق الى الفلك المشحون",
        "فساهم فكان من المدحضين",
        "فالتقمه الحوت وهو مليم",
        "فلولا انه كان من المسبحين",
        "للبث في بطنه الى يوم يبعثون",
        "فنبذناه بالعراء وهو سقيم",
        "وانبتنا عليه شجرة من يقطين",
        "وارسلناه الى مائة الف او يزيدون",
        "فامنوا فمتعناهم الى حين",
        "فاستفتهم الربك البنات ولهم البنون",
        "ام خلقنا الملائكة اناثا وهم شاهدون",
        "الا انهم من افكهم ليقولون",
        "ولد الله وانهم لكاذبون",
        "اصطفى البنات على البنين",
        "ما لكم كيف تحكمون",
        "افلا تذكرون",
        "ام لكم سلطان مبين",
        "فاتوا بكتابكم ان كنتم صادقين",
        "وجعلوا بينه وبين الجنة نسبا ولقد علمت الجنة انهم لمحضرون",
        "سبحان الله عما يصفون",
        "الا عباد الله المخلصين",
        "فانكم وما تعبدون",
        "ما انتم عليه بفاتنين",
        "الا من هو صال الجحيم",
        "وما منا الا له مقام معلوم",
        "وانا لنحن الصافون",
        "وانا لنحن المسبحون",
        "وان كانوا ليقولون",
        "لو ان عندنا ذكرا من الاولين",
        "لكنا عباد الله المخلصين",
        "فكفروا به فسوف يعلمون",
        "ولقد سبقت كلمتنا لعبادنا المرسلين",
        "انهم لهم المنصورون",
        "وان جندنا لهم الغالبون",
        "فتول عنهم حتى حين",
        "وابصرهم فسوف يبصرون",
        "افبعذابنا يستعجلون",
        "فاذا نزل بساحتهم فساء صباح المنذرين",
        "وتول عنهم حتى حين",
        "وابصر فسوف يبصرون",
        "سبحان ربك رب العزة عما يصفون",
        "وسلام على المرسلين",
        "والحمد لله رب العالمين"
    ]
}