{
    "surahName": "Saad",
    "surahNameArabic": "ص",
    "surahNameArabicLong": "سورة ص",
    "surahNameTranslation": "The letter Saad",
    "revelationPlace": "Mecca",
    "totalAyah": 88,
    "surahNo": 38,
    "english": [
        "Ṣãd. By the Quran, full of reminders!",
        "˹This is the truth,˺ yet the disbelievers are ˹entrenched˺ in arrogance and opposition.",
        "˹Imagine˺ how many peoples We destroyed before them, and they cried out when it was too late to escape.",
        "Now, the pagans are astonished that a warner has come to them from among themselves. And the disbelievers say, “This is a magician, a total liar!",
        "Has he reduced ˹all˺ the gods to One God? Indeed, this is something totally astonishing.”",
        "The chiefs among them went forth saying, “Carry on, and stand firm in devotion to your gods. Certainly this is just a scheme ˹for power˺.",
        "We have never heard of this in the previous faith. This is nothing but a fabrication.",
        "Has the Reminder been revealed ˹only˺ to him out of ˹all of˺ us?” In fact, they are ˹only˺ in doubt of My ˹revealed˺ Reminder. In fact, ˹they do so because˺ they have not yet tasted My punishment.",
        "Or ˹is it because˺ they possess the treasuries of the mercy of your Lord—the Almighty, the Giver ˹of all bounties˺.",
        "Or ˹is it because˺ the kingdom of the heavens and the earth and everything in between belongs to them? Let them then climb their way ˹to heaven, if their claim is true˺.",
        "This is just another ˹enemy˺ force bound for defeat out there.",
        "Before them, the people of Noah denied ˹the truth˺, as did ’Âd, Pharaoh of the mighty structures",
        "Thamûd, the people of Lot, and the residents of the Forest. These were ˹all˺ enemy forces.",
        "Each rejected their messenger, so My punishment was justified.",
        "These ˹pagans˺ are awaiting nothing but a single Blast that cannot be stopped.",
        "They say ˹mockingly˺, “Our Lord! Hasten for us our share ˹of the punishment˺ before the Day of Reckoning.”",
        "Be patient ˹O Prophet˺ with what they say. And remember Our servant, David, the man of strength. Indeed, he ˹constantly˺ turned ˹to Allah˺.",
        "We truly subjected the mountains to hymn ˹Our praises˺ along with him in the evening and after sunrise.",
        "And ˹We subjected˺ the birds, flocking together. All turned to him ˹echoing his hymns˺.",
        "We strengthened his kingship, and gave him wisdom and sound judgment.",
        "Has the story of the two plaintiffs, who scaled the ˹wall of David’s˺ sanctuary, reached you ˹O Prophet˺?",
        "When they came into David’s presence, he was startled by them. They said, “Have no fear. ˹We are merely˺ two in a dispute: one of us has wronged the other. So judge between us with truth—do not go beyond ˹it˺—and guide us to the right way.",
        "This is my brother. He has ninety-nine sheep while I have ˹only˺ one. ˹Still˺ he asked me to give it up to him, overwhelming me with ˹his˺ argument.”",
        "David ˹eventually˺ ruled, “He has definitely wronged you in demanding ˹to add˺ your sheep to his. And certainly many partners wrong each other, except those who believe and do good—but how few are they!” Then David realized that We had tested him so he asked for his Lord’s forgiveness, fell down in prostration, and turned ˹to Him in repentance˺.",
        "So We forgave that for him. And he will indeed have ˹a status of˺ closeness to Us and an honourable destination!",
        "˹We instructed him:˺ “O David! We have surely made you an authority in the land, so judge between people with truth. And do not follow ˹your˺ desires or they will lead you astray from Allah’s Way. Surely those who go astray from Allah’s Way will suffer a severe punishment for neglecting the Day of Reckoning.”",
        "We have not created the heavens and earth and everything in between without purpose—as the disbelievers think. So woe to the disbelievers because of the Fire!",
        "Or should We treat those who believe and do good like those who make mischief throughout the land? Or should We treat the righteous like the wicked?",
        "˹This is˺ a blessed Book which We have revealed to you ˹O Prophet˺ so that they may contemplate its verses, and people of reason may be mindful.",
        "And We blessed David with Solomon—what an excellent servant ˹he was˺! Indeed, he ˹constantly˺ turned ˹to Allah˺.",
        "˹Remember˺ when the well-trained, swift horses were paraded before him in the evening.",
        "He then proclaimed, “I am truly in love with ˹these˺ fine things out of remembrance for Allah,” until they went out of sight.",
        "˹He ordered,˺ “Bring them back to me!” Then he began to rub down their legs and necks.",
        "And indeed, We tested Solomon, placing a ˹deformed˺ body on his throne, then he turned ˹to Allah in repentance˺.",
        "He prayed, “My Lord! Forgive me, and grant me an authority that will never be matched by anyone after me. You are indeed the Giver ˹of all bounties˺.”",
        "So We subjected to him the wind, blowing gently at his command to wherever he pleased.",
        "And ˹We subjected to him˺ every builder and diver of the jinn",
        "and others bound together in chains.",
        "˹Allah said,˺ “This is Our gift, so give or withhold ˹as you wish˺, never to be called to account.”",
        "And he will indeed have ˹a status of˺ closeness to Us and an honourable destination!",
        "And remember Our servant Job, when he cried out to his Lord, “Satan has afflicted me with distress and suffering.”",
        "˹We responded,˺ “Stomp your foot: ˹now˺ here is a cool ˹and refreshing˺ spring for washing and drinking.”",
        "And We gave him back his family, twice as many, as a mercy from Us and a lesson for people of reason.",
        "˹And We said to him,˺ “Take in your hand a bundle of grass, and strike ˹your wife˺ with it, and do not break your oath.” We truly found him patient. What an excellent servant ˹he was˺! Indeed, he ˹constantly˺ turned ˹to Allah˺.",
        "And remember Our servants: Abraham, Isaac, and Jacob—the men of strength and insight.",
        "We truly chose them for the honour of proclaiming the Hereafter.",
        "And in Our sight they are truly among the chosen and the finest.",
        "Also remember Ishmael, Elisha, and Ⱬul-Kifl. All are among the best.",
        "This is ˹all˺ a reminder. And the righteous will certainly have an honourable destination:",
        "the Gardens of Eternity, whose gates will be open for them.",
        "There they will recline, calling for abundant fruit and drink.",
        "And with them will be maidens of modest gaze and equal age.",
        "This is what you are promised for the Day of Reckoning.",
        "This is indeed Our provision that will never end.",
        "That is that. And the transgressors will certainly have the worst destination:",
        "Hell, where they will burn. What an evil place to rest!",
        "Let them then taste this: boiling water and ˹oozing˺ pus",
        "and other torments of the same sort!",
        "˹The misleaders will say to one another,˺ “Here is a crowd ˹of followers˺ being thrown in with us. They are not welcome, ˹for˺ they ˹too˺ will burn in the Fire.”",
        "The followers will respond, “No! You are not welcome! You brought this upon us. What an evil place for settlement!”",
        "Adding, “Our Lord! Whoever brought this upon us, double their punishment in the Fire.”",
        "The tyrants will ask ˹one another˺, “But why do we not see those we considered to be lowly?",
        "Were we wrong in mocking them ˹in the world˺? Or do our eyes ˹just˺ fail to see them ˹in the Fire˺?”",
        "This dispute between the residents of the Fire will certainly come to pass.",
        "Say, ˹O Prophet,˺ “I am only a warner. And there is no god ˹worthy of worship˺ except Allah—the One, the Supreme.",
        "˹He is the˺ Lord of the heavens and the earth and everything in between—the Almighty, Most Forgiving.”",
        "Say, “This ˹Quran˺ is momentous news",
        "from which you ˹pagans˺ are turning away.”",
        "˹And say,˺ “I had no knowledge of the highest assembly ˹in heaven˺ when they differed ˹concerning Adam˺.",
        "What is revealed to me is that I am only sent with a clear warning.”",
        "˹Remember, O  Prophet˺ when your Lord said to the angels, “I am going to create a human being from clay.",
        "So when I have fashioned him and had a spirit of My Own ˹creation˺ breathed into him, fall down in prostration to him.”",
        "So the angels prostrated all together—",
        "but not Iblîs, who acted arrogantly, becoming unfaithful.",
        "Allah asked, “O Iblîs! What prevented you from prostrating to what I created with My Own Hands? Did you ˹just˺ become proud? Or have you always been arrogant?”",
        "He replied, “I am better than he is: You created me from fire and him from clay.”",
        "Allah commanded, “Then get out of Paradise, for you are truly cursed.",
        "And surely upon you is My condemnation until the Day of Judgment.”",
        "Satan appealed, “My Lord! Then delay my end until the Day of their resurrection.”",
        "Allah said, “You will be delayed",
        "until the appointed Day.”",
        "Satan said, “By Your Glory! I will certainly mislead them all",
        "except Your chosen servants among them.”",
        "Allah concluded, “The truth is—and I ˹only˺ say the truth—:",
        "I will surely fill up Hell with you and whoever follows you from among them, all together.”",
        "Say, ˹O Prophet,˺ “I do not ask you for any reward for this ˹Quran˺, nor do I pretend to be someone I am not.",
        "It is only a reminder to the whole world.",
        "And you will certainly know its truth before long.”"
    ],
    "arabic1": [
        " صٓ ۚ وَٱلْقُرْءَانِ ذِى ٱلذِّكْرِ",
        "بَلِ ٱلَّذِينَ كَفَرُوا۟ فِى عِزَّةٍ وَشِقَاقٍ",
        "كَمْ أَهْلَكْنَا مِن قَبْلِهِم مِّن قَرْنٍ فَنَادَوا۟ وَّلَاتَ حِينَ مَنَاصٍ",
        "وَعَجِبُوٓا۟ أَن جَآءَهُم مُّنذِرٌ مِّنْهُمْ ۖ وَقَالَ ٱلْكَـٰفِرُونَ هَـٰذَا سَـٰحِرٌ كَذَّابٌ",
        "أَجَعَلَ ٱلْـَٔالِهَةَ إِلَـٰهًا وَٰحِدًا ۖ إِنَّ هَـٰذَا لَشَىْءٌ عُجَابٌ",
        "وَٱنطَلَقَ ٱلْمَلَأُ مِنْهُمْ أَنِ ٱمْشُوا۟ وَٱصْبِرُوا۟ عَلَىٰٓ ءَالِهَتِكُمْ ۖ إِنَّ هَـٰذَا لَشَىْءٌ يُرَادُ",
        "مَا سَمِعْنَا بِهَـٰذَا فِى ٱلْمِلَّةِ ٱلْـَٔاخِرَةِ إِنْ هَـٰذَآ إِلَّا ٱخْتِلَـٰقٌ",
        "أَءُنزِلَ عَلَيْهِ ٱلذِّكْرُ مِنۢ بَيْنِنَا ۚ بَلْ هُمْ فِى شَكٍّ مِّن ذِكْرِى ۖ بَل لَّمَّا يَذُوقُوا۟ عَذَابِ",
        "أَمْ عِندَهُمْ خَزَآئِنُ رَحْمَةِ رَبِّكَ ٱلْعَزِيزِ ٱلْوَهَّابِ",
        "أَمْ لَهُم مُّلْكُ ٱلسَّمَـٰوَٰتِ وَٱلْأَرْضِ وَمَا بَيْنَهُمَا ۖ فَلْيَرْتَقُوا۟ فِى ٱلْأَسْبَـٰبِ",
        "جُندٌ مَّا هُنَالِكَ مَهْزُومٌ مِّنَ ٱلْأَحْزَابِ",
        "كَذَّبَتْ قَبْلَهُمْ قَوْمُ نُوحٍ وَعَادٌ وَفِرْعَوْنُ ذُو ٱلْأَوْتَادِ",
        "وَثَمُودُ وَقَوْمُ لُوطٍ وَأَصْحَـٰبُ لْـَٔيْكَةِ ۚ أُو۟لَـٰٓئِكَ ٱلْأَحْزَابُ",
        "إِن كُلٌّ إِلَّا كَذَّبَ ٱلرُّسُلَ فَحَقَّ عِقَابِ",
        "وَمَا يَنظُرُ هَـٰٓؤُلَآءِ إِلَّا صَيْحَةً وَٰحِدَةً مَّا لَهَا مِن فَوَاقٍ",
        "وَقَالُوا۟ رَبَّنَا عَجِّل لَّنَا قِطَّنَا قَبْلَ يَوْمِ ٱلْحِسَابِ",
        "ٱصْبِرْ عَلَىٰ مَا يَقُولُونَ وَٱذْكُرْ عَبْدَنَا دَاوُۥدَ ذَا ٱلْأَيْدِ ۖ إِنَّهُۥٓ أَوَّابٌ",
        "إِنَّا سَخَّرْنَا ٱلْجِبَالَ مَعَهُۥ يُسَبِّحْنَ بِٱلْعَشِىِّ وَٱلْإِشْرَاقِ",
        "وَٱلطَّيْرَ مَحْشُورَةً ۖ كُلٌّ لَّهُۥٓ أَوَّابٌ",
        "وَشَدَدْنَا مُلْكَهُۥ وَءَاتَيْنَـٰهُ ٱلْحِكْمَةَ وَفَصْلَ ٱلْخِطَابِ",
        "۞ وَهَلْ أَتَىٰكَ نَبَؤُا۟ ٱلْخَصْمِ إِذْ تَسَوَّرُوا۟ ٱلْمِحْرَابَ",
        "إِذْ دَخَلُوا۟ عَلَىٰ دَاوُۥدَ فَفَزِعَ مِنْهُمْ ۖ قَالُوا۟ لَا تَخَفْ ۖ خَصْمَانِ بَغَىٰ بَعْضُنَا عَلَىٰ بَعْضٍ فَٱحْكُم بَيْنَنَا بِٱلْحَقِّ وَلَا تُشْطِطْ وَٱهْدِنَآ إِلَىٰ سَوَآءِ ٱلصِّرَٰطِ",
        "إِنَّ هَـٰذَآ أَخِى لَهُۥ تِسْعٌ وَتِسْعُونَ نَعْجَةً وَلِىَ نَعْجَةٌ وَٰحِدَةٌ فَقَالَ أَكْفِلْنِيهَا وَعَزَّنِى فِى ٱلْخِطَابِ",
        "قَالَ لَقَدْ ظَلَمَكَ بِسُؤَالِ نَعْجَتِكَ إِلَىٰ نِعَاجِهِۦ ۖ وَإِنَّ كَثِيرًا مِّنَ ٱلْخُلَطَآءِ لَيَبْغِى بَعْضُهُمْ عَلَىٰ بَعْضٍ إِلَّا ٱلَّذِينَ ءَامَنُوا۟ وَعَمِلُوا۟ ٱلصَّـٰلِحَـٰتِ وَقَلِيلٌ مَّا هُمْ ۗ وَظَنَّ دَاوُۥدُ أَنَّمَا فَتَنَّـٰهُ فَٱسْتَغْفَرَ رَبَّهُۥ وَخَرَّ رَاكِعًا وَأَنَابَ ۩",
        "فَغَفَرْنَا لَهُۥ ذَٰلِكَ ۖ وَإِنَّ لَهُۥ عِندَنَا لَزُلْفَىٰ وَحُسْنَ مَـَٔابٍ",
        "يَـٰدَاوُۥدُ إِنَّا جَعَلْنَـٰكَ خَلِيفَةً فِى ٱلْأَرْضِ فَٱحْكُم بَيْنَ ٱلنَّاسِ بِٱلْحَقِّ وَلَا تَتَّبِعِ ٱلْهَوَىٰ فَيُضِلَّكَ عَن سَبِيلِ ٱللَّهِ ۚ إِنَّ ٱلَّذِينَ يَضِلُّونَ عَن سَبِيلِ ٱللَّهِ لَهُمْ عَذَابٌ شَدِيدٌۢ بِمَا نَسُوا۟ يَوْمَ ٱلْحِسَابِ",
        "وَمَا خَلَقْنَا ٱلسَّمَآءَ وَٱلْأَرْضَ وَمَا بَيْنَهُمَا بَـٰطِلًا ۚ ذَٰلِكَ ظَنُّ ٱلَّذِينَ كَفَرُوا۟ ۚ فَوَيْلٌ لِّلَّذِينَ كَفَرُوا۟ مِنَ ٱلنَّارِ",
        "أَمْ نَجْعَلُ ٱلَّذِينَ ءَامَنُوا۟ وَعَمِلُوا۟ ٱلصَّـٰلِحَـٰتِ كَٱلْمُفْسِدِينَ فِى ٱلْأَرْضِ أَمْ نَجْعَلُ ٱلْمُتَّقِينَ كَٱلْفُجَّارِ",
        "كِتَـٰبٌ أَنزَلْنَـٰهُ إِلَيْكَ مُبَـٰرَكٌ لِّيَدَّبَّرُوٓا۟ ءَايَـٰتِهِۦ وَلِيَتَذَكَّرَ أُو۟لُوا۟ ٱلْأَلْبَـٰبِ",
        "وَوَهَبْنَا لِدَاوُۥدَ سُلَيْمَـٰنَ ۚ نِعْمَ ٱلْعَبْدُ ۖ إِنَّهُۥٓ أَوَّابٌ",
        "إِذْ عُرِضَ عَلَيْهِ بِٱلْعَشِىِّ ٱلصَّـٰفِنَـٰتُ ٱلْجِيَادُ",
        "فَقَالَ إِنِّىٓ أَحْبَبْتُ حُبَّ ٱلْخَيْرِ عَن ذِكْرِ رَبِّى حَتَّىٰ تَوَارَتْ بِٱلْحِجَابِ",
        "رُدُّوهَا عَلَىَّ ۖ فَطَفِقَ مَسْحًۢا بِٱلسُّوقِ وَٱلْأَعْنَاقِ",
        "وَلَقَدْ فَتَنَّا سُلَيْمَـٰنَ وَأَلْقَيْنَا عَلَىٰ كُرْسِيِّهِۦ جَسَدًا ثُمَّ أَنَابَ",
        "قَالَ رَبِّ ٱغْفِرْ لِى وَهَبْ لِى مُلْكًا لَّا يَنۢبَغِى لِأَحَدٍ مِّنۢ بَعْدِىٓ ۖ إِنَّكَ أَنتَ ٱلْوَهَّابُ",
        "فَسَخَّرْنَا لَهُ ٱلرِّيحَ تَجْرِى بِأَمْرِهِۦ رُخَآءً حَيْثُ أَصَابَ",
        "وَٱلشَّيَـٰطِينَ كُلَّ بَنَّآءٍ وَغَوَّاصٍ",
        "وَءَاخَرِينَ مُقَرَّنِينَ فِى ٱلْأَصْفَادِ",
        "هَـٰذَا عَطَآؤُنَا فَٱمْنُنْ أَوْ أَمْسِكْ بِغَيْرِ حِسَابٍ",
        "وَإِنَّ لَهُۥ عِندَنَا لَزُلْفَىٰ وَحُسْنَ مَـَٔابٍ",
        "وَٱذْكُرْ عَبْدَنَآ أَيُّوبَ إِذْ نَادَىٰ رَبَّهُۥٓ أَنِّى مَسَّنِىَ ٱلشَّيْطَـٰنُ بِنُصْبٍ وَعَذَابٍ",
        "ٱرْكُضْ بِرِجْلِكَ ۖ هَـٰذَا مُغْتَسَلٌۢ بَارِدٌ وَشَرَابٌ",
        "وَوَهَبْنَا لَهُۥٓ أَهْلَهُۥ وَمِثْلَهُم مَّعَهُمْ رَحْمَةً مِّنَّا وَذِكْرَىٰ لِأُو۟لِى ٱلْأَلْبَـٰبِ",
        "وَخُذْ بِيَدِكَ ضِغْثًا فَٱضْرِب بِّهِۦ وَلَا تَحْنَثْ ۗ إِنَّا وَجَدْنَـٰهُ صَابِرًا ۚ نِّعْمَ ٱلْعَبْدُ ۖ إِنَّهُۥٓ أَوَّابٌ",
        "وَٱذْكُرْ عِبَـٰدَنَآ إِبْرَٰهِيمَ وَإِسْحَـٰقَ وَيَعْقُوبَ أُو۟لِى ٱلْأَيْدِى وَٱلْأَبْصَـٰرِ",
        "إِنَّآ أَخْلَصْنَـٰهُم بِخَالِصَةٍ ذِكْرَى ٱلدَّارِ",
        "وَإِنَّهُمْ عِندَنَا لَمِنَ ٱلْمُصْطَفَيْنَ ٱلْأَخْيَارِ",
        "وَٱذْكُرْ إِسْمَـٰعِيلَ وَٱلْيَسَعَ وَذَا ٱلْكِفْلِ ۖ وَكُلٌّ مِّنَ ٱلْأَخْيَارِ",
        "هَـٰذَا ذِكْرٌ ۚ وَإِنَّ لِلْمُتَّقِينَ لَحُسْنَ مَـَٔابٍ",
        "جَنَّـٰتِ عَدْنٍ مُّفَتَّحَةً لَّهُمُ ٱلْأَبْوَٰبُ",
        "مُتَّكِـِٔينَ فِيهَا يَدْعُونَ فِيهَا بِفَـٰكِهَةٍ كَثِيرَةٍ وَشَرَابٍ",
        "۞ وَعِندَهُمْ قَـٰصِرَٰتُ ٱلطَّرْفِ أَتْرَابٌ",
        "هَـٰذَا مَا تُوعَدُونَ لِيَوْمِ ٱلْحِسَابِ",
        "إِنَّ هَـٰذَا لَرِزْقُنَا مَا لَهُۥ مِن نَّفَادٍ",
        "هَـٰذَا ۚ وَإِنَّ لِلطَّـٰغِينَ لَشَرَّ مَـَٔابٍ",
        "جَهَنَّمَ يَصْلَوْنَهَا فَبِئْسَ ٱلْمِهَادُ",
        "هَـٰذَا فَلْيَذُوقُوهُ حَمِيمٌ وَغَسَّاقٌ",
        "وَءَاخَرُ مِن شَكْلِهِۦٓ أَزْوَٰجٌ",
        "هَـٰذَا فَوْجٌ مُّقْتَحِمٌ مَّعَكُمْ ۖ لَا مَرْحَبًۢا بِهِمْ ۚ إِنَّهُمْ صَالُوا۟ ٱلنَّارِ",
        "قَالُوا۟ بَلْ أَنتُمْ لَا مَرْحَبًۢا بِكُمْ ۖ أَنتُمْ قَدَّمْتُمُوهُ لَنَا ۖ فَبِئْسَ ٱلْقَرَارُ",
        "قَالُوا۟ رَبَّنَا مَن قَدَّمَ لَنَا هَـٰذَا فَزِدْهُ عَذَابًا ضِعْفًا فِى ٱلنَّارِ",
        "وَقَالُوا۟ مَا لَنَا لَا نَرَىٰ رِجَالًا كُنَّا نَعُدُّهُم مِّنَ ٱلْأَشْرَارِ",
        "أَتَّخَذْنَـٰهُمْ سِخْرِيًّا أَمْ زَاغَتْ عَنْهُمُ ٱلْأَبْصَـٰرُ",
        "إِنَّ ذَٰلِكَ لَحَقٌّ تَخَاصُمُ أَهْلِ ٱلنَّارِ",
        "قُلْ إِنَّمَآ أَنَا۠ مُنذِرٌ ۖ وَمَا مِنْ إِلَـٰهٍ إِلَّا ٱللَّهُ ٱلْوَٰحِدُ ٱلْقَهَّارُ",
        "رَبُّ ٱلسَّمَـٰوَٰتِ وَٱلْأَرْضِ وَمَا بَيْنَهُمَا ٱلْعَزِيزُ ٱلْغَفَّـٰرُ",
        "قُلْ هُوَ نَبَؤٌا۟ عَظِيمٌ",
        "أَنتُمْ عَنْهُ مُعْرِضُونَ",
        "مَا كَانَ لِىَ مِنْ عِلْمٍۭ بِٱلْمَلَإِ ٱلْأَعْلَىٰٓ إِذْ يَخْتَصِمُونَ",
        "إِن يُوحَىٰٓ إِلَىَّ إِلَّآ أَنَّمَآ أَنَا۠ نَذِيرٌ مُّبِينٌ",
        "إِذْ قَالَ رَبُّكَ لِلْمَلَـٰٓئِكَةِ إِنِّى خَـٰلِقٌۢ بَشَرًا مِّن طِينٍ",
        "فَإِذَا سَوَّيْتُهُۥ وَنَفَخْتُ فِيهِ مِن رُّوحِى فَقَعُوا۟ لَهُۥ سَـٰجِدِينَ",
        "فَسَجَدَ ٱلْمَلَـٰٓئِكَةُ كُلُّهُمْ أَجْمَعُونَ",
        "إِلَّآ إِبْلِيسَ ٱسْتَكْبَرَ وَكَانَ مِنَ ٱلْكَـٰفِرِينَ",
        "قَالَ يَـٰٓإِبْلِيسُ مَا مَنَعَكَ أَن تَسْجُدَ لِمَا خَلَقْتُ بِيَدَىَّ ۖ أَسْتَكْبَرْتَ أَمْ كُنتَ مِنَ ٱلْعَالِينَ",
        "قَالَ أَنَا۠ خَيْرٌ مِّنْهُ ۖ خَلَقْتَنِى مِن نَّارٍ وَخَلَقْتَهُۥ مِن طِينٍ",
        "قَالَ فَٱخْرُجْ مِنْهَا فَإِنَّكَ رَجِيمٌ",
        "وَإِنَّ عَلَيْكَ لَعْنَتِىٓ إِلَىٰ يَوْمِ ٱلدِّينِ",
        "قَالَ رَبِّ فَأَنظِرْنِىٓ إِلَىٰ يَوْمِ يُبْعَثُونَ",
        "قَالَ فَإِنَّكَ مِنَ ٱلْمُنظَرِينَ",
        "إِلَىٰ يَوْمِ ٱلْوَقْتِ ٱلْمَعْلُومِ",
        "قَالَ فَبِعِزَّتِكَ لَأُغْوِيَنَّهُمْ أَجْمَعِينَ",
        "إِلَّا عِبَادَكَ مِنْهُمُ ٱلْمُخْلَصِينَ",
        "قَالَ فَٱلْحَقُّ وَٱلْحَقَّ أَقُولُ",
        "لَأَمْلَأَنَّ جَهَنَّمَ مِنكَ وَمِمَّن تَبِعَكَ مِنْهُمْ أَجْمَعِينَ",
        "قُلْ مَآ أَسْـَٔلُكُمْ عَلَيْهِ مِنْ أَجْرٍ وَمَآ أَنَا۠ مِنَ ٱلْمُتَكَلِّفِينَ",
        "إِنْ هُوَ إِلَّا ذِكْرٌ لِّلْعَـٰلَمِينَ",
        "وَلَتَعْلَمُنَّ نَبَأَهُۥ بَعْدَ حِينٍۭ"
    ],
    "arabic2": [
        "ص والقران ذي الذكر",
        "بل الذين كفروا في عزة وشقاق",
        "كم اهلكنا من قبلهم من قرن فنادوا ولات حين مناص",
        "وعجبوا ان جاءهم منذر منهم وقال الكافرون هذا ساحر كذاب",
        "اجعل الالهة الها واحدا ان هذا لشيء عجاب",
        "وانطلق الملا منهم ان امشوا واصبروا على الهتكم ان هذا لشيء يراد",
        "ما سمعنا بهذا في الملة الاخرة ان هذا الا اختلاق",
        "اانزل عليه الذكر من بيننا بل هم في شك من ذكري بل لما يذوقوا عذاب",
        "ام عندهم خزائن رحمة ربك العزيز الوهاب",
        "ام لهم ملك السماوات والارض وما بينهما فليرتقوا في الاسباب",
        "جند ما هنالك مهزوم من الاحزاب",
        "كذبت قبلهم قوم نوح وعاد وفرعون ذو الاوتاد",
        "وثمود وقوم لوط واصحاب الايكة اولئك الاحزاب",
        "ان كل الا كذب الرسل فحق عقاب",
        "وما ينظر هؤلاء الا صيحة واحدة ما لها من فواق",
        "وقالوا ربنا عجل لنا قطنا قبل يوم الحساب",
        "اصبر على ما يقولون واذكر عبدنا داوود ذا الايد انه اواب",
        "انا سخرنا الجبال معه يسبحن بالعشي والاشراق",
        "والطير محشورة كل له اواب",
        "وشددنا ملكه واتيناه الحكمة وفصل الخطاب",
        "وهل اتاك نبا الخصم اذ تسوروا المحراب",
        "اذ دخلوا على داوود ففزع منهم قالوا لا تخف خصمان بغى بعضنا على بعض فاحكم بيننا بالحق ولا تشطط واهدنا الى سواء الصراط",
        "ان هذا اخي له تسع وتسعون نعجة ولي نعجة واحدة فقال اكفلنيها وعزني في الخطاب",
        "قال لقد ظلمك بسؤال نعجتك الى نعاجه وان كثيرا من الخلطاء ليبغي بعضهم على بعض الا الذين امنوا وعملوا الصالحات وقليل ما هم وظن داوود انما فتناه فاستغفر ربه وخر راكعا واناب",
        "فغفرنا له ذلك وان له عندنا لزلفى وحسن ماب",
        "يا داوود انا جعلناك خليفة في الارض فاحكم بين الناس بالحق ولا تتبع الهوى فيضلك عن سبيل الله ان الذين يضلون عن سبيل الله لهم عذاب شديد بما نسوا يوم الحساب",
        "وما خلقنا السماء والارض وما بينهما باطلا ذلك ظن الذين كفروا فويل للذين كفروا من النار",
        "ام نجعل الذين امنوا وعملوا الصالحات كالمفسدين في الارض ام نجعل المتقين كالفجار",
        "كتاب انزلناه اليك مبارك ليدبروا اياته وليتذكر اولو الالباب",
        "ووهبنا لداوود سليمان نعم العبد انه اواب",
        "اذ عرض عليه بالعشي الصافنات الجياد",
        "فقال اني احببت حب الخير عن ذكر ربي حتى توارت بالحجاب",
        "ردوها علي فطفق مسحا بالسوق والاعناق",
        "ولقد فتنا سليمان والقينا على كرسيه جسدا ثم اناب",
        "قال رب اغفر لي وهب لي ملكا لا ينبغي لاحد من بعدي انك انت الوهاب",
        "فسخرنا له الريح تجري بامره رخاء حيث اصاب",
        "والشياطين كل بناء وغواص",
        "واخرين مقرنين في الاصفاد",
        "هذا عطاؤنا فامنن او امسك بغير حساب",
        "وان له عندنا لزلفى وحسن ماب",
        "واذكر عبدنا ايوب اذ نادى ربه اني مسني الشيطان بنصب وعذاب",
        "اركض برجلك هذا مغتسل بارد وشراب",
        "ووهبنا له اهله ومثلهم معهم رحمة منا وذكرى لاولي الالباب",
        "وخذ بيدك ضغثا فاضرب به ولا تحنث انا وجدناه صابرا نعم العبد انه اواب",
        "واذكر عبادنا ابراهيم واسحاق ويعقوب اولي الايدي والابصار",
        "انا اخلصناهم بخالصة ذكرى الدار",
        "وانهم عندنا لمن المصطفين الاخيار",
        "واذكر اسماعيل واليسع وذا الكفل وكل من الاخيار",
        "هذا ذكر وان للمتقين لحسن ماب",
        "جنات عدن مفتحة لهم الابواب",
        "متكئين فيها يدعون فيها بفاكهة كثيرة وشراب",
        "وعندهم قاصرات الطرف اتراب",
        "هذا ما توعدون ليوم الحساب",
        "ان هذا لرزقنا ما له من نفاد",
        "هذا وان للطاغين لشر ماب",
        "جهنم يصلونها فبئس المهاد",
        "هذا فليذوقوه حميم وغساق",
        "واخر من شكله ازواج",
        "هذا فوج مقتحم معكم لا مرحبا بهم انهم صالو النار",
        "قالوا بل انتم لا مرحبا بكم انتم قدمتموه لنا فبئس القرار",
        "قالوا ربنا من قدم لنا هذا فزده عذابا ضعفا في النار",
        "وقالوا ما لنا لا نرى رجالا كنا نعدهم من الاشرار",
        "اتخذناهم سخريا ام زاغت عنهم الابصار",
        "ان ذلك لحق تخاصم اهل النار",
        "قل انما انا منذر وما من اله الا الله الواحد القهار",
        "رب السماوات والارض وما بينهما العزيز الغفار",
        "قل هو نبا عظيم",
        "انتم عنه معرضون",
        "ما كان لي من علم بالملا الاعلى اذ يختصمون",
        "ان يوحى الي الا انما انا نذير مبين",
        "اذ قال ربك للملائكة اني خالق بشرا من طين",
        "فاذا سويته ونفخت فيه من روحي فقعوا له ساجدين",
        "فسجد الملائكة كلهم اجمعون",
        "الا ابليس استكبر وكان من الكافرين",
        "قال يا ابليس ما منعك ان تسجد لما خلقت بيدي استكبرت ام كنت من العالين",
        "قال انا خير منه خلقتني من نار وخلقته من طين",
        "قال فاخرج منها فانك رجيم",
        "وان عليك لعنتي الى يوم الدين",
        "قال رب فانظرني الى يوم يبعثون",
        "قال فانك من المنظرين",
        "الى يوم الوقت المعلوم",
        "قال فبعزتك لاغوينهم اجمعين",
        "الا عبادك منهم المخلصين",
        "قال فالحق والحق اقول",
        "لاملان جهنم منك وممن تبعك منهم اجمعين",
        "قل ما اسالكم عليه من اجر وما انا من المتكلفين",
        "ان هو الا ذكر للعالمين",
        "ولتعلمن نباه بعد حين"
    ]
}