{
    "surahName": "Az-Zumar",
    "surahNameArabic": "الزمر",
    "surahNameArabicLong": "سورة الزمر",
    "surahNameTranslation": "The Groups",
    "revelationPlace": "Mecca",
    "totalAyah": 75,
    "surahNo": 39,
    "english": [
        "The revelation of this Book is from Allah—the Almighty, All-Wise.",
        "Indeed, We have sent down the Book to you ˹O Prophet˺ in truth, so worship Allah ˹alone˺, being sincerely devoted to Him.",
        "Indeed, sincere devotion is due ˹only˺ to Allah. As for those who take other lords besides Him, ˹saying,˺ “We worship them only so they may bring us closer to Allah,” surely Allah will judge between all regarding what they differed about. Allah certainly does not guide whoever persists in lying and disbelief.",
        "Had it been Allah’s Will to have offspring, He could have chosen whatever He willed of His creation. Glory be to Him! He is Allah—the One, the Supreme.",
        "He created the heavens and the earth for a purpose. He wraps the night around the day, and wraps the day around the night. And He has subjected the sun and the moon, each orbiting for an appointed term. He is truly the Almighty, Most Forgiving.",
        "He created you ˹all˺ from a single soul, then from it He made its mate. And He produced for you four pairs of cattle. He creates you in the wombs of your mothers ˹in stages˺, one development after another, in three layers of darkness. That is Allah—your Lord! All authority belongs to Him. There is no god ˹worthy of worship˺ except Him. How can you then be turned away?",
        "If you disbelieve, then ˹know that˺ Allah is truly not in need of you, nor does He approve of disbelief from His servants. But if you become grateful ˹through faith˺, He will appreciate that from you. No soul burdened with sin will bear the burden of another. Then to your Lord is your return, and He will inform you of what you used to do. He certainly knows best what is ˹hidden˺ in the heart.",
        "When one is touched with hardship, they cry out to their Lord, turning to Him ˹alone˺. But as soon as He showers them with blessings from Him, they ˹totally˺ forget the One they had cried to earlier, and set up equals to Allah to mislead ˹others˺ from His Way. Say, ˹O Prophet,˺ “Enjoy your disbelief for a little while! You will certainly be one of the inmates of the Fire.”",
        "˹Are they better˺ or those who worship ˹their Lord˺ devoutly in the hours of the night, prostrating and standing, fearing the Hereafter and hoping for the mercy of their Lord? Say, ˹O Prophet,˺ “Are those who know equal to those who do not know?” None will be mindful ˹of this˺ except people of reason.",
        "Say ˹O Prophet, that Allah says˺, “O My servants who believe! Be mindful of your Lord. Those who do good in this world will have a good reward. And Allah’s earth is spacious. Only those who endure patiently will be given their reward without limit.”",
        "Say, “I am commanded to worship Allah, being sincerely devoted to Him ˹alone˺.",
        "And I am commanded to be the first of those who submit ˹to His Will˺.”",
        "Say, “I truly fear—if I were to disobey my Lord—the torment of a tremendous Day.”",
        "Say, “It is ˹only˺ Allah that I worship, being sincere in my devotion to Him.",
        "Worship then whatever ˹gods˺ you want instead of Him.” Say, “The ˹true˺ losers are those who will lose themselves and their families on Judgment Day. That is indeed the clearest loss.”",
        "They will have layers of fire above and below them. That is what Allah warns His servants with. So fear Me, O  My servants!",
        "And those who shun the worship of false gods, turning to Allah ˹alone˺, will have good news. So give good news to My servants ˹O Prophet˺—",
        "those who listen to what is said and follow the best of it. These are the ones ˹rightly˺ guided by Allah, and these are ˹truly˺ the people of reason.",
        "What about those against whom the decree of torment has been justified? Is it you ˹O Prophet˺ who will then save those bound for the Fire?",
        "But those mindful of their Lord will have ˹elevated˺ mansions, built one above the other, under which rivers flow. ˹That is˺ the promise of Allah. ˹And˺ Allah never fails in ˹His˺ promise.",
        "Do you not see that Allah sends down rain from the sky—channelling it through streams in the earth—then produces with it crops of various colours, then they dry up and you see them wither, and then He reduces them to chaff? Surely in this is a reminder for people of reason.",
        "Can ˹the misguided be like˺ those whose hearts Allah has opened to Islam, so they are enlightened by their Lord? So woe to those whose hearts are hardened at the remembrance of Allah! It is they who are clearly astray.",
        "˹It is˺ Allah ˹Who˺ has sent down the best message—a Book of perfect consistency and repeated lessons—which causes the skin ˹and hearts˺ of those who fear their Lord to tremble, then their skin and hearts soften at the mention of ˹the mercy of˺ Allah. That is the guidance of Allah, through which He guides whoever He wills. But whoever Allah leaves to stray will be left with no guide.",
        "Are those who will only have their ˹bare˺ faces to shield themselves from the awful torment on Judgment Day ˹better than those in Paradise˺? It will ˹then˺ be said to the wrongdoers: “Reap what you sowed!”",
        "Those before them ˹also˺ rejected ˹the truth˺, then the torment came upon them from where they least expected.",
        "So Allah made them taste humiliation in this worldly life, but far worse is the punishment of the Hereafter, if only they knew.",
        "We have certainly set forth every ˹kind of˺ lesson for people in this Quran, so perhaps they will be mindful.",
        "˹It is˺ a Quran ˹revealed˺ in Arabic without any crookedness, so perhaps they will be conscious ˹of Allah˺.",
        "Allah sets forth the parable of a slave owned by several quarrelsome masters, and a slave owned by only one master. Are they equal in condition? Praise be to Allah! In fact, most of them do not know.",
        "You ˹O Prophet˺ will certainly die, and they will die too.",
        "Then on the Day of Judgment you will ˹all settle your˺ dispute before your Lord.",
        "Who then does more wrong than those who lie about Allah and reject the truth after it has reached them? Is Hell not a ˹fitting˺ home for the disbelievers?",
        "And the one who has brought the truth and those who embrace it—it is they who are the righteous.",
        "They will have whatever they desire with their Lord. That is the reward of the good-doers.",
        "As such, Allah will absolve them of ˹even˺ the worst of what they did and reward them according to the best of what they used to do.",
        "Is Allah not sufficient for His servant? Yet they threaten you with other ˹powerless˺ gods besides Him! Whoever Allah leaves to stray will be left with no guide.",
        "And whoever Allah guides, none can lead astray. Is Allah not Almighty, capable of punishment?",
        "If you ask them ˹O Prophet˺ who created the heavens and the earth, they will certainly say, “Allah!” Ask ˹them˺, “Consider then whatever ˹idols˺ you invoke besides Allah: if it was Allah’s Will to harm me, could they undo that harm? Or if He willed ˹some˺ mercy for me, could they withhold His mercy?” Say, “Allah is sufficient for me. In Him ˹alone˺ the faithful put their trust.”",
        "Say, ˹O Prophet,˺ “O my people! Persist in your ways, for I ˹too˺ will persist in mine. You will soon come to know",
        "who will be visited by a humiliating torment ˹in this life˺ and overwhelmed by an everlasting punishment ˹in the next˺.”",
        "Surely We have revealed to you the Book ˹O Prophet˺ with the truth for humanity. So whoever chooses to be guided, it is for their own good. And whoever chooses to stray, it is only to their own loss. You are not a keeper over them.",
        "˹It is˺ Allah ˹Who˺ calls back the souls ˹of people˺ upon their death as well as ˹the souls˺ of the living during their sleep. Then He keeps those for whom He has ordained death, and releases the others until ˹their˺ appointed time. Surely in this are signs for people who reflect.",
        "Or have they taken others besides Allah as intercessors? Say, ˹O Prophet,˺ “˹Would they do so,˺ even though those ˹idols˺ have neither authority nor intelligence?”",
        "Say, “All intercession belongs to Allah ˹alone˺. To Him belongs the kingdom of the heavens and the earth. Then to Him you will ˹all˺ be returned.”",
        "Yet when Allah alone is mentioned, the hearts of those who disbelieve in the Hereafter are filled with disgust. But as soon as those ˹gods˺ other than Him are mentioned, they are filled with joy.",
        "Say, ˹O Prophet,˺ “O Allah—Originator of the heavens and the earth, Knower of the seen and unseen! You will judge between Your servants regarding their differences.”",
        "Even if the wrongdoers were to possess everything in the world twice over, they would certainly offer it to ransom themselves from the horrible punishment on Judgment Day, for they will see from Allah what they had never expected.",
        "And the evil ˹consequences˺ of their deeds will unfold before them, and they will be overwhelmed by what they used to ridicule.",
        "When one is touched with hardship, they cry out to Us ˹alone˺. Then when We shower Our blessings upon them, they say, “I have been granted all this only because of ˹my˺ knowledge.” Not at all! It is ˹no more than˺ a test. But most of them do not know.",
        "The same had already been said by those ˹destroyed˺ before them, but their ˹worldly˺ gains were of no benefit to them.",
        "So the evil ˹consequences˺ of their deeds overtook them. And the wrongdoers among these ˹pagans˺ will be overtaken by the evil ˹consequences˺ of their deeds. And they will have no escape.",
        "Do they not know that Allah gives abundant or limited provisions to whoever He wills? Surely in this are signs for people who believe.",
        "Say, ˹O Prophet, that Allah says,˺ “O My servants who have exceeded the limits against their souls! Do not lose hope in Allah’s mercy, for Allah certainly forgives all sins. He is indeed the All-Forgiving, Most Merciful.",
        "Turn to your Lord ˹in repentance˺, and ˹fully˺ submit to Him before the punishment reaches you, ˹for˺ then you will not be helped.",
        "Follow ˹the Quran,˺ the best of what has been revealed to you from your Lord, before the punishment takes you by surprise while you are unaware",
        "so that no ˹sinful˺ soul will say ˹on Judgment Day˺, ‘Woe to me for neglecting ˹my duties towards˺ Allah, while ridiculing ˹the truth˺.’",
        "Or ˹a soul will˺ say, ‘If only Allah had guided me, I would have certainly been one of the righteous.’",
        "Or say, upon seeing the torment, ‘If only I had a second chance, I would have been one of the good-doers.’",
        "Not at all! My revelations had already come to you, but you rejected them, acted arrogantly, and were one of the disbelievers.”",
        "On the Day of Judgment you will see those who lied about Allah with their faces gloomy. Is Hell not a ˹fitting˺ home for the arrogant?",
        "And Allah will deliver those who were mindful ˹of Him˺ to their place of ˹ultimate˺ triumph. No evil will touch them, nor will they grieve.",
        "Allah is the Creator of all things, and He is the Maintainer of everything.",
        "To Him belong the keys ˹of the treasuries˺ of the heavens and the earth. As for those who rejected the signs of Allah, it is they who will be the ˹true˺ losers.",
        "Say, ˹O Prophet,˺ “Are you urging me to worship ˹anyone˺ other than Allah, O  ignorant ones?”",
        "It has already been revealed to you—and to those ˹prophets˺ before you—that if you associate others ˹with Allah˺, your deeds will certainly be void and you will truly be one of the losers.",
        "Rather, worship Allah ˹alone˺ and be one of the grateful.",
        "They have not shown Allah His proper reverence—when on the Day of Judgment the ˹whole˺ earth will be in His Grip, and the heavens will be rolled up in His Right Hand. Glorified and Exalted is He above what they associate ˹with Him˺!",
        "The Trumpet will be blown and all those in the heavens and all those on the earth will fall dead, except those Allah wills ˹to spare˺. Then it will be blown again and they will rise up at once, looking on ˹in anticipation˺.",
        "The earth will shine with the light of its Lord, the record ˹of deeds˺ will be laid ˹open˺, the prophets and the witnesses will be brought forward—and judgment will be passed on all with fairness. None will be wronged.",
        "Every soul will be paid in full for its deeds, for Allah knows best what they have done.",
        "Those who disbelieved will be driven to Hell in ˹successive˺ groups. When they arrive there, its gates will be opened and its keepers will ask them: “Did messengers not come to you from among yourselves, reciting to you the revelations of your Lord and warning you of the coming of this Day of yours?” The disbelievers will cry, “Yes ˹indeed˺! But the decree of torment has come to pass against the disbelievers.”",
        "It will be said to them, “Enter the gates of Hell, to stay there forever.” What an evil home for the arrogant!",
        "And those who were mindful of their Lord will be led to Paradise in ˹successive˺ groups. When they arrive at its ˹already˺ open gates, its keepers will say, “Peace be upon you! You have done well, so come in, to stay forever.”",
        "The righteous will say, “Praise be to Allah Who has fulfilled His promise to us, and made us inherit the ˹everlasting˺ land to settle in Paradise wherever we please.” How excellent is the reward of those who work ˹righteousness˺!",
        "You will see the angels all around the Throne, glorifying the praises of their Lord, for judgment will have been passed on all with fairness. And it will be said, “Praise be to Allah—Lord of all worlds!”"
    ],
    "arabic1": [
        " تَنزِيلُ ٱلْكِتَـٰبِ مِنَ ٱللَّهِ ٱلْعَزِيزِ ٱلْحَكِيمِ",
        "إِنَّآ أَنزَلْنَآ إِلَيْكَ ٱلْكِتَـٰبَ بِٱلْحَقِّ فَٱعْبُدِ ٱللَّهَ مُخْلِصًا لَّهُ ٱلدِّينَ",
        "أَلَا لِلَّهِ ٱلدِّينُ ٱلْخَالِصُ ۚ وَٱلَّذِينَ ٱتَّخَذُوا۟ مِن دُونِهِۦٓ أَوْلِيَآءَ مَا نَعْبُدُهُمْ إِلَّا لِيُقَرِّبُونَآ إِلَى ٱللَّهِ زُلْفَىٰٓ إِنَّ ٱللَّهَ يَحْكُمُ بَيْنَهُمْ فِى مَا هُمْ فِيهِ يَخْتَلِفُونَ ۗ إِنَّ ٱللَّهَ لَا يَهْدِى مَنْ هُوَ كَـٰذِبٌ كَفَّارٌ",
        "لَّوْ أَرَادَ ٱللَّهُ أَن يَتَّخِذَ وَلَدًا لَّٱصْطَفَىٰ مِمَّا يَخْلُقُ مَا يَشَآءُ ۚ سُبْحَـٰنَهُۥ ۖ هُوَ ٱللَّهُ ٱلْوَٰحِدُ ٱلْقَهَّارُ",
        "خَلَقَ ٱلسَّمَـٰوَٰتِ وَٱلْأَرْضَ بِٱلْحَقِّ ۖ يُكَوِّرُ ٱلَّيْلَ عَلَى ٱلنَّهَارِ وَيُكَوِّرُ ٱلنَّهَارَ عَلَى ٱلَّيْلِ ۖ وَسَخَّرَ ٱلشَّمْسَ وَٱلْقَمَرَ ۖ كُلٌّ يَجْرِى لِأَجَلٍ مُّسَمًّى ۗ أَلَا هُوَ ٱلْعَزِيزُ ٱلْغَفَّـٰرُ",
        "خَلَقَكُم مِّن نَّفْسٍ وَٰحِدَةٍ ثُمَّ جَعَلَ مِنْهَا زَوْجَهَا وَأَنزَلَ لَكُم مِّنَ ٱلْأَنْعَـٰمِ ثَمَـٰنِيَةَ أَزْوَٰجٍ ۚ يَخْلُقُكُمْ فِى بُطُونِ أُمَّهَـٰتِكُمْ خَلْقًا مِّنۢ بَعْدِ خَلْقٍ فِى ظُلُمَـٰتٍ ثَلَـٰثٍ ۚ ذَٰلِكُمُ ٱللَّهُ رَبُّكُمْ لَهُ ٱلْمُلْكُ ۖ لَآ إِلَـٰهَ إِلَّا هُوَ ۖ فَأَنَّىٰ تُصْرَفُونَ",
        "إِن تَكْفُرُوا۟ فَإِنَّ ٱللَّهَ غَنِىٌّ عَنكُمْ ۖ وَلَا يَرْضَىٰ لِعِبَادِهِ ٱلْكُفْرَ ۖ وَإِن تَشْكُرُوا۟ يَرْضَهُ لَكُمْ ۗ وَلَا تَزِرُ وَازِرَةٌ وِزْرَ أُخْرَىٰ ۗ ثُمَّ إِلَىٰ رَبِّكُم مَّرْجِعُكُمْ فَيُنَبِّئُكُم بِمَا كُنتُمْ تَعْمَلُونَ ۚ إِنَّهُۥ عَلِيمٌۢ بِذَاتِ ٱلصُّدُورِ",
        "۞ وَإِذَا مَسَّ ٱلْإِنسَـٰنَ ضُرٌّ دَعَا رَبَّهُۥ مُنِيبًا إِلَيْهِ ثُمَّ إِذَا خَوَّلَهُۥ نِعْمَةً مِّنْهُ نَسِىَ مَا كَانَ يَدْعُوٓا۟ إِلَيْهِ مِن قَبْلُ وَجَعَلَ لِلَّهِ أَندَادًا لِّيُضِلَّ عَن سَبِيلِهِۦ ۚ قُلْ تَمَتَّعْ بِكُفْرِكَ قَلِيلًا ۖ إِنَّكَ مِنْ أَصْحَـٰبِ ٱلنَّارِ",
        "أَمَّنْ هُوَ قَـٰنِتٌ ءَانَآءَ ٱلَّيْلِ سَاجِدًا وَقَآئِمًا يَحْذَرُ ٱلْـَٔاخِرَةَ وَيَرْجُوا۟ رَحْمَةَ رَبِّهِۦ ۗ قُلْ هَلْ يَسْتَوِى ٱلَّذِينَ يَعْلَمُونَ وَٱلَّذِينَ لَا يَعْلَمُونَ ۗ إِنَّمَا يَتَذَكَّرُ أُو۟لُوا۟ ٱلْأَلْبَـٰبِ",
        "قُلْ يَـٰعِبَادِ ٱلَّذِينَ ءَامَنُوا۟ ٱتَّقُوا۟ رَبَّكُمْ ۚ لِلَّذِينَ أَحْسَنُوا۟ فِى هَـٰذِهِ ٱلدُّنْيَا حَسَنَةٌ ۗ وَأَرْضُ ٱللَّهِ وَٰسِعَةٌ ۗ إِنَّمَا يُوَفَّى ٱلصَّـٰبِرُونَ أَجْرَهُم بِغَيْرِ حِسَابٍ",
        "قُلْ إِنِّىٓ أُمِرْتُ أَنْ أَعْبُدَ ٱللَّهَ مُخْلِصًا لَّهُ ٱلدِّينَ",
        "وَأُمِرْتُ لِأَنْ أَكُونَ أَوَّلَ ٱلْمُسْلِمِينَ",
        "قُلْ إِنِّىٓ أَخَافُ إِنْ عَصَيْتُ رَبِّى عَذَابَ يَوْمٍ عَظِيمٍ",
        "قُلِ ٱللَّهَ أَعْبُدُ مُخْلِصًا لَّهُۥ دِينِى",
        "فَٱعْبُدُوا۟ مَا شِئْتُم مِّن دُونِهِۦ ۗ قُلْ إِنَّ ٱلْخَـٰسِرِينَ ٱلَّذِينَ خَسِرُوٓا۟ أَنفُسَهُمْ وَأَهْلِيهِمْ يَوْمَ ٱلْقِيَـٰمَةِ ۗ أَلَا ذَٰلِكَ هُوَ ٱلْخُسْرَانُ ٱلْمُبِينُ",
        "لَهُم مِّن فَوْقِهِمْ ظُلَلٌ مِّنَ ٱلنَّارِ وَمِن تَحْتِهِمْ ظُلَلٌ ۚ ذَٰلِكَ يُخَوِّفُ ٱللَّهُ بِهِۦ عِبَادَهُۥ ۚ يَـٰعِبَادِ فَٱتَّقُونِ",
        "وَٱلَّذِينَ ٱجْتَنَبُوا۟ ٱلطَّـٰغُوتَ أَن يَعْبُدُوهَا وَأَنَابُوٓا۟ إِلَى ٱللَّهِ لَهُمُ ٱلْبُشْرَىٰ ۚ فَبَشِّرْ عِبَادِ",
        "ٱلَّذِينَ يَسْتَمِعُونَ ٱلْقَوْلَ فَيَتَّبِعُونَ أَحْسَنَهُۥٓ ۚ أُو۟لَـٰٓئِكَ ٱلَّذِينَ هَدَىٰهُمُ ٱللَّهُ ۖ وَأُو۟لَـٰٓئِكَ هُمْ أُو۟لُوا۟ ٱلْأَلْبَـٰبِ",
        "أَفَمَنْ حَقَّ عَلَيْهِ كَلِمَةُ ٱلْعَذَابِ أَفَأَنتَ تُنقِذُ مَن فِى ٱلنَّارِ",
        "لَـٰكِنِ ٱلَّذِينَ ٱتَّقَوْا۟ رَبَّهُمْ لَهُمْ غُرَفٌ مِّن فَوْقِهَا غُرَفٌ مَّبْنِيَّةٌ تَجْرِى مِن تَحْتِهَا ٱلْأَنْهَـٰرُ ۖ وَعْدَ ٱللَّهِ ۖ لَا يُخْلِفُ ٱللَّهُ ٱلْمِيعَادَ",
        "أَلَمْ تَرَ أَنَّ ٱللَّهَ أَنزَلَ مِنَ ٱلسَّمَآءِ مَآءً فَسَلَكَهُۥ يَنَـٰبِيعَ فِى ٱلْأَرْضِ ثُمَّ يُخْرِجُ بِهِۦ زَرْعًا مُّخْتَلِفًا أَلْوَٰنُهُۥ ثُمَّ يَهِيجُ فَتَرَىٰهُ مُصْفَرًّا ثُمَّ يَجْعَلُهُۥ حُطَـٰمًا ۚ إِنَّ فِى ذَٰلِكَ لَذِكْرَىٰ لِأُو۟لِى ٱلْأَلْبَـٰبِ",
        "أَفَمَن شَرَحَ ٱللَّهُ صَدْرَهُۥ لِلْإِسْلَـٰمِ فَهُوَ عَلَىٰ نُورٍ مِّن رَّبِّهِۦ ۚ فَوَيْلٌ لِّلْقَـٰسِيَةِ قُلُوبُهُم مِّن ذِكْرِ ٱللَّهِ ۚ أُو۟لَـٰٓئِكَ فِى ضَلَـٰلٍ مُّبِينٍ",
        "ٱللَّهُ نَزَّلَ أَحْسَنَ ٱلْحَدِيثِ كِتَـٰبًا مُّتَشَـٰبِهًا مَّثَانِىَ تَقْشَعِرُّ مِنْهُ جُلُودُ ٱلَّذِينَ يَخْشَوْنَ رَبَّهُمْ ثُمَّ تَلِينُ جُلُودُهُمْ وَقُلُوبُهُمْ إِلَىٰ ذِكْرِ ٱللَّهِ ۚ ذَٰلِكَ هُدَى ٱللَّهِ يَهْدِى بِهِۦ مَن يَشَآءُ ۚ وَمَن يُضْلِلِ ٱللَّهُ فَمَا لَهُۥ مِنْ هَادٍ",
        "أَفَمَن يَتَّقِى بِوَجْهِهِۦ سُوٓءَ ٱلْعَذَابِ يَوْمَ ٱلْقِيَـٰمَةِ ۚ وَقِيلَ لِلظَّـٰلِمِينَ ذُوقُوا۟ مَا كُنتُمْ تَكْسِبُونَ",
        "كَذَّبَ ٱلَّذِينَ مِن قَبْلِهِمْ فَأَتَىٰهُمُ ٱلْعَذَابُ مِنْ حَيْثُ لَا يَشْعُرُونَ",
        "فَأَذَاقَهُمُ ٱللَّهُ ٱلْخِزْىَ فِى ٱلْحَيَوٰةِ ٱلدُّنْيَا ۖ وَلَعَذَابُ ٱلْـَٔاخِرَةِ أَكْبَرُ ۚ لَوْ كَانُوا۟ يَعْلَمُونَ",
        "وَلَقَدْ ضَرَبْنَا لِلنَّاسِ فِى هَـٰذَا ٱلْقُرْءَانِ مِن كُلِّ مَثَلٍ لَّعَلَّهُمْ يَتَذَكَّرُونَ",
        "قُرْءَانًا عَرَبِيًّا غَيْرَ ذِى عِوَجٍ لَّعَلَّهُمْ يَتَّقُونَ",
        "ضَرَبَ ٱللَّهُ مَثَلًا رَّجُلًا فِيهِ شُرَكَآءُ مُتَشَـٰكِسُونَ وَرَجُلًا سَلَمًا لِّرَجُلٍ هَلْ يَسْتَوِيَانِ مَثَلًا ۚ ٱلْحَمْدُ لِلَّهِ ۚ بَلْ أَكْثَرُهُمْ لَا يَعْلَمُونَ",
        "إِنَّكَ مَيِّتٌ وَإِنَّهُم مَّيِّتُونَ",
        "ثُمَّ إِنَّكُمْ يَوْمَ ٱلْقِيَـٰمَةِ عِندَ رَبِّكُمْ تَخْتَصِمُونَ",
        "۞ فَمَنْ أَظْلَمُ مِمَّن كَذَبَ عَلَى ٱللَّهِ وَكَذَّبَ بِٱلصِّدْقِ إِذْ جَآءَهُۥٓ ۚ أَلَيْسَ فِى جَهَنَّمَ مَثْوًى لِّلْكَـٰفِرِينَ",
        "وَٱلَّذِى جَآءَ بِٱلصِّدْقِ وَصَدَّقَ بِهِۦٓ ۙ أُو۟لَـٰٓئِكَ هُمُ ٱلْمُتَّقُونَ",
        "لَهُم مَّا يَشَآءُونَ عِندَ رَبِّهِمْ ۚ ذَٰلِكَ جَزَآءُ ٱلْمُحْسِنِينَ",
        "لِيُكَفِّرَ ٱللَّهُ عَنْهُمْ أَسْوَأَ ٱلَّذِى عَمِلُوا۟ وَيَجْزِيَهُمْ أَجْرَهُم بِأَحْسَنِ ٱلَّذِى كَانُوا۟ يَعْمَلُونَ",
        "أَلَيْسَ ٱللَّهُ بِكَافٍ عَبْدَهُۥ ۖ وَيُخَوِّفُونَكَ بِٱلَّذِينَ مِن دُونِهِۦ ۚ وَمَن يُضْلِلِ ٱللَّهُ فَمَا لَهُۥ مِنْ هَادٍ",
        "وَمَن يَهْدِ ٱللَّهُ فَمَا لَهُۥ مِن مُّضِلٍّ ۗ أَلَيْسَ ٱللَّهُ بِعَزِيزٍ ذِى ٱنتِقَامٍ",
        "وَلَئِن سَأَلْتَهُم مَّنْ خَلَقَ ٱلسَّمَـٰوَٰتِ وَٱلْأَرْضَ لَيَقُولُنَّ ٱللَّهُ ۚ قُلْ أَفَرَءَيْتُم مَّا تَدْعُونَ مِن دُونِ ٱللَّهِ إِنْ أَرَادَنِىَ ٱللَّهُ بِضُرٍّ هَلْ هُنَّ كَـٰشِفَـٰتُ ضُرِّهِۦٓ أَوْ أَرَادَنِى بِرَحْمَةٍ هَلْ هُنَّ مُمْسِكَـٰتُ رَحْمَتِهِۦ ۚ قُلْ حَسْبِىَ ٱللَّهُ ۖ عَلَيْهِ يَتَوَكَّلُ ٱلْمُتَوَكِّلُونَ",
        "قُلْ يَـٰقَوْمِ ٱعْمَلُوا۟ عَلَىٰ مَكَانَتِكُمْ إِنِّى عَـٰمِلٌ ۖ فَسَوْفَ تَعْلَمُونَ",
        "مَن يَأْتِيهِ عَذَابٌ يُخْزِيهِ وَيَحِلُّ عَلَيْهِ عَذَابٌ مُّقِيمٌ",
        "إِنَّآ أَنزَلْنَا عَلَيْكَ ٱلْكِتَـٰبَ لِلنَّاسِ بِٱلْحَقِّ ۖ فَمَنِ ٱهْتَدَىٰ فَلِنَفْسِهِۦ ۖ وَمَن ضَلَّ فَإِنَّمَا يَضِلُّ عَلَيْهَا ۖ وَمَآ أَنتَ عَلَيْهِم بِوَكِيلٍ",
        "ٱللَّهُ يَتَوَفَّى ٱلْأَنفُسَ حِينَ مَوْتِهَا وَٱلَّتِى لَمْ تَمُتْ فِى مَنَامِهَا ۖ فَيُمْسِكُ ٱلَّتِى قَضَىٰ عَلَيْهَا ٱلْمَوْتَ وَيُرْسِلُ ٱلْأُخْرَىٰٓ إِلَىٰٓ أَجَلٍ مُّسَمًّى ۚ إِنَّ فِى ذَٰلِكَ لَـَٔايَـٰتٍ لِّقَوْمٍ يَتَفَكَّرُونَ",
        "أَمِ ٱتَّخَذُوا۟ مِن دُونِ ٱللَّهِ شُفَعَآءَ ۚ قُلْ أَوَلَوْ كَانُوا۟ لَا يَمْلِكُونَ شَيْـًٔا وَلَا يَعْقِلُونَ",
        "قُل لِّلَّهِ ٱلشَّفَـٰعَةُ جَمِيعًا ۖ لَّهُۥ مُلْكُ ٱلسَّمَـٰوَٰتِ وَٱلْأَرْضِ ۖ ثُمَّ إِلَيْهِ تُرْجَعُونَ",
        "وَإِذَا ذُكِرَ ٱللَّهُ وَحْدَهُ ٱشْمَأَزَّتْ قُلُوبُ ٱلَّذِينَ لَا يُؤْمِنُونَ بِٱلْـَٔاخِرَةِ ۖ وَإِذَا ذُكِرَ ٱلَّذِينَ مِن دُونِهِۦٓ إِذَا هُمْ يَسْتَبْشِرُونَ",
        "قُلِ ٱللَّهُمَّ فَاطِرَ ٱلسَّمَـٰوَٰتِ وَٱلْأَرْضِ عَـٰلِمَ ٱلْغَيْبِ وَٱلشَّهَـٰدَةِ أَنتَ تَحْكُمُ بَيْنَ عِبَادِكَ فِى مَا كَانُوا۟ فِيهِ يَخْتَلِفُونَ",
        "وَلَوْ أَنَّ لِلَّذِينَ ظَلَمُوا۟ مَا فِى ٱلْأَرْضِ جَمِيعًا وَمِثْلَهُۥ مَعَهُۥ لَٱفْتَدَوْا۟ بِهِۦ مِن سُوٓءِ ٱلْعَذَابِ يَوْمَ ٱلْقِيَـٰمَةِ ۚ وَبَدَا لَهُم مِّنَ ٱللَّهِ مَا لَمْ يَكُونُوا۟ يَحْتَسِبُونَ",
        "وَبَدَا لَهُمْ سَيِّـَٔاتُ مَا كَسَبُوا۟ وَحَاقَ بِهِم مَّا كَانُوا۟ بِهِۦ يَسْتَهْزِءُونَ",
        "فَإِذَا مَسَّ ٱلْإِنسَـٰنَ ضُرٌّ دَعَانَا ثُمَّ إِذَا خَوَّلْنَـٰهُ نِعْمَةً مِّنَّا قَالَ إِنَّمَآ أُوتِيتُهُۥ عَلَىٰ عِلْمٍۭ ۚ بَلْ هِىَ فِتْنَةٌ وَلَـٰكِنَّ أَكْثَرَهُمْ لَا يَعْلَمُونَ",
        "قَدْ قَالَهَا ٱلَّذِينَ مِن قَبْلِهِمْ فَمَآ أَغْنَىٰ عَنْهُم مَّا كَانُوا۟ يَكْسِبُونَ",
        "فَأَصَابَهُمْ سَيِّـَٔاتُ مَا كَسَبُوا۟ ۚ وَٱلَّذِينَ ظَلَمُوا۟ مِنْ هَـٰٓؤُلَآءِ سَيُصِيبُهُمْ سَيِّـَٔاتُ مَا كَسَبُوا۟ وَمَا هُم بِمُعْجِزِينَ",
        "أَوَلَمْ يَعْلَمُوٓا۟ أَنَّ ٱللَّهَ يَبْسُطُ ٱلرِّزْقَ لِمَن يَشَآءُ وَيَقْدِرُ ۚ إِنَّ فِى ذَٰلِكَ لَـَٔايَـٰتٍ لِّقَوْمٍ يُؤْمِنُونَ",
        "۞ قُلْ يَـٰعِبَادِىَ ٱلَّذِينَ أَسْرَفُوا۟ عَلَىٰٓ أَنفُسِهِمْ لَا تَقْنَطُوا۟ مِن رَّحْمَةِ ٱللَّهِ ۚ إِنَّ ٱللَّهَ يَغْفِرُ ٱلذُّنُوبَ جَمِيعًا ۚ إِنَّهُۥ هُوَ ٱلْغَفُورُ ٱلرَّحِيمُ",
        "وَأَنِيبُوٓا۟ إِلَىٰ رَبِّكُمْ وَأَسْلِمُوا۟ لَهُۥ مِن قَبْلِ أَن يَأْتِيَكُمُ ٱلْعَذَابُ ثُمَّ لَا تُنصَرُونَ",
        "وَٱتَّبِعُوٓا۟ أَحْسَنَ مَآ أُنزِلَ إِلَيْكُم مِّن رَّبِّكُم مِّن قَبْلِ أَن يَأْتِيَكُمُ ٱلْعَذَابُ بَغْتَةً وَأَنتُمْ لَا تَشْعُرُونَ",
        "أَن تَقُولَ نَفْسٌ يَـٰحَسْرَتَىٰ عَلَىٰ مَا فَرَّطتُ فِى جَنۢبِ ٱللَّهِ وَإِن كُنتُ لَمِنَ ٱلسَّـٰخِرِينَ",
        "أَوْ تَقُولَ لَوْ أَنَّ ٱللَّهَ هَدَىٰنِى لَكُنتُ مِنَ ٱلْمُتَّقِينَ",
        "أَوْ تَقُولَ حِينَ تَرَى ٱلْعَذَابَ لَوْ أَنَّ لِى كَرَّةً فَأَكُونَ مِنَ ٱلْمُحْسِنِينَ",
        "بَلَىٰ قَدْ جَآءَتْكَ ءَايَـٰتِى فَكَذَّبْتَ بِهَا وَٱسْتَكْبَرْتَ وَكُنتَ مِنَ ٱلْكَـٰفِرِينَ",
        "وَيَوْمَ ٱلْقِيَـٰمَةِ تَرَى ٱلَّذِينَ كَذَبُوا۟ عَلَى ٱللَّهِ وُجُوهُهُم مُّسْوَدَّةٌ ۚ أَلَيْسَ فِى جَهَنَّمَ مَثْوًى لِّلْمُتَكَبِّرِينَ",
        "وَيُنَجِّى ٱللَّهُ ٱلَّذِينَ ٱتَّقَوْا۟ بِمَفَازَتِهِمْ لَا يَمَسُّهُمُ ٱلسُّوٓءُ وَلَا هُمْ يَحْزَنُونَ",
        "ٱللَّهُ خَـٰلِقُ كُلِّ شَىْءٍ ۖ وَهُوَ عَلَىٰ كُلِّ شَىْءٍ وَكِيلٌ",
        "لَّهُۥ مَقَالِيدُ ٱلسَّمَـٰوَٰتِ وَٱلْأَرْضِ ۗ وَٱلَّذِينَ كَفَرُوا۟ بِـَٔايَـٰتِ ٱللَّهِ أُو۟لَـٰٓئِكَ هُمُ ٱلْخَـٰسِرُونَ",
        "قُلْ أَفَغَيْرَ ٱللَّهِ تَأْمُرُوٓنِّىٓ أَعْبُدُ أَيُّهَا ٱلْجَـٰهِلُونَ",
        "وَلَقَدْ أُوحِىَ إِلَيْكَ وَإِلَى ٱلَّذِينَ مِن قَبْلِكَ لَئِنْ أَشْرَكْتَ لَيَحْبَطَنَّ عَمَلُكَ وَلَتَكُونَنَّ مِنَ ٱلْخَـٰسِرِينَ",
        "بَلِ ٱللَّهَ فَٱعْبُدْ وَكُن مِّنَ ٱلشَّـٰكِرِينَ",
        "وَمَا قَدَرُوا۟ ٱللَّهَ حَقَّ قَدْرِهِۦ وَٱلْأَرْضُ جَمِيعًا قَبْضَتُهُۥ يَوْمَ ٱلْقِيَـٰمَةِ وَٱلسَّمَـٰوَٰتُ مَطْوِيَّـٰتٌۢ بِيَمِينِهِۦ ۚ سُبْحَـٰنَهُۥ وَتَعَـٰلَىٰ عَمَّا يُشْرِكُونَ",
        "وَنُفِخَ فِى ٱلصُّورِ فَصَعِقَ مَن فِى ٱلسَّمَـٰوَٰتِ وَمَن فِى ٱلْأَرْضِ إِلَّا مَن شَآءَ ٱللَّهُ ۖ ثُمَّ نُفِخَ فِيهِ أُخْرَىٰ فَإِذَا هُمْ قِيَامٌ يَنظُرُونَ",
        "وَأَشْرَقَتِ ٱلْأَرْضُ بِنُورِ رَبِّهَا وَوُضِعَ ٱلْكِتَـٰبُ وَجِا۟ىٓءَ بِٱلنَّبِيِّـۧنَ وَٱلشُّهَدَآءِ وَقُضِىَ بَيْنَهُم بِٱلْحَقِّ وَهُمْ لَا يُظْلَمُونَ",
        "وَوُفِّيَتْ كُلُّ نَفْسٍ مَّا عَمِلَتْ وَهُوَ أَعْلَمُ بِمَا يَفْعَلُونَ",
        "وَسِيقَ ٱلَّذِينَ كَفَرُوٓا۟ إِلَىٰ جَهَنَّمَ زُمَرًا ۖ حَتَّىٰٓ إِذَا جَآءُوهَا فُتِحَتْ أَبْوَٰبُهَا وَقَالَ لَهُمْ خَزَنَتُهَآ أَلَمْ يَأْتِكُمْ رُسُلٌ مِّنكُمْ يَتْلُونَ عَلَيْكُمْ ءَايَـٰتِ رَبِّكُمْ وَيُنذِرُونَكُمْ لِقَآءَ يَوْمِكُمْ هَـٰذَا ۚ قَالُوا۟ بَلَىٰ وَلَـٰكِنْ حَقَّتْ كَلِمَةُ ٱلْعَذَابِ عَلَى ٱلْكَـٰفِرِينَ",
        "قِيلَ ٱدْخُلُوٓا۟ أَبْوَٰبَ جَهَنَّمَ خَـٰلِدِينَ فِيهَا ۖ فَبِئْسَ مَثْوَى ٱلْمُتَكَبِّرِينَ",
        "وَسِيقَ ٱلَّذِينَ ٱتَّقَوْا۟ رَبَّهُمْ إِلَى ٱلْجَنَّةِ زُمَرًا ۖ حَتَّىٰٓ إِذَا جَآءُوهَا وَفُتِحَتْ أَبْوَٰبُهَا وَقَالَ لَهُمْ خَزَنَتُهَا سَلَـٰمٌ عَلَيْكُمْ طِبْتُمْ فَٱدْخُلُوهَا خَـٰلِدِينَ",
        "وَقَالُوا۟ ٱلْحَمْدُ لِلَّهِ ٱلَّذِى صَدَقَنَا وَعْدَهُۥ وَأَوْرَثَنَا ٱلْأَرْضَ نَتَبَوَّأُ مِنَ ٱلْجَنَّةِ حَيْثُ نَشَآءُ ۖ فَنِعْمَ أَجْرُ ٱلْعَـٰمِلِينَ",
        "وَتَرَى ٱلْمَلَـٰٓئِكَةَ حَآفِّينَ مِنْ حَوْلِ ٱلْعَرْشِ يُسَبِّحُونَ بِحَمْدِ رَبِّهِمْ ۖ وَقُضِىَ بَيْنَهُم بِٱلْحَقِّ وَقِيلَ ٱلْحَمْدُ لِلَّهِ رَبِّ ٱلْعَـٰلَمِينَ"
    ],
    "arabic2": [
        "تنزيل الكتاب من الله العزيز الحكيم",
        "انا انزلنا اليك الكتاب بالحق فاعبد الله مخلصا له الدين",
        "الا لله الدين الخالص والذين اتخذوا من دونه اولياء ما نعبدهم الا ليقربونا الى الله زلفى ان الله يحكم بينهم في ما هم فيه يختلفون ان الله لا يهدي من هو كاذب كفار",
        "لو اراد الله ان يتخذ ولدا لاصطفى مما يخلق ما يشاء سبحانه هو الله الواحد القهار",
        "خلق السماوات والارض بالحق يكور الليل على النهار ويكور النهار على الليل وسخر الشمس والقمر كل يجري لاجل مسمى الا هو العزيز الغفار",
        "خلقكم من نفس واحدة ثم جعل منها زوجها وانزل لكم من الانعام ثمانية ازواج يخلقكم في بطون امهاتكم خلقا من بعد خلق في ظلمات ثلاث ذلكم الله ربكم له الملك لا اله الا هو فانى تصرفون",
        "ان تكفروا فان الله غني عنكم ولا يرضى لعباده الكفر وان تشكروا يرضه لكم ولا تزر وازرة وزر اخرى ثم الى ربكم مرجعكم فينبئكم بما كنتم تعملون انه عليم بذات الصدور",
        "واذا مس الانسان ضر دعا ربه منيبا اليه ثم اذا خوله نعمة منه نسي ما كان يدعو اليه من قبل وجعل لله اندادا ليضل عن سبيله قل تمتع بكفرك قليلا انك من اصحاب النار",
        "امن هو قانت اناء الليل ساجدا وقائما يحذر الاخرة ويرجو رحمة ربه قل هل يستوي الذين يعلمون والذين لا يعلمون انما يتذكر اولو الالباب",
        "قل يا عباد الذين امنوا اتقوا ربكم للذين احسنوا في هذه الدنيا حسنة وارض الله واسعة انما يوفى الصابرون اجرهم بغير حساب",
        "قل اني امرت ان اعبد الله مخلصا له الدين",
        "وامرت لان اكون اول المسلمين",
        "قل اني اخاف ان عصيت ربي عذاب يوم عظيم",
        "قل الله اعبد مخلصا له ديني",
        "فاعبدوا ما شئتم من دونه قل ان الخاسرين الذين خسروا انفسهم واهليهم يوم القيامة الا ذلك هو الخسران المبين",
        "لهم من فوقهم ظلل من النار ومن تحتهم ظلل ذلك يخوف الله به عباده يا عباد فاتقون",
        "والذين اجتنبوا الطاغوت ان يعبدوها وانابوا الى الله لهم البشرى فبشر عباد",
        "الذين يستمعون القول فيتبعون احسنه اولئك الذين هداهم الله واولئك هم اولو الالباب",
        "افمن حق عليه كلمة العذاب افانت تنقذ من في النار",
        "لكن الذين اتقوا ربهم لهم غرف من فوقها غرف مبنية تجري من تحتها الانهار وعد الله لا يخلف الله الميعاد",
        "الم تر ان الله انزل من السماء ماء فسلكه ينابيع في الارض ثم يخرج به زرعا مختلفا الوانه ثم يهيج فتراه مصفرا ثم يجعله حطاما ان في ذلك لذكرى لاولي الالباب",
        "افمن شرح الله صدره للاسلام فهو على نور من ربه فويل للقاسية قلوبهم من ذكر الله اولئك في ضلال مبين",
        "الله نزل احسن الحديث كتابا متشابها مثاني تقشعر منه جلود الذين يخشون ربهم ثم تلين جلودهم وقلوبهم الى ذكر الله ذلك هدى الله يهدي به من يشاء ومن يضلل الله فما له من هاد",
        "افمن يتقي بوجهه سوء العذاب يوم القيامة وقيل للظالمين ذوقوا ما كنتم تكسبون",
        "كذب الذين من قبلهم فاتاهم العذاب من حيث لا يشعرون",
        "فاذاقهم الله الخزي في الحياة الدنيا ولعذاب الاخرة اكبر لو كانوا يعلمون",
        "ولقد ضربنا للناس في هذا القران من كل مثل لعلهم يتذكرون",
        "قرانا عربيا غير ذي عوج لعلهم يتقون",
        "ضرب الله مثلا رجلا فيه شركاء متشاكسون ورجلا سلما لرجل هل يستويان مثلا الحمد لله بل اكثرهم لا يعلمون",
        "انك ميت وانهم ميتون",
        "ثم انكم يوم القيامة عند ربكم تختصمون",
        "فمن اظلم ممن كذب على الله وكذب بالصدق اذ جاءه اليس في جهنم مثوى للكافرين",
        "والذي جاء بالصدق وصدق به اولئك هم المتقون",
        "لهم ما يشاءون عند ربهم ذلك جزاء المحسنين",
        "ليكفر الله عنهم اسوا الذي عملوا ويجزيهم اجرهم باحسن الذي كانوا يعملون",
        "اليس الله بكاف عبده ويخوفونك بالذين من دونه ومن يضلل الله فما له من هاد",
        "ومن يهد الله فما له من مضل اليس الله بعزيز ذي انتقام",
        "ولئن سالتهم من خلق السماوات والارض ليقولن الله قل افرايتم ما تدعون من دون الله ان ارادني الله بضر هل هن كاشفات ضره او ارادني برحمة هل هن ممسكات رحمته قل حسبي الله عليه يتوكل المتوكلون",
        "قل يا قوم اعملوا على مكانتكم اني عامل فسوف تعلمون",
        "من ياتيه عذاب يخزيه ويحل عليه عذاب مقيم",
        "انا انزلنا عليك الكتاب للناس بالحق فمن اهتدى فلنفسه ومن ضل فانما يضل عليها وما انت عليهم بوكيل",
        "الله يتوفى الانفس حين موتها والتي لم تمت في منامها فيمسك التي قضى عليها الموت ويرسل الاخرى الى اجل مسمى ان في ذلك لايات لقوم يتفكرون",
        "ام اتخذوا من دون الله شفعاء قل اولو كانوا لا يملكون شيئا ولا يعقلون",
        "قل لله الشفاعة جميعا له ملك السماوات والارض ثم اليه ترجعون",
        "واذا ذكر الله وحده اشمازت قلوب الذين لا يؤمنون بالاخرة واذا ذكر الذين من دونه اذا هم يستبشرون",
        "قل اللهم فاطر السماوات والارض عالم الغيب والشهادة انت تحكم بين عبادك في ما كانوا فيه يختلفون",
        "ولو ان للذين ظلموا ما في الارض جميعا ومثله معه لافتدوا به من سوء العذاب يوم القيامة وبدا لهم من الله ما لم يكونوا يحتسبون",
        "وبدا لهم سيئات ما كسبوا وحاق بهم ما كانوا به يستهزئون",
        "فاذا مس الانسان ضر دعانا ثم اذا خولناه نعمة منا قال انما اوتيته على علم بل هي فتنة ولكن اكثرهم لا يعلمون",
        "قد قالها الذين من قبلهم فما اغنى عنهم ما كانوا يكسبون",
        "فاصابهم سيئات ما كسبوا والذين ظلموا من هؤلاء سيصيبهم سيئات ما كسبوا وما هم بمعجزين",
        "اولم يعلموا ان الله يبسط الرزق لمن يشاء ويقدر ان في ذلك لايات لقوم يؤمنون",
        "قل يا عبادي الذين اسرفوا على انفسهم لا تقنطوا من رحمة الله ان الله يغفر الذنوب جميعا انه هو الغفور الرحيم",
        "وانيبوا الى ربكم واسلموا له من قبل ان ياتيكم العذاب ثم لا تنصرون",
        "واتبعوا احسن ما انزل اليكم من ربكم من قبل ان ياتيكم العذاب بغتة وانتم لا تشعرون",
        "ان تقول نفس يا حسرتا على ما فرطت في جنب الله وان كنت لمن الساخرين",
        "او تقول لو ان الله هداني لكنت من المتقين",
        "او تقول حين ترى العذاب لو ان لي كرة فاكون من المحسنين",
        "بلى قد جاءتك اياتي فكذبت بها واستكبرت وكنت من الكافرين",
        "ويوم القيامة ترى الذين كذبوا على الله وجوههم مسودة اليس في جهنم مثوى للمتكبرين",
        "وينجي الله الذين اتقوا بمفازتهم لا يمسهم السوء ولا هم يحزنون",
        "الله خالق كل شيء وهو على كل شيء وكيل",
        "له مقاليد السماوات والارض والذين كفروا بايات الله اولئك هم الخاسرون",
        "قل افغير الله تامروني اعبد ايها الجاهلون",
        "ولقد اوحي اليك والى الذين من قبلك لئن اشركت ليحبطن عملك ولتكونن من الخاسرين",
        "بل الله فاعبد وكن من الشاكرين",
        "وما قدروا الله حق قدره والارض جميعا قبضته يوم القيامة والسماوات مطويات بيمينه سبحانه وتعالى عما يشركون",
        "ونفخ في الصور فصعق من في السماوات ومن في الارض الا من شاء الله ثم نفخ فيه اخرى فاذا هم قيام ينظرون",
        "واشرقت الارض بنور ربها ووضع الكتاب وجيء بالنبيين والشهداء وقضي بينهم بالحق وهم لا يظلمون",
        "ووفيت كل نفس ما عملت وهو اعلم بما يفعلون",
        "وسيق الذين كفروا الى جهنم زمرا حتى اذا جاءوها فتحت ابوابها وقال لهم خزنتها الم ياتكم رسل منكم يتلون عليكم ايات ربكم وينذرونكم لقاء يومكم هذا قالوا بلى ولكن حقت كلمة العذاب على الكافرين",
        "قيل ادخلوا ابواب جهنم خالدين فيها فبئس مثوى المتكبرين",
        "وسيق الذين اتقوا ربهم الى الجنة زمرا حتى اذا جاءوها وفتحت ابوابها وقال لهم خزنتها سلام عليكم طبتم فادخلوها خالدين",
        "وقالوا الحمد لله الذي صدقنا وعده واورثنا الارض نتبوا من الجنة حيث نشاء فنعم اجر العاملين",
        "وترى الملائكة حافين من حول العرش يسبحون بحمد ربهم وقضي بينهم بالحق وقيل الحمد لله رب العالمين"
    ]
}