{
    "surahName": "Ghafir",
    "surahNameArabic": "غافر",
    "surahNameArabicLong": "سورة غافر",
    "surahNameTranslation": "The Forgiver",
    "revelationPlace": "Mecca",
    "totalAyah": 85,
    "surahNo": 40,
    "english": [
        "Ḥâ-Mĩm.",
        "The revelation of this Book is from Allah—the Almighty, All-Knowing",
        "the Forgiver of sin and Accepter of repentance, the Severe in punishment, and Infinite in bounty. There is no god ˹worthy of worship˺ except Him. To Him ˹alone˺  is the final return.",
        "None disputes the signs of Allah except the disbelievers, so do not be deceived by their prosperity throughout the land.",
        "Before them, the people of Noah denied ˹the truth˺, as did ˹other˺ enemy forces afterwards. Every community plotted against its prophet to seize him, and argued in falsehood, ˹hoping˺ to discredit the truth with it. So I seized them. And how ˹horrible˺ was My punishment!",
        "And so your Lord’s decree has been proven true against the disbelievers—that they will be the inmates of the Fire.",
        "Those ˹angels˺ who carry the Throne and those around it glorify the praises of their Lord, have faith in Him, and seek forgiveness for the believers, ˹praying:˺ “Our Lord! You encompass everything in ˹Your˺ mercy and knowledge. So forgive those who repent and follow Your Way, and protect them from the torment of the Hellfire.",
        "Our Lord! Admit them into the Gardens of Eternity which You have promised them, along with the righteous among their parents, spouses, and descendants. You ˹alone˺ are truly the Almighty, All-Wise.",
        "And protect them from ˹the consequences of their˺ evil deeds. For whoever You protect from the evil of their deeds on that Day will have been shown Your mercy. That is ˹truly˺ the ultimate triumph.”",
        "Indeed, it will be announced to the disbelievers, “Allah’s contempt for you—as you disbelieved when invited to belief—was far worse than your contempt for one another ˹Today˺.”",
        "They will plead, “Our Lord! You made us lifeless twice, and gave us life twice. Now we confess our sins. So is there any way out?”",
        "˹They will be told,˺ “˹No!˺ This is because when Allah alone was invoked, you ˹staunchly˺ disbelieved. But when others were associated with Him ˹in worship˺, you ˹readily˺ believed. So ˹Today˺ judgment belongs to Allah ˹alone˺—the Most High, All-Great.”",
        "He is the One Who shows you His signs and sends down ˹rain as˺ a provision for you from the sky. ˹But˺ none will be mindful except those who turn ˹to Him˺.",
        "So call upon Allah with sincere devotion, even to the dismay of the disbelievers.",
        "˹He is˺ Highly Exalted in rank, Lord of the Throne. He sends down the revelation by His command to whoever He wills of His servants to warn ˹all˺ of the Day of Meeting—",
        "the Day all will appear ˹before Allah˺. Nothing about them will be hidden from Him. ˹He will ask,˺ “Who does all authority belong to this Day? To Allah—the One, the Supreme!",
        "Today every soul will be rewarded for what it has done. No injustice Today! Surely Allah is swift in reckoning.”",
        "Warn them ˹O Prophet˺ of the approaching Day when the hearts will jump into the throats, suppressing distress. The wrongdoers will have neither a close friend nor intercessor to be heard.",
        "Allah ˹even˺ knows the sly glances of the eyes and whatever the hearts conceal.",
        "And Allah judges with the truth, while those ˹idols˺ they invoke besides Him cannot judge at all. Indeed, Allah ˹alone˺ is the All-Hearing, All-Seeing.",
        "Have they not travelled throughout the land to see what was the end of those ˹destroyed˺ before them? They were far superior in might and ˹richer in˺ monuments throughout the land. But Allah seized them for their sins, and they had no protector from Allah.",
        "That was because their messengers used to come to them with clear proofs, but they persisted in disbelief. So Allah seized them. Surely He is All-Powerful, severe in punishment.",
        "Indeed, We sent Moses with Our signs and compelling proof",
        "to Pharaoh, Hamân, and Korah. But they responded: “Magician! Total liar!”",
        "Then, when he came to them with the truth from Us, they said, “Kill the sons of those who believe with him and keep their women.” But the plotting of the disbelievers was only in vain.",
        "And Pharaoh said, “Let me kill Moses, and let him call upon his Lord! I truly fear that he may change your traditions or cause mischief in the land.”",
        "Moses replied, “I seek refuge in my Lord and your Lord from every arrogant person who does not believe in the Day of Reckoning.”",
        "A believing man from Pharaoh’s people, who was hiding his faith, argued, “Will you kill a man ˹only˺ for saying: ‘My Lord is Allah,’ while he has in fact come to you with clear proofs from your Lord? If he is a liar, it will be to his own loss. But if he is truthful, then you will be afflicted with some of what he is threatening you with. Surely Allah does not guide whoever is a transgressor, a total liar.",
        "O  my people! Authority belongs to you today, reigning supreme in the land. But who would help us against the torment of Allah, if it were to befall us?” Pharaoh assured ˹his people˺, “I am telling you only what I believe, and I am leading you only to the way of guidance.”",
        "And the man who believed cautioned, “O my people! I truly fear for you the doom of ˹earlier˺ enemy forces—",
        "like the fate of the people of Noah, ’Ȃd, Thamûd, and those after them. For Allah would never will to wrong ˹His˺ servants.",
        "O  my people! I truly fear for you the Day all will be crying out ˹to each other˺—",
        "the Day you will ˹try in vain to˺ turn your backs and run away, with no one to protect you from Allah. And whoever Allah leaves to stray will be left with no guide.",
        "Joseph already came to you earlier with clear proofs, yet you never ceased to doubt what he came to you with. When he died you said, ‘Allah will never send a messenger after him.’ This is how Allah leaves every transgressor and doubter to stray—",
        "those who dispute Allah’s signs with no proof given to them. How despicable is that for Allah and the believers! This is how Allah seals the heart of every arrogant tyrant.”",
        "Pharaoh ordered, “O Hamân! Build me a high tower so I may reach the pathways",
        "leading up to the heavens and look for the God of Moses, although I am sure he is a liar.” And so Pharaoh’s evil deeds were made so appealing to him that he was hindered from the ˹Right˺ Way. But the plotting of Pharaoh was only in vain.",
        "And the man who believed urged, “O my people! Follow me, ˹and˺ I will lead you to the Way of Guidance.",
        "O  my people! This worldly life is only ˹a fleeting˺ enjoyment, whereas the Hereafter is truly the home of settlement.",
        "Whoever does an evil deed will only be paid back with its equivalent. And whoever does good, whether male or female, and is a believer, they will enter Paradise, where they will be provided for without limit.",
        "O  my people! How is it that I invite you to salvation, while you invite me to the Fire!",
        "You invite me to disbelieve in Allah and associate with Him what I have no knowledge of, while I invite you to the Almighty, Most Forgiving.",
        "There is no doubt that whatever ˹idols˺ you invite me to ˹worship˺ are not worthy to be invoked either in this world or the Hereafter. ˹Undoubtedly,˺ our return is to Allah, and the transgressors will be the inmates of the Fire.",
        "You will remember what I say to you, and I entrust my affairs to Allah. Surely Allah is All-Seeing of all ˹His˺ servants.”",
        "So Allah protected him from the evil of their schemes. And Pharaoh’s people were overwhelmed by an evil punishment:",
        "they are exposed to the Fire ˹in their graves˺ morning and evening. And on the Day the Hour will be established ˹it will be said˺, “Admit Pharaoh’s people into the harshest punishment ˹of Hell˺.”",
        "˹Consider the Day˺ when they will dispute in the Fire, and the lowly ˹followers˺ will appeal to the arrogant ˹leaders˺, “We were your ˹dedicated˺ followers, will you then shield us from a portion of the Fire?”",
        "The arrogant will say, “We are all in it! ˹For˺ Allah has already passed judgment over ˹His˺ servants.”",
        "And those in the Fire will cry out to the keepers of Hell, “Pray to your Lord to lighten the torment for us ˹even˺ for one day!”",
        "The keepers will reply, “Did your messengers not ˹constantly˺ come to you with clear proofs?” They will say, “Yes ˹they did˺.” The keepers will say, “Then pray! Though the prayer of the disbelievers is only in vain.”",
        "We certainly help Our messengers and the believers, ˹both˺ in this worldly life and on the Day the witnesses will stand forth ˹for testimony˺—",
        "the Day the wrongdoers’ excuses will be of no benefit to them. They will be condemned, and will have the worst outcome.",
        "And indeed, We gave Moses ˹true˺ guidance, and made the Children of Israel inherit the Scripture—",
        "a guide and a reminder to people of reason.",
        "So be patient ˹O Prophet˺, ˹for˺ Allah’s promise is certainly true. Seek forgiveness for your shortcomings. And glorify the praises of your Lord morning and evening.",
        "Surely those who dispute Allah’s signs—with no proof given to them—have nothing in their hearts but greed for dominance, which they will never attain. So seek refuge in Allah. Indeed, He alone is the All-Hearing, All-Seeing.",
        "The creation of the heavens and the earth is certainly greater than the re-creation of humankind, but most people do not know.",
        "Those blind ˹to the truth˺ and those who can see are not equal, nor are those who believe and do good ˹equal˺ to those who do evil. Yet you are hardly mindful.",
        "The Hour is certainly coming, there is no doubt about it. But most people do not believe.",
        "Your Lord has proclaimed, “Call upon Me, I will respond to you. Surely those who are too proud to worship Me will enter Hell, fully humbled.”",
        "It is Allah Who has made the night for you to rest in and the day bright. Surely Allah is ever Bountiful to humanity, but most people are ungrateful.",
        "That is Allah, your Lord, the Creator of all things. There is no god ˹worthy of worship˺ except Him. How can you then be deluded ˹from the truth˺?",
        "This is how those who used to reject Allah’s signs were ˹also˺ deluded.",
        "It is Allah Who made the earth a place of settlement for you and the sky a canopy. He shaped you ˹in the womb˺, perfecting your form. And He has provided you with what is good and lawful. That is Allah—your Lord. So Blessed is Allah, Lord of all worlds.",
        "He is the Ever-Living. There is no god ˹worthy of worship˺ except Him. So call upon Him with sincere devotion, ˹saying,˺ “All praise is for Allah—Lord of all worlds.”",
        "Say, ˹O Prophet,˺ “I have been forbidden to worship those ˹idols˺ you worship besides Allah, since clear proofs have come to me from my Lord. And I have been commanded to ˹fully˺ submit to the Lord of all worlds.”",
        "He is the One Who created you from dust, then from a sperm-drop, then ˹developed you into˺ a clinging clot ˹of blood˺, then He brings you forth as infants, so that you may reach your prime, and become old—though some of you ˹may˺ die sooner—reaching an appointed time, so perhaps you may understand ˹Allah’s power˺.",
        "He is the One Who gives life and causes death. When He decrees a matter, He simply tells it, “Be!” And it is!",
        "Have you not seen how those who dispute Allah’s signs are turned away?",
        "˹They are˺ the ones who reject this Book and all ˹scriptures˺ We sent Our messengers with. So they will know ˹the consequences˺",
        "when shackles will be around their necks and chains ˹on their legs˺. They will be dragged",
        "through boiling water, then burned in the Fire ˹as fuel˺.",
        "Then they will be asked, “Where are those ˹idols˺ you used to associate",
        "with Allah?” They will cry, “They have ˹all˺ failed us. In fact, we did not invoke anything ˹real˺ before.” This is how Allah leaves the disbelievers to stray.",
        "˹They will be told,˺ “This ˹punishment˺ is for being prideful on earth unjustly and for acting arrogantly.",
        "Enter the gates of Hell, to stay there forever. What an evil home for the arrogant!”",
        "So be patient ˹O Prophet˺. Surely Allah’s promise is true. Whether We show you some of what We threaten them with, or cause you to die ˹before that˺, to Us they will ˹all˺ be returned.",
        "We already sent messengers before you. We have told you the stories of some of them, while others We have not. It was not for any messenger to bring a sign without Allah’s permission. But when Allah’s decree comes, judgment will be passed with fairness, and the people of falsehood will then be in ˹total˺ loss.",
        "It is Allah Who made cattle for you so that you may ride some and eat others.",
        "Also, you find in them ˹other˺ benefits. And by means of them you may reach destinations you desire. And you are carried upon ˹some of˺ them and upon ships.",
        "And He shows you His signs. Now which of Allah’s signs will you deny?",
        "Have they not travelled throughout the land to see what was the end of those who were ˹destroyed˺ before them? They were far superior in might and ˹richer in˺ monuments throughout the land, but their ˹worldly˺ gains were of no benefit to them.",
        "When their messengers came to them with clear proofs, they were prideful in whatever ˹worldly˺ knowledge they had, and were ˹ultimately˺ overwhelmed by what they used to ridicule.",
        "When they saw Our punishment, they cried, “˹Now˺ we believe in Allah alone and reject what we had been associating with Him!”",
        "But their faith was of no benefit to them when they saw Our torment. This has ˹always˺ been Allah’s way ˹of dealing˺ with His ˹wicked˺ servants. Then and there the disbelievers were in ˹total˺ loss."
    ],
    "arabic1": [
        " حمٓ",
        "تَنزِيلُ ٱلْكِتَـٰبِ مِنَ ٱللَّهِ ٱلْعَزِيزِ ٱلْعَلِيمِ",
        "غَافِرِ ٱلذَّنۢبِ وَقَابِلِ ٱلتَّوْبِ شَدِيدِ ٱلْعِقَابِ ذِى ٱلطَّوْلِ ۖ لَآ إِلَـٰهَ إِلَّا هُوَ ۖ إِلَيْهِ ٱلْمَصِيرُ",
        "مَا يُجَـٰدِلُ فِىٓ ءَايَـٰتِ ٱللَّهِ إِلَّا ٱلَّذِينَ كَفَرُوا۟ فَلَا يَغْرُرْكَ تَقَلُّبُهُمْ فِى ٱلْبِلَـٰدِ",
        "كَذَّبَتْ قَبْلَهُمْ قَوْمُ نُوحٍ وَٱلْأَحْزَابُ مِنۢ بَعْدِهِمْ ۖ وَهَمَّتْ كُلُّ أُمَّةٍۭ بِرَسُولِهِمْ لِيَأْخُذُوهُ ۖ وَجَـٰدَلُوا۟ بِٱلْبَـٰطِلِ لِيُدْحِضُوا۟ بِهِ ٱلْحَقَّ فَأَخَذْتُهُمْ ۖ فَكَيْفَ كَانَ عِقَابِ",
        "وَكَذَٰلِكَ حَقَّتْ كَلِمَتُ رَبِّكَ عَلَى ٱلَّذِينَ كَفَرُوٓا۟ أَنَّهُمْ أَصْحَـٰبُ ٱلنَّارِ",
        "ٱلَّذِينَ يَحْمِلُونَ ٱلْعَرْشَ وَمَنْ حَوْلَهُۥ يُسَبِّحُونَ بِحَمْدِ رَبِّهِمْ وَيُؤْمِنُونَ بِهِۦ وَيَسْتَغْفِرُونَ لِلَّذِينَ ءَامَنُوا۟ رَبَّنَا وَسِعْتَ كُلَّ شَىْءٍ رَّحْمَةً وَعِلْمًا فَٱغْفِرْ لِلَّذِينَ تَابُوا۟ وَٱتَّبَعُوا۟ سَبِيلَكَ وَقِهِمْ عَذَابَ ٱلْجَحِيمِ",
        "رَبَّنَا وَأَدْخِلْهُمْ جَنَّـٰتِ عَدْنٍ ٱلَّتِى وَعَدتَّهُمْ وَمَن صَلَحَ مِنْ ءَابَآئِهِمْ وَأَزْوَٰجِهِمْ وَذُرِّيَّـٰتِهِمْ ۚ إِنَّكَ أَنتَ ٱلْعَزِيزُ ٱلْحَكِيمُ",
        "وَقِهِمُ ٱلسَّيِّـَٔاتِ ۚ وَمَن تَقِ ٱلسَّيِّـَٔاتِ يَوْمَئِذٍ فَقَدْ رَحِمْتَهُۥ ۚ وَذَٰلِكَ هُوَ ٱلْفَوْزُ ٱلْعَظِيمُ",
        "إِنَّ ٱلَّذِينَ كَفَرُوا۟ يُنَادَوْنَ لَمَقْتُ ٱللَّهِ أَكْبَرُ مِن مَّقْتِكُمْ أَنفُسَكُمْ إِذْ تُدْعَوْنَ إِلَى ٱلْإِيمَـٰنِ فَتَكْفُرُونَ",
        "قَالُوا۟ رَبَّنَآ أَمَتَّنَا ٱثْنَتَيْنِ وَأَحْيَيْتَنَا ٱثْنَتَيْنِ فَٱعْتَرَفْنَا بِذُنُوبِنَا فَهَلْ إِلَىٰ خُرُوجٍ مِّن سَبِيلٍ",
        "ذَٰلِكُم بِأَنَّهُۥٓ إِذَا دُعِىَ ٱللَّهُ وَحْدَهُۥ كَفَرْتُمْ ۖ وَإِن يُشْرَكْ بِهِۦ تُؤْمِنُوا۟ ۚ فَٱلْحُكْمُ لِلَّهِ ٱلْعَلِىِّ ٱلْكَبِيرِ",
        "هُوَ ٱلَّذِى يُرِيكُمْ ءَايَـٰتِهِۦ وَيُنَزِّلُ لَكُم مِّنَ ٱلسَّمَآءِ رِزْقًا ۚ وَمَا يَتَذَكَّرُ إِلَّا مَن يُنِيبُ",
        "فَٱدْعُوا۟ ٱللَّهَ مُخْلِصِينَ لَهُ ٱلدِّينَ وَلَوْ كَرِهَ ٱلْكَـٰفِرُونَ",
        "رَفِيعُ ٱلدَّرَجَـٰتِ ذُو ٱلْعَرْشِ يُلْقِى ٱلرُّوحَ مِنْ أَمْرِهِۦ عَلَىٰ مَن يَشَآءُ مِنْ عِبَادِهِۦ لِيُنذِرَ يَوْمَ ٱلتَّلَاقِ",
        "يَوْمَ هُم بَـٰرِزُونَ ۖ لَا يَخْفَىٰ عَلَى ٱللَّهِ مِنْهُمْ شَىْءٌ ۚ لِّمَنِ ٱلْمُلْكُ ٱلْيَوْمَ ۖ لِلَّهِ ٱلْوَٰحِدِ ٱلْقَهَّارِ",
        "ٱلْيَوْمَ تُجْزَىٰ كُلُّ نَفْسٍۭ بِمَا كَسَبَتْ ۚ لَا ظُلْمَ ٱلْيَوْمَ ۚ إِنَّ ٱللَّهَ سَرِيعُ ٱلْحِسَابِ",
        "وَأَنذِرْهُمْ يَوْمَ ٱلْـَٔازِفَةِ إِذِ ٱلْقُلُوبُ لَدَى ٱلْحَنَاجِرِ كَـٰظِمِينَ ۚ مَا لِلظَّـٰلِمِينَ مِنْ حَمِيمٍ وَلَا شَفِيعٍ يُطَاعُ",
        "يَعْلَمُ خَآئِنَةَ ٱلْأَعْيُنِ وَمَا تُخْفِى ٱلصُّدُورُ",
        "وَٱللَّهُ يَقْضِى بِٱلْحَقِّ ۖ وَٱلَّذِينَ يَدْعُونَ مِن دُونِهِۦ لَا يَقْضُونَ بِشَىْءٍ ۗ إِنَّ ٱللَّهَ هُوَ ٱلسَّمِيعُ ٱلْبَصِيرُ",
        "۞ أَوَلَمْ يَسِيرُوا۟ فِى ٱلْأَرْضِ فَيَنظُرُوا۟ كَيْفَ كَانَ عَـٰقِبَةُ ٱلَّذِينَ كَانُوا۟ مِن قَبْلِهِمْ ۚ كَانُوا۟ هُمْ أَشَدَّ مِنْهُمْ قُوَّةً وَءَاثَارًا فِى ٱلْأَرْضِ فَأَخَذَهُمُ ٱللَّهُ بِذُنُوبِهِمْ وَمَا كَانَ لَهُم مِّنَ ٱللَّهِ مِن وَاقٍ",
        "ذَٰلِكَ بِأَنَّهُمْ كَانَت تَّأْتِيهِمْ رُسُلُهُم بِٱلْبَيِّنَـٰتِ فَكَفَرُوا۟ فَأَخَذَهُمُ ٱللَّهُ ۚ إِنَّهُۥ قَوِىٌّ شَدِيدُ ٱلْعِقَابِ",
        "وَلَقَدْ أَرْسَلْنَا مُوسَىٰ بِـَٔايَـٰتِنَا وَسُلْطَـٰنٍ مُّبِينٍ",
        "إِلَىٰ فِرْعَوْنَ وَهَـٰمَـٰنَ وَقَـٰرُونَ فَقَالُوا۟ سَـٰحِرٌ كَذَّابٌ",
        "فَلَمَّا جَآءَهُم بِٱلْحَقِّ مِنْ عِندِنَا قَالُوا۟ ٱقْتُلُوٓا۟ أَبْنَآءَ ٱلَّذِينَ ءَامَنُوا۟ مَعَهُۥ وَٱسْتَحْيُوا۟ نِسَآءَهُمْ ۚ وَمَا كَيْدُ ٱلْكَـٰفِرِينَ إِلَّا فِى ضَلَـٰلٍ",
        "وَقَالَ فِرْعَوْنُ ذَرُونِىٓ أَقْتُلْ مُوسَىٰ وَلْيَدْعُ رَبَّهُۥٓ ۖ إِنِّىٓ أَخَافُ أَن يُبَدِّلَ دِينَكُمْ أَوْ أَن يُظْهِرَ فِى ٱلْأَرْضِ ٱلْفَسَادَ",
        "وَقَالَ مُوسَىٰٓ إِنِّى عُذْتُ بِرَبِّى وَرَبِّكُم مِّن كُلِّ مُتَكَبِّرٍ لَّا يُؤْمِنُ بِيَوْمِ ٱلْحِسَابِ",
        "وَقَالَ رَجُلٌ مُّؤْمِنٌ مِّنْ ءَالِ فِرْعَوْنَ يَكْتُمُ إِيمَـٰنَهُۥٓ أَتَقْتُلُونَ رَجُلًا أَن يَقُولَ رَبِّىَ ٱللَّهُ وَقَدْ جَآءَكُم بِٱلْبَيِّنَـٰتِ مِن رَّبِّكُمْ ۖ وَإِن يَكُ كَـٰذِبًا فَعَلَيْهِ كَذِبُهُۥ ۖ وَإِن يَكُ صَادِقًا يُصِبْكُم بَعْضُ ٱلَّذِى يَعِدُكُمْ ۖ إِنَّ ٱللَّهَ لَا يَهْدِى مَنْ هُوَ مُسْرِفٌ كَذَّابٌ",
        "يَـٰقَوْمِ لَكُمُ ٱلْمُلْكُ ٱلْيَوْمَ ظَـٰهِرِينَ فِى ٱلْأَرْضِ فَمَن يَنصُرُنَا مِنۢ بَأْسِ ٱللَّهِ إِن جَآءَنَا ۚ قَالَ فِرْعَوْنُ مَآ أُرِيكُمْ إِلَّا مَآ أَرَىٰ وَمَآ أَهْدِيكُمْ إِلَّا سَبِيلَ ٱلرَّشَادِ",
        "وَقَالَ ٱلَّذِىٓ ءَامَنَ يَـٰقَوْمِ إِنِّىٓ أَخَافُ عَلَيْكُم مِّثْلَ يَوْمِ ٱلْأَحْزَابِ",
        "مِثْلَ دَأْبِ قَوْمِ نُوحٍ وَعَادٍ وَثَمُودَ وَٱلَّذِينَ مِنۢ بَعْدِهِمْ ۚ وَمَا ٱللَّهُ يُرِيدُ ظُلْمًا لِّلْعِبَادِ",
        "وَيَـٰقَوْمِ إِنِّىٓ أَخَافُ عَلَيْكُمْ يَوْمَ ٱلتَّنَادِ",
        "يَوْمَ تُوَلُّونَ مُدْبِرِينَ مَا لَكُم مِّنَ ٱللَّهِ مِنْ عَاصِمٍ ۗ وَمَن يُضْلِلِ ٱللَّهُ فَمَا لَهُۥ مِنْ هَادٍ",
        "وَلَقَدْ جَآءَكُمْ يُوسُفُ مِن قَبْلُ بِٱلْبَيِّنَـٰتِ فَمَا زِلْتُمْ فِى شَكٍّ مِّمَّا جَآءَكُم بِهِۦ ۖ حَتَّىٰٓ إِذَا هَلَكَ قُلْتُمْ لَن يَبْعَثَ ٱللَّهُ مِنۢ بَعْدِهِۦ رَسُولًا ۚ كَذَٰلِكَ يُضِلُّ ٱللَّهُ مَنْ هُوَ مُسْرِفٌ مُّرْتَابٌ",
        "ٱلَّذِينَ يُجَـٰدِلُونَ فِىٓ ءَايَـٰتِ ٱللَّهِ بِغَيْرِ سُلْطَـٰنٍ أَتَىٰهُمْ ۖ كَبُرَ مَقْتًا عِندَ ٱللَّهِ وَعِندَ ٱلَّذِينَ ءَامَنُوا۟ ۚ كَذَٰلِكَ يَطْبَعُ ٱللَّهُ عَلَىٰ كُلِّ قَلْبِ مُتَكَبِّرٍ جَبَّارٍ",
        "وَقَالَ فِرْعَوْنُ يَـٰهَـٰمَـٰنُ ٱبْنِ لِى صَرْحًا لَّعَلِّىٓ أَبْلُغُ ٱلْأَسْبَـٰبَ",
        "أَسْبَـٰبَ ٱلسَّمَـٰوَٰتِ فَأَطَّلِعَ إِلَىٰٓ إِلَـٰهِ مُوسَىٰ وَإِنِّى لَأَظُنُّهُۥ كَـٰذِبًا ۚ وَكَذَٰلِكَ زُيِّنَ لِفِرْعَوْنَ سُوٓءُ عَمَلِهِۦ وَصُدَّ عَنِ ٱلسَّبِيلِ ۚ وَمَا كَيْدُ فِرْعَوْنَ إِلَّا فِى تَبَابٍ",
        "وَقَالَ ٱلَّذِىٓ ءَامَنَ يَـٰقَوْمِ ٱتَّبِعُونِ أَهْدِكُمْ سَبِيلَ ٱلرَّشَادِ",
        "يَـٰقَوْمِ إِنَّمَا هَـٰذِهِ ٱلْحَيَوٰةُ ٱلدُّنْيَا مَتَـٰعٌ وَإِنَّ ٱلْـَٔاخِرَةَ هِىَ دَارُ ٱلْقَرَارِ",
        "مَنْ عَمِلَ سَيِّئَةً فَلَا يُجْزَىٰٓ إِلَّا مِثْلَهَا ۖ وَمَنْ عَمِلَ صَـٰلِحًا مِّن ذَكَرٍ أَوْ أُنثَىٰ وَهُوَ مُؤْمِنٌ فَأُو۟لَـٰٓئِكَ يَدْخُلُونَ ٱلْجَنَّةَ يُرْزَقُونَ فِيهَا بِغَيْرِ حِسَابٍ",
        "۞ وَيَـٰقَوْمِ مَا لِىٓ أَدْعُوكُمْ إِلَى ٱلنَّجَوٰةِ وَتَدْعُونَنِىٓ إِلَى ٱلنَّارِ",
        "تَدْعُونَنِى لِأَكْفُرَ بِٱللَّهِ وَأُشْرِكَ بِهِۦ مَا لَيْسَ لِى بِهِۦ عِلْمٌ وَأَنَا۠ أَدْعُوكُمْ إِلَى ٱلْعَزِيزِ ٱلْغَفَّـٰرِ",
        "لَا جَرَمَ أَنَّمَا تَدْعُونَنِىٓ إِلَيْهِ لَيْسَ لَهُۥ دَعْوَةٌ فِى ٱلدُّنْيَا وَلَا فِى ٱلْـَٔاخِرَةِ وَأَنَّ مَرَدَّنَآ إِلَى ٱللَّهِ وَأَنَّ ٱلْمُسْرِفِينَ هُمْ أَصْحَـٰبُ ٱلنَّارِ",
        "فَسَتَذْكُرُونَ مَآ أَقُولُ لَكُمْ ۚ وَأُفَوِّضُ أَمْرِىٓ إِلَى ٱللَّهِ ۚ إِنَّ ٱللَّهَ بَصِيرٌۢ بِٱلْعِبَادِ",
        "فَوَقَىٰهُ ٱللَّهُ سَيِّـَٔاتِ مَا مَكَرُوا۟ ۖ وَحَاقَ بِـَٔالِ فِرْعَوْنَ سُوٓءُ ٱلْعَذَابِ",
        "ٱلنَّارُ يُعْرَضُونَ عَلَيْهَا غُدُوًّا وَعَشِيًّا ۖ وَيَوْمَ تَقُومُ ٱلسَّاعَةُ أَدْخِلُوٓا۟ ءَالَ فِرْعَوْنَ أَشَدَّ ٱلْعَذَابِ",
        "وَإِذْ يَتَحَآجُّونَ فِى ٱلنَّارِ فَيَقُولُ ٱلضُّعَفَـٰٓؤُا۟ لِلَّذِينَ ٱسْتَكْبَرُوٓا۟ إِنَّا كُنَّا لَكُمْ تَبَعًا فَهَلْ أَنتُم مُّغْنُونَ عَنَّا نَصِيبًا مِّنَ ٱلنَّارِ",
        "قَالَ ٱلَّذِينَ ٱسْتَكْبَرُوٓا۟ إِنَّا كُلٌّ فِيهَآ إِنَّ ٱللَّهَ قَدْ حَكَمَ بَيْنَ ٱلْعِبَادِ",
        "وَقَالَ ٱلَّذِينَ فِى ٱلنَّارِ لِخَزَنَةِ جَهَنَّمَ ٱدْعُوا۟ رَبَّكُمْ يُخَفِّفْ عَنَّا يَوْمًا مِّنَ ٱلْعَذَابِ",
        "قَالُوٓا۟ أَوَلَمْ تَكُ تَأْتِيكُمْ رُسُلُكُم بِٱلْبَيِّنَـٰتِ ۖ قَالُوا۟ بَلَىٰ ۚ قَالُوا۟ فَٱدْعُوا۟ ۗ وَمَا دُعَـٰٓؤُا۟ ٱلْكَـٰفِرِينَ إِلَّا فِى ضَلَـٰلٍ",
        "إِنَّا لَنَنصُرُ رُسُلَنَا وَٱلَّذِينَ ءَامَنُوا۟ فِى ٱلْحَيَوٰةِ ٱلدُّنْيَا وَيَوْمَ يَقُومُ ٱلْأَشْهَـٰدُ",
        "يَوْمَ لَا يَنفَعُ ٱلظَّـٰلِمِينَ مَعْذِرَتُهُمْ ۖ وَلَهُمُ ٱللَّعْنَةُ وَلَهُمْ سُوٓءُ ٱلدَّارِ",
        "وَلَقَدْ ءَاتَيْنَا مُوسَى ٱلْهُدَىٰ وَأَوْرَثْنَا بَنِىٓ إِسْرَٰٓءِيلَ ٱلْكِتَـٰبَ",
        "هُدًى وَذِكْرَىٰ لِأُو۟لِى ٱلْأَلْبَـٰبِ",
        "فَٱصْبِرْ إِنَّ وَعْدَ ٱللَّهِ حَقٌّ وَٱسْتَغْفِرْ لِذَنۢبِكَ وَسَبِّحْ بِحَمْدِ رَبِّكَ بِٱلْعَشِىِّ وَٱلْإِبْكَـٰرِ",
        "إِنَّ ٱلَّذِينَ يُجَـٰدِلُونَ فِىٓ ءَايَـٰتِ ٱللَّهِ بِغَيْرِ سُلْطَـٰنٍ أَتَىٰهُمْ ۙ إِن فِى صُدُورِهِمْ إِلَّا كِبْرٌ مَّا هُم بِبَـٰلِغِيهِ ۚ فَٱسْتَعِذْ بِٱللَّهِ ۖ إِنَّهُۥ هُوَ ٱلسَّمِيعُ ٱلْبَصِيرُ",
        "لَخَلْقُ ٱلسَّمَـٰوَٰتِ وَٱلْأَرْضِ أَكْبَرُ مِنْ خَلْقِ ٱلنَّاسِ وَلَـٰكِنَّ أَكْثَرَ ٱلنَّاسِ لَا يَعْلَمُونَ",
        "وَمَا يَسْتَوِى ٱلْأَعْمَىٰ وَٱلْبَصِيرُ وَٱلَّذِينَ ءَامَنُوا۟ وَعَمِلُوا۟ ٱلصَّـٰلِحَـٰتِ وَلَا ٱلْمُسِىٓءُ ۚ قَلِيلًا مَّا تَتَذَكَّرُونَ",
        "إِنَّ ٱلسَّاعَةَ لَـَٔاتِيَةٌ لَّا رَيْبَ فِيهَا وَلَـٰكِنَّ أَكْثَرَ ٱلنَّاسِ لَا يُؤْمِنُونَ",
        "وَقَالَ رَبُّكُمُ ٱدْعُونِىٓ أَسْتَجِبْ لَكُمْ ۚ إِنَّ ٱلَّذِينَ يَسْتَكْبِرُونَ عَنْ عِبَادَتِى سَيَدْخُلُونَ جَهَنَّمَ دَاخِرِينَ",
        "ٱللَّهُ ٱلَّذِى جَعَلَ لَكُمُ ٱلَّيْلَ لِتَسْكُنُوا۟ فِيهِ وَٱلنَّهَارَ مُبْصِرًا ۚ إِنَّ ٱللَّهَ لَذُو فَضْلٍ عَلَى ٱلنَّاسِ وَلَـٰكِنَّ أَكْثَرَ ٱلنَّاسِ لَا يَشْكُرُونَ",
        "ذَٰلِكُمُ ٱللَّهُ رَبُّكُمْ خَـٰلِقُ كُلِّ شَىْءٍ لَّآ إِلَـٰهَ إِلَّا هُوَ ۖ فَأَنَّىٰ تُؤْفَكُونَ",
        "كَذَٰلِكَ يُؤْفَكُ ٱلَّذِينَ كَانُوا۟ بِـَٔايَـٰتِ ٱللَّهِ يَجْحَدُونَ",
        "ٱللَّهُ ٱلَّذِى جَعَلَ لَكُمُ ٱلْأَرْضَ قَرَارًا وَٱلسَّمَآءَ بِنَآءً وَصَوَّرَكُمْ فَأَحْسَنَ صُوَرَكُمْ وَرَزَقَكُم مِّنَ ٱلطَّيِّبَـٰتِ ۚ ذَٰلِكُمُ ٱللَّهُ رَبُّكُمْ ۖ فَتَبَارَكَ ٱللَّهُ رَبُّ ٱلْعَـٰلَمِينَ",
        "هُوَ ٱلْحَىُّ لَآ إِلَـٰهَ إِلَّا هُوَ فَٱدْعُوهُ مُخْلِصِينَ لَهُ ٱلدِّينَ ۗ ٱلْحَمْدُ لِلَّهِ رَبِّ ٱلْعَـٰلَمِينَ",
        "۞ قُلْ إِنِّى نُهِيتُ أَنْ أَعْبُدَ ٱلَّذِينَ تَدْعُونَ مِن دُونِ ٱللَّهِ لَمَّا جَآءَنِىَ ٱلْبَيِّنَـٰتُ مِن رَّبِّى وَأُمِرْتُ أَنْ أُسْلِمَ لِرَبِّ ٱلْعَـٰلَمِينَ",
        "هُوَ ٱلَّذِى خَلَقَكُم مِّن تُرَابٍ ثُمَّ مِن نُّطْفَةٍ ثُمَّ مِنْ عَلَقَةٍ ثُمَّ يُخْرِجُكُمْ طِفْلًا ثُمَّ لِتَبْلُغُوٓا۟ أَشُدَّكُمْ ثُمَّ لِتَكُونُوا۟ شُيُوخًا ۚ وَمِنكُم مَّن يُتَوَفَّىٰ مِن قَبْلُ ۖ وَلِتَبْلُغُوٓا۟ أَجَلًا مُّسَمًّى وَلَعَلَّكُمْ تَعْقِلُونَ",
        "هُوَ ٱلَّذِى يُحْىِۦ وَيُمِيتُ ۖ فَإِذَا قَضَىٰٓ أَمْرًا فَإِنَّمَا يَقُولُ لَهُۥ كُن فَيَكُونُ",
        "أَلَمْ تَرَ إِلَى ٱلَّذِينَ يُجَـٰدِلُونَ فِىٓ ءَايَـٰتِ ٱللَّهِ أَنَّىٰ يُصْرَفُونَ",
        "ٱلَّذِينَ كَذَّبُوا۟ بِٱلْكِتَـٰبِ وَبِمَآ أَرْسَلْنَا بِهِۦ رُسُلَنَا ۖ فَسَوْفَ يَعْلَمُونَ",
        "إِذِ ٱلْأَغْلَـٰلُ فِىٓ أَعْنَـٰقِهِمْ وَٱلسَّلَـٰسِلُ يُسْحَبُونَ",
        "فِى ٱلْحَمِيمِ ثُمَّ فِى ٱلنَّارِ يُسْجَرُونَ",
        "ثُمَّ قِيلَ لَهُمْ أَيْنَ مَا كُنتُمْ تُشْرِكُونَ",
        "مِن دُونِ ٱللَّهِ ۖ قَالُوا۟ ضَلُّوا۟ عَنَّا بَل لَّمْ نَكُن نَّدْعُوا۟ مِن قَبْلُ شَيْـًٔا ۚ كَذَٰلِكَ يُضِلُّ ٱللَّهُ ٱلْكَـٰفِرِينَ",
        "ذَٰلِكُم بِمَا كُنتُمْ تَفْرَحُونَ فِى ٱلْأَرْضِ بِغَيْرِ ٱلْحَقِّ وَبِمَا كُنتُمْ تَمْرَحُونَ",
        "ٱدْخُلُوٓا۟ أَبْوَٰبَ جَهَنَّمَ خَـٰلِدِينَ فِيهَا ۖ فَبِئْسَ مَثْوَى ٱلْمُتَكَبِّرِينَ",
        "فَٱصْبِرْ إِنَّ وَعْدَ ٱللَّهِ حَقٌّ ۚ فَإِمَّا نُرِيَنَّكَ بَعْضَ ٱلَّذِى نَعِدُهُمْ أَوْ نَتَوَفَّيَنَّكَ فَإِلَيْنَا يُرْجَعُونَ",
        "وَلَقَدْ أَرْسَلْنَا رُسُلًا مِّن قَبْلِكَ مِنْهُم مَّن قَصَصْنَا عَلَيْكَ وَمِنْهُم مَّن لَّمْ نَقْصُصْ عَلَيْكَ ۗ وَمَا كَانَ لِرَسُولٍ أَن يَأْتِىَ بِـَٔايَةٍ إِلَّا بِإِذْنِ ٱللَّهِ ۚ فَإِذَا جَآءَ أَمْرُ ٱللَّهِ قُضِىَ بِٱلْحَقِّ وَخَسِرَ هُنَالِكَ ٱلْمُبْطِلُونَ",
        "ٱللَّهُ ٱلَّذِى جَعَلَ لَكُمُ ٱلْأَنْعَـٰمَ لِتَرْكَبُوا۟ مِنْهَا وَمِنْهَا تَأْكُلُونَ",
        "وَلَكُمْ فِيهَا مَنَـٰفِعُ وَلِتَبْلُغُوا۟ عَلَيْهَا حَاجَةً فِى صُدُورِكُمْ وَعَلَيْهَا وَعَلَى ٱلْفُلْكِ تُحْمَلُونَ",
        "وَيُرِيكُمْ ءَايَـٰتِهِۦ فَأَىَّ ءَايَـٰتِ ٱللَّهِ تُنكِرُونَ",
        "أَفَلَمْ يَسِيرُوا۟ فِى ٱلْأَرْضِ فَيَنظُرُوا۟ كَيْفَ كَانَ عَـٰقِبَةُ ٱلَّذِينَ مِن قَبْلِهِمْ ۚ كَانُوٓا۟ أَكْثَرَ مِنْهُمْ وَأَشَدَّ قُوَّةً وَءَاثَارًا فِى ٱلْأَرْضِ فَمَآ أَغْنَىٰ عَنْهُم مَّا كَانُوا۟ يَكْسِبُونَ",
        "فَلَمَّا جَآءَتْهُمْ رُسُلُهُم بِٱلْبَيِّنَـٰتِ فَرِحُوا۟ بِمَا عِندَهُم مِّنَ ٱلْعِلْمِ وَحَاقَ بِهِم مَّا كَانُوا۟ بِهِۦ يَسْتَهْزِءُونَ",
        "فَلَمَّا رَأَوْا۟ بَأْسَنَا قَالُوٓا۟ ءَامَنَّا بِٱللَّهِ وَحْدَهُۥ وَكَفَرْنَا بِمَا كُنَّا بِهِۦ مُشْرِكِينَ",
        "فَلَمْ يَكُ يَنفَعُهُمْ إِيمَـٰنُهُمْ لَمَّا رَأَوْا۟ بَأْسَنَا ۖ سُنَّتَ ٱللَّهِ ٱلَّتِى قَدْ خَلَتْ فِى عِبَادِهِۦ ۖ وَخَسِرَ هُنَالِكَ ٱلْكَـٰفِرُونَ"
    ],
    "arabic2": [
        "حم",
        "تنزيل الكتاب من الله العزيز العليم",
        "غافر الذنب وقابل التوب شديد العقاب ذي الطول لا اله الا هو اليه المصير",
        "ما يجادل في ايات الله الا الذين كفروا فلا يغررك تقلبهم في البلاد",
        "كذبت قبلهم قوم نوح والاحزاب من بعدهم وهمت كل امة برسولهم لياخذوه وجادلوا بالباطل ليدحضوا به الحق فاخذتهم فكيف كان عقاب",
        "وكذلك حقت كلمت ربك على الذين كفروا انهم اصحاب النار",
        "الذين يحملون العرش ومن حوله يسبحون بحمد ربهم ويؤمنون به ويستغفرون للذين امنوا ربنا وسعت كل شيء رحمة وعلما فاغفر للذين تابوا واتبعوا سبيلك وقهم عذاب الجحيم",
        "ربنا وادخلهم جنات عدن التي وعدتهم ومن صلح من ابائهم وازواجهم وذرياتهم انك انت العزيز الحكيم",
        "وقهم السيئات ومن تق السيئات يومئذ فقد رحمته وذلك هو الفوز العظيم",
        "ان الذين كفروا ينادون لمقت الله اكبر من مقتكم انفسكم اذ تدعون الى الايمان فتكفرون",
        "قالوا ربنا امتنا اثنتين واحييتنا اثنتين فاعترفنا بذنوبنا فهل الى خروج من سبيل",
        "ذلكم بانه اذا دعي الله وحده كفرتم وان يشرك به تؤمنوا فالحكم لله العلي الكبير",
        "هو الذي يريكم اياته وينزل لكم من السماء رزقا وما يتذكر الا من ينيب",
        "فادعوا الله مخلصين له الدين ولو كره الكافرون",
        "رفيع الدرجات ذو العرش يلقي الروح من امره على من يشاء من عباده لينذر يوم التلاق",
        "يوم هم بارزون لا يخفى على الله منهم شيء لمن الملك اليوم لله الواحد القهار",
        "اليوم تجزى كل نفس بما كسبت لا ظلم اليوم ان الله سريع الحساب",
        "وانذرهم يوم الازفة اذ القلوب لدى الحناجر كاظمين ما للظالمين من حميم ولا شفيع يطاع",
        "يعلم خائنة الاعين وما تخفي الصدور",
        "والله يقضي بالحق والذين يدعون من دونه لا يقضون بشيء ان الله هو السميع البصير",
        "اولم يسيروا في الارض فينظروا كيف كان عاقبة الذين كانوا من قبلهم كانوا هم اشد منهم قوة واثارا في الارض فاخذهم الله بذنوبهم وما كان لهم من الله من واق",
        "ذلك بانهم كانت تاتيهم رسلهم بالبينات فكفروا فاخذهم الله انه قوي شديد العقاب",
        "ولقد ارسلنا موسى باياتنا وسلطان مبين",
        "الى فرعون وهامان وقارون فقالوا ساحر كذاب",
        "فلما جاءهم بالحق من عندنا قالوا اقتلوا ابناء الذين امنوا معه واستحيوا نساءهم وما كيد الكافرين الا في ضلال",
        "وقال فرعون ذروني اقتل موسى وليدع ربه اني اخاف ان يبدل دينكم او ان يظهر في الارض الفساد",
        "وقال موسى اني عذت بربي وربكم من كل متكبر لا يؤمن بيوم الحساب",
        "وقال رجل مؤمن من ال فرعون يكتم ايمانه اتقتلون رجلا ان يقول ربي الله وقد جاءكم بالبينات من ربكم وان يك كاذبا فعليه كذبه وان يك صادقا يصبكم بعض الذي يعدكم ان الله لا يهدي من هو مسرف كذاب",
        "يا قوم لكم الملك اليوم ظاهرين في الارض فمن ينصرنا من باس الله ان جاءنا قال فرعون ما اريكم الا ما ارى وما اهديكم الا سبيل الرشاد",
        "وقال الذي امن يا قوم اني اخاف عليكم مثل يوم الاحزاب",
        "مثل داب قوم نوح وعاد وثمود والذين من بعدهم وما الله يريد ظلما للعباد",
        "ويا قوم اني اخاف عليكم يوم التناد",
        "يوم تولون مدبرين ما لكم من الله من عاصم ومن يضلل الله فما له من هاد",
        "ولقد جاءكم يوسف من قبل بالبينات فما زلتم في شك مما جاءكم به حتى اذا هلك قلتم لن يبعث الله من بعده رسولا كذلك يضل الله من هو مسرف مرتاب",
        "الذين يجادلون في ايات الله بغير سلطان اتاهم كبر مقتا عند الله وعند الذين امنوا كذلك يطبع الله على كل قلب متكبر جبار",
        "وقال فرعون يا هامان ابن لي صرحا لعلي ابلغ الاسباب",
        "اسباب السماوات فاطلع الى اله موسى واني لاظنه كاذبا وكذلك زين لفرعون سوء عمله وصد عن السبيل وما كيد فرعون الا في تباب",
        "وقال الذي امن يا قوم اتبعون اهدكم سبيل الرشاد",
        "يا قوم انما هذه الحياة الدنيا متاع وان الاخرة هي دار القرار",
        "من عمل سيئة فلا يجزى الا مثلها ومن عمل صالحا من ذكر او انثى وهو مؤمن فاولئك يدخلون الجنة يرزقون فيها بغير حساب",
        "ويا قوم ما لي ادعوكم الى النجاة وتدعونني الى النار",
        "تدعونني لاكفر بالله واشرك به ما ليس لي به علم وانا ادعوكم الى العزيز الغفار",
        "لا جرم انما تدعونني اليه ليس له دعوة في الدنيا ولا في الاخرة وان مردنا الى الله وان المسرفين هم اصحاب النار",
        "فستذكرون ما اقول لكم وافوض امري الى الله ان الله بصير بالعباد",
        "فوقاه الله سيئات ما مكروا وحاق بال فرعون سوء العذاب",
        "النار يعرضون عليها غدوا وعشيا ويوم تقوم الساعة ادخلوا ال فرعون اشد العذاب",
        "واذ يتحاجون في النار فيقول الضعفاء للذين استكبروا انا كنا لكم تبعا فهل انتم مغنون عنا نصيبا من النار",
        "قال الذين استكبروا انا كل فيها ان الله قد حكم بين العباد",
        "وقال الذين في النار لخزنة جهنم ادعوا ربكم يخفف عنا يوما من العذاب",
        "قالوا اولم تك تاتيكم رسلكم بالبينات قالوا بلى قالوا فادعوا وما دعاء الكافرين الا في ضلال",
        "انا لننصر رسلنا والذين امنوا في الحياة الدنيا ويوم يقوم الاشهاد",
        "يوم لا ينفع الظالمين معذرتهم ولهم اللعنة ولهم سوء الدار",
        "ولقد اتينا موسى الهدى واورثنا بني اسرائيل الكتاب",
        "هدى وذكرى لاولي الالباب",
        "فاصبر ان وعد الله حق واستغفر لذنبك وسبح بحمد ربك بالعشي والابكار",
        "ان الذين يجادلون في ايات الله بغير سلطان اتاهم ان في صدورهم الا كبر ما هم ببالغيه فاستعذ بالله انه هو السميع البصير",
        "لخلق السماوات والارض اكبر من خلق الناس ولكن اكثر الناس لا يعلمون",
        "وما يستوي الاعمى والبصير والذين امنوا وعملوا الصالحات ولا المسيء قليلا ما تتذكرون",
        "ان الساعة لاتية لا ريب فيها ولكن اكثر الناس لا يؤمنون",
        "وقال ربكم ادعوني استجب لكم ان الذين يستكبرون عن عبادتي سيدخلون جهنم داخرين",
        "الله الذي جعل لكم الليل لتسكنوا فيه والنهار مبصرا ان الله لذو فضل على الناس ولكن اكثر الناس لا يشكرون",
        "ذلكم الله ربكم خالق كل شيء لا اله الا هو فانى تؤفكون",
        "كذلك يؤفك الذين كانوا بايات الله يجحدون",
        "الله الذي جعل لكم الارض قرارا والسماء بناء وصوركم فاحسن صوركم ورزقكم من الطيبات ذلكم الله ربكم فتبارك الله رب العالمين",
        "هو الحي لا اله الا هو فادعوه مخلصين له الدين الحمد لله رب العالمين",
        "قل اني نهيت ان اعبد الذين تدعون من دون الله لما جاءني البينات من ربي وامرت ان اسلم لرب العالمين",
        "هو الذي خلقكم من تراب ثم من نطفة ثم من علقة ثم يخرجكم طفلا ثم لتبلغوا اشدكم ثم لتكونوا شيوخا ومنكم من يتوفى من قبل ولتبلغوا اجلا مسمى ولعلكم تعقلون",
        "هو الذي يحيي ويميت فاذا قضى امرا فانما يقول له كن فيكون",
        "الم تر الى الذين يجادلون في ايات الله انى يصرفون",
        "الذين كذبوا بالكتاب وبما ارسلنا به رسلنا فسوف يعلمون",
        "اذ الاغلال في اعناقهم والسلاسل يسحبون",
        "في الحميم ثم في النار يسجرون",
        "ثم قيل لهم اين ما كنتم تشركون",
        "من دون الله قالوا ضلوا عنا بل لم نكن ندعو من قبل شيئا كذلك يضل الله الكافرين",
        "ذلكم بما كنتم تفرحون في الارض بغير الحق وبما كنتم تمرحون",
        "ادخلوا ابواب جهنم خالدين فيها فبئس مثوى المتكبرين",
        "فاصبر ان وعد الله حق فاما نرينك بعض الذي نعدهم او نتوفينك فالينا يرجعون",
        "ولقد ارسلنا رسلا من قبلك منهم من قصصنا عليك ومنهم من لم نقصص عليك وما كان لرسول ان ياتي باية الا باذن الله فاذا جاء امر الله قضي بالحق وخسر هنالك المبطلون",
        "الله الذي جعل لكم الانعام لتركبوا منها ومنها تاكلون",
        "ولكم فيها منافع ولتبلغوا عليها حاجة في صدوركم وعليها وعلى الفلك تحملون",
        "ويريكم اياته فاي ايات الله تنكرون",
        "افلم يسيروا في الارض فينظروا كيف كان عاقبة الذين من قبلهم كانوا اكثر منهم واشد قوة واثارا في الارض فما اغنى عنهم ما كانوا يكسبون",
        "فلما جاءتهم رسلهم بالبينات فرحوا بما عندهم من العلم وحاق بهم ما كانوا به يستهزئون",
        "فلما راوا باسنا قالوا امنا بالله وحده وكفرنا بما كنا به مشركين",
        "فلم يك ينفعهم ايمانهم لما راوا باسنا سنت الله التي قد خلت في عباده وخسر هنالك الكافرون"
    ]
}