{
    "surahName": "Fussilat",
    "surahNameArabic": "فصلت",
    "surahNameArabicLong": "سورة فصلت",
    "surahNameTranslation": "Explained in detail",
    "revelationPlace": "Mecca",
    "totalAyah": 54,
    "surahNo": 41,
    "english": [
        "Ḥâ-Mĩm.",
        "˹This is˺ a revelation from the Most Compassionate, Most Merciful.",
        "˹It is˺ a Book whose verses are perfectly explained—a Quran in Arabic for people who know",
        "delivering good news and warning. Yet most of them turn away, so they do not hear.",
        "They say, “Our hearts are veiled against what you are calling us to, there is deafness in our ears, and there is a barrier between us and you. So do ˹whatever you want˺ and so shall we!”",
        "Say, ˹O Prophet,˺ “I am only a man like you, ˹but˺ it has been revealed to me that your God is only One God. So take the Straight Way towards Him, and seek His forgiveness. And woe to the polytheists—",
        "those who do not pay alms-tax and are in denial of the Hereafter.",
        "˹But˺ those who believe and do good will certainly have a never-ending reward.",
        "Ask ˹them, O  Prophet˺, “How can you disbelieve in the One Who created the earth in two Days? And how can you set up equals with Him? That is the Lord of all worlds.",
        "He placed on the earth firm mountains, standing high, showered His blessings upon it, and ordained ˹all˺ its means of sustenance—totaling four Days exactly—for all who ask.",
        "Then He turned towards the heaven when it was ˹still like˺ smoke, saying to it and to the earth, ‘Submit, willingly or unwillingly.’ They both responded, ‘We submit willingly.’",
        "So He formed the heaven into seven heavens in two Days, assigning to each its mandate. And We adorned the lowest heaven with ˹stars like˺ lamps ˹for beauty˺ and for protection. That is the design of the Almighty, All-Knowing.”",
        "If they turn away, then say, ˹O Prophet,˺ “I warn you of a ˹mighty˺ blast, like the one that befell ’Ȃd and Thamûd.”",
        "The messengers had come to them from all angles, ˹proclaiming,˺ “Worship none but Allah.” They responded, “Had our Lord willed, He could have easily sent down angels ˹instead˺. So we totally reject what you have been sent with.”",
        "As for ’Ȃd, they acted arrogantly throughout the land with no right, boasting, “Who is superior to us in might?” Did they not see that Allah ˹Himself˺, Who created them, was far superior to them in might? Still they persisted in denying Our signs.",
        "So We sent against them a furious wind, for ˹several˺ miserable days, to make them taste a humiliating punishment in this worldly life. But far more humiliating will be the punishment of the Hereafter. And they will not be helped.",
        "As for Thamûd, We showed them guidance, but they preferred blindness over guidance. So the blast of a disgracing punishment overtook them for what they used to commit.",
        "And We delivered those who were faithful and were mindful ˹of Allah˺.",
        "˹Consider˺ the Day ˹when˺ the enemies of Allah will be gathered for the Fire, all driven in ranks.",
        "When they reach it, their ears, eyes, and skin will testify against what they used to do.",
        "They will ask their skin ˹furiously˺, “Why have you testified against us?” It will say, “We have been made to speak by Allah, Who causes all things to speak. He ˹is the One Who˺ created you the first time, and to Him you were bound to return.",
        "You did not ˹bother to˺ hide yourselves from your ears, eyes, and skin to prevent them from testifying against you. Rather, you assumed that Allah did not know much of what you used to do.",
        "It was that ˹false˺ assumption you entertained about your Lord that has brought about your doom, so you have become losers.”",
        "Even if they endure patiently, the Fire will ˹always˺ be their home. And if they ˹beg to˺ appease ˹their Lord˺, they will never be allowed to.",
        "We placed at their disposal ˹evil˺ associates who made their past and future ˹misdeeds˺ appealing to them. ˹So˺ the fate of earlier communities of jinn and humans has been justified against them ˹as well˺, ˹for˺ they were truly losers.",
        "The disbelievers advised ˹one another˺, “Do not listen to this Quran but drown it out so that you may prevail.”",
        "So We will certainly make the disbelievers taste a severe punishment, and We will surely repay them according to the worst of their deeds.",
        "That is the reward of Allah’s enemies: the Fire, which will be their eternal home—a ˹fitting˺ reward for their denial of Our revelations.",
        "The disbelievers will ˹then˺ cry, “Our Lord! Show us those jinn and humans who led us astray: we will put them under our feet so that they will be among the lowest ˹in Hell˺.”",
        "Surely those who say, “Our Lord is Allah,” and then remain steadfast, the angels descend upon them, ˹saying,˺ “Do not fear, nor grieve. Rather, rejoice in the good news of Paradise, which you have been promised.",
        "We are your supporters in this worldly life and in the Hereafter. There you will have whatever your souls desire, and there you will have whatever you ask for:",
        "an accommodation from the All-Forgiving, Most Merciful ˹Lord˺.”",
        "And whose words are better than someone who calls ˹others˺ to Allah, does good, and says, “I am truly one of those who submit.”?",
        "Good and evil cannot be equal. Respond ˹to evil˺ with what is best, then the one you are in a feud with will be like a close friend.",
        "But this cannot be attained except by those who are patient and who are truly fortunate.",
        "And if you are tempted by Satan, then seek refuge with Allah. Indeed, He ˹alone˺ is the All-Hearing, All-Knowing.",
        "Among His signs are the day and the night, the sun and the moon. Do not prostrate to the sun or the moon, but prostrate to Allah, Who created them ˹all˺, if you ˹truly˺ worship Him ˹alone˺.",
        "But if the pagans are too proud, then ˹let them know that˺ those ˹angels˺ nearest to your Lord glorify Him day and night, and never grow weary.",
        "And among His signs is that you see the earth devoid of life, but as soon as We send down rain upon it, it begins to stir ˹to life˺ and swell. Indeed, the One Who revives it can easily revive the dead. He is certainly Most Capable of everything.",
        "Indeed, those who abuse Our revelations are not hidden from Us. Who is better: the one who will be cast into the Fire or the one who will be secure on Judgment Day? Do whatever you want. He is certainly All-Seeing of what you do.",
        "Indeed, those who deny the Reminder after it has come to them ˹are doomed˺, for it is truly a mighty Book.",
        "It cannot be proven false from any angle. ˹It is˺ a revelation from the ˹One Who is˺ All-Wise, Praiseworthy.",
        "˹O Prophet!˺ Nothing is said to you ˹by the deniers˺ except what was already said to the messengers before you. Surely your Lord is ˹the Lord˺ of forgiveness and painful punishment.",
        "Had We revealed it as a non-Arabic Quran, they would have certainly argued, “If only its verses were made clear ˹in our language˺. What! A non-Arabic revelation for an Arab audience!” Say, ˹O Prophet,˺ “It is a guide and a healing to the believers. As for those who disbelieve, there is deafness in their ears and blindness to it ˹in their hearts˺. It is as if they are being called from a faraway place.”",
        "Indeed, We had given Moses the Scripture, but differences arose regarding it. Had it not been for a prior decree from your Lord, their differences would have been settled ˹at once˺. They are truly in alarming doubt about it.",
        "Whoever does good, it is to their own benefit. And whoever does evil, it is to their own loss. Your Lord is never unjust to ˹His˺ creation.",
        "With Him ˹alone˺ is the knowledge of the Hour. No fruit comes out of its husk, nor does a female conceive or deliver without His knowledge. And ˹consider˺ the Day He will call to them, “Where are My ˹so-called˺ associate-gods?” They will cry, “We declare before you that none of us testifies to that ˹any longer˺.”",
        "Whatever ˹idols˺ they used to invoke besides Allah will fail them. And they will realize that they will have no escape.",
        "One never tires of praying for good. And if touched with evil, they become desperate and hopeless.",
        "And if We let them taste a mercy from Us after being touched with adversity, they will certainly say, “This is what I deserve. I do not think the Hour will ˹ever˺ come. And if in fact I am returned to my Lord, the finest reward with Him will definitely be mine.” But We will surely inform the disbelievers of what they used to do. And We will certainly make them taste a harsh torment.",
        "When We show favour to someone, they turn away, acting arrogantly. And when touched with evil, they make endless prayers ˹for good˺.",
        "Ask ˹them, O  Prophet˺, “Imagine if this ˹Quran˺ is ˹truly˺ from Allah and you deny it: who can be more astray than those who have gone too far in opposition ˹to the truth˺?”",
        "We will show them Our signs in the universe and within themselves until it becomes clear to them that this ˹Quran˺ is the truth. Is it not enough that your Lord is a Witness over all things?",
        "They are truly in doubt of the meeting with their Lord! ˹But˺ He is indeed Fully Aware of everything."
    ],
    "arabic1": [
        " حمٓ",
        "تَنزِيلٌ مِّنَ ٱلرَّحْمَـٰنِ ٱلرَّحِيمِ",
        "كِتَـٰبٌ فُصِّلَتْ ءَايَـٰتُهُۥ قُرْءَانًا عَرَبِيًّا لِّقَوْمٍ يَعْلَمُونَ",
        "بَشِيرًا وَنَذِيرًا فَأَعْرَضَ أَكْثَرُهُمْ فَهُمْ لَا يَسْمَعُونَ",
        "وَقَالُوا۟ قُلُوبُنَا فِىٓ أَكِنَّةٍ مِّمَّا تَدْعُونَآ إِلَيْهِ وَفِىٓ ءَاذَانِنَا وَقْرٌ وَمِنۢ بَيْنِنَا وَبَيْنِكَ حِجَابٌ فَٱعْمَلْ إِنَّنَا عَـٰمِلُونَ",
        "قُلْ إِنَّمَآ أَنَا۠ بَشَرٌ مِّثْلُكُمْ يُوحَىٰٓ إِلَىَّ أَنَّمَآ إِلَـٰهُكُمْ إِلَـٰهٌ وَٰحِدٌ فَٱسْتَقِيمُوٓا۟ إِلَيْهِ وَٱسْتَغْفِرُوهُ ۗ وَوَيْلٌ لِّلْمُشْرِكِينَ",
        "ٱلَّذِينَ لَا يُؤْتُونَ ٱلزَّكَوٰةَ وَهُم بِٱلْـَٔاخِرَةِ هُمْ كَـٰفِرُونَ",
        "إِنَّ ٱلَّذِينَ ءَامَنُوا۟ وَعَمِلُوا۟ ٱلصَّـٰلِحَـٰتِ لَهُمْ أَجْرٌ غَيْرُ مَمْنُونٍ",
        "۞ قُلْ أَئِنَّكُمْ لَتَكْفُرُونَ بِٱلَّذِى خَلَقَ ٱلْأَرْضَ فِى يَوْمَيْنِ وَتَجْعَلُونَ لَهُۥٓ أَندَادًا ۚ ذَٰلِكَ رَبُّ ٱلْعَـٰلَمِينَ",
        "وَجَعَلَ فِيهَا رَوَٰسِىَ مِن فَوْقِهَا وَبَـٰرَكَ فِيهَا وَقَدَّرَ فِيهَآ أَقْوَٰتَهَا فِىٓ أَرْبَعَةِ أَيَّامٍ سَوَآءً لِّلسَّآئِلِينَ",
        "ثُمَّ ٱسْتَوَىٰٓ إِلَى ٱلسَّمَآءِ وَهِىَ دُخَانٌ فَقَالَ لَهَا وَلِلْأَرْضِ ٱئْتِيَا طَوْعًا أَوْ كَرْهًا قَالَتَآ أَتَيْنَا طَآئِعِينَ",
        "فَقَضَىٰهُنَّ سَبْعَ سَمَـٰوَاتٍ فِى يَوْمَيْنِ وَأَوْحَىٰ فِى كُلِّ سَمَآءٍ أَمْرَهَا ۚ وَزَيَّنَّا ٱلسَّمَآءَ ٱلدُّنْيَا بِمَصَـٰبِيحَ وَحِفْظًا ۚ ذَٰلِكَ تَقْدِيرُ ٱلْعَزِيزِ ٱلْعَلِيمِ",
        "فَإِنْ أَعْرَضُوا۟ فَقُلْ أَنذَرْتُكُمْ صَـٰعِقَةً مِّثْلَ صَـٰعِقَةِ عَادٍ وَثَمُودَ",
        "إِذْ جَآءَتْهُمُ ٱلرُّسُلُ مِنۢ بَيْنِ أَيْدِيهِمْ وَمِنْ خَلْفِهِمْ أَلَّا تَعْبُدُوٓا۟ إِلَّا ٱللَّهَ ۖ قَالُوا۟ لَوْ شَآءَ رَبُّنَا لَأَنزَلَ مَلَـٰٓئِكَةً فَإِنَّا بِمَآ أُرْسِلْتُم بِهِۦ كَـٰفِرُونَ",
        "فَأَمَّا عَادٌ فَٱسْتَكْبَرُوا۟ فِى ٱلْأَرْضِ بِغَيْرِ ٱلْحَقِّ وَقَالُوا۟ مَنْ أَشَدُّ مِنَّا قُوَّةً ۖ أَوَلَمْ يَرَوْا۟ أَنَّ ٱللَّهَ ٱلَّذِى خَلَقَهُمْ هُوَ أَشَدُّ مِنْهُمْ قُوَّةً ۖ وَكَانُوا۟ بِـَٔايَـٰتِنَا يَجْحَدُونَ",
        "فَأَرْسَلْنَا عَلَيْهِمْ رِيحًا صَرْصَرًا فِىٓ أَيَّامٍ نَّحِسَاتٍ لِّنُذِيقَهُمْ عَذَابَ ٱلْخِزْىِ فِى ٱلْحَيَوٰةِ ٱلدُّنْيَا ۖ وَلَعَذَابُ ٱلْـَٔاخِرَةِ أَخْزَىٰ ۖ وَهُمْ لَا يُنصَرُونَ",
        "وَأَمَّا ثَمُودُ فَهَدَيْنَـٰهُمْ فَٱسْتَحَبُّوا۟ ٱلْعَمَىٰ عَلَى ٱلْهُدَىٰ فَأَخَذَتْهُمْ صَـٰعِقَةُ ٱلْعَذَابِ ٱلْهُونِ بِمَا كَانُوا۟ يَكْسِبُونَ",
        "وَنَجَّيْنَا ٱلَّذِينَ ءَامَنُوا۟ وَكَانُوا۟ يَتَّقُونَ",
        "وَيَوْمَ يُحْشَرُ أَعْدَآءُ ٱللَّهِ إِلَى ٱلنَّارِ فَهُمْ يُوزَعُونَ",
        "حَتَّىٰٓ إِذَا مَا جَآءُوهَا شَهِدَ عَلَيْهِمْ سَمْعُهُمْ وَأَبْصَـٰرُهُمْ وَجُلُودُهُم بِمَا كَانُوا۟ يَعْمَلُونَ",
        "وَقَالُوا۟ لِجُلُودِهِمْ لِمَ شَهِدتُّمْ عَلَيْنَا ۖ قَالُوٓا۟ أَنطَقَنَا ٱللَّهُ ٱلَّذِىٓ أَنطَقَ كُلَّ شَىْءٍ وَهُوَ خَلَقَكُمْ أَوَّلَ مَرَّةٍ وَإِلَيْهِ تُرْجَعُونَ",
        "وَمَا كُنتُمْ تَسْتَتِرُونَ أَن يَشْهَدَ عَلَيْكُمْ سَمْعُكُمْ وَلَآ أَبْصَـٰرُكُمْ وَلَا جُلُودُكُمْ وَلَـٰكِن ظَنَنتُمْ أَنَّ ٱللَّهَ لَا يَعْلَمُ كَثِيرًا مِّمَّا تَعْمَلُونَ",
        "وَذَٰلِكُمْ ظَنُّكُمُ ٱلَّذِى ظَنَنتُم بِرَبِّكُمْ أَرْدَىٰكُمْ فَأَصْبَحْتُم مِّنَ ٱلْخَـٰسِرِينَ",
        "فَإِن يَصْبِرُوا۟ فَٱلنَّارُ مَثْوًى لَّهُمْ ۖ وَإِن يَسْتَعْتِبُوا۟ فَمَا هُم مِّنَ ٱلْمُعْتَبِينَ",
        "۞ وَقَيَّضْنَا لَهُمْ قُرَنَآءَ فَزَيَّنُوا۟ لَهُم مَّا بَيْنَ أَيْدِيهِمْ وَمَا خَلْفَهُمْ وَحَقَّ عَلَيْهِمُ ٱلْقَوْلُ فِىٓ أُمَمٍ قَدْ خَلَتْ مِن قَبْلِهِم مِّنَ ٱلْجِنِّ وَٱلْإِنسِ ۖ إِنَّهُمْ كَانُوا۟ خَـٰسِرِينَ",
        "وَقَالَ ٱلَّذِينَ كَفَرُوا۟ لَا تَسْمَعُوا۟ لِهَـٰذَا ٱلْقُرْءَانِ وَٱلْغَوْا۟ فِيهِ لَعَلَّكُمْ تَغْلِبُونَ",
        "فَلَنُذِيقَنَّ ٱلَّذِينَ كَفَرُوا۟ عَذَابًا شَدِيدًا وَلَنَجْزِيَنَّهُمْ أَسْوَأَ ٱلَّذِى كَانُوا۟ يَعْمَلُونَ",
        "ذَٰلِكَ جَزَآءُ أَعْدَآءِ ٱللَّهِ ٱلنَّارُ ۖ لَهُمْ فِيهَا دَارُ ٱلْخُلْدِ ۖ جَزَآءًۢ بِمَا كَانُوا۟ بِـَٔايَـٰتِنَا يَجْحَدُونَ",
        "وَقَالَ ٱلَّذِينَ كَفَرُوا۟ رَبَّنَآ أَرِنَا ٱلَّذَيْنِ أَضَلَّانَا مِنَ ٱلْجِنِّ وَٱلْإِنسِ نَجْعَلْهُمَا تَحْتَ أَقْدَامِنَا لِيَكُونَا مِنَ ٱلْأَسْفَلِينَ",
        "إِنَّ ٱلَّذِينَ قَالُوا۟ رَبُّنَا ٱللَّهُ ثُمَّ ٱسْتَقَـٰمُوا۟ تَتَنَزَّلُ عَلَيْهِمُ ٱلْمَلَـٰٓئِكَةُ أَلَّا تَخَافُوا۟ وَلَا تَحْزَنُوا۟ وَأَبْشِرُوا۟ بِٱلْجَنَّةِ ٱلَّتِى كُنتُمْ تُوعَدُونَ",
        "نَحْنُ أَوْلِيَآؤُكُمْ فِى ٱلْحَيَوٰةِ ٱلدُّنْيَا وَفِى ٱلْـَٔاخِرَةِ ۖ وَلَكُمْ فِيهَا مَا تَشْتَهِىٓ أَنفُسُكُمْ وَلَكُمْ فِيهَا مَا تَدَّعُونَ",
        "نُزُلًا مِّنْ غَفُورٍ رَّحِيمٍ",
        "وَمَنْ أَحْسَنُ قَوْلًا مِّمَّن دَعَآ إِلَى ٱللَّهِ وَعَمِلَ صَـٰلِحًا وَقَالَ إِنَّنِى مِنَ ٱلْمُسْلِمِينَ",
        "وَلَا تَسْتَوِى ٱلْحَسَنَةُ وَلَا ٱلسَّيِّئَةُ ۚ ٱدْفَعْ بِٱلَّتِى هِىَ أَحْسَنُ فَإِذَا ٱلَّذِى بَيْنَكَ وَبَيْنَهُۥ عَدَٰوَةٌ كَأَنَّهُۥ وَلِىٌّ حَمِيمٌ",
        "وَمَا يُلَقَّىٰهَآ إِلَّا ٱلَّذِينَ صَبَرُوا۟ وَمَا يُلَقَّىٰهَآ إِلَّا ذُو حَظٍّ عَظِيمٍ",
        "وَإِمَّا يَنزَغَنَّكَ مِنَ ٱلشَّيْطَـٰنِ نَزْغٌ فَٱسْتَعِذْ بِٱللَّهِ ۖ إِنَّهُۥ هُوَ ٱلسَّمِيعُ ٱلْعَلِيمُ",
        "وَمِنْ ءَايَـٰتِهِ ٱلَّيْلُ وَٱلنَّهَارُ وَٱلشَّمْسُ وَٱلْقَمَرُ ۚ لَا تَسْجُدُوا۟ لِلشَّمْسِ وَلَا لِلْقَمَرِ وَٱسْجُدُوا۟ لِلَّهِ ٱلَّذِى خَلَقَهُنَّ إِن كُنتُمْ إِيَّاهُ تَعْبُدُونَ",
        "فَإِنِ ٱسْتَكْبَرُوا۟ فَٱلَّذِينَ عِندَ رَبِّكَ يُسَبِّحُونَ لَهُۥ بِٱلَّيْلِ وَٱلنَّهَارِ وَهُمْ لَا يَسْـَٔمُونَ ۩",
        "وَمِنْ ءَايَـٰتِهِۦٓ أَنَّكَ تَرَى ٱلْأَرْضَ خَـٰشِعَةً فَإِذَآ أَنزَلْنَا عَلَيْهَا ٱلْمَآءَ ٱهْتَزَّتْ وَرَبَتْ ۚ إِنَّ ٱلَّذِىٓ أَحْيَاهَا لَمُحْىِ ٱلْمَوْتَىٰٓ ۚ إِنَّهُۥ عَلَىٰ كُلِّ شَىْءٍ قَدِيرٌ",
        "إِنَّ ٱلَّذِينَ يُلْحِدُونَ فِىٓ ءَايَـٰتِنَا لَا يَخْفَوْنَ عَلَيْنَآ ۗ أَفَمَن يُلْقَىٰ فِى ٱلنَّارِ خَيْرٌ أَم مَّن يَأْتِىٓ ءَامِنًا يَوْمَ ٱلْقِيَـٰمَةِ ۚ ٱعْمَلُوا۟ مَا شِئْتُمْ ۖ إِنَّهُۥ بِمَا تَعْمَلُونَ بَصِيرٌ",
        "إِنَّ ٱلَّذِينَ كَفَرُوا۟ بِٱلذِّكْرِ لَمَّا جَآءَهُمْ ۖ وَإِنَّهُۥ لَكِتَـٰبٌ عَزِيزٌ",
        "لَّا يَأْتِيهِ ٱلْبَـٰطِلُ مِنۢ بَيْنِ يَدَيْهِ وَلَا مِنْ خَلْفِهِۦ ۖ تَنزِيلٌ مِّنْ حَكِيمٍ حَمِيدٍ",
        "مَّا يُقَالُ لَكَ إِلَّا مَا قَدْ قِيلَ لِلرُّسُلِ مِن قَبْلِكَ ۚ إِنَّ رَبَّكَ لَذُو مَغْفِرَةٍ وَذُو عِقَابٍ أَلِيمٍ",
        "وَلَوْ جَعَلْنَـٰهُ قُرْءَانًا أَعْجَمِيًّا لَّقَالُوا۟ لَوْلَا فُصِّلَتْ ءَايَـٰتُهُۥٓ ۖ ءَا۬عْجَمِىٌّ وَعَرَبِىٌّ ۗ قُلْ هُوَ لِلَّذِينَ ءَامَنُوا۟ هُدًى وَشِفَآءٌ ۖ وَٱلَّذِينَ لَا يُؤْمِنُونَ فِىٓ ءَاذَانِهِمْ وَقْرٌ وَهُوَ عَلَيْهِمْ عَمًى ۚ أُو۟لَـٰٓئِكَ يُنَادَوْنَ مِن مَّكَانٍۭ بَعِيدٍ",
        "وَلَقَدْ ءَاتَيْنَا مُوسَى ٱلْكِتَـٰبَ فَٱخْتُلِفَ فِيهِ ۗ وَلَوْلَا كَلِمَةٌ سَبَقَتْ مِن رَّبِّكَ لَقُضِىَ بَيْنَهُمْ ۚ وَإِنَّهُمْ لَفِى شَكٍّ مِّنْهُ مُرِيبٍ",
        "مَّنْ عَمِلَ صَـٰلِحًا فَلِنَفْسِهِۦ ۖ وَمَنْ أَسَآءَ فَعَلَيْهَا ۗ وَمَا رَبُّكَ بِظَلَّـٰمٍ لِّلْعَبِيدِ",
        "۞ إِلَيْهِ يُرَدُّ عِلْمُ ٱلسَّاعَةِ ۚ وَمَا تَخْرُجُ مِن ثَمَرَٰتٍ مِّنْ أَكْمَامِهَا وَمَا تَحْمِلُ مِنْ أُنثَىٰ وَلَا تَضَعُ إِلَّا بِعِلْمِهِۦ ۚ وَيَوْمَ يُنَادِيهِمْ أَيْنَ شُرَكَآءِى قَالُوٓا۟ ءَاذَنَّـٰكَ مَا مِنَّا مِن شَهِيدٍ",
        "وَضَلَّ عَنْهُم مَّا كَانُوا۟ يَدْعُونَ مِن قَبْلُ ۖ وَظَنُّوا۟ مَا لَهُم مِّن مَّحِيصٍ",
        "لَّا يَسْـَٔمُ ٱلْإِنسَـٰنُ مِن دُعَآءِ ٱلْخَيْرِ وَإِن مَّسَّهُ ٱلشَّرُّ فَيَـُٔوسٌ قَنُوطٌ",
        "وَلَئِنْ أَذَقْنَـٰهُ رَحْمَةً مِّنَّا مِنۢ بَعْدِ ضَرَّآءَ مَسَّتْهُ لَيَقُولَنَّ هَـٰذَا لِى وَمَآ أَظُنُّ ٱلسَّاعَةَ قَآئِمَةً وَلَئِن رُّجِعْتُ إِلَىٰ رَبِّىٓ إِنَّ لِى عِندَهُۥ لَلْحُسْنَىٰ ۚ فَلَنُنَبِّئَنَّ ٱلَّذِينَ كَفَرُوا۟ بِمَا عَمِلُوا۟ وَلَنُذِيقَنَّهُم مِّنْ عَذَابٍ غَلِيظٍ",
        "وَإِذَآ أَنْعَمْنَا عَلَى ٱلْإِنسَـٰنِ أَعْرَضَ وَنَـَٔا بِجَانِبِهِۦ وَإِذَا مَسَّهُ ٱلشَّرُّ فَذُو دُعَآءٍ عَرِيضٍ",
        "قُلْ أَرَءَيْتُمْ إِن كَانَ مِنْ عِندِ ٱللَّهِ ثُمَّ كَفَرْتُم بِهِۦ مَنْ أَضَلُّ مِمَّنْ هُوَ فِى شِقَاقٍۭ بَعِيدٍ",
        "سَنُرِيهِمْ ءَايَـٰتِنَا فِى ٱلْـَٔافَاقِ وَفِىٓ أَنفُسِهِمْ حَتَّىٰ يَتَبَيَّنَ لَهُمْ أَنَّهُ ٱلْحَقُّ ۗ أَوَلَمْ يَكْفِ بِرَبِّكَ أَنَّهُۥ عَلَىٰ كُلِّ شَىْءٍ شَهِيدٌ",
        "أَلَآ إِنَّهُمْ فِى مِرْيَةٍ مِّن لِّقَآءِ رَبِّهِمْ ۗ أَلَآ إِنَّهُۥ بِكُلِّ شَىْءٍ مُّحِيطٌۢ"
    ],
    "arabic2": [
        "حم",
        "تنزيل من الرحمن الرحيم",
        "كتاب فصلت اياته قرانا عربيا لقوم يعلمون",
        "بشيرا ونذيرا فاعرض اكثرهم فهم لا يسمعون",
        "وقالوا قلوبنا في اكنة مما تدعونا اليه وفي اذاننا وقر ومن بيننا وبينك حجاب فاعمل اننا عاملون",
        "قل انما انا بشر مثلكم يوحى الي انما الهكم اله واحد فاستقيموا اليه واستغفروه وويل للمشركين",
        "الذين لا يؤتون الزكاة وهم بالاخرة هم كافرون",
        "ان الذين امنوا وعملوا الصالحات لهم اجر غير ممنون",
        "قل ائنكم لتكفرون بالذي خلق الارض في يومين وتجعلون له اندادا ذلك رب العالمين",
        "وجعل فيها رواسي من فوقها وبارك فيها وقدر فيها اقواتها في اربعة ايام سواء للسائلين",
        "ثم استوى الى السماء وهي دخان فقال لها وللارض ائتيا طوعا او كرها قالتا اتينا طائعين",
        "فقضاهن سبع سماوات في يومين واوحى في كل سماء امرها وزينا السماء الدنيا بمصابيح وحفظا ذلك تقدير العزيز العليم",
        "فان اعرضوا فقل انذرتكم صاعقة مثل صاعقة عاد وثمود",
        "اذ جاءتهم الرسل من بين ايديهم ومن خلفهم الا تعبدوا الا الله قالوا لو شاء ربنا لانزل ملائكة فانا بما ارسلتم به كافرون",
        "فاما عاد فاستكبروا في الارض بغير الحق وقالوا من اشد منا قوة اولم يروا ان الله الذي خلقهم هو اشد منهم قوة وكانوا باياتنا يجحدون",
        "فارسلنا عليهم ريحا صرصرا في ايام نحسات لنذيقهم عذاب الخزي في الحياة الدنيا ولعذاب الاخرة اخزى وهم لا ينصرون",
        "واما ثمود فهديناهم فاستحبوا العمى على الهدى فاخذتهم صاعقة العذاب الهون بما كانوا يكسبون",
        "ونجينا الذين امنوا وكانوا يتقون",
        "ويوم يحشر اعداء الله الى النار فهم يوزعون",
        "حتى اذا ما جاءوها شهد عليهم سمعهم وابصارهم وجلودهم بما كانوا يعملون",
        "وقالوا لجلودهم لم شهدتم علينا قالوا انطقنا الله الذي انطق كل شيء وهو خلقكم اول مرة واليه ترجعون",
        "وما كنتم تستترون ان يشهد عليكم سمعكم ولا ابصاركم ولا جلودكم ولكن ظننتم ان الله لا يعلم كثيرا مما تعملون",
        "وذلكم ظنكم الذي ظننتم بربكم ارداكم فاصبحتم من الخاسرين",
        "فان يصبروا فالنار مثوى لهم وان يستعتبوا فما هم من المعتبين",
        "وقيضنا لهم قرناء فزينوا لهم ما بين ايديهم وما خلفهم وحق عليهم القول في امم قد خلت من قبلهم من الجن والانس انهم كانوا خاسرين",
        "وقال الذين كفروا لا تسمعوا لهذا القران والغوا فيه لعلكم تغلبون",
        "فلنذيقن الذين كفروا عذابا شديدا ولنجزينهم اسوا الذي كانوا يعملون",
        "ذلك جزاء اعداء الله النار لهم فيها دار الخلد جزاء بما كانوا باياتنا يجحدون",
        "وقال الذين كفروا ربنا ارنا اللذين اضلانا من الجن والانس نجعلهما تحت اقدامنا ليكونا من الاسفلين",
        "ان الذين قالوا ربنا الله ثم استقاموا تتنزل عليهم الملائكة الا تخافوا ولا تحزنوا وابشروا بالجنة التي كنتم توعدون",
        "نحن اولياؤكم في الحياة الدنيا وفي الاخرة ولكم فيها ما تشتهي انفسكم ولكم فيها ما تدعون",
        "نزلا من غفور رحيم",
        "ومن احسن قولا ممن دعا الى الله وعمل صالحا وقال انني من المسلمين",
        "ولا تستوي الحسنة ولا السيئة ادفع بالتي هي احسن فاذا الذي بينك وبينه عداوة كانه ولي حميم",
        "وما يلقاها الا الذين صبروا وما يلقاها الا ذو حظ عظيم",
        "واما ينزغنك من الشيطان نزغ فاستعذ بالله انه هو السميع العليم",
        "ومن اياته الليل والنهار والشمس والقمر لا تسجدوا للشمس ولا للقمر واسجدوا لله الذي خلقهن ان كنتم اياه تعبدون",
        "فان استكبروا فالذين عند ربك يسبحون له بالليل والنهار وهم لا يسامون",
        "ومن اياته انك ترى الارض خاشعة فاذا انزلنا عليها الماء اهتزت وربت ان الذي احياها لمحيي الموتى انه على كل شيء قدير",
        "ان الذين يلحدون في اياتنا لا يخفون علينا افمن يلقى في النار خير ام من ياتي امنا يوم القيامة اعملوا ما شئتم انه بما تعملون بصير",
        "ان الذين كفروا بالذكر لما جاءهم وانه لكتاب عزيز",
        "لا ياتيه الباطل من بين يديه ولا من خلفه تنزيل من حكيم حميد",
        "ما يقال لك الا ما قد قيل للرسل من قبلك ان ربك لذو مغفرة وذو عقاب اليم",
        "ولو جعلناه قرانا اعجميا لقالوا لولا فصلت اياته ااعجمي وعربي قل هو للذين امنوا هدى وشفاء والذين لا يؤمنون في اذانهم وقر وهو عليهم عمى اولئك ينادون من مكان بعيد",
        "ولقد اتينا موسى الكتاب فاختلف فيه ولولا كلمة سبقت من ربك لقضي بينهم وانهم لفي شك منه مريب",
        "من عمل صالحا فلنفسه ومن اساء فعليها وما ربك بظلام للعبيد",
        "اليه يرد علم الساعة وما تخرج من ثمرات من اكمامها وما تحمل من انثى ولا تضع الا بعلمه ويوم يناديهم اين شركائي قالوا اذناك ما منا من شهيد",
        "وضل عنهم ما كانوا يدعون من قبل وظنوا ما لهم من محيص",
        "لا يسام الانسان من دعاء الخير وان مسه الشر فيئوس قنوط",
        "ولئن اذقناه رحمة منا من بعد ضراء مسته ليقولن هذا لي وما اظن الساعة قائمة ولئن رجعت الى ربي ان لي عنده للحسنى فلننبئن الذين كفروا بما عملوا ولنذيقنهم من عذاب غليظ",
        "واذا انعمنا على الانسان اعرض وناى بجانبه واذا مسه الشر فذو دعاء عريض",
        "قل ارايتم ان كان من عند الله ثم كفرتم به من اضل ممن هو في شقاق بعيد",
        "سنريهم اياتنا في الافاق وفي انفسهم حتى يتبين لهم انه الحق اولم يكف بربك انه على كل شيء شهيد",
        "الا انهم في مرية من لقاء ربهم الا انه بكل شيء محيط"
    ]
}