{
    "surahName": "Ash-Shura",
    "surahNameArabic": "الشورى",
    "surahNameArabicLong": "سورة الشورى",
    "surahNameTranslation": "Consultation",
    "revelationPlace": "Mecca",
    "totalAyah": 53,
    "surahNo": 42,
    "english": [
        "Ḥâ-Mĩm.",
        "’Aĩn-Sĩn-Qãf.",
        "And so you ˹O Prophet˺ are sent revelation, just like those before you, by Allah—the Almighty, All-Wise.",
        "To Him belongs whatever is in the heavens and whatever is on the earth. And He is the Most High, the Greatest.",
        "The heavens nearly burst, one above the other, ˹in awe of Him˺. And the angels glorify the praises of their Lord, and seek forgiveness for those on earth. Surely Allah alone is the All-Forgiving, Most Merciful.",
        "As for those who take other protectors besides Him, Allah is Watchful over them. And you ˹O Prophet˺ are not a keeper over them.",
        "And so We have revealed to you a Quran in Arabic, so you may warn the Mother of Cities and everyone around it, and warn of the Day of Gathering—about which there is no doubt—˹when˺ a group will be in Paradise and another in the Blaze.",
        "Had Allah willed, He could have easily made all ˹humanity˺ into a single community ˹of believers˺. But He admits into His mercy whoever He wills. And the wrongdoers will have no protector or helper.",
        "How can they take protectors besides Him? Allah alone is the Protector. He ˹alone˺ gives life to the dead. And He ˹alone˺ is Most Capable of everything.",
        "˹Say to the believers, O  Prophet,˺ “Whatever you may differ about, its judgment rests with Allah. That is Allah—my Lord. In Him I put my trust, and to Him I ˹always˺ turn.”",
        "˹He is˺ the Originator of the heavens and the earth. He has made for you spouses from among yourselves, and ˹made˺ mates for cattle ˹as well˺—multiplying you ˹both˺. There is nothing like Him, for He ˹alone˺ is the All-Hearing, All-Seeing.",
        "To Him belong the keys ˹of the treasuries˺ of the heavens and the earth. He gives abundant or limited provisions to whoever He wills. Indeed, He has ˹perfect˺ knowledge of all things.",
        "He has ordained for you ˹believers˺ the Way which He decreed for Noah, and what We have revealed to you ˹O Prophet˺ and what We decreed for Abraham, Moses, and Jesus, ˹commanding:˺ “Uphold the faith, and make no divisions in it.” What you call the polytheists to is unbearable for them. Allah chooses for Himself whoever He wills, and guides to Himself whoever turns ˹to Him˺.",
        "They did not split ˹into sects˺ out of mutual envy until knowledge came to them. Had it not been for a prior decree from your Lord for an appointed term, the matter would have certainly been settled between them ˹at once˺. And surely those who were made to inherit the Scripture after them are truly in alarming doubt about this ˹Quran˺.",
        "Because of that, you ˹O Prophet˺ will invite ˹all˺. Be steadfast as you are commanded, and do not follow their desires. And say, “I believe in every Scripture Allah has revealed. And I am commanded to judge fairly among you. Allah is our Lord and your Lord. We will be accountable for our deeds and you for yours. There is no ˹need for˺ contention between us. Allah will gather us together ˹for judgment˺. And to Him is the final return.”",
        "As for those who dispute about Allah after He is ˹already˺ acknowledged ˹by many˺, their argument is futile in the sight of their Lord. Upon them is wrath, and they will suffer a severe punishment.",
        "It is Allah Who has revealed the Book with the truth and the balance ˹of justice˺. You never know, perhaps the Hour is near.",
        "Those who disbelieve in it ˹ask to˺ hasten it ˹mockingly˺. But the believers are fearful of it, knowing that it is the truth. Surely those who dispute about the Hour have gone far astray.",
        "Allah is Ever Kind to His servants. He provides ˹abundantly˺ to whoever He wills. And He is the All-Powerful, Almighty.",
        "Whoever desires the harvest of the Hereafter, We will increase their harvest. And whoever desires ˹only˺ the harvest of this world, We will give them some of it, but they will have no share in the Hereafter.",
        "Or do they have associate-gods who have ordained for them some ˹polytheistic˺ beliefs, which Allah has not authorized? Had it not been for ˹prior˺ decree on Judgment, the matter would have certainly been settled between them ˹at once˺. And surely the wrongdoers will suffer a painful punishment.",
        "You will see the wrongdoers fearful ˹of the punishment˺ for what they committed but it will be inevitable for them, whereas those who believe and do good will be in the lush Gardens of Paradise. They will have whatever they desire from their Lord. That is ˹truly˺ the greatest bounty.",
        "That ˹reward˺ is the good news which Allah gives to His servants who believe and do good. Say, ˹O Prophet,˺ “I do not ask you for a reward for this ˹message˺—only honour for ˹our˺ kinship.” Whoever earns a good deed, We will increase it in goodness for them. Surely Allah is All-Forgiving, Most Appreciative.",
        "Or do they say, “He has fabricated a lie about Allah!”? ˹If you had,˺ Allah would have sealed your heart, if He willed. And Allah wipes out falsehood and establishes the truth by His Words. He certainly knows best what is ˹hidden˺ in the heart.",
        "He is the One Who accepts repentance from His servants and pardons ˹their˺ sins. And He knows whatever you do.",
        "He responds to those who believe and do good, and increases their reward out of His grace. As for the disbelievers, they will suffer a severe punishment.",
        "Had Allah given abundant provisions to ˹all˺ His servants, they would have certainly transgressed throughout the land. But He sends down whatever He wills in perfect measure. He is truly All-Aware, All-Seeing of His servants.",
        "He is the One Who sends down rain after people have given up hope, spreading out His mercy. He is the Guardian, the Praiseworthy.",
        "And among His signs is the creation of the heavens and the earth, and all living beings He dispersed throughout both. And He is Most Capable of bringing all together whenever He wills.",
        "Whatever affliction befalls you is because of what your own hands have committed. And He pardons much.",
        "You can never escape ˹Him˺ on earth, nor do you have any protector or helper besides Allah.",
        "And among His signs are the ships like mountains ˹sailing˺ in the sea.",
        "If He wills, He can calm the wind, leaving the ships motionless on the water. Surely in this are signs for whoever is steadfast, grateful.",
        "Or He can wreck the ships for what the people have committed—though He forgives much—",
        "so those who dispute about Our signs may know that they have no refuge.",
        "Whatever ˹pleasure˺ you have been given is ˹no more than a fleeting˺ enjoyment of this worldly life. But what is with Allah is far better and more lasting for those who believe and put their trust in their Lord;",
        "who avoid major sins and shameful deeds, and forgive when angered;",
        "who respond to their Lord, establish prayer, conduct their affairs by mutual consultation, and donate from what We have provided for them;",
        "and who enforce justice when wronged.",
        "The reward of an evil deed is its equivalent. But whoever pardons and seeks reconciliation, then their reward is with Allah. He certainly does not like the wrongdoers.",
        "There is no blame on those who enforce justice after being wronged.",
        "Blame is only on those who wrong people and transgress in the land unjustly. It is they who will suffer a painful punishment.",
        "And whoever endures patiently and forgives—surely this is a resolve to aspire to.",
        "And whoever Allah leaves to stray will have no guide after Him. You will see the wrongdoers, when they face the torment, pleading, “Is there any way back ˹to the world˺?”",
        "And you will see them exposed to the Fire, fully humbled out of disgrace, stealing glances ˹at it˺. And the believers will say, “The ˹true˺ losers are those who have lost themselves and their families on Judgment Day.” The wrongdoers will certainly be in everlasting torment.",
        "They will have no protectors to help them against Allah. And whoever Allah leaves to stray, for them there is no way.",
        "Respond to your Lord before the coming of a Day from Allah that cannot be averted. There will be no refuge for you then, nor ˹grounds for˺ denial ˹of sins˺.",
        "But if they turn away, We have not sent you ˹O Prophet˺ as a keeper over them. Your duty is only to deliver ˹the message˺. And indeed, when We let someone taste a mercy from Us, they become prideful ˹because˺ of it. But when afflicted with evil because of what their hands have done, then one becomes totally ungrateful.",
        "To Allah ˹alone˺ belongs the kingdom of the heavens and the earth. He creates whatever He wills. He blesses whoever He wills with daughters, and blesses whoever He wills with sons",
        "or grants both, sons and daughters, ˹to whoever He wills˺, and leaves whoever He wills infertile. He is indeed All-Knowing, Most Capable.",
        "It is not ˹possible˺ for a human being to have Allah communicate with them, except through inspiration, or from behind a veil, or by sending a messenger-angel to reveal whatever He wills by His permission. He is surely Most High, All-Wise.",
        "And so We have sent to you ˹O Prophet˺ a revelation by Our command. You did not know of ˹this˺ Book and faith ˹before˺. But We have made it a light, by which We guide whoever We will of Our servants. And you are truly leading ˹all˺ to the Straight Path—",
        "the Path of Allah, to Whom belongs whatever is in the heavens and whatever is on the earth. Surely to Allah all matters will return ˹for judgment˺."
    ],
    "arabic1": [
        " حمٓ",
        "عٓسٓقٓ",
        "كَذَٰلِكَ يُوحِىٓ إِلَيْكَ وَإِلَى ٱلَّذِينَ مِن قَبْلِكَ ٱللَّهُ ٱلْعَزِيزُ ٱلْحَكِيمُ",
        "لَهُۥ مَا فِى ٱلسَّمَـٰوَٰتِ وَمَا فِى ٱلْأَرْضِ ۖ وَهُوَ ٱلْعَلِىُّ ٱلْعَظِيمُ",
        "تَكَادُ ٱلسَّمَـٰوَٰتُ يَتَفَطَّرْنَ مِن فَوْقِهِنَّ ۚ وَٱلْمَلَـٰٓئِكَةُ يُسَبِّحُونَ بِحَمْدِ رَبِّهِمْ وَيَسْتَغْفِرُونَ لِمَن فِى ٱلْأَرْضِ ۗ أَلَآ إِنَّ ٱللَّهَ هُوَ ٱلْغَفُورُ ٱلرَّحِيمُ",
        "وَٱلَّذِينَ ٱتَّخَذُوا۟ مِن دُونِهِۦٓ أَوْلِيَآءَ ٱللَّهُ حَفِيظٌ عَلَيْهِمْ وَمَآ أَنتَ عَلَيْهِم بِوَكِيلٍ",
        "وَكَذَٰلِكَ أَوْحَيْنَآ إِلَيْكَ قُرْءَانًا عَرَبِيًّا لِّتُنذِرَ أُمَّ ٱلْقُرَىٰ وَمَنْ حَوْلَهَا وَتُنذِرَ يَوْمَ ٱلْجَمْعِ لَا رَيْبَ فِيهِ ۚ فَرِيقٌ فِى ٱلْجَنَّةِ وَفَرِيقٌ فِى ٱلسَّعِيرِ",
        "وَلَوْ شَآءَ ٱللَّهُ لَجَعَلَهُمْ أُمَّةً وَٰحِدَةً وَلَـٰكِن يُدْخِلُ مَن يَشَآءُ فِى رَحْمَتِهِۦ ۚ وَٱلظَّـٰلِمُونَ مَا لَهُم مِّن وَلِىٍّ وَلَا نَصِيرٍ",
        "أَمِ ٱتَّخَذُوا۟ مِن دُونِهِۦٓ أَوْلِيَآءَ ۖ فَٱللَّهُ هُوَ ٱلْوَلِىُّ وَهُوَ يُحْىِ ٱلْمَوْتَىٰ وَهُوَ عَلَىٰ كُلِّ شَىْءٍ قَدِيرٌ",
        "وَمَا ٱخْتَلَفْتُمْ فِيهِ مِن شَىْءٍ فَحُكْمُهُۥٓ إِلَى ٱللَّهِ ۚ ذَٰلِكُمُ ٱللَّهُ رَبِّى عَلَيْهِ تَوَكَّلْتُ وَإِلَيْهِ أُنِيبُ",
        "فَاطِرُ ٱلسَّمَـٰوَٰتِ وَٱلْأَرْضِ ۚ جَعَلَ لَكُم مِّنْ أَنفُسِكُمْ أَزْوَٰجًا وَمِنَ ٱلْأَنْعَـٰمِ أَزْوَٰجًا ۖ يَذْرَؤُكُمْ فِيهِ ۚ لَيْسَ كَمِثْلِهِۦ شَىْءٌ ۖ وَهُوَ ٱلسَّمِيعُ ٱلْبَصِيرُ",
        "لَهُۥ مَقَالِيدُ ٱلسَّمَـٰوَٰتِ وَٱلْأَرْضِ ۖ يَبْسُطُ ٱلرِّزْقَ لِمَن يَشَآءُ وَيَقْدِرُ ۚ إِنَّهُۥ بِكُلِّ شَىْءٍ عَلِيمٌ",
        "۞ شَرَعَ لَكُم مِّنَ ٱلدِّينِ مَا وَصَّىٰ بِهِۦ نُوحًا وَٱلَّذِىٓ أَوْحَيْنَآ إِلَيْكَ وَمَا وَصَّيْنَا بِهِۦٓ إِبْرَٰهِيمَ وَمُوسَىٰ وَعِيسَىٰٓ ۖ أَنْ أَقِيمُوا۟ ٱلدِّينَ وَلَا تَتَفَرَّقُوا۟ فِيهِ ۚ كَبُرَ عَلَى ٱلْمُشْرِكِينَ مَا تَدْعُوهُمْ إِلَيْهِ ۚ ٱللَّهُ يَجْتَبِىٓ إِلَيْهِ مَن يَشَآءُ وَيَهْدِىٓ إِلَيْهِ مَن يُنِيبُ",
        "وَمَا تَفَرَّقُوٓا۟ إِلَّا مِنۢ بَعْدِ مَا جَآءَهُمُ ٱلْعِلْمُ بَغْيًۢا بَيْنَهُمْ ۚ وَلَوْلَا كَلِمَةٌ سَبَقَتْ مِن رَّبِّكَ إِلَىٰٓ أَجَلٍ مُّسَمًّى لَّقُضِىَ بَيْنَهُمْ ۚ وَإِنَّ ٱلَّذِينَ أُورِثُوا۟ ٱلْكِتَـٰبَ مِنۢ بَعْدِهِمْ لَفِى شَكٍّ مِّنْهُ مُرِيبٍ",
        "فَلِذَٰلِكَ فَٱدْعُ ۖ وَٱسْتَقِمْ كَمَآ أُمِرْتَ ۖ وَلَا تَتَّبِعْ أَهْوَآءَهُمْ ۖ وَقُلْ ءَامَنتُ بِمَآ أَنزَلَ ٱللَّهُ مِن كِتَـٰبٍ ۖ وَأُمِرْتُ لِأَعْدِلَ بَيْنَكُمُ ۖ ٱللَّهُ رَبُّنَا وَرَبُّكُمْ ۖ لَنَآ أَعْمَـٰلُنَا وَلَكُمْ أَعْمَـٰلُكُمْ ۖ لَا حُجَّةَ بَيْنَنَا وَبَيْنَكُمُ ۖ ٱللَّهُ يَجْمَعُ بَيْنَنَا ۖ وَإِلَيْهِ ٱلْمَصِيرُ",
        "وَٱلَّذِينَ يُحَآجُّونَ فِى ٱللَّهِ مِنۢ بَعْدِ مَا ٱسْتُجِيبَ لَهُۥ حُجَّتُهُمْ دَاحِضَةٌ عِندَ رَبِّهِمْ وَعَلَيْهِمْ غَضَبٌ وَلَهُمْ عَذَابٌ شَدِيدٌ",
        "ٱللَّهُ ٱلَّذِىٓ أَنزَلَ ٱلْكِتَـٰبَ بِٱلْحَقِّ وَٱلْمِيزَانَ ۗ وَمَا يُدْرِيكَ لَعَلَّ ٱلسَّاعَةَ قَرِيبٌ",
        "يَسْتَعْجِلُ بِهَا ٱلَّذِينَ لَا يُؤْمِنُونَ بِهَا ۖ وَٱلَّذِينَ ءَامَنُوا۟ مُشْفِقُونَ مِنْهَا وَيَعْلَمُونَ أَنَّهَا ٱلْحَقُّ ۗ أَلَآ إِنَّ ٱلَّذِينَ يُمَارُونَ فِى ٱلسَّاعَةِ لَفِى ضَلَـٰلٍۭ بَعِيدٍ",
        "ٱللَّهُ لَطِيفٌۢ بِعِبَادِهِۦ يَرْزُقُ مَن يَشَآءُ ۖ وَهُوَ ٱلْقَوِىُّ ٱلْعَزِيزُ",
        "مَن كَانَ يُرِيدُ حَرْثَ ٱلْـَٔاخِرَةِ نَزِدْ لَهُۥ فِى حَرْثِهِۦ ۖ وَمَن كَانَ يُرِيدُ حَرْثَ ٱلدُّنْيَا نُؤْتِهِۦ مِنْهَا وَمَا لَهُۥ فِى ٱلْـَٔاخِرَةِ مِن نَّصِيبٍ",
        "أَمْ لَهُمْ شُرَكَـٰٓؤُا۟ شَرَعُوا۟ لَهُم مِّنَ ٱلدِّينِ مَا لَمْ يَأْذَنۢ بِهِ ٱللَّهُ ۚ وَلَوْلَا كَلِمَةُ ٱلْفَصْلِ لَقُضِىَ بَيْنَهُمْ ۗ وَإِنَّ ٱلظَّـٰلِمِينَ لَهُمْ عَذَابٌ أَلِيمٌ",
        "تَرَى ٱلظَّـٰلِمِينَ مُشْفِقِينَ مِمَّا كَسَبُوا۟ وَهُوَ وَاقِعٌۢ بِهِمْ ۗ وَٱلَّذِينَ ءَامَنُوا۟ وَعَمِلُوا۟ ٱلصَّـٰلِحَـٰتِ فِى رَوْضَاتِ ٱلْجَنَّاتِ ۖ لَهُم مَّا يَشَآءُونَ عِندَ رَبِّهِمْ ۚ ذَٰلِكَ هُوَ ٱلْفَضْلُ ٱلْكَبِيرُ",
        "ذَٰلِكَ ٱلَّذِى يُبَشِّرُ ٱللَّهُ عِبَادَهُ ٱلَّذِينَ ءَامَنُوا۟ وَعَمِلُوا۟ ٱلصَّـٰلِحَـٰتِ ۗ قُل لَّآ أَسْـَٔلُكُمْ عَلَيْهِ أَجْرًا إِلَّا ٱلْمَوَدَّةَ فِى ٱلْقُرْبَىٰ ۗ وَمَن يَقْتَرِفْ حَسَنَةً نَّزِدْ لَهُۥ فِيهَا حُسْنًا ۚ إِنَّ ٱللَّهَ غَفُورٌ شَكُورٌ",
        "أَمْ يَقُولُونَ ٱفْتَرَىٰ عَلَى ٱللَّهِ كَذِبًا ۖ فَإِن يَشَإِ ٱللَّهُ يَخْتِمْ عَلَىٰ قَلْبِكَ ۗ وَيَمْحُ ٱللَّهُ ٱلْبَـٰطِلَ وَيُحِقُّ ٱلْحَقَّ بِكَلِمَـٰتِهِۦٓ ۚ إِنَّهُۥ عَلِيمٌۢ بِذَاتِ ٱلصُّدُورِ",
        "وَهُوَ ٱلَّذِى يَقْبَلُ ٱلتَّوْبَةَ عَنْ عِبَادِهِۦ وَيَعْفُوا۟ عَنِ ٱلسَّيِّـَٔاتِ وَيَعْلَمُ مَا تَفْعَلُونَ",
        "وَيَسْتَجِيبُ ٱلَّذِينَ ءَامَنُوا۟ وَعَمِلُوا۟ ٱلصَّـٰلِحَـٰتِ وَيَزِيدُهُم مِّن فَضْلِهِۦ ۚ وَٱلْكَـٰفِرُونَ لَهُمْ عَذَابٌ شَدِيدٌ",
        "۞ وَلَوْ بَسَطَ ٱللَّهُ ٱلرِّزْقَ لِعِبَادِهِۦ لَبَغَوْا۟ فِى ٱلْأَرْضِ وَلَـٰكِن يُنَزِّلُ بِقَدَرٍ مَّا يَشَآءُ ۚ إِنَّهُۥ بِعِبَادِهِۦ خَبِيرٌۢ بَصِيرٌ",
        "وَهُوَ ٱلَّذِى يُنَزِّلُ ٱلْغَيْثَ مِنۢ بَعْدِ مَا قَنَطُوا۟ وَيَنشُرُ رَحْمَتَهُۥ ۚ وَهُوَ ٱلْوَلِىُّ ٱلْحَمِيدُ",
        "وَمِنْ ءَايَـٰتِهِۦ خَلْقُ ٱلسَّمَـٰوَٰتِ وَٱلْأَرْضِ وَمَا بَثَّ فِيهِمَا مِن دَآبَّةٍ ۚ وَهُوَ عَلَىٰ جَمْعِهِمْ إِذَا يَشَآءُ قَدِيرٌ",
        "وَمَآ أَصَـٰبَكُم مِّن مُّصِيبَةٍ فَبِمَا كَسَبَتْ أَيْدِيكُمْ وَيَعْفُوا۟ عَن كَثِيرٍ",
        "وَمَآ أَنتُم بِمُعْجِزِينَ فِى ٱلْأَرْضِ ۖ وَمَا لَكُم مِّن دُونِ ٱللَّهِ مِن وَلِىٍّ وَلَا نَصِيرٍ",
        "وَمِنْ ءَايَـٰتِهِ ٱلْجَوَارِ فِى ٱلْبَحْرِ كَٱلْأَعْلَـٰمِ",
        "إِن يَشَأْ يُسْكِنِ ٱلرِّيحَ فَيَظْلَلْنَ رَوَاكِدَ عَلَىٰ ظَهْرِهِۦٓ ۚ إِنَّ فِى ذَٰلِكَ لَـَٔايَـٰتٍ لِّكُلِّ صَبَّارٍ شَكُورٍ",
        "أَوْ يُوبِقْهُنَّ بِمَا كَسَبُوا۟ وَيَعْفُ عَن كَثِيرٍ",
        "وَيَعْلَمَ ٱلَّذِينَ يُجَـٰدِلُونَ فِىٓ ءَايَـٰتِنَا مَا لَهُم مِّن مَّحِيصٍ",
        "فَمَآ أُوتِيتُم مِّن شَىْءٍ فَمَتَـٰعُ ٱلْحَيَوٰةِ ٱلدُّنْيَا ۖ وَمَا عِندَ ٱللَّهِ خَيْرٌ وَأَبْقَىٰ لِلَّذِينَ ءَامَنُوا۟ وَعَلَىٰ رَبِّهِمْ يَتَوَكَّلُونَ",
        "وَٱلَّذِينَ يَجْتَنِبُونَ كَبَـٰٓئِرَ ٱلْإِثْمِ وَٱلْفَوَٰحِشَ وَإِذَا مَا غَضِبُوا۟ هُمْ يَغْفِرُونَ",
        "وَٱلَّذِينَ ٱسْتَجَابُوا۟ لِرَبِّهِمْ وَأَقَامُوا۟ ٱلصَّلَوٰةَ وَأَمْرُهُمْ شُورَىٰ بَيْنَهُمْ وَمِمَّا رَزَقْنَـٰهُمْ يُنفِقُونَ",
        "وَٱلَّذِينَ إِذَآ أَصَابَهُمُ ٱلْبَغْىُ هُمْ يَنتَصِرُونَ",
        "وَجَزَٰٓؤُا۟ سَيِّئَةٍ سَيِّئَةٌ مِّثْلُهَا ۖ فَمَنْ عَفَا وَأَصْلَحَ فَأَجْرُهُۥ عَلَى ٱللَّهِ ۚ إِنَّهُۥ لَا يُحِبُّ ٱلظَّـٰلِمِينَ",
        "وَلَمَنِ ٱنتَصَرَ بَعْدَ ظُلْمِهِۦ فَأُو۟لَـٰٓئِكَ مَا عَلَيْهِم مِّن سَبِيلٍ",
        "إِنَّمَا ٱلسَّبِيلُ عَلَى ٱلَّذِينَ يَظْلِمُونَ ٱلنَّاسَ وَيَبْغُونَ فِى ٱلْأَرْضِ بِغَيْرِ ٱلْحَقِّ ۚ أُو۟لَـٰٓئِكَ لَهُمْ عَذَابٌ أَلِيمٌ",
        "وَلَمَن صَبَرَ وَغَفَرَ إِنَّ ذَٰلِكَ لَمِنْ عَزْمِ ٱلْأُمُورِ",
        "وَمَن يُضْلِلِ ٱللَّهُ فَمَا لَهُۥ مِن وَلِىٍّ مِّنۢ بَعْدِهِۦ ۗ وَتَرَى ٱلظَّـٰلِمِينَ لَمَّا رَأَوُا۟ ٱلْعَذَابَ يَقُولُونَ هَلْ إِلَىٰ مَرَدٍّ مِّن سَبِيلٍ",
        "وَتَرَىٰهُمْ يُعْرَضُونَ عَلَيْهَا خَـٰشِعِينَ مِنَ ٱلذُّلِّ يَنظُرُونَ مِن طَرْفٍ خَفِىٍّ ۗ وَقَالَ ٱلَّذِينَ ءَامَنُوٓا۟ إِنَّ ٱلْخَـٰسِرِينَ ٱلَّذِينَ خَسِرُوٓا۟ أَنفُسَهُمْ وَأَهْلِيهِمْ يَوْمَ ٱلْقِيَـٰمَةِ ۗ أَلَآ إِنَّ ٱلظَّـٰلِمِينَ فِى عَذَابٍ مُّقِيمٍ",
        "وَمَا كَانَ لَهُم مِّنْ أَوْلِيَآءَ يَنصُرُونَهُم مِّن دُونِ ٱللَّهِ ۗ وَمَن يُضْلِلِ ٱللَّهُ فَمَا لَهُۥ مِن سَبِيلٍ",
        "ٱسْتَجِيبُوا۟ لِرَبِّكُم مِّن قَبْلِ أَن يَأْتِىَ يَوْمٌ لَّا مَرَدَّ لَهُۥ مِنَ ٱللَّهِ ۚ مَا لَكُم مِّن مَّلْجَإٍ يَوْمَئِذٍ وَمَا لَكُم مِّن نَّكِيرٍ",
        "فَإِنْ أَعْرَضُوا۟ فَمَآ أَرْسَلْنَـٰكَ عَلَيْهِمْ حَفِيظًا ۖ إِنْ عَلَيْكَ إِلَّا ٱلْبَلَـٰغُ ۗ وَإِنَّآ إِذَآ أَذَقْنَا ٱلْإِنسَـٰنَ مِنَّا رَحْمَةً فَرِحَ بِهَا ۖ وَإِن تُصِبْهُمْ سَيِّئَةٌۢ بِمَا قَدَّمَتْ أَيْدِيهِمْ فَإِنَّ ٱلْإِنسَـٰنَ كَفُورٌ",
        "لِّلَّهِ مُلْكُ ٱلسَّمَـٰوَٰتِ وَٱلْأَرْضِ ۚ يَخْلُقُ مَا يَشَآءُ ۚ يَهَبُ لِمَن يَشَآءُ إِنَـٰثًا وَيَهَبُ لِمَن يَشَآءُ ٱلذُّكُورَ",
        "أَوْ يُزَوِّجُهُمْ ذُكْرَانًا وَإِنَـٰثًا ۖ وَيَجْعَلُ مَن يَشَآءُ عَقِيمًا ۚ إِنَّهُۥ عَلِيمٌ قَدِيرٌ",
        "۞ وَمَا كَانَ لِبَشَرٍ أَن يُكَلِّمَهُ ٱللَّهُ إِلَّا وَحْيًا أَوْ مِن وَرَآئِ حِجَابٍ أَوْ يُرْسِلَ رَسُولًا فَيُوحِىَ بِإِذْنِهِۦ مَا يَشَآءُ ۚ إِنَّهُۥ عَلِىٌّ حَكِيمٌ",
        "وَكَذَٰلِكَ أَوْحَيْنَآ إِلَيْكَ رُوحًا مِّنْ أَمْرِنَا ۚ مَا كُنتَ تَدْرِى مَا ٱلْكِتَـٰبُ وَلَا ٱلْإِيمَـٰنُ وَلَـٰكِن جَعَلْنَـٰهُ نُورًا نَّهْدِى بِهِۦ مَن نَّشَآءُ مِنْ عِبَادِنَا ۚ وَإِنَّكَ لَتَهْدِىٓ إِلَىٰ صِرَٰطٍ مُّسْتَقِيمٍ",
        "صِرَٰطِ ٱللَّهِ ٱلَّذِى لَهُۥ مَا فِى ٱلسَّمَـٰوَٰتِ وَمَا فِى ٱلْأَرْضِ ۗ أَلَآ إِلَى ٱللَّهِ تَصِيرُ ٱلْأُمُورُ"
    ],
    "arabic2": [
        "حم",
        "عسق",
        "كذلك يوحي اليك والى الذين من قبلك الله العزيز الحكيم",
        "له ما في السماوات وما في الارض وهو العلي العظيم",
        "تكاد السماوات يتفطرن من فوقهن والملائكة يسبحون بحمد ربهم ويستغفرون لمن في الارض الا ان الله هو الغفور الرحيم",
        "والذين اتخذوا من دونه اولياء الله حفيظ عليهم وما انت عليهم بوكيل",
        "وكذلك اوحينا اليك قرانا عربيا لتنذر ام القرى ومن حولها وتنذر يوم الجمع لا ريب فيه فريق في الجنة وفريق في السعير",
        "ولو شاء الله لجعلهم امة واحدة ولكن يدخل من يشاء في رحمته والظالمون ما لهم من ولي ولا نصير",
        "ام اتخذوا من دونه اولياء فالله هو الولي وهو يحيي الموتى وهو على كل شيء قدير",
        "وما اختلفتم فيه من شيء فحكمه الى الله ذلكم الله ربي عليه توكلت واليه انيب",
        "فاطر السماوات والارض جعل لكم من انفسكم ازواجا ومن الانعام ازواجا يذرؤكم فيه ليس كمثله شيء وهو السميع البصير",
        "له مقاليد السماوات والارض يبسط الرزق لمن يشاء ويقدر انه بكل شيء عليم",
        "شرع لكم من الدين ما وصى به نوحا والذي اوحينا اليك وما وصينا به ابراهيم وموسى وعيسى ان اقيموا الدين ولا تتفرقوا فيه كبر على المشركين ما تدعوهم اليه الله يجتبي اليه من يشاء ويهدي اليه من ينيب",
        "وما تفرقوا الا من بعد ما جاءهم العلم بغيا بينهم ولولا كلمة سبقت من ربك الى اجل مسمى لقضي بينهم وان الذين اورثوا الكتاب من بعدهم لفي شك منه مريب",
        "فلذلك فادع واستقم كما امرت ولا تتبع اهواءهم وقل امنت بما انزل الله من كتاب وامرت لاعدل بينكم الله ربنا وربكم لنا اعمالنا ولكم اعمالكم لا حجة بيننا وبينكم الله يجمع بيننا واليه المصير",
        "والذين يحاجون في الله من بعد ما استجيب له حجتهم داحضة عند ربهم وعليهم غضب ولهم عذاب شديد",
        "الله الذي انزل الكتاب بالحق والميزان وما يدريك لعل الساعة قريب",
        "يستعجل بها الذين لا يؤمنون بها والذين امنوا مشفقون منها ويعلمون انها الحق الا ان الذين يمارون في الساعة لفي ضلال بعيد",
        "الله لطيف بعباده يرزق من يشاء وهو القوي العزيز",
        "من كان يريد حرث الاخرة نزد له في حرثه ومن كان يريد حرث الدنيا نؤته منها وما له في الاخرة من نصيب",
        "ام لهم شركاء شرعوا لهم من الدين ما لم ياذن به الله ولولا كلمة الفصل لقضي بينهم وان الظالمين لهم عذاب اليم",
        "ترى الظالمين مشفقين مما كسبوا وهو واقع بهم والذين امنوا وعملوا الصالحات في روضات الجنات لهم ما يشاءون عند ربهم ذلك هو الفضل الكبير",
        "ذلك الذي يبشر الله عباده الذين امنوا وعملوا الصالحات قل لا اسالكم عليه اجرا الا المودة في القربى ومن يقترف حسنة نزد له فيها حسنا ان الله غفور شكور",
        "ام يقولون افترى على الله كذبا فان يشا الله يختم على قلبك ويمح الله الباطل ويحق الحق بكلماته انه عليم بذات الصدور",
        "وهو الذي يقبل التوبة عن عباده ويعفو عن السيئات ويعلم ما تفعلون",
        "ويستجيب الذين امنوا وعملوا الصالحات ويزيدهم من فضله والكافرون لهم عذاب شديد",
        "ولو بسط الله الرزق لعباده لبغوا في الارض ولكن ينزل بقدر ما يشاء انه بعباده خبير بصير",
        "وهو الذي ينزل الغيث من بعد ما قنطوا وينشر رحمته وهو الولي الحميد",
        "ومن اياته خلق السماوات والارض وما بث فيهما من دابة وهو على جمعهم اذا يشاء قدير",
        "وما اصابكم من مصيبة فبما كسبت ايديكم ويعفو عن كثير",
        "وما انتم بمعجزين في الارض وما لكم من دون الله من ولي ولا نصير",
        "ومن اياته الجوار في البحر كالاعلام",
        "ان يشا يسكن الريح فيظللن رواكد على ظهره ان في ذلك لايات لكل صبار شكور",
        "او يوبقهن بما كسبوا ويعف عن كثير",
        "ويعلم الذين يجادلون في اياتنا ما لهم من محيص",
        "فما اوتيتم من شيء فمتاع الحياة الدنيا وما عند الله خير وابقى للذين امنوا وعلى ربهم يتوكلون",
        "والذين يجتنبون كبائر الاثم والفواحش واذا ما غضبوا هم يغفرون",
        "والذين استجابوا لربهم واقاموا الصلاة وامرهم شورى بينهم ومما رزقناهم ينفقون",
        "والذين اذا اصابهم البغي هم ينتصرون",
        "وجزاء سيئة سيئة مثلها فمن عفا واصلح فاجره على الله انه لا يحب الظالمين",
        "ولمن انتصر بعد ظلمه فاولئك ما عليهم من سبيل",
        "انما السبيل على الذين يظلمون الناس ويبغون في الارض بغير الحق اولئك لهم عذاب اليم",
        "ولمن صبر وغفر ان ذلك لمن عزم الامور",
        "ومن يضلل الله فما له من ولي من بعده وترى الظالمين لما راوا العذاب يقولون هل الى مرد من سبيل",
        "وتراهم يعرضون عليها خاشعين من الذل ينظرون من طرف خفي وقال الذين امنوا ان الخاسرين الذين خسروا انفسهم واهليهم يوم القيامة الا ان الظالمين في عذاب مقيم",
        "وما كان لهم من اولياء ينصرونهم من دون الله ومن يضلل الله فما له من سبيل",
        "استجيبوا لربكم من قبل ان ياتي يوم لا مرد له من الله ما لكم من ملجا يومئذ وما لكم من نكير",
        "فان اعرضوا فما ارسلناك عليهم حفيظا ان عليك الا البلاغ وانا اذا اذقنا الانسان منا رحمة فرح بها وان تصبهم سيئة بما قدمت ايديهم فان الانسان كفور",
        "لله ملك السماوات والارض يخلق ما يشاء يهب لمن يشاء اناثا ويهب لمن يشاء الذكور",
        "او يزوجهم ذكرانا واناثا ويجعل من يشاء عقيما انه عليم قدير",
        "وما كان لبشر ان يكلمه الله الا وحيا او من وراء حجاب او يرسل رسولا فيوحي باذنه ما يشاء انه علي حكيم",
        "وكذلك اوحينا اليك روحا من امرنا ما كنت تدري ما الكتاب ولا الايمان ولكن جعلناه نورا نهدي به من نشاء من عبادنا وانك لتهدي الى صراط مستقيم",
        "صراط الله الذي له ما في السماوات وما في الارض الا الى الله تصير الامور"
    ]
}