{
    "surahName": "Az-Zukhruf",
    "surahNameArabic": "الزخرف",
    "surahNameArabicLong": "سورة الزخرف",
    "surahNameTranslation": "Ornaments of gold",
    "revelationPlace": "Mecca",
    "totalAyah": 89,
    "surahNo": 43,
    "english": [
        "Ḥâ-Mĩm.",
        "By the clear Book!",
        "Certainly, We have made it a Quran in Arabic so perhaps you will understand.",
        "And indeed, it is—in the Master Record with Us—highly esteemed, rich in wisdom.",
        "Should We then turn the ˹Quranic˺ Reminder away from you ˹simply˺ because you have been a transgressing people?",
        "˹Imagine˺ how many prophets We sent to those ˹destroyed˺ before!",
        "But no prophet ever came to them without being mocked.",
        "So We destroyed those who were far mightier than these ˹Meccans˺. The examples of ˹their˺ predecessors have ˹already˺ been related.",
        "If you ask them ˹O Prophet˺ who created the heavens and the earth, they will certainly say, “The Almighty, All-Knowing did.”",
        "˹He is the One˺ Who has laid out the earth for you, and set in it pathways for you so that you may find your way.",
        "And ˹He is the One˺ Who sends down rain from the sky in perfect measure, with which We give life to a lifeless land. And so will you be brought forth ˹from the grave˺.",
        "And ˹He is the One˺ Who created all ˹things in˺ pairs, and made for you ships and animals to ride",
        "so that you may sit firmly on their backs, and remember your Lord’s blessings once you are settled on them, saying, “Glory be to the One Who has subjected these for us, for we could have never done so ˹on our own˺.",
        "And surely to our Lord we will ˹all˺ return.”",
        "Still the pagans have made some of His creation out to be a part of Him. Indeed, humankind is clearly ungrateful.",
        "Has He taken ˹angels as His˺ daughters from what He created, and favoured you ˹O pagans˺ with sons?",
        "Whenever one of them is given the good news of what they attribute to the Most Compassionate, his face grows gloomy, as he suppresses his rage.",
        "˹Do they attribute to Him˺ those who are brought up in fineries and are not commanding in disputes?",
        "Still they have labelled the angels, who are servants of the Most Compassionate, as female. Did they witness their creation? Their statement will be recorded, and they will be questioned!",
        "And they argue, “Had the Most Compassionate willed, we would have never worshipped them.” They have no knowledge ˹in support˺ of this ˹claim˺. They do nothing but lie.",
        "Or have We given them a Book ˹for proof˺, before this ˹Quran˺, to which they are holding firm?",
        "In fact, they say, “We found our forefathers following a ˹particular˺ way, and we are following in their footsteps.”",
        "Similarly, whenever We sent a warner to a society before you ˹O Prophet˺, its ˹spoiled˺ elite would say, “We found our forefathers following a ˹particular˺ way, and we are walking in their footsteps.”",
        "Each ˹warner˺ asked, “Even if what I brought you is better guidance than what you found your forefathers practicing?” They replied, “We totally reject whatever you have been sent with.”",
        "So We inflicted punishment upon them. See then what was the fate of the deniers!",
        "˹Remember, O  Prophet˺ when Abraham declared to his father and his people, “I am totally free of whatever ˹gods˺ you worship",
        "except the One Who originated me, and He will surely guide me.”",
        "And he left this enduring declaration among his descendants, so they may ˹always˺ turn back ˹to Allah˺.",
        "In fact, I had allowed enjoyment for these ˹Meccans˺ and their forefathers, until the truth came to them along with a messenger making things clear.",
        "˹But˺ when the truth came to them, they said, “This is magic, and we totally reject it.”",
        "And they exclaimed, “If only this Quran was revealed to a great man from ˹one of˺ the two cities!”",
        "Is it they who distribute your Lord’s mercy? We ˹alone˺ have distributed their ˹very˺ livelihood among them in this worldly life and raised some of them in rank above others so that some may employ others in service. ˹But˺ your Lord’s mercy is far better than whatever ˹wealth˺ they amass.",
        "Were it not that people might ˹be tempted to˺ become one community ˹of disbelievers˺, We would have supplied the homes of ˹only˺ those who disbelieve in the Most Compassionate with silver roofs and ˹silver˺ stairways to ascend",
        "as well as ˹silver˺ gates and thrones to recline on",
        "and ornaments ˹of gold˺. Yet all this is no more than a ˹fleeting˺ enjoyment in this worldly life. ˹But˺ the Hereafter with your Lord is ˹only˺ for those mindful ˹of Him˺.",
        "And whoever turns a blind eye to the Reminder of the Most Compassionate, We place at the disposal of each a devilish one as their close associate",
        "who will certainly hinder them from the ˹Right˺ Way while they think they are ˹rightly˺ guided.",
        "But when such a person comes to Us, one will say ˹to their associate˺, “I wish you were as distant from me as the east is from the west! What an evil associate ˹you were˺!”",
        "˹It will be said to both,˺ “Since you all did wrong, sharing in the punishment will be of no benefit to you this Day.”",
        "Can you make the deaf hear, or guide the blind or those clearly astray?",
        "Even if We take you away ˹from this world˺, We will surely inflict punishment upon them.",
        "Or if We show you what We threaten them with, We certainly have full power over them.",
        "So hold firmly to what has been revealed to you ˹O Prophet˺. You are truly on the Straight Path.",
        "Surely this ˹Quran˺ is a glory for you and your people. And you will ˹all˺ be questioned ˹about it˺.",
        "Ask ˹the followers of˺ the messengers that We already sent before you if We ˹ever˺ appointed ˹other˺ gods to be worshipped besides the Most Compassionate.",
        "Indeed, We sent Moses with Our signs to Pharaoh and his chiefs, and he said: “I am a messenger of the Lord of all worlds.”",
        "But as soon as he came to them with Our signs, they laughed at them",
        "although every sign We showed them was greater than the one before. Ultimately, We seized them with torments so that they might return ˹to the Right Path˺.",
        "˹Then˺ they pleaded, “O ˹mighty˺ magician! Pray to your Lord on our behalf, by virtue of the covenant He made with you. We will certainly accept guidance.”",
        "But as soon as We removed the torments from them, they broke their promise.",
        "And Pharaoh called out to his people, boasting, “O my people! Am I not sovereign over Egypt as well as ˹all˺ these streams flowing at my feet? Can you not see?",
        "Am I not better than this nobody who can hardly express himself?",
        "Why then have no golden bracelets ˹of kingship˺ been granted to him or angels come with him as escorts!”",
        "And so he fooled his people, and they obeyed him. They were truly a rebellious people.",
        "So when they enraged Us, We inflicted punishment upon them, drowning them all.",
        "And We made them an example and a lesson for those after them.",
        "When the son of Mary was cited as an example ˹in argument˺, your people ˹O Prophet˺ broke into ˹joyful˺ applause.",
        "They exclaimed, “Which is better: our gods or Jesus?” They cite him only to argue. In fact, they are a people prone to dispute.",
        "He was only a servant We showed favour to, and made as an example for the Children of Israel.",
        "Had We willed, We could have easily replaced you ˹all˺ with angels, succeeding one another on earth.",
        "And his ˹second˺ coming is truly a sign for the Hour. So have no doubt about it, and follow me. This is the Straight Path.",
        "And do not let Satan hinder you, ˹for˺ he is certainly your sworn enemy.",
        "When Jesus came with clear proofs, he declared, “I have come to you with wisdom, and to clarify to you some of what you differ about. So fear Allah, and obey me.",
        "Surely Allah ˹alone˺ is my Lord and your Lord, so worship Him ˹alone˺. This is the Straight Path.”",
        "Yet their ˹various˺ groups have differed among themselves ˹about him˺, so woe to the wrongdoers when they face the torment of a painful Day!",
        "Are they waiting for the Hour to take them by surprise when they least expect ˹it˺?",
        "Close friends will be enemies to one another on that Day, except the righteous",
        "˹who will be told,˺ “O My servants! There is no fear for you Today, nor will you grieve—",
        "˹those˺ who believed in Our signs and ˹fully˺ submitted ˹to Us˺.",
        "Enter Paradise, you and your spouses, rejoicing.”",
        "Golden trays and cups will be passed around to them. There will be whatever the souls desire and the eyes delight in. And you will be there forever.",
        "That is the Paradise which you will be awarded for what you used to do.",
        "There you will have abundant fruit to eat from.",
        "Indeed, the wicked will be in the torment of Hell forever.",
        "It will never be lightened for them, and there they will be overwhelmed with despair.",
        "We did not wrong them, but it was they who were the wrongdoers.",
        "They will cry, “O Mâlik! Let your Lord finish us off.” He will answer, “You are definitely here to stay.”",
        "We certainly brought the truth to you, but most of you were resentful of the truth.",
        "Or have they mastered some ˹evil˺ plan? Then We ˹too˺ are surely planning.",
        "Or do they think that We do not hear their ˹evil˺ thoughts and secret talks? Yes ˹We do˺! And Our messenger-angels are in their presence, recording ˹it all˺.",
        "Say, ˹O Prophet,˺ “If the Most Compassionate ˹really˺ had offspring, I would be the first worshipper.”",
        "Glorified is the Lord of the heavens and the earth, the Lord of the Throne, far above what they claim.",
        "So let them indulge ˹in falsehood˺ and amuse ˹themselves˺ until they face their Day, which they have been warned of.",
        "It is He Who is ˹the only˺ God in the heavens and ˹the only˺ God on the earth. For He is the All-Wise, All-Knowing.",
        "And Blessed is the One to Whom belongs the kingdom of the heavens and the earth and everything in between! With Him ˹alone˺ is the knowledge of the Hour. And to Him you will ˹all˺ be returned.",
        "˹But˺ those ˹objects of worship˺ they invoke besides Him have no power to intercede, except those who testify to the truth knowingly.",
        "If you ask them ˹O Prophet˺ who created them, they will certainly say, “Allah!” How can they then be deluded ˹from the truth˺?",
        "˹Allah is Aware of˺ the Prophet’s cry: “O my Lord! Indeed, these are a people who persist in disbelief.”",
        "So bear with them and respond with peace. They will soon come to know."
    ],
    "arabic1": [
        " حمٓ",
        "وَٱلْكِتَـٰبِ ٱلْمُبِينِ",
        "إِنَّا جَعَلْنَـٰهُ قُرْءَٰنًا عَرَبِيًّا لَّعَلَّكُمْ تَعْقِلُونَ",
        "وَإِنَّهُۥ فِىٓ أُمِّ ٱلْكِتَـٰبِ لَدَيْنَا لَعَلِىٌّ حَكِيمٌ",
        "أَفَنَضْرِبُ عَنكُمُ ٱلذِّكْرَ صَفْحًا أَن كُنتُمْ قَوْمًا مُّسْرِفِينَ",
        "وَكَمْ أَرْسَلْنَا مِن نَّبِىٍّ فِى ٱلْأَوَّلِينَ",
        "وَمَا يَأْتِيهِم مِّن نَّبِىٍّ إِلَّا كَانُوا۟ بِهِۦ يَسْتَهْزِءُونَ",
        "فَأَهْلَكْنَآ أَشَدَّ مِنْهُم بَطْشًا وَمَضَىٰ مَثَلُ ٱلْأَوَّلِينَ",
        "وَلَئِن سَأَلْتَهُم مَّنْ خَلَقَ ٱلسَّمَـٰوَٰتِ وَٱلْأَرْضَ لَيَقُولُنَّ خَلَقَهُنَّ ٱلْعَزِيزُ ٱلْعَلِيمُ",
        "ٱلَّذِى جَعَلَ لَكُمُ ٱلْأَرْضَ مَهْدًا وَجَعَلَ لَكُمْ فِيهَا سُبُلًا لَّعَلَّكُمْ تَهْتَدُونَ",
        "وَٱلَّذِى نَزَّلَ مِنَ ٱلسَّمَآءِ مَآءًۢ بِقَدَرٍ فَأَنشَرْنَا بِهِۦ بَلْدَةً مَّيْتًا ۚ كَذَٰلِكَ تُخْرَجُونَ",
        "وَٱلَّذِى خَلَقَ ٱلْأَزْوَٰجَ كُلَّهَا وَجَعَلَ لَكُم مِّنَ ٱلْفُلْكِ وَٱلْأَنْعَـٰمِ مَا تَرْكَبُونَ",
        "لِتَسْتَوُۥا۟ عَلَىٰ ظُهُورِهِۦ ثُمَّ تَذْكُرُوا۟ نِعْمَةَ رَبِّكُمْ إِذَا ٱسْتَوَيْتُمْ عَلَيْهِ وَتَقُولُوا۟ سُبْحَـٰنَ ٱلَّذِى سَخَّرَ لَنَا هَـٰذَا وَمَا كُنَّا لَهُۥ مُقْرِنِينَ",
        "وَإِنَّآ إِلَىٰ رَبِّنَا لَمُنقَلِبُونَ",
        "وَجَعَلُوا۟ لَهُۥ مِنْ عِبَادِهِۦ جُزْءًا ۚ إِنَّ ٱلْإِنسَـٰنَ لَكَفُورٌ مُّبِينٌ",
        "أَمِ ٱتَّخَذَ مِمَّا يَخْلُقُ بَنَاتٍ وَأَصْفَىٰكُم بِٱلْبَنِينَ",
        "وَإِذَا بُشِّرَ أَحَدُهُم بِمَا ضَرَبَ لِلرَّحْمَـٰنِ مَثَلًا ظَلَّ وَجْهُهُۥ مُسْوَدًّا وَهُوَ كَظِيمٌ",
        "أَوَمَن يُنَشَّؤُا۟ فِى ٱلْحِلْيَةِ وَهُوَ فِى ٱلْخِصَامِ غَيْرُ مُبِينٍ",
        "وَجَعَلُوا۟ ٱلْمَلَـٰٓئِكَةَ ٱلَّذِينَ هُمْ عِبَـٰدُ ٱلرَّحْمَـٰنِ إِنَـٰثًا ۚ أَشَهِدُوا۟ خَلْقَهُمْ ۚ سَتُكْتَبُ شَهَـٰدَتُهُمْ وَيُسْـَٔلُونَ",
        "وَقَالُوا۟ لَوْ شَآءَ ٱلرَّحْمَـٰنُ مَا عَبَدْنَـٰهُم ۗ مَّا لَهُم بِذَٰلِكَ مِنْ عِلْمٍ ۖ إِنْ هُمْ إِلَّا يَخْرُصُونَ",
        "أَمْ ءَاتَيْنَـٰهُمْ كِتَـٰبًا مِّن قَبْلِهِۦ فَهُم بِهِۦ مُسْتَمْسِكُونَ",
        "بَلْ قَالُوٓا۟ إِنَّا وَجَدْنَآ ءَابَآءَنَا عَلَىٰٓ أُمَّةٍ وَإِنَّا عَلَىٰٓ ءَاثَـٰرِهِم مُّهْتَدُونَ",
        "وَكَذَٰلِكَ مَآ أَرْسَلْنَا مِن قَبْلِكَ فِى قَرْيَةٍ مِّن نَّذِيرٍ إِلَّا قَالَ مُتْرَفُوهَآ إِنَّا وَجَدْنَآ ءَابَآءَنَا عَلَىٰٓ أُمَّةٍ وَإِنَّا عَلَىٰٓ ءَاثَـٰرِهِم مُّقْتَدُونَ",
        "۞ قَـٰلَ أَوَلَوْ جِئْتُكُم بِأَهْدَىٰ مِمَّا وَجَدتُّمْ عَلَيْهِ ءَابَآءَكُمْ ۖ قَالُوٓا۟ إِنَّا بِمَآ أُرْسِلْتُم بِهِۦ كَـٰفِرُونَ",
        "فَٱنتَقَمْنَا مِنْهُمْ ۖ فَٱنظُرْ كَيْفَ كَانَ عَـٰقِبَةُ ٱلْمُكَذِّبِينَ",
        "وَإِذْ قَالَ إِبْرَٰهِيمُ لِأَبِيهِ وَقَوْمِهِۦٓ إِنَّنِى بَرَآءٌ مِّمَّا تَعْبُدُونَ",
        "إِلَّا ٱلَّذِى فَطَرَنِى فَإِنَّهُۥ سَيَهْدِينِ",
        "وَجَعَلَهَا كَلِمَةًۢ بَاقِيَةً فِى عَقِبِهِۦ لَعَلَّهُمْ يَرْجِعُونَ",
        "بَلْ مَتَّعْتُ هَـٰٓؤُلَآءِ وَءَابَآءَهُمْ حَتَّىٰ جَآءَهُمُ ٱلْحَقُّ وَرَسُولٌ مُّبِينٌ",
        "وَلَمَّا جَآءَهُمُ ٱلْحَقُّ قَالُوا۟ هَـٰذَا سِحْرٌ وَإِنَّا بِهِۦ كَـٰفِرُونَ",
        "وَقَالُوا۟ لَوْلَا نُزِّلَ هَـٰذَا ٱلْقُرْءَانُ عَلَىٰ رَجُلٍ مِّنَ ٱلْقَرْيَتَيْنِ عَظِيمٍ",
        "أَهُمْ يَقْسِمُونَ رَحْمَتَ رَبِّكَ ۚ نَحْنُ قَسَمْنَا بَيْنَهُم مَّعِيشَتَهُمْ فِى ٱلْحَيَوٰةِ ٱلدُّنْيَا ۚ وَرَفَعْنَا بَعْضَهُمْ فَوْقَ بَعْضٍ دَرَجَـٰتٍ لِّيَتَّخِذَ بَعْضُهُم بَعْضًا سُخْرِيًّا ۗ وَرَحْمَتُ رَبِّكَ خَيْرٌ مِّمَّا يَجْمَعُونَ",
        "وَلَوْلَآ أَن يَكُونَ ٱلنَّاسُ أُمَّةً وَٰحِدَةً لَّجَعَلْنَا لِمَن يَكْفُرُ بِٱلرَّحْمَـٰنِ لِبُيُوتِهِمْ سُقُفًا مِّن فِضَّةٍ وَمَعَارِجَ عَلَيْهَا يَظْهَرُونَ",
        "وَلِبُيُوتِهِمْ أَبْوَٰبًا وَسُرُرًا عَلَيْهَا يَتَّكِـُٔونَ",
        "وَزُخْرُفًا ۚ وَإِن كُلُّ ذَٰلِكَ لَمَّا مَتَـٰعُ ٱلْحَيَوٰةِ ٱلدُّنْيَا ۚ وَٱلْـَٔاخِرَةُ عِندَ رَبِّكَ لِلْمُتَّقِينَ",
        "وَمَن يَعْشُ عَن ذِكْرِ ٱلرَّحْمَـٰنِ نُقَيِّضْ لَهُۥ شَيْطَـٰنًا فَهُوَ لَهُۥ قَرِينٌ",
        "وَإِنَّهُمْ لَيَصُدُّونَهُمْ عَنِ ٱلسَّبِيلِ وَيَحْسَبُونَ أَنَّهُم مُّهْتَدُونَ",
        "حَتَّىٰٓ إِذَا جَآءَنَا قَالَ يَـٰلَيْتَ بَيْنِى وَبَيْنَكَ بُعْدَ ٱلْمَشْرِقَيْنِ فَبِئْسَ ٱلْقَرِينُ",
        "وَلَن يَنفَعَكُمُ ٱلْيَوْمَ إِذ ظَّلَمْتُمْ أَنَّكُمْ فِى ٱلْعَذَابِ مُشْتَرِكُونَ",
        "أَفَأَنتَ تُسْمِعُ ٱلصُّمَّ أَوْ تَهْدِى ٱلْعُمْىَ وَمَن كَانَ فِى ضَلَـٰلٍ مُّبِينٍ",
        "فَإِمَّا نَذْهَبَنَّ بِكَ فَإِنَّا مِنْهُم مُّنتَقِمُونَ",
        "أَوْ نُرِيَنَّكَ ٱلَّذِى وَعَدْنَـٰهُمْ فَإِنَّا عَلَيْهِم مُّقْتَدِرُونَ",
        "فَٱسْتَمْسِكْ بِٱلَّذِىٓ أُوحِىَ إِلَيْكَ ۖ إِنَّكَ عَلَىٰ صِرَٰطٍ مُّسْتَقِيمٍ",
        "وَإِنَّهُۥ لَذِكْرٌ لَّكَ وَلِقَوْمِكَ ۖ وَسَوْفَ تُسْـَٔلُونَ",
        "وَسْـَٔلْ مَنْ أَرْسَلْنَا مِن قَبْلِكَ مِن رُّسُلِنَآ أَجَعَلْنَا مِن دُونِ ٱلرَّحْمَـٰنِ ءَالِهَةً يُعْبَدُونَ",
        "وَلَقَدْ أَرْسَلْنَا مُوسَىٰ بِـَٔايَـٰتِنَآ إِلَىٰ فِرْعَوْنَ وَمَلَإِي۟هِۦ فَقَالَ إِنِّى رَسُولُ رَبِّ ٱلْعَـٰلَمِينَ",
        "فَلَمَّا جَآءَهُم بِـَٔايَـٰتِنَآ إِذَا هُم مِّنْهَا يَضْحَكُونَ",
        "وَمَا نُرِيهِم مِّنْ ءَايَةٍ إِلَّا هِىَ أَكْبَرُ مِنْ أُخْتِهَا ۖ وَأَخَذْنَـٰهُم بِٱلْعَذَابِ لَعَلَّهُمْ يَرْجِعُونَ",
        "وَقَالُوا۟ يَـٰٓأَيُّهَ ٱلسَّاحِرُ ٱدْعُ لَنَا رَبَّكَ بِمَا عَهِدَ عِندَكَ إِنَّنَا لَمُهْتَدُونَ",
        "فَلَمَّا كَشَفْنَا عَنْهُمُ ٱلْعَذَابَ إِذَا هُمْ يَنكُثُونَ",
        "وَنَادَىٰ فِرْعَوْنُ فِى قَوْمِهِۦ قَالَ يَـٰقَوْمِ أَلَيْسَ لِى مُلْكُ مِصْرَ وَهَـٰذِهِ ٱلْأَنْهَـٰرُ تَجْرِى مِن تَحْتِىٓ ۖ أَفَلَا تُبْصِرُونَ",
        "أَمْ أَنَا۠ خَيْرٌ مِّنْ هَـٰذَا ٱلَّذِى هُوَ مَهِينٌ وَلَا يَكَادُ يُبِينُ",
        "فَلَوْلَآ أُلْقِىَ عَلَيْهِ أَسْوِرَةٌ مِّن ذَهَبٍ أَوْ جَآءَ مَعَهُ ٱلْمَلَـٰٓئِكَةُ مُقْتَرِنِينَ",
        "فَٱسْتَخَفَّ قَوْمَهُۥ فَأَطَاعُوهُ ۚ إِنَّهُمْ كَانُوا۟ قَوْمًا فَـٰسِقِينَ",
        "فَلَمَّآ ءَاسَفُونَا ٱنتَقَمْنَا مِنْهُمْ فَأَغْرَقْنَـٰهُمْ أَجْمَعِينَ",
        "فَجَعَلْنَـٰهُمْ سَلَفًا وَمَثَلًا لِّلْـَٔاخِرِينَ",
        "۞ وَلَمَّا ضُرِبَ ٱبْنُ مَرْيَمَ مَثَلًا إِذَا قَوْمُكَ مِنْهُ يَصِدُّونَ",
        "وَقَالُوٓا۟ ءَأَـٰلِهَتُنَا خَيْرٌ أَمْ هُوَ ۚ مَا ضَرَبُوهُ لَكَ إِلَّا جَدَلًۢا ۚ بَلْ هُمْ قَوْمٌ خَصِمُونَ",
        "إِنْ هُوَ إِلَّا عَبْدٌ أَنْعَمْنَا عَلَيْهِ وَجَعَلْنَـٰهُ مَثَلًا لِّبَنِىٓ إِسْرَٰٓءِيلَ",
        "وَلَوْ نَشَآءُ لَجَعَلْنَا مِنكُم مَّلَـٰٓئِكَةً فِى ٱلْأَرْضِ يَخْلُفُونَ",
        "وَإِنَّهُۥ لَعِلْمٌ لِّلسَّاعَةِ فَلَا تَمْتَرُنَّ بِهَا وَٱتَّبِعُونِ ۚ هَـٰذَا صِرَٰطٌ مُّسْتَقِيمٌ",
        "وَلَا يَصُدَّنَّكُمُ ٱلشَّيْطَـٰنُ ۖ إِنَّهُۥ لَكُمْ عَدُوٌّ مُّبِينٌ",
        "وَلَمَّا جَآءَ عِيسَىٰ بِٱلْبَيِّنَـٰتِ قَالَ قَدْ جِئْتُكُم بِٱلْحِكْمَةِ وَلِأُبَيِّنَ لَكُم بَعْضَ ٱلَّذِى تَخْتَلِفُونَ فِيهِ ۖ فَٱتَّقُوا۟ ٱللَّهَ وَأَطِيعُونِ",
        "إِنَّ ٱللَّهَ هُوَ رَبِّى وَرَبُّكُمْ فَٱعْبُدُوهُ ۚ هَـٰذَا صِرَٰطٌ مُّسْتَقِيمٌ",
        "فَٱخْتَلَفَ ٱلْأَحْزَابُ مِنۢ بَيْنِهِمْ ۖ فَوَيْلٌ لِّلَّذِينَ ظَلَمُوا۟ مِنْ عَذَابِ يَوْمٍ أَلِيمٍ",
        "هَلْ يَنظُرُونَ إِلَّا ٱلسَّاعَةَ أَن تَأْتِيَهُم بَغْتَةً وَهُمْ لَا يَشْعُرُونَ",
        "ٱلْأَخِلَّآءُ يَوْمَئِذٍۭ بَعْضُهُمْ لِبَعْضٍ عَدُوٌّ إِلَّا ٱلْمُتَّقِينَ",
        "يَـٰعِبَادِ لَا خَوْفٌ عَلَيْكُمُ ٱلْيَوْمَ وَلَآ أَنتُمْ تَحْزَنُونَ",
        "ٱلَّذِينَ ءَامَنُوا۟ بِـَٔايَـٰتِنَا وَكَانُوا۟ مُسْلِمِينَ",
        "ٱدْخُلُوا۟ ٱلْجَنَّةَ أَنتُمْ وَأَزْوَٰجُكُمْ تُحْبَرُونَ",
        "يُطَافُ عَلَيْهِم بِصِحَافٍ مِّن ذَهَبٍ وَأَكْوَابٍ ۖ وَفِيهَا مَا تَشْتَهِيهِ ٱلْأَنفُسُ وَتَلَذُّ ٱلْأَعْيُنُ ۖ وَأَنتُمْ فِيهَا خَـٰلِدُونَ",
        "وَتِلْكَ ٱلْجَنَّةُ ٱلَّتِىٓ أُورِثْتُمُوهَا بِمَا كُنتُمْ تَعْمَلُونَ",
        "لَكُمْ فِيهَا فَـٰكِهَةٌ كَثِيرَةٌ مِّنْهَا تَأْكُلُونَ",
        "إِنَّ ٱلْمُجْرِمِينَ فِى عَذَابِ جَهَنَّمَ خَـٰلِدُونَ",
        "لَا يُفَتَّرُ عَنْهُمْ وَهُمْ فِيهِ مُبْلِسُونَ",
        "وَمَا ظَلَمْنَـٰهُمْ وَلَـٰكِن كَانُوا۟ هُمُ ٱلظَّـٰلِمِينَ",
        "وَنَادَوْا۟ يَـٰمَـٰلِكُ لِيَقْضِ عَلَيْنَا رَبُّكَ ۖ قَالَ إِنَّكُم مَّـٰكِثُونَ",
        "لَقَدْ جِئْنَـٰكُم بِٱلْحَقِّ وَلَـٰكِنَّ أَكْثَرَكُمْ لِلْحَقِّ كَـٰرِهُونَ",
        "أَمْ أَبْرَمُوٓا۟ أَمْرًا فَإِنَّا مُبْرِمُونَ",
        "أَمْ يَحْسَبُونَ أَنَّا لَا نَسْمَعُ سِرَّهُمْ وَنَجْوَىٰهُم ۚ بَلَىٰ وَرُسُلُنَا لَدَيْهِمْ يَكْتُبُونَ",
        "قُلْ إِن كَانَ لِلرَّحْمَـٰنِ وَلَدٌ فَأَنَا۠ أَوَّلُ ٱلْعَـٰبِدِينَ",
        "سُبْحَـٰنَ رَبِّ ٱلسَّمَـٰوَٰتِ وَٱلْأَرْضِ رَبِّ ٱلْعَرْشِ عَمَّا يَصِفُونَ",
        "فَذَرْهُمْ يَخُوضُوا۟ وَيَلْعَبُوا۟ حَتَّىٰ يُلَـٰقُوا۟ يَوْمَهُمُ ٱلَّذِى يُوعَدُونَ",
        "وَهُوَ ٱلَّذِى فِى ٱلسَّمَآءِ إِلَـٰهٌ وَفِى ٱلْأَرْضِ إِلَـٰهٌ ۚ وَهُوَ ٱلْحَكِيمُ ٱلْعَلِيمُ",
        "وَتَبَارَكَ ٱلَّذِى لَهُۥ مُلْكُ ٱلسَّمَـٰوَٰتِ وَٱلْأَرْضِ وَمَا بَيْنَهُمَا وَعِندَهُۥ عِلْمُ ٱلسَّاعَةِ وَإِلَيْهِ تُرْجَعُونَ",
        "وَلَا يَمْلِكُ ٱلَّذِينَ يَدْعُونَ مِن دُونِهِ ٱلشَّفَـٰعَةَ إِلَّا مَن شَهِدَ بِٱلْحَقِّ وَهُمْ يَعْلَمُونَ",
        "وَلَئِن سَأَلْتَهُم مَّنْ خَلَقَهُمْ لَيَقُولُنَّ ٱللَّهُ ۖ فَأَنَّىٰ يُؤْفَكُونَ",
        "وَقِيلِهِۦ يَـٰرَبِّ إِنَّ هَـٰٓؤُلَآءِ قَوْمٌ لَّا يُؤْمِنُونَ",
        "فَٱصْفَحْ عَنْهُمْ وَقُلْ سَلَـٰمٌ ۚ فَسَوْفَ يَعْلَمُونَ"
    ],
    "arabic2": [
        "حم",
        "والكتاب المبين",
        "انا جعلناه قرانا عربيا لعلكم تعقلون",
        "وانه في ام الكتاب لدينا لعلي حكيم",
        "افنضرب عنكم الذكر صفحا ان كنتم قوما مسرفين",
        "وكم ارسلنا من نبي في الاولين",
        "وما ياتيهم من نبي الا كانوا به يستهزئون",
        "فاهلكنا اشد منهم بطشا ومضى مثل الاولين",
        "ولئن سالتهم من خلق السماوات والارض ليقولن خلقهن العزيز العليم",
        "الذي جعل لكم الارض مهدا وجعل لكم فيها سبلا لعلكم تهتدون",
        "والذي نزل من السماء ماء بقدر فانشرنا به بلدة ميتا كذلك تخرجون",
        "والذي خلق الازواج كلها وجعل لكم من الفلك والانعام ما تركبون",
        "لتستووا على ظهوره ثم تذكروا نعمة ربكم اذا استويتم عليه وتقولوا سبحان الذي سخر لنا هذا وما كنا له مقرنين",
        "وانا الى ربنا لمنقلبون",
        "وجعلوا له من عباده جزءا ان الانسان لكفور مبين",
        "ام اتخذ مما يخلق بنات واصفاكم بالبنين",
        "واذا بشر احدهم بما ضرب للرحمن مثلا ظل وجهه مسودا وهو كظيم",
        "اومن ينشا في الحلية وهو في الخصام غير مبين",
        "وجعلوا الملائكة الذين هم عباد الرحمن اناثا اشهدوا خلقهم ستكتب شهادتهم ويسالون",
        "وقالوا لو شاء الرحمن ما عبدناهم ما لهم بذلك من علم ان هم الا يخرصون",
        "ام اتيناهم كتابا من قبله فهم به مستمسكون",
        "بل قالوا انا وجدنا اباءنا على امة وانا على اثارهم مهتدون",
        "وكذلك ما ارسلنا من قبلك في قرية من نذير الا قال مترفوها انا وجدنا اباءنا على امة وانا على اثارهم مقتدون",
        "قال اولو جئتكم باهدى مما وجدتم عليه اباءكم قالوا انا بما ارسلتم به كافرون",
        "فانتقمنا منهم فانظر كيف كان عاقبة المكذبين",
        "واذ قال ابراهيم لابيه وقومه انني براء مما تعبدون",
        "الا الذي فطرني فانه سيهدين",
        "وجعلها كلمة باقية في عقبه لعلهم يرجعون",
        "بل متعت هؤلاء واباءهم حتى جاءهم الحق ورسول مبين",
        "ولما جاءهم الحق قالوا هذا سحر وانا به كافرون",
        "وقالوا لولا نزل هذا القران على رجل من القريتين عظيم",
        "اهم يقسمون رحمت ربك نحن قسمنا بينهم معيشتهم في الحياة الدنيا ورفعنا بعضهم فوق بعض درجات ليتخذ بعضهم بعضا سخريا ورحمت ربك خير مما يجمعون",
        "ولولا ان يكون الناس امة واحدة لجعلنا لمن يكفر بالرحمن لبيوتهم سقفا من فضة ومعارج عليها يظهرون",
        "ولبيوتهم ابوابا وسررا عليها يتكئون",
        "وزخرفا وان كل ذلك لما متاع الحياة الدنيا والاخرة عند ربك للمتقين",
        "ومن يعش عن ذكر الرحمن نقيض له شيطانا فهو له قرين",
        "وانهم ليصدونهم عن السبيل ويحسبون انهم مهتدون",
        "حتى اذا جاءنا قال يا ليت بيني وبينك بعد المشرقين فبئس القرين",
        "ولن ينفعكم اليوم اذ ظلمتم انكم في العذاب مشتركون",
        "افانت تسمع الصم او تهدي العمي ومن كان في ضلال مبين",
        "فاما نذهبن بك فانا منهم منتقمون",
        "او نرينك الذي وعدناهم فانا عليهم مقتدرون",
        "فاستمسك بالذي اوحي اليك انك على صراط مستقيم",
        "وانه لذكر لك ولقومك وسوف تسالون",
        "واسال من ارسلنا من قبلك من رسلنا اجعلنا من دون الرحمن الهة يعبدون",
        "ولقد ارسلنا موسى باياتنا الى فرعون وملئه فقال اني رسول رب العالمين",
        "فلما جاءهم باياتنا اذا هم منها يضحكون",
        "وما نريهم من اية الا هي اكبر من اختها واخذناهم بالعذاب لعلهم يرجعون",
        "وقالوا يا ايه الساحر ادع لنا ربك بما عهد عندك اننا لمهتدون",
        "فلما كشفنا عنهم العذاب اذا هم ينكثون",
        "ونادى فرعون في قومه قال يا قوم اليس لي ملك مصر وهذه الانهار تجري من تحتي افلا تبصرون",
        "ام انا خير من هذا الذي هو مهين ولا يكاد يبين",
        "فلولا القي عليه اسورة من ذهب او جاء معه الملائكة مقترنين",
        "فاستخف قومه فاطاعوه انهم كانوا قوما فاسقين",
        "فلما اسفونا انتقمنا منهم فاغرقناهم اجمعين",
        "فجعلناهم سلفا ومثلا للاخرين",
        "ولما ضرب ابن مريم مثلا اذا قومك منه يصدون",
        "وقالوا االهتنا خير ام هو ما ضربوه لك الا جدلا بل هم قوم خصمون",
        "ان هو الا عبد انعمنا عليه وجعلناه مثلا لبني اسرائيل",
        "ولو نشاء لجعلنا منكم ملائكة في الارض يخلفون",
        "وانه لعلم للساعة فلا تمترن بها واتبعون هذا صراط مستقيم",
        "ولا يصدنكم الشيطان انه لكم عدو مبين",
        "ولما جاء عيسى بالبينات قال قد جئتكم بالحكمة ولابين لكم بعض الذي تختلفون فيه فاتقوا الله واطيعون",
        "ان الله هو ربي وربكم فاعبدوه هذا صراط مستقيم",
        "فاختلف الاحزاب من بينهم فويل للذين ظلموا من عذاب يوم اليم",
        "هل ينظرون الا الساعة ان تاتيهم بغتة وهم لا يشعرون",
        "الاخلاء يومئذ بعضهم لبعض عدو الا المتقين",
        "يا عباد لا خوف عليكم اليوم ولا انتم تحزنون",
        "الذين امنوا باياتنا وكانوا مسلمين",
        "ادخلوا الجنة انتم وازواجكم تحبرون",
        "يطاف عليهم بصحاف من ذهب واكواب وفيها ما تشتهيه الانفس وتلذ الاعين وانتم فيها خالدون",
        "وتلك الجنة التي اورثتموها بما كنتم تعملون",
        "لكم فيها فاكهة كثيرة منها تاكلون",
        "ان المجرمين في عذاب جهنم خالدون",
        "لا يفتر عنهم وهم فيه مبلسون",
        "وما ظلمناهم ولكن كانوا هم الظالمين",
        "ونادوا يا مالك ليقض علينا ربك قال انكم ماكثون",
        "لقد جئناكم بالحق ولكن اكثركم للحق كارهون",
        "ام ابرموا امرا فانا مبرمون",
        "ام يحسبون انا لا نسمع سرهم ونجواهم بلى ورسلنا لديهم يكتبون",
        "قل ان كان للرحمن ولد فانا اول العابدين",
        "سبحان رب السماوات والارض رب العرش عما يصفون",
        "فذرهم يخوضوا ويلعبوا حتى يلاقوا يومهم الذي يوعدون",
        "وهو الذي في السماء اله وفي الارض اله وهو الحكيم العليم",
        "وتبارك الذي له ملك السماوات والارض وما بينهما وعنده علم الساعة واليه ترجعون",
        "ولا يملك الذين يدعون من دونه الشفاعة الا من شهد بالحق وهم يعلمون",
        "ولئن سالتهم من خلقهم ليقولن الله فانى يؤفكون",
        "وقيله يا رب ان هؤلاء قوم لا يؤمنون",
        "فاصفح عنهم وقل سلام فسوف يعلمون"
    ]
}