{
    "surahName": "Ad-Dukhaan",
    "surahNameArabic": "الدخان",
    "surahNameArabicLong": "سورة الدخان",
    "surahNameTranslation": "The Smoke",
    "revelationPlace": "Mecca",
    "totalAyah": 59,
    "surahNo": 44,
    "english": [
        "Ḥâ-Mĩm.",
        "By the clear Book!",
        "Indeed, We sent it down on a blessed night, for We always warn ˹against evil˺.",
        "On that night every matter of wisdom is ordained",
        "by a command from Us, for We have always sent ˹messengers˺",
        "as a mercy from your Lord. He ˹alone˺ is truly the All-Hearing, All-Knowing—",
        "the Lord of the heavens and the earth and everything in between, if only you had sure faith.",
        "There is no god ˹worthy of worship˺ except Him. He ˹alone˺ gives life and causes death. ˹He is˺ your Lord, and the Lord of your forefathers.",
        "In fact, they are in doubt, amusing themselves.",
        "Wait then ˹O Prophet˺ for the day ˹when˺ the sky will be veiled in haze, clearly visible",
        "overwhelming the people. ˹They will cry,˺ “This is a painful torment.",
        "Our Lord! Remove ˹this˺ torment from us, ˹and˺ we will certainly believe.”",
        "How can they be reminded when a messenger has already come to them, making things clear",
        "then they turned away from him, saying, “A madman, taught by others!”?",
        "Indeed, We will remove ˹that˺ torment for a while, and you ˹Meccans˺ will return ˹to disbelief˺.",
        "˹Then˺ on the Day We will deal ˹you˺ the fiercest blow, We will surely inflict punishment.",
        "Indeed, before them We tested Pharaoh’s people: a noble messenger came to them",
        "˹proclaiming,˺ “Hand over the servants of Allah to me. I am truly a trustworthy messenger to you.",
        "And do not be arrogant with Allah. I have certainly come to you with a compelling proof.",
        "And indeed, I seek refuge with my Lord and your Lord so you do not stone me ˹to death˺.",
        "˹But˺ if you do not believe me, then let me be.”",
        "Ultimately, he cried out to his Lord, “These are a wicked people!”",
        "˹Allah responded,˺ “Leave with My servants at night, for you will surely be pursued.",
        "And leave the sea parted, for they are certainly an army bound to drown.”",
        "˹Imagine˺ how many gardens and springs the tyrants left behind",
        "as well as ˹various˺ crops and splendid residences",
        "and luxuries which they fully enjoyed.",
        "So it was. And We awarded it ˹all˺ to another people.",
        "Neither heaven nor earth wept over them, nor was their fate delayed.",
        "And We certainly delivered the Children of Israel from the humiliating torment",
        "of Pharaoh. He was truly a tyrant, a transgressor.",
        "And indeed, We chose the Israelites knowingly above the others.",
        "And We showed them signs in which there was a clear test.",
        "Indeed, these ˹Meccans˺ say",
        "“There is nothing beyond our first death, and we will never be resurrected.",
        "Bring ˹back˺ our forefathers, if what you say is true.”",
        "Are they superior to the people of Tubba’ and those before them? We destroyed them ˹all˺, ˹for˺ they were truly wicked.",
        "We did not create the heavens and the earth and everything in between for sport.",
        "We only created them for a purpose, but most of these ˹pagans˺ do not know.",
        "Surely the Day of ˹Final˺ Decision is the time appointed for all—",
        "the Day no kith or kin will be of benefit to another whatsoever, nor will they be helped",
        "except those shown mercy by Allah. He is truly the Almighty, Most Merciful.",
        "Surely ˹the fruit of˺ the tree of Zaqqûm",
        "will be the food of the evildoer.",
        "Like molten metal, it will boil in the bellies",
        "like the boiling of hot water.",
        "˹It will be said,˺ “Seize them and drag them into the depths of the Hellfire.",
        "Then pour over their heads the torment of boiling water.”",
        "˹The wicked will be told,˺ “Taste this. You mighty, noble one!",
        "This is truly what you ˹all˺ used to doubt.”",
        "Indeed, the righteous will be in a secure place",
        "amid Gardens and springs",
        "dressed in fine silk and rich brocade, facing one another.",
        "So it will be. And We will pair them to maidens with gorgeous eyes.",
        "There they will call for every fruit in serenity.",
        "There they will never taste death, beyond the first death. And He will protect them from the punishment of the Hellfire—",
        "as ˹an act of˺ grace from your Lord. That is ˹truly˺ the ultimate triumph.",
        "Indeed, We have made this ˹Quran˺ easy in your own language ˹O Prophet˺ so perhaps they will be mindful.",
        "Wait then! They too are certainly waiting."
    ],
    "arabic1": [
        " حمٓ",
        "وَٱلْكِتَـٰبِ ٱلْمُبِينِ",
        "إِنَّآ أَنزَلْنَـٰهُ فِى لَيْلَةٍ مُّبَـٰرَكَةٍ ۚ إِنَّا كُنَّا مُنذِرِينَ",
        "فِيهَا يُفْرَقُ كُلُّ أَمْرٍ حَكِيمٍ",
        "أَمْرًا مِّنْ عِندِنَآ ۚ إِنَّا كُنَّا مُرْسِلِينَ",
        "رَحْمَةً مِّن رَّبِّكَ ۚ إِنَّهُۥ هُوَ ٱلسَّمِيعُ ٱلْعَلِيمُ",
        "رَبِّ ٱلسَّمَـٰوَٰتِ وَٱلْأَرْضِ وَمَا بَيْنَهُمَآ ۖ إِن كُنتُم مُّوقِنِينَ",
        "لَآ إِلَـٰهَ إِلَّا هُوَ يُحْىِۦ وَيُمِيتُ ۖ رَبُّكُمْ وَرَبُّ ءَابَآئِكُمُ ٱلْأَوَّلِينَ",
        "بَلْ هُمْ فِى شَكٍّ يَلْعَبُونَ",
        "فَٱرْتَقِبْ يَوْمَ تَأْتِى ٱلسَّمَآءُ بِدُخَانٍ مُّبِينٍ",
        "يَغْشَى ٱلنَّاسَ ۖ هَـٰذَا عَذَابٌ أَلِيمٌ",
        "رَّبَّنَا ٱكْشِفْ عَنَّا ٱلْعَذَابَ إِنَّا مُؤْمِنُونَ",
        "أَنَّىٰ لَهُمُ ٱلذِّكْرَىٰ وَقَدْ جَآءَهُمْ رَسُولٌ مُّبِينٌ",
        "ثُمَّ تَوَلَّوْا۟ عَنْهُ وَقَالُوا۟ مُعَلَّمٌ مَّجْنُونٌ",
        "إِنَّا كَاشِفُوا۟ ٱلْعَذَابِ قَلِيلًا ۚ إِنَّكُمْ عَآئِدُونَ",
        "يَوْمَ نَبْطِشُ ٱلْبَطْشَةَ ٱلْكُبْرَىٰٓ إِنَّا مُنتَقِمُونَ",
        "۞ وَلَقَدْ فَتَنَّا قَبْلَهُمْ قَوْمَ فِرْعَوْنَ وَجَآءَهُمْ رَسُولٌ كَرِيمٌ",
        "أَنْ أَدُّوٓا۟ إِلَىَّ عِبَادَ ٱللَّهِ ۖ إِنِّى لَكُمْ رَسُولٌ أَمِينٌ",
        "وَأَن لَّا تَعْلُوا۟ عَلَى ٱللَّهِ ۖ إِنِّىٓ ءَاتِيكُم بِسُلْطَـٰنٍ مُّبِينٍ",
        "وَإِنِّى عُذْتُ بِرَبِّى وَرَبِّكُمْ أَن تَرْجُمُونِ",
        "وَإِن لَّمْ تُؤْمِنُوا۟ لِى فَٱعْتَزِلُونِ",
        "فَدَعَا رَبَّهُۥٓ أَنَّ هَـٰٓؤُلَآءِ قَوْمٌ مُّجْرِمُونَ",
        "فَأَسْرِ بِعِبَادِى لَيْلًا إِنَّكُم مُّتَّبَعُونَ",
        "وَٱتْرُكِ ٱلْبَحْرَ رَهْوًا ۖ إِنَّهُمْ جُندٌ مُّغْرَقُونَ",
        "كَمْ تَرَكُوا۟ مِن جَنَّـٰتٍ وَعُيُونٍ",
        "وَزُرُوعٍ وَمَقَامٍ كَرِيمٍ",
        "وَنَعْمَةٍ كَانُوا۟ فِيهَا فَـٰكِهِينَ",
        "كَذَٰلِكَ ۖ وَأَوْرَثْنَـٰهَا قَوْمًا ءَاخَرِينَ",
        "فَمَا بَكَتْ عَلَيْهِمُ ٱلسَّمَآءُ وَٱلْأَرْضُ وَمَا كَانُوا۟ مُنظَرِينَ",
        "وَلَقَدْ نَجَّيْنَا بَنِىٓ إِسْرَٰٓءِيلَ مِنَ ٱلْعَذَابِ ٱلْمُهِينِ",
        "مِن فِرْعَوْنَ ۚ إِنَّهُۥ كَانَ عَالِيًا مِّنَ ٱلْمُسْرِفِينَ",
        "وَلَقَدِ ٱخْتَرْنَـٰهُمْ عَلَىٰ عِلْمٍ عَلَى ٱلْعَـٰلَمِينَ",
        "وَءَاتَيْنَـٰهُم مِّنَ ٱلْـَٔايَـٰتِ مَا فِيهِ بَلَـٰٓؤٌا۟ مُّبِينٌ",
        "إِنَّ هَـٰٓؤُلَآءِ لَيَقُولُونَ",
        "إِنْ هِىَ إِلَّا مَوْتَتُنَا ٱلْأُولَىٰ وَمَا نَحْنُ بِمُنشَرِينَ",
        "فَأْتُوا۟ بِـَٔابَآئِنَآ إِن كُنتُمْ صَـٰدِقِينَ",
        "أَهُمْ خَيْرٌ أَمْ قَوْمُ تُبَّعٍ وَٱلَّذِينَ مِن قَبْلِهِمْ ۚ أَهْلَكْنَـٰهُمْ ۖ إِنَّهُمْ كَانُوا۟ مُجْرِمِينَ",
        "وَمَا خَلَقْنَا ٱلسَّمَـٰوَٰتِ وَٱلْأَرْضَ وَمَا بَيْنَهُمَا لَـٰعِبِينَ",
        "مَا خَلَقْنَـٰهُمَآ إِلَّا بِٱلْحَقِّ وَلَـٰكِنَّ أَكْثَرَهُمْ لَا يَعْلَمُونَ",
        "إِنَّ يَوْمَ ٱلْفَصْلِ مِيقَـٰتُهُمْ أَجْمَعِينَ",
        "يَوْمَ لَا يُغْنِى مَوْلًى عَن مَّوْلًى شَيْـًٔا وَلَا هُمْ يُنصَرُونَ",
        "إِلَّا مَن رَّحِمَ ٱللَّهُ ۚ إِنَّهُۥ هُوَ ٱلْعَزِيزُ ٱلرَّحِيمُ",
        "إِنَّ شَجَرَتَ ٱلزَّقُّومِ",
        "طَعَامُ ٱلْأَثِيمِ",
        "كَٱلْمُهْلِ يَغْلِى فِى ٱلْبُطُونِ",
        "كَغَلْىِ ٱلْحَمِيمِ",
        "خُذُوهُ فَٱعْتِلُوهُ إِلَىٰ سَوَآءِ ٱلْجَحِيمِ",
        "ثُمَّ صُبُّوا۟ فَوْقَ رَأْسِهِۦ مِنْ عَذَابِ ٱلْحَمِيمِ",
        "ذُقْ إِنَّكَ أَنتَ ٱلْعَزِيزُ ٱلْكَرِيمُ",
        "إِنَّ هَـٰذَا مَا كُنتُم بِهِۦ تَمْتَرُونَ",
        "إِنَّ ٱلْمُتَّقِينَ فِى مَقَامٍ أَمِينٍ",
        "فِى جَنَّـٰتٍ وَعُيُونٍ",
        "يَلْبَسُونَ مِن سُندُسٍ وَإِسْتَبْرَقٍ مُّتَقَـٰبِلِينَ",
        "كَذَٰلِكَ وَزَوَّجْنَـٰهُم بِحُورٍ عِينٍ",
        "يَدْعُونَ فِيهَا بِكُلِّ فَـٰكِهَةٍ ءَامِنِينَ",
        "لَا يَذُوقُونَ فِيهَا ٱلْمَوْتَ إِلَّا ٱلْمَوْتَةَ ٱلْأُولَىٰ ۖ وَوَقَىٰهُمْ عَذَابَ ٱلْجَحِيمِ",
        "فَضْلًا مِّن رَّبِّكَ ۚ ذَٰلِكَ هُوَ ٱلْفَوْزُ ٱلْعَظِيمُ",
        "فَإِنَّمَا يَسَّرْنَـٰهُ بِلِسَانِكَ لَعَلَّهُمْ يَتَذَكَّرُونَ",
        "فَٱرْتَقِبْ إِنَّهُم مُّرْتَقِبُونَ"
    ],
    "arabic2": [
        "حم",
        "والكتاب المبين",
        "انا انزلناه في ليلة مباركة انا كنا منذرين",
        "فيها يفرق كل امر حكيم",
        "امرا من عندنا انا كنا مرسلين",
        "رحمة من ربك انه هو السميع العليم",
        "رب السماوات والارض وما بينهما ان كنتم موقنين",
        "لا اله الا هو يحيي ويميت ربكم ورب ابائكم الاولين",
        "بل هم في شك يلعبون",
        "فارتقب يوم تاتي السماء بدخان مبين",
        "يغشى الناس هذا عذاب اليم",
        "ربنا اكشف عنا العذاب انا مؤمنون",
        "انى لهم الذكرى وقد جاءهم رسول مبين",
        "ثم تولوا عنه وقالوا معلم مجنون",
        "انا كاشفو العذاب قليلا انكم عائدون",
        "يوم نبطش البطشة الكبرى انا منتقمون",
        "ولقد فتنا قبلهم قوم فرعون وجاءهم رسول كريم",
        "ان ادوا الي عباد الله اني لكم رسول امين",
        "وان لا تعلوا على الله اني اتيكم بسلطان مبين",
        "واني عذت بربي وربكم ان ترجمون",
        "وان لم تؤمنوا لي فاعتزلون",
        "فدعا ربه ان هؤلاء قوم مجرمون",
        "فاسر بعبادي ليلا انكم متبعون",
        "واترك البحر رهوا انهم جند مغرقون",
        "كم تركوا من جنات وعيون",
        "وزروع ومقام كريم",
        "ونعمة كانوا فيها فاكهين",
        "كذلك واورثناها قوما اخرين",
        "فما بكت عليهم السماء والارض وما كانوا منظرين",
        "ولقد نجينا بني اسرائيل من العذاب المهين",
        "من فرعون انه كان عاليا من المسرفين",
        "ولقد اخترناهم على علم على العالمين",
        "واتيناهم من الايات ما فيه بلاء مبين",
        "ان هؤلاء ليقولون",
        "ان هي الا موتتنا الاولى وما نحن بمنشرين",
        "فاتوا بابائنا ان كنتم صادقين",
        "اهم خير ام قوم تبع والذين من قبلهم اهلكناهم انهم كانوا مجرمين",
        "وما خلقنا السماوات والارض وما بينهما لاعبين",
        "ما خلقناهما الا بالحق ولكن اكثرهم لا يعلمون",
        "ان يوم الفصل ميقاتهم اجمعين",
        "يوم لا يغني مولى عن مولى شيئا ولا هم ينصرون",
        "الا من رحم الله انه هو العزيز الرحيم",
        "ان شجرت الزقوم",
        "طعام الاثيم",
        "كالمهل يغلي في البطون",
        "كغلي الحميم",
        "خذوه فاعتلوه الى سواء الجحيم",
        "ثم صبوا فوق راسه من عذاب الحميم",
        "ذق انك انت العزيز الكريم",
        "ان هذا ما كنتم به تمترون",
        "ان المتقين في مقام امين",
        "في جنات وعيون",
        "يلبسون من سندس واستبرق متقابلين",
        "كذلك وزوجناهم بحور عين",
        "يدعون فيها بكل فاكهة امنين",
        "لا يذوقون فيها الموت الا الموتة الاولى ووقاهم عذاب الجحيم",
        "فضلا من ربك ذلك هو الفوز العظيم",
        "فانما يسرناه بلسانك لعلهم يتذكرون",
        "فارتقب انهم مرتقبون"
    ]
}