{
    "surahName": "Al-Jaathiya",
    "surahNameArabic": "الجاثية",
    "surahNameArabicLong": "سورة الجاثية",
    "surahNameTranslation": "Crouching",
    "revelationPlace": "Mecca",
    "totalAyah": 37,
    "surahNo": 45,
    "english": [
        "Ḥâ-Mĩm.",
        "The revelation of this Book is from Allah—the Almighty, All-Wise.",
        "Surely in ˹the creation of˺ the heavens and the earth are signs for the believers.",
        "And in your own creation, and whatever living beings He dispersed, are signs for people of sure faith.",
        "And ˹in˺ the alternation of the day and the night, the provision sent down from the skies by Allah—reviving the earth after its death—and the shifting of the winds, are signs for people of understanding.",
        "These are Allah’s revelations which We recite to you ˹O Prophet˺ in truth. So what message will they believe in after ˹denying˺ Allah and His revelations?",
        "Woe to every sinful liar.",
        "They hear Allah’s revelations recited to them, then persist ˹in denial˺ arrogantly as if they did not hear them. So give them good news of a painful punishment.",
        "And whenever they learn anything of Our revelations, they make a mockery of it. It is they who will suffer a humiliating punishment.",
        "Awaiting them is Hell. Their ˹worldly˺ gains will not be of any benefit to them whatsoever, nor will those protectors they have taken besides Allah. And they will suffer a tremendous punishment.",
        "This ˹Quran˺ is ˹true˺ guidance. And those who deny their Lord’s revelations will suffer the ˹worst˺ torment of agonizing pain.",
        "Allah is the One Who has subjected the sea for you so that ships may sail upon it by His command, and that you may seek His bounty, and that perhaps you will be grateful.",
        "He ˹also˺ subjected for you whatever is in the heavens and whatever is on the earth—all by His grace. Surely in this are signs for people who reflect.",
        "˹O Prophet!˺ Tell the believers to forgive those who do not fear Allah’s days ˹of torment˺, so that He will reward each group for what they used to commit.",
        "Whoever does good, it is to their own benefit. And whoever does evil, it is to their own loss. Then to your Lord you will ˹all˺ be returned.",
        "Indeed, We gave the Children of Israel the Scripture, wisdom, and prophethood; granted them good, lawful provisions; and favoured them above the others.",
        "We ˹also˺ gave them clear commandments regarding ˹their˺ faith. But it was not until knowledge came to them that they differed out of mutual envy. Surely your Lord will judge between them on the Day of Judgment regarding their differences.",
        "Now We have set you ˹O Prophet˺ on the ˹clear˺ Way of faith. So follow it, and do not follow the desires of those who do not know ˹the truth˺.",
        "They certainly can be of no benefit to you against Allah whatsoever. Surely the wrongdoers are patrons of each other, whereas Allah is the Patron of the righteous.",
        "This ˹Quran˺ is an insight for humanity—a guide and mercy for people of sure faith.",
        "Or do those who commit evil deeds ˹simply˺ think that We will make them equal—in their life and after their death—to those who believe and do good? How wrong is their judgment!",
        "For Allah created the heavens and the earth for a purpose, so that every soul may be paid back for what it has committed. And none will be wronged.",
        "Have you seen ˹O Prophet˺ those who have taken their own desires as their god? ˹And so˺ Allah left them to stray knowingly, sealed their hearing and hearts, and placed a cover on their sight. Who then can guide them after Allah? Will you ˹all˺ not then be mindful?",
        "And they argue, “There is nothing beyond our worldly life. We die; others are born. And nothing destroys us but ˹the passage of˺ time.” Yet they have no knowledge ˹in support˺ of this ˹claim˺. They only speculate.",
        "And whenever Our clear revelations are recited to them, their only argument is to say: “Bring our forefathers back, if what you say is true!”",
        "Say, ˹O Prophet,˺ “˹It is˺ Allah ˹Who˺ gives you life, then causes you to die, then will gather you ˹all˺ on the Day of Judgment, about which there is no doubt. But most people do not know.”",
        "To Allah ˹alone˺ belongs the kingdom of the heavens and the earth. On the Day the Hour will be established, the people of falsehood will then be in ˹total˺ loss.",
        "And you will see every faith-community on its knees. Every community will be summoned to its record ˹of deeds˺. ˹They all will be told,˺ “This Day you will be rewarded for what you used to do.",
        "This record of Ours speaks the truth about you. Indeed, We always had your deeds recorded ˹by the angels˺.”",
        "As for those who believed and did good, their Lord will admit them into His mercy. That is ˹truly˺ the absolute triumph.",
        "And as for those who disbelieved, ˹they will be told,˺ “Were My revelations not recited to you, yet you acted arrogantly and were a wicked people?",
        "And whenever it was said ˹to you˺, ‘Surely Allah’s promise ˹of judgment˺ is true and there is no doubt about the Hour,’ you said ˹mockingly˺, ‘We do not know what the Hour is! We think it is no more than speculation, and we are not convinced ˹that it will ever come˺.’”",
        "And the evil ˹consequences˺ of their deeds will unfold before them, and they will be overwhelmed by what they used to ridicule.",
        "It will be said, “This Day We will neglect you as you neglected the meeting of this Day of yours! Your home will be the Fire, and you will have no helpers.",
        "This is because you made a mockery of Allah’s revelations, and were deluded by ˹your˺ worldly life.” So ˹from˺ that Day ˹on˺ they will not be taken out of the Fire, nor will they be allowed to appease ˹their Lord˺.",
        "So all praise is for Allah—Lord of the heavens and Lord of the earth, Lord of all worlds.",
        "To Him belongs ˹all˺ Majesty in the heavens and the earth. And He is the Almighty, All-Wise."
    ],
    "arabic1": [
        " حمٓ",
        "تَنزِيلُ ٱلْكِتَـٰبِ مِنَ ٱللَّهِ ٱلْعَزِيزِ ٱلْحَكِيمِ",
        "إِنَّ فِى ٱلسَّمَـٰوَٰتِ وَٱلْأَرْضِ لَـَٔايَـٰتٍ لِّلْمُؤْمِنِينَ",
        "وَفِى خَلْقِكُمْ وَمَا يَبُثُّ مِن دَآبَّةٍ ءَايَـٰتٌ لِّقَوْمٍ يُوقِنُونَ",
        "وَٱخْتِلَـٰفِ ٱلَّيْلِ وَٱلنَّهَارِ وَمَآ أَنزَلَ ٱللَّهُ مِنَ ٱلسَّمَآءِ مِن رِّزْقٍ فَأَحْيَا بِهِ ٱلْأَرْضَ بَعْدَ مَوْتِهَا وَتَصْرِيفِ ٱلرِّيَـٰحِ ءَايَـٰتٌ لِّقَوْمٍ يَعْقِلُونَ",
        "تِلْكَ ءَايَـٰتُ ٱللَّهِ نَتْلُوهَا عَلَيْكَ بِٱلْحَقِّ ۖ فَبِأَىِّ حَدِيثٍۭ بَعْدَ ٱللَّهِ وَءَايَـٰتِهِۦ يُؤْمِنُونَ",
        "وَيْلٌ لِّكُلِّ أَفَّاكٍ أَثِيمٍ",
        "يَسْمَعُ ءَايَـٰتِ ٱللَّهِ تُتْلَىٰ عَلَيْهِ ثُمَّ يُصِرُّ مُسْتَكْبِرًا كَأَن لَّمْ يَسْمَعْهَا ۖ فَبَشِّرْهُ بِعَذَابٍ أَلِيمٍ",
        "وَإِذَا عَلِمَ مِنْ ءَايَـٰتِنَا شَيْـًٔا ٱتَّخَذَهَا هُزُوًا ۚ أُو۟لَـٰٓئِكَ لَهُمْ عَذَابٌ مُّهِينٌ",
        "مِّن وَرَآئِهِمْ جَهَنَّمُ ۖ وَلَا يُغْنِى عَنْهُم مَّا كَسَبُوا۟ شَيْـًٔا وَلَا مَا ٱتَّخَذُوا۟ مِن دُونِ ٱللَّهِ أَوْلِيَآءَ ۖ وَلَهُمْ عَذَابٌ عَظِيمٌ",
        "هَـٰذَا هُدًى ۖ وَٱلَّذِينَ كَفَرُوا۟ بِـَٔايَـٰتِ رَبِّهِمْ لَهُمْ عَذَابٌ مِّن رِّجْزٍ أَلِيمٌ",
        "۞ ٱللَّهُ ٱلَّذِى سَخَّرَ لَكُمُ ٱلْبَحْرَ لِتَجْرِىَ ٱلْفُلْكُ فِيهِ بِأَمْرِهِۦ وَلِتَبْتَغُوا۟ مِن فَضْلِهِۦ وَلَعَلَّكُمْ تَشْكُرُونَ",
        "وَسَخَّرَ لَكُم مَّا فِى ٱلسَّمَـٰوَٰتِ وَمَا فِى ٱلْأَرْضِ جَمِيعًا مِّنْهُ ۚ إِنَّ فِى ذَٰلِكَ لَـَٔايَـٰتٍ لِّقَوْمٍ يَتَفَكَّرُونَ",
        "قُل لِّلَّذِينَ ءَامَنُوا۟ يَغْفِرُوا۟ لِلَّذِينَ لَا يَرْجُونَ أَيَّامَ ٱللَّهِ لِيَجْزِىَ قَوْمًۢا بِمَا كَانُوا۟ يَكْسِبُونَ",
        "مَنْ عَمِلَ صَـٰلِحًا فَلِنَفْسِهِۦ ۖ وَمَنْ أَسَآءَ فَعَلَيْهَا ۖ ثُمَّ إِلَىٰ رَبِّكُمْ تُرْجَعُونَ",
        "وَلَقَدْ ءَاتَيْنَا بَنِىٓ إِسْرَٰٓءِيلَ ٱلْكِتَـٰبَ وَٱلْحُكْمَ وَٱلنُّبُوَّةَ وَرَزَقْنَـٰهُم مِّنَ ٱلطَّيِّبَـٰتِ وَفَضَّلْنَـٰهُمْ عَلَى ٱلْعَـٰلَمِينَ",
        "وَءَاتَيْنَـٰهُم بَيِّنَـٰتٍ مِّنَ ٱلْأَمْرِ ۖ فَمَا ٱخْتَلَفُوٓا۟ إِلَّا مِنۢ بَعْدِ مَا جَآءَهُمُ ٱلْعِلْمُ بَغْيًۢا بَيْنَهُمْ ۚ إِنَّ رَبَّكَ يَقْضِى بَيْنَهُمْ يَوْمَ ٱلْقِيَـٰمَةِ فِيمَا كَانُوا۟ فِيهِ يَخْتَلِفُونَ",
        "ثُمَّ جَعَلْنَـٰكَ عَلَىٰ شَرِيعَةٍ مِّنَ ٱلْأَمْرِ فَٱتَّبِعْهَا وَلَا تَتَّبِعْ أَهْوَآءَ ٱلَّذِينَ لَا يَعْلَمُونَ",
        "إِنَّهُمْ لَن يُغْنُوا۟ عَنكَ مِنَ ٱللَّهِ شَيْـًٔا ۚ وَإِنَّ ٱلظَّـٰلِمِينَ بَعْضُهُمْ أَوْلِيَآءُ بَعْضٍ ۖ وَٱللَّهُ وَلِىُّ ٱلْمُتَّقِينَ",
        "هَـٰذَا بَصَـٰٓئِرُ لِلنَّاسِ وَهُدًى وَرَحْمَةٌ لِّقَوْمٍ يُوقِنُونَ",
        "أَمْ حَسِبَ ٱلَّذِينَ ٱجْتَرَحُوا۟ ٱلسَّيِّـَٔاتِ أَن نَّجْعَلَهُمْ كَٱلَّذِينَ ءَامَنُوا۟ وَعَمِلُوا۟ ٱلصَّـٰلِحَـٰتِ سَوَآءً مَّحْيَاهُمْ وَمَمَاتُهُمْ ۚ سَآءَ مَا يَحْكُمُونَ",
        "وَخَلَقَ ٱللَّهُ ٱلسَّمَـٰوَٰتِ وَٱلْأَرْضَ بِٱلْحَقِّ وَلِتُجْزَىٰ كُلُّ نَفْسٍۭ بِمَا كَسَبَتْ وَهُمْ لَا يُظْلَمُونَ",
        "أَفَرَءَيْتَ مَنِ ٱتَّخَذَ إِلَـٰهَهُۥ هَوَىٰهُ وَأَضَلَّهُ ٱللَّهُ عَلَىٰ عِلْمٍ وَخَتَمَ عَلَىٰ سَمْعِهِۦ وَقَلْبِهِۦ وَجَعَلَ عَلَىٰ بَصَرِهِۦ غِشَـٰوَةً فَمَن يَهْدِيهِ مِنۢ بَعْدِ ٱللَّهِ ۚ أَفَلَا تَذَكَّرُونَ",
        "وَقَالُوا۟ مَا هِىَ إِلَّا حَيَاتُنَا ٱلدُّنْيَا نَمُوتُ وَنَحْيَا وَمَا يُهْلِكُنَآ إِلَّا ٱلدَّهْرُ ۚ وَمَا لَهُم بِذَٰلِكَ مِنْ عِلْمٍ ۖ إِنْ هُمْ إِلَّا يَظُنُّونَ",
        "وَإِذَا تُتْلَىٰ عَلَيْهِمْ ءَايَـٰتُنَا بَيِّنَـٰتٍ مَّا كَانَ حُجَّتَهُمْ إِلَّآ أَن قَالُوا۟ ٱئْتُوا۟ بِـَٔابَآئِنَآ إِن كُنتُمْ صَـٰدِقِينَ",
        "قُلِ ٱللَّهُ يُحْيِيكُمْ ثُمَّ يُمِيتُكُمْ ثُمَّ يَجْمَعُكُمْ إِلَىٰ يَوْمِ ٱلْقِيَـٰمَةِ لَا رَيْبَ فِيهِ وَلَـٰكِنَّ أَكْثَرَ ٱلنَّاسِ لَا يَعْلَمُونَ",
        "وَلِلَّهِ مُلْكُ ٱلسَّمَـٰوَٰتِ وَٱلْأَرْضِ ۚ وَيَوْمَ تَقُومُ ٱلسَّاعَةُ يَوْمَئِذٍ يَخْسَرُ ٱلْمُبْطِلُونَ",
        "وَتَرَىٰ كُلَّ أُمَّةٍ جَاثِيَةً ۚ كُلُّ أُمَّةٍ تُدْعَىٰٓ إِلَىٰ كِتَـٰبِهَا ٱلْيَوْمَ تُجْزَوْنَ مَا كُنتُمْ تَعْمَلُونَ",
        "هَـٰذَا كِتَـٰبُنَا يَنطِقُ عَلَيْكُم بِٱلْحَقِّ ۚ إِنَّا كُنَّا نَسْتَنسِخُ مَا كُنتُمْ تَعْمَلُونَ",
        "فَأَمَّا ٱلَّذِينَ ءَامَنُوا۟ وَعَمِلُوا۟ ٱلصَّـٰلِحَـٰتِ فَيُدْخِلُهُمْ رَبُّهُمْ فِى رَحْمَتِهِۦ ۚ ذَٰلِكَ هُوَ ٱلْفَوْزُ ٱلْمُبِينُ",
        "وَأَمَّا ٱلَّذِينَ كَفَرُوٓا۟ أَفَلَمْ تَكُنْ ءَايَـٰتِى تُتْلَىٰ عَلَيْكُمْ فَٱسْتَكْبَرْتُمْ وَكُنتُمْ قَوْمًا مُّجْرِمِينَ",
        "وَإِذَا قِيلَ إِنَّ وَعْدَ ٱللَّهِ حَقٌّ وَٱلسَّاعَةُ لَا رَيْبَ فِيهَا قُلْتُم مَّا نَدْرِى مَا ٱلسَّاعَةُ إِن نَّظُنُّ إِلَّا ظَنًّا وَمَا نَحْنُ بِمُسْتَيْقِنِينَ",
        "وَبَدَا لَهُمْ سَيِّـَٔاتُ مَا عَمِلُوا۟ وَحَاقَ بِهِم مَّا كَانُوا۟ بِهِۦ يَسْتَهْزِءُونَ",
        "وَقِيلَ ٱلْيَوْمَ نَنسَىٰكُمْ كَمَا نَسِيتُمْ لِقَآءَ يَوْمِكُمْ هَـٰذَا وَمَأْوَىٰكُمُ ٱلنَّارُ وَمَا لَكُم مِّن نَّـٰصِرِينَ",
        "ذَٰلِكُم بِأَنَّكُمُ ٱتَّخَذْتُمْ ءَايَـٰتِ ٱللَّهِ هُزُوًا وَغَرَّتْكُمُ ٱلْحَيَوٰةُ ٱلدُّنْيَا ۚ فَٱلْيَوْمَ لَا يُخْرَجُونَ مِنْهَا وَلَا هُمْ يُسْتَعْتَبُونَ",
        "فَلِلَّهِ ٱلْحَمْدُ رَبِّ ٱلسَّمَـٰوَٰتِ وَرَبِّ ٱلْأَرْضِ رَبِّ ٱلْعَـٰلَمِينَ",
        "وَلَهُ ٱلْكِبْرِيَآءُ فِى ٱلسَّمَـٰوَٰتِ وَٱلْأَرْضِ ۖ وَهُوَ ٱلْعَزِيزُ ٱلْحَكِيمُ"
    ],
    "arabic2": [
        "حم",
        "تنزيل الكتاب من الله العزيز الحكيم",
        "ان في السماوات والارض لايات للمؤمنين",
        "وفي خلقكم وما يبث من دابة ايات لقوم يوقنون",
        "واختلاف الليل والنهار وما انزل الله من السماء من رزق فاحيا به الارض بعد موتها وتصريف الرياح ايات لقوم يعقلون",
        "تلك ايات الله نتلوها عليك بالحق فباي حديث بعد الله واياته يؤمنون",
        "ويل لكل افاك اثيم",
        "يسمع ايات الله تتلى عليه ثم يصر مستكبرا كان لم يسمعها فبشره بعذاب اليم",
        "واذا علم من اياتنا شيئا اتخذها هزوا اولئك لهم عذاب مهين",
        "من ورائهم جهنم ولا يغني عنهم ما كسبوا شيئا ولا ما اتخذوا من دون الله اولياء ولهم عذاب عظيم",
        "هذا هدى والذين كفروا بايات ربهم لهم عذاب من رجز اليم",
        "الله الذي سخر لكم البحر لتجري الفلك فيه بامره ولتبتغوا من فضله ولعلكم تشكرون",
        "وسخر لكم ما في السماوات وما في الارض جميعا منه ان في ذلك لايات لقوم يتفكرون",
        "قل للذين امنوا يغفروا للذين لا يرجون ايام الله ليجزي قوما بما كانوا يكسبون",
        "من عمل صالحا فلنفسه ومن اساء فعليها ثم الى ربكم ترجعون",
        "ولقد اتينا بني اسرائيل الكتاب والحكم والنبوة ورزقناهم من الطيبات وفضلناهم على العالمين",
        "واتيناهم بينات من الامر فما اختلفوا الا من بعد ما جاءهم العلم بغيا بينهم ان ربك يقضي بينهم يوم القيامة فيما كانوا فيه يختلفون",
        "ثم جعلناك على شريعة من الامر فاتبعها ولا تتبع اهواء الذين لا يعلمون",
        "انهم لن يغنوا عنك من الله شيئا وان الظالمين بعضهم اولياء بعض والله ولي المتقين",
        "هذا بصائر للناس وهدى ورحمة لقوم يوقنون",
        "ام حسب الذين اجترحوا السيئات ان نجعلهم كالذين امنوا وعملوا الصالحات سواء محياهم ومماتهم ساء ما يحكمون",
        "وخلق الله السماوات والارض بالحق ولتجزى كل نفس بما كسبت وهم لا يظلمون",
        "افرايت من اتخذ الهه هواه واضله الله على علم وختم على سمعه وقلبه وجعل على بصره غشاوة فمن يهديه من بعد الله افلا تذكرون",
        "وقالوا ما هي الا حياتنا الدنيا نموت ونحيا وما يهلكنا الا الدهر وما لهم بذلك من علم ان هم الا يظنون",
        "واذا تتلى عليهم اياتنا بينات ما كان حجتهم الا ان قالوا ائتوا بابائنا ان كنتم صادقين",
        "قل الله يحييكم ثم يميتكم ثم يجمعكم الى يوم القيامة لا ريب فيه ولكن اكثر الناس لا يعلمون",
        "ولله ملك السماوات والارض ويوم تقوم الساعة يومئذ يخسر المبطلون",
        "وترى كل امة جاثية كل امة تدعى الى كتابها اليوم تجزون ما كنتم تعملون",
        "هذا كتابنا ينطق عليكم بالحق انا كنا نستنسخ ما كنتم تعملون",
        "فاما الذين امنوا وعملوا الصالحات فيدخلهم ربهم في رحمته ذلك هو الفوز المبين",
        "واما الذين كفروا افلم تكن اياتي تتلى عليكم فاستكبرتم وكنتم قوما مجرمين",
        "واذا قيل ان وعد الله حق والساعة لا ريب فيها قلتم ما ندري ما الساعة ان نظن الا ظنا وما نحن بمستيقنين",
        "وبدا لهم سيئات ما عملوا وحاق بهم ما كانوا به يستهزئون",
        "وقيل اليوم ننساكم كما نسيتم لقاء يومكم هذا وماواكم النار وما لكم من ناصرين",
        "ذلكم بانكم اتخذتم ايات الله هزوا وغرتكم الحياة الدنيا فاليوم لا يخرجون منها ولا هم يستعتبون",
        "فلله الحمد رب السماوات ورب الارض رب العالمين",
        "وله الكبرياء في السماوات والارض وهو العزيز الحكيم"
    ]
}