{
    "surahName": "Al-Ahqaf",
    "surahNameArabic": "الأحقاف",
    "surahNameArabicLong": "سورة الأحقاف",
    "surahNameTranslation": "The Dunes",
    "revelationPlace": "Mecca",
    "totalAyah": 35,
    "surahNo": 46,
    "english": [
        "Ḥâ-Mĩm.",
        "The revelation of this Book is from Allah—the Almighty, All-Wise.",
        "We only created the heavens and the earth and everything in between for a purpose and an appointed term. Yet the disbelievers are turning away from what they have been warned about.",
        "Ask ˹them, O  Prophet˺, “Have you considered whatever ˹idols˺ you invoke besides Allah? Show me what they have created on earth! Or do they have a share in ˹the creation of˺ the heavens? Bring me a scripture ˹revealed˺ before this ˹Quran˺ or a shred of knowledge, if what you say is true.”",
        "And who could be more astray than those who call upon others besides Allah—˹others˺ that cannot respond to them until the Day of Judgment, and are ˹even˺ unaware of their calls?",
        "And when ˹such˺ people will be gathered together, those ˹gods˺ will be their enemies and will disown their worship.",
        "Whenever Our clear revelations are recited to them, the disbelievers say of the truth when it has come to them, “This is pure magic.”",
        "Or do they say, “He has fabricated this ˹Quran˺!”? Say, ˹O Prophet,˺ “If I have done so, then there is nothing whatsoever you can do to save me from Allah. He knows best what ˹slurs˺ you indulge about it. Sufficient is He as a Witness between you and me. And He is the All-Forgiving, Most Merciful.”",
        "Say, “I am not the first messenger ever sent, nor do I know what will happen to me or you. I only follow what is revealed to me. And I am only sent with a clear warning.”",
        "Ask ˹them, O  Prophet˺, “Consider if this ˹Quran˺ is ˹truly˺ from Allah and you deny it, and a witness from the Children of Israel attests to it and then believes, whereas you act arrogantly. Surely Allah does not guide the wrongdoing people.”",
        "The disbelievers say of the believers, “Had it been ˹something˺ good, they would not have beaten us to it.” Now since they reject its guidance, they will say, “˹This is˺ an ancient fabrication!”",
        "And before this ˹Quran˺ the Book of Moses was ˹revealed as˺ a guide and mercy. And this Book is a confirmation, in the Arabic tongue, to warn those who do wrong, and as good news to those who do good.",
        "Surely those who say, “Our Lord is Allah,” and then remain steadfast—there will be no fear for them, nor will they grieve.",
        "It is they who will be the residents of Paradise, staying there forever, as a reward for what they used to do.",
        "We have commanded people to honour their parents. Their mothers bore them in hardship and delivered them in hardship. Their ˹period of˺ bearing and weaning is thirty months. In time, when the child reaches their prime at the age of forty, they pray, “My Lord! Inspire me to ˹always˺ be thankful for Your favours which You blessed me and my parents with, and to do good deeds that please You. And instil righteousness in my offspring. I truly repent to You, and I truly submit ˹to Your Will˺.”",
        "It is from these ˹people˺ that We will accept the good they did, and overlook their misdeeds—along with the residents of Paradise, ˹in fulfilment of˺ the true promise they have been given.",
        "But some scold their parents, “Enough with you! Are you warning me that I will be brought forth ˹from the grave˺, while many generations had already perished before me ˹for good˺?” The parents cry to Allah for help, ˹and warn their child,˺ “Pity you. Have faith! Surely Allah’s promise is true.” But the deniers insist, “This is nothing but ancient fables.”",
        "These are the ones against whom the fate of earlier communities of jinn and humans has been justified, ˹for˺ they were truly losers.",
        "Each ˹of the two groups˺ will be ranked according to what they have done so He may fully reward all. And none will be wronged.",
        "˹Watch for˺ the Day ˹when˺ the disbelievers will be exposed to the Fire. ˹They will be told,˺ “You ˹already˺ exhausted your ˹share of˺ pleasures during your worldly life, and ˹fully˺ enjoyed them. So Today you will be rewarded with the torment of disgrace for your arrogance throughout the land with no right, and for your rebelliousness.”",
        "And remember the brother of ’Ȃd, when he warned his people, who inhabited the sand-hills—there were certainly warners before and after him—˹saying,˺ “Worship none but Allah. I truly fear for you the torment of a tremendous day.”",
        "They argued, “Have you come to turn us away from our gods? Bring us then whatever you threaten us with, if what you say is true.”",
        "He responded, “The knowledge ˹of its time˺ is only with Allah. I only convey to you what I have been sent with. But I can see that you are a people acting ignorantly.”",
        "Then when they saw the torment as a ˹dense˺ cloud approaching their valleys, they said ˹happily˺, “This is a cloud bringing us rain.” ˹But Hûd replied,˺ “No, it is what you sought to hasten: a ˹fierce˺ wind carrying a painful punishment!”",
        "It destroyed everything by the command of its Lord, leaving nothing visible except their ruins. This is how We reward the wicked people.",
        "Indeed, We had established them in a way We have not established you ˹Meccans˺. And We gave them hearing, sight, and intellect. But neither their hearing, sight, nor intellect were of any benefit to them whatsoever, since they persisted in denying Allah’s signs. And ˹so˺ they were overwhelmed by what they used to ridicule.",
        "We certainly destroyed the societies around you after having varied the signs so perhaps they would return ˹to the Right Path˺.",
        "Why then did those ˹idols˺ they took as gods—hoping to get closer ˹to Him˺—not come to their aid? Instead, they failed them. That is ˹the result of˺ their lies and their fabrications.",
        "˹Remember, O  Prophet,˺ when We sent a group of jinn your way to listen to the Quran. Then, upon hearing it, they said ˹to one another˺, “Listen quietly!” Then when it was over, they returned to their fellow jinn as warners.",
        "They declared, “O our fellow jinn! We have truly heard a scripture revealed after Moses, confirming what came before it. It guides to the truth and the Straight Way.",
        "O  our fellow jinn! Respond to the caller of Allah and believe in him, He will forgive your sins and protect you from a painful punishment.",
        "And whoever does not respond to the caller of Allah will have no escape on earth, nor will they have any protectors against Him. It is they who are clearly astray.”",
        "Do they not realize that Allah, Who created the heavens and the earth and did not tire in creating them, is able to give life to the dead? Yes ˹indeed˺! He is certainly Most Capable of everything.",
        "And on the Day the disbelievers will be exposed to the Fire, ˹they will be asked,˺ “Is this ˹Hereafter˺ not the truth?” They will cry, “Absolutely, by our Lord!” It will be said, “Then taste the punishment for your disbelief.”",
        "So endure patiently, as did the Messengers of Firm Resolve. And do not ˹seek to˺ hasten ˹the torment˺ for the deniers. On the Day they see what they have been threatened with, it will be as if they had only stayed ˹in this world˺ for an hour of a day. ˹This is˺ a ˹sufficient˺ warning! Then, will anyone be destroyed except the rebellious people?"
    ],
    "arabic1": [
        " حمٓ",
        "تَنزِيلُ ٱلْكِتَـٰبِ مِنَ ٱللَّهِ ٱلْعَزِيزِ ٱلْحَكِيمِ",
        "مَا خَلَقْنَا ٱلسَّمَـٰوَٰتِ وَٱلْأَرْضَ وَمَا بَيْنَهُمَآ إِلَّا بِٱلْحَقِّ وَأَجَلٍ مُّسَمًّى ۚ وَٱلَّذِينَ كَفَرُوا۟ عَمَّآ أُنذِرُوا۟ مُعْرِضُونَ",
        "قُلْ أَرَءَيْتُم مَّا تَدْعُونَ مِن دُونِ ٱللَّهِ أَرُونِى مَاذَا خَلَقُوا۟ مِنَ ٱلْأَرْضِ أَمْ لَهُمْ شِرْكٌ فِى ٱلسَّمَـٰوَٰتِ ۖ ٱئْتُونِى بِكِتَـٰبٍ مِّن قَبْلِ هَـٰذَآ أَوْ أَثَـٰرَةٍ مِّنْ عِلْمٍ إِن كُنتُمْ صَـٰدِقِينَ",
        "وَمَنْ أَضَلُّ مِمَّن يَدْعُوا۟ مِن دُونِ ٱللَّهِ مَن لَّا يَسْتَجِيبُ لَهُۥٓ إِلَىٰ يَوْمِ ٱلْقِيَـٰمَةِ وَهُمْ عَن دُعَآئِهِمْ غَـٰفِلُونَ",
        "وَإِذَا حُشِرَ ٱلنَّاسُ كَانُوا۟ لَهُمْ أَعْدَآءً وَكَانُوا۟ بِعِبَادَتِهِمْ كَـٰفِرِينَ",
        "وَإِذَا تُتْلَىٰ عَلَيْهِمْ ءَايَـٰتُنَا بَيِّنَـٰتٍ قَالَ ٱلَّذِينَ كَفَرُوا۟ لِلْحَقِّ لَمَّا جَآءَهُمْ هَـٰذَا سِحْرٌ مُّبِينٌ",
        "أَمْ يَقُولُونَ ٱفْتَرَىٰهُ ۖ قُلْ إِنِ ٱفْتَرَيْتُهُۥ فَلَا تَمْلِكُونَ لِى مِنَ ٱللَّهِ شَيْـًٔا ۖ هُوَ أَعْلَمُ بِمَا تُفِيضُونَ فِيهِ ۖ كَفَىٰ بِهِۦ شَهِيدًۢا بَيْنِى وَبَيْنَكُمْ ۖ وَهُوَ ٱلْغَفُورُ ٱلرَّحِيمُ",
        "قُلْ مَا كُنتُ بِدْعًا مِّنَ ٱلرُّسُلِ وَمَآ أَدْرِى مَا يُفْعَلُ بِى وَلَا بِكُمْ ۖ إِنْ أَتَّبِعُ إِلَّا مَا يُوحَىٰٓ إِلَىَّ وَمَآ أَنَا۠ إِلَّا نَذِيرٌ مُّبِينٌ",
        "قُلْ أَرَءَيْتُمْ إِن كَانَ مِنْ عِندِ ٱللَّهِ وَكَفَرْتُم بِهِۦ وَشَهِدَ شَاهِدٌ مِّنۢ بَنِىٓ إِسْرَٰٓءِيلَ عَلَىٰ مِثْلِهِۦ فَـَٔامَنَ وَٱسْتَكْبَرْتُمْ ۖ إِنَّ ٱللَّهَ لَا يَهْدِى ٱلْقَوْمَ ٱلظَّـٰلِمِينَ",
        "وَقَالَ ٱلَّذِينَ كَفَرُوا۟ لِلَّذِينَ ءَامَنُوا۟ لَوْ كَانَ خَيْرًا مَّا سَبَقُونَآ إِلَيْهِ ۚ وَإِذْ لَمْ يَهْتَدُوا۟ بِهِۦ فَسَيَقُولُونَ هَـٰذَآ إِفْكٌ قَدِيمٌ",
        "وَمِن قَبْلِهِۦ كِتَـٰبُ مُوسَىٰٓ إِمَامًا وَرَحْمَةً ۚ وَهَـٰذَا كِتَـٰبٌ مُّصَدِّقٌ لِّسَانًا عَرَبِيًّا لِّيُنذِرَ ٱلَّذِينَ ظَلَمُوا۟ وَبُشْرَىٰ لِلْمُحْسِنِينَ",
        "إِنَّ ٱلَّذِينَ قَالُوا۟ رَبُّنَا ٱللَّهُ ثُمَّ ٱسْتَقَـٰمُوا۟ فَلَا خَوْفٌ عَلَيْهِمْ وَلَا هُمْ يَحْزَنُونَ",
        "أُو۟لَـٰٓئِكَ أَصْحَـٰبُ ٱلْجَنَّةِ خَـٰلِدِينَ فِيهَا جَزَآءًۢ بِمَا كَانُوا۟ يَعْمَلُونَ",
        "وَوَصَّيْنَا ٱلْإِنسَـٰنَ بِوَٰلِدَيْهِ إِحْسَـٰنًا ۖ حَمَلَتْهُ أُمُّهُۥ كُرْهًا وَوَضَعَتْهُ كُرْهًا ۖ وَحَمْلُهُۥ وَفِصَـٰلُهُۥ ثَلَـٰثُونَ شَهْرًا ۚ حَتَّىٰٓ إِذَا بَلَغَ أَشُدَّهُۥ وَبَلَغَ أَرْبَعِينَ سَنَةً قَالَ رَبِّ أَوْزِعْنِىٓ أَنْ أَشْكُرَ نِعْمَتَكَ ٱلَّتِىٓ أَنْعَمْتَ عَلَىَّ وَعَلَىٰ وَٰلِدَىَّ وَأَنْ أَعْمَلَ صَـٰلِحًا تَرْضَىٰهُ وَأَصْلِحْ لِى فِى ذُرِّيَّتِىٓ ۖ إِنِّى تُبْتُ إِلَيْكَ وَإِنِّى مِنَ ٱلْمُسْلِمِينَ",
        "أُو۟لَـٰٓئِكَ ٱلَّذِينَ نَتَقَبَّلُ عَنْهُمْ أَحْسَنَ مَا عَمِلُوا۟ وَنَتَجَاوَزُ عَن سَيِّـَٔاتِهِمْ فِىٓ أَصْحَـٰبِ ٱلْجَنَّةِ ۖ وَعْدَ ٱلصِّدْقِ ٱلَّذِى كَانُوا۟ يُوعَدُونَ",
        "وَٱلَّذِى قَالَ لِوَٰلِدَيْهِ أُفٍّ لَّكُمَآ أَتَعِدَانِنِىٓ أَنْ أُخْرَجَ وَقَدْ خَلَتِ ٱلْقُرُونُ مِن قَبْلِى وَهُمَا يَسْتَغِيثَانِ ٱللَّهَ وَيْلَكَ ءَامِنْ إِنَّ وَعْدَ ٱللَّهِ حَقٌّ فَيَقُولُ مَا هَـٰذَآ إِلَّآ أَسَـٰطِيرُ ٱلْأَوَّلِينَ",
        "أُو۟لَـٰٓئِكَ ٱلَّذِينَ حَقَّ عَلَيْهِمُ ٱلْقَوْلُ فِىٓ أُمَمٍ قَدْ خَلَتْ مِن قَبْلِهِم مِّنَ ٱلْجِنِّ وَٱلْإِنسِ ۖ إِنَّهُمْ كَانُوا۟ خَـٰسِرِينَ",
        "وَلِكُلٍّ دَرَجَـٰتٌ مِّمَّا عَمِلُوا۟ ۖ وَلِيُوَفِّيَهُمْ أَعْمَـٰلَهُمْ وَهُمْ لَا يُظْلَمُونَ",
        "وَيَوْمَ يُعْرَضُ ٱلَّذِينَ كَفَرُوا۟ عَلَى ٱلنَّارِ أَذْهَبْتُمْ طَيِّبَـٰتِكُمْ فِى حَيَاتِكُمُ ٱلدُّنْيَا وَٱسْتَمْتَعْتُم بِهَا فَٱلْيَوْمَ تُجْزَوْنَ عَذَابَ ٱلْهُونِ بِمَا كُنتُمْ تَسْتَكْبِرُونَ فِى ٱلْأَرْضِ بِغَيْرِ ٱلْحَقِّ وَبِمَا كُنتُمْ تَفْسُقُونَ",
        "۞ وَٱذْكُرْ أَخَا عَادٍ إِذْ أَنذَرَ قَوْمَهُۥ بِٱلْأَحْقَافِ وَقَدْ خَلَتِ ٱلنُّذُرُ مِنۢ بَيْنِ يَدَيْهِ وَمِنْ خَلْفِهِۦٓ أَلَّا تَعْبُدُوٓا۟ إِلَّا ٱللَّهَ إِنِّىٓ أَخَافُ عَلَيْكُمْ عَذَابَ يَوْمٍ عَظِيمٍ",
        "قَالُوٓا۟ أَجِئْتَنَا لِتَأْفِكَنَا عَنْ ءَالِهَتِنَا فَأْتِنَا بِمَا تَعِدُنَآ إِن كُنتَ مِنَ ٱلصَّـٰدِقِينَ",
        "قَالَ إِنَّمَا ٱلْعِلْمُ عِندَ ٱللَّهِ وَأُبَلِّغُكُم مَّآ أُرْسِلْتُ بِهِۦ وَلَـٰكِنِّىٓ أَرَىٰكُمْ قَوْمًا تَجْهَلُونَ",
        "فَلَمَّا رَأَوْهُ عَارِضًا مُّسْتَقْبِلَ أَوْدِيَتِهِمْ قَالُوا۟ هَـٰذَا عَارِضٌ مُّمْطِرُنَا ۚ بَلْ هُوَ مَا ٱسْتَعْجَلْتُم بِهِۦ ۖ رِيحٌ فِيهَا عَذَابٌ أَلِيمٌ",
        "تُدَمِّرُ كُلَّ شَىْءٍۭ بِأَمْرِ رَبِّهَا فَأَصْبَحُوا۟ لَا يُرَىٰٓ إِلَّا مَسَـٰكِنُهُمْ ۚ كَذَٰلِكَ نَجْزِى ٱلْقَوْمَ ٱلْمُجْرِمِينَ",
        "وَلَقَدْ مَكَّنَّـٰهُمْ فِيمَآ إِن مَّكَّنَّـٰكُمْ فِيهِ وَجَعَلْنَا لَهُمْ سَمْعًا وَأَبْصَـٰرًا وَأَفْـِٔدَةً فَمَآ أَغْنَىٰ عَنْهُمْ سَمْعُهُمْ وَلَآ أَبْصَـٰرُهُمْ وَلَآ أَفْـِٔدَتُهُم مِّن شَىْءٍ إِذْ كَانُوا۟ يَجْحَدُونَ بِـَٔايَـٰتِ ٱللَّهِ وَحَاقَ بِهِم مَّا كَانُوا۟ بِهِۦ يَسْتَهْزِءُونَ",
        "وَلَقَدْ أَهْلَكْنَا مَا حَوْلَكُم مِّنَ ٱلْقُرَىٰ وَصَرَّفْنَا ٱلْـَٔايَـٰتِ لَعَلَّهُمْ يَرْجِعُونَ",
        "فَلَوْلَا نَصَرَهُمُ ٱلَّذِينَ ٱتَّخَذُوا۟ مِن دُونِ ٱللَّهِ قُرْبَانًا ءَالِهَةًۢ ۖ بَلْ ضَلُّوا۟ عَنْهُمْ ۚ وَذَٰلِكَ إِفْكُهُمْ وَمَا كَانُوا۟ يَفْتَرُونَ",
        "وَإِذْ صَرَفْنَآ إِلَيْكَ نَفَرًا مِّنَ ٱلْجِنِّ يَسْتَمِعُونَ ٱلْقُرْءَانَ فَلَمَّا حَضَرُوهُ قَالُوٓا۟ أَنصِتُوا۟ ۖ فَلَمَّا قُضِىَ وَلَّوْا۟ إِلَىٰ قَوْمِهِم مُّنذِرِينَ",
        "قَالُوا۟ يَـٰقَوْمَنَآ إِنَّا سَمِعْنَا كِتَـٰبًا أُنزِلَ مِنۢ بَعْدِ مُوسَىٰ مُصَدِّقًا لِّمَا بَيْنَ يَدَيْهِ يَهْدِىٓ إِلَى ٱلْحَقِّ وَإِلَىٰ طَرِيقٍ مُّسْتَقِيمٍ",
        "يَـٰقَوْمَنَآ أَجِيبُوا۟ دَاعِىَ ٱللَّهِ وَءَامِنُوا۟ بِهِۦ يَغْفِرْ لَكُم مِّن ذُنُوبِكُمْ وَيُجِرْكُم مِّنْ عَذَابٍ أَلِيمٍ",
        "وَمَن لَّا يُجِبْ دَاعِىَ ٱللَّهِ فَلَيْسَ بِمُعْجِزٍ فِى ٱلْأَرْضِ وَلَيْسَ لَهُۥ مِن دُونِهِۦٓ أَوْلِيَآءُ ۚ أُو۟لَـٰٓئِكَ فِى ضَلَـٰلٍ مُّبِينٍ",
        "أَوَلَمْ يَرَوْا۟ أَنَّ ٱللَّهَ ٱلَّذِى خَلَقَ ٱلسَّمَـٰوَٰتِ وَٱلْأَرْضَ وَلَمْ يَعْىَ بِخَلْقِهِنَّ بِقَـٰدِرٍ عَلَىٰٓ أَن يُحْـِۧىَ ٱلْمَوْتَىٰ ۚ بَلَىٰٓ إِنَّهُۥ عَلَىٰ كُلِّ شَىْءٍ قَدِيرٌ",
        "وَيَوْمَ يُعْرَضُ ٱلَّذِينَ كَفَرُوا۟ عَلَى ٱلنَّارِ أَلَيْسَ هَـٰذَا بِٱلْحَقِّ ۖ قَالُوا۟ بَلَىٰ وَرَبِّنَا ۚ قَالَ فَذُوقُوا۟ ٱلْعَذَابَ بِمَا كُنتُمْ تَكْفُرُونَ",
        "فَٱصْبِرْ كَمَا صَبَرَ أُو۟لُوا۟ ٱلْعَزْمِ مِنَ ٱلرُّسُلِ وَلَا تَسْتَعْجِل لَّهُمْ ۚ كَأَنَّهُمْ يَوْمَ يَرَوْنَ مَا يُوعَدُونَ لَمْ يَلْبَثُوٓا۟ إِلَّا سَاعَةً مِّن نَّهَارٍۭ ۚ بَلَـٰغٌ ۚ فَهَلْ يُهْلَكُ إِلَّا ٱلْقَوْمُ ٱلْفَـٰسِقُونَ"
    ],
    "arabic2": [
        "حم",
        "تنزيل الكتاب من الله العزيز الحكيم",
        "ما خلقنا السماوات والارض وما بينهما الا بالحق واجل مسمى والذين كفروا عما انذروا معرضون",
        "قل ارايتم ما تدعون من دون الله اروني ماذا خلقوا من الارض ام لهم شرك في السماوات ائتوني بكتاب من قبل هذا او اثارة من علم ان كنتم صادقين",
        "ومن اضل ممن يدعو من دون الله من لا يستجيب له الى يوم القيامة وهم عن دعائهم غافلون",
        "واذا حشر الناس كانوا لهم اعداء وكانوا بعبادتهم كافرين",
        "واذا تتلى عليهم اياتنا بينات قال الذين كفروا للحق لما جاءهم هذا سحر مبين",
        "ام يقولون افتراه قل ان افتريته فلا تملكون لي من الله شيئا هو اعلم بما تفيضون فيه كفى به شهيدا بيني وبينكم وهو الغفور الرحيم",
        "قل ما كنت بدعا من الرسل وما ادري ما يفعل بي ولا بكم ان اتبع الا ما يوحى الي وما انا الا نذير مبين",
        "قل ارايتم ان كان من عند الله وكفرتم به وشهد شاهد من بني اسرائيل على مثله فامن واستكبرتم ان الله لا يهدي القوم الظالمين",
        "وقال الذين كفروا للذين امنوا لو كان خيرا ما سبقونا اليه واذ لم يهتدوا به فسيقولون هذا افك قديم",
        "ومن قبله كتاب موسى اماما ورحمة وهذا كتاب مصدق لسانا عربيا لينذر الذين ظلموا وبشرى للمحسنين",
        "ان الذين قالوا ربنا الله ثم استقاموا فلا خوف عليهم ولا هم يحزنون",
        "اولئك اصحاب الجنة خالدين فيها جزاء بما كانوا يعملون",
        "ووصينا الانسان بوالديه احسانا حملته امه كرها ووضعته كرها وحمله وفصاله ثلاثون شهرا حتى اذا بلغ اشده وبلغ اربعين سنة قال رب اوزعني ان اشكر نعمتك التي انعمت علي وعلى والدي وان اعمل صالحا ترضاه واصلح لي في ذريتي اني تبت اليك واني من المسلمين",
        "اولئك الذين نتقبل عنهم احسن ما عملوا ونتجاوز عن سيئاتهم في اصحاب الجنة وعد الصدق الذي كانوا يوعدون",
        "والذي قال لوالديه اف لكما اتعدانني ان اخرج وقد خلت القرون من قبلي وهما يستغيثان الله ويلك امن ان وعد الله حق فيقول ما هذا الا اساطير الاولين",
        "اولئك الذين حق عليهم القول في امم قد خلت من قبلهم من الجن والانس انهم كانوا خاسرين",
        "ولكل درجات مما عملوا وليوفيهم اعمالهم وهم لا يظلمون",
        "ويوم يعرض الذين كفروا على النار اذهبتم طيباتكم في حياتكم الدنيا واستمتعتم بها فاليوم تجزون عذاب الهون بما كنتم تستكبرون في الارض بغير الحق وبما كنتم تفسقون",
        "واذكر اخا عاد اذ انذر قومه بالاحقاف وقد خلت النذر من بين يديه ومن خلفه الا تعبدوا الا الله اني اخاف عليكم عذاب يوم عظيم",
        "قالوا اجئتنا لتافكنا عن الهتنا فاتنا بما تعدنا ان كنت من الصادقين",
        "قال انما العلم عند الله وابلغكم ما ارسلت به ولكني اراكم قوما تجهلون",
        "فلما راوه عارضا مستقبل اوديتهم قالوا هذا عارض ممطرنا بل هو ما استعجلتم به ريح فيها عذاب اليم",
        "تدمر كل شيء بامر ربها فاصبحوا لا يرى الا مساكنهم كذلك نجزي القوم المجرمين",
        "ولقد مكناهم فيما ان مكناكم فيه وجعلنا لهم سمعا وابصارا وافئدة فما اغنى عنهم سمعهم ولا ابصارهم ولا افئدتهم من شيء اذ كانوا يجحدون بايات الله وحاق بهم ما كانوا به يستهزئون",
        "ولقد اهلكنا ما حولكم من القرى وصرفنا الايات لعلهم يرجعون",
        "فلولا نصرهم الذين اتخذوا من دون الله قربانا الهة بل ضلوا عنهم وذلك افكهم وما كانوا يفترون",
        "واذ صرفنا اليك نفرا من الجن يستمعون القران فلما حضروه قالوا انصتوا فلما قضي ولوا الى قومهم منذرين",
        "قالوا يا قومنا انا سمعنا كتابا انزل من بعد موسى مصدقا لما بين يديه يهدي الى الحق والى طريق مستقيم",
        "يا قومنا اجيبوا داعي الله وامنوا به يغفر لكم من ذنوبكم ويجركم من عذاب اليم",
        "ومن لا يجب داعي الله فليس بمعجز في الارض وليس له من دونه اولياء اولئك في ضلال مبين",
        "اولم يروا ان الله الذي خلق السماوات والارض ولم يعي بخلقهن بقادر على ان يحيي الموتى بلى انه على كل شيء قدير",
        "ويوم يعرض الذين كفروا على النار اليس هذا بالحق قالوا بلى وربنا قال فذوقوا العذاب بما كنتم تكفرون",
        "فاصبر كما صبر اولو العزم من الرسل ولا تستعجل لهم كانهم يوم يرون ما يوعدون لم يلبثوا الا ساعة من نهار بلاغ فهل يهلك الا القوم الفاسقون"
    ]
}