{
    "surahName": "Muhammad",
    "surahNameArabic": "محمد",
    "surahNameArabicLong": "سورة محمد",
    "surahNameTranslation": "Muhammad",
    "revelationPlace": "Madina",
    "totalAyah": 38,
    "surahNo": 47,
    "english": [
        "Those who disbelieve and hinder ˹others˺ from the Way of Allah, He will render their deeds void.",
        "As for those who believe, do good, and have faith in what has been revealed to Muḥammad—which is the truth from their Lord—He will absolve them of their sins and improve their condition.",
        "This is because the disbelievers follow falsehood, while the believers follow the truth from their Lord. This is how Allah shows people their true state ˹of faith˺.",
        "So when you meet the disbelievers ˹in battle˺, strike ˹their˺ necks until you have thoroughly subdued them, then bind them firmly. Later ˹free them either as˺ an act of grace or by ransom until the war comes to an end. So will it be. Had Allah willed, He ˹Himself˺ could have inflicted punishment on them. But He does ˹this only to˺ test some of you by means of others. And those who are martyred in the cause of Allah, He will never render their deeds void.",
        "He will guide them ˹to their reward˺, improve their condition",
        "and admit them into Paradise, having made it known to them.",
        "O believers! If you stand up for Allah, He will help you and make your steps firm.",
        "As for the disbelievers, may they be doomed and may He render their deeds void.",
        "That is because they detest what Allah has revealed, so He has rendered their deeds void.",
        "Have they not travelled throughout the land to see what was the end of those before them? Allah annihilated them, and a similar fate awaits the disbelievers.",
        "This is because Allah is the Patron of the believers while the disbelievers have no patron.",
        "Surely Allah will admit those who believe and do good into Gardens under which rivers flow. As for the disbelievers, they enjoy themselves and feed like cattle. But the Fire will be their home.",
        "˹Imagine, O  Prophet,˺ how many societies We destroyed that were far superior in might than your society—which drove you out—and there was none to help them!",
        "Can those ˹believers˺ who stand on clear proof from their Lord be like those whose evil deeds are made appealing to them and ˹only˺ follow their desires?",
        "The description of the Paradise promised to the righteous is that in it are rivers of fresh water, rivers of milk that never changes in taste, rivers of wine delicious to drink, and rivers of pure honey. There they will ˹also˺ have all kinds of fruit, and forgiveness from their Lord. ˹Can they be˺ like those who will stay in the Fire forever, left to drink boiling water that will tear apart their insides?",
        "There are some of them who listen to you ˹O Prophet˺, but when they depart from you, they say ˹mockingly˺ to those ˹believers˺ gifted with knowledge, “What did he just say?” These are the ones whose hearts Allah has sealed and who ˹only˺ follow their desires.",
        "As for those who are ˹rightly˺ guided, He increases them in guidance and blesses them with righteousness.",
        "Are they only waiting for the Hour to take them by surprise? Yet ˹some of˺ its signs have already come. Once it actually befalls them, will it not be too late to be mindful?",
        "So, know ˹well, O  Prophet,˺ that there is no god ˹worthy of worship˺ except Allah. And seek forgiveness for your shortcomings and for ˹the sins of˺ the believing men and women. For Allah ˹fully˺ knows your movements and places of rest ˹O people˺.",
        "And the believers say, “If only a sûrah was revealed ˹allowing self-defence˺!” Yet when a precise sûrah is revealed, in which fighting is ˹explicitly˺ mentioned, you see those with sickness in their hearts staring at you like someone in the throes of death. It would have been better for them",
        "to obey and speak rightly. Then when fighting was ordained, it surely would have been better for them if they were true to Allah.",
        "Now if you ˹hypocrites˺ turn away, perhaps you would then spread corruption throughout the land and sever your ˹ties of˺ kinship!",
        "These are the ones who Allah has condemned, deafening them and blinding their eyes.",
        "Do they not then reflect on the Quran? Or are there locks upon their hearts?",
        "Indeed, those who relapse ˹into disbelief˺ after ˹true˺ guidance has become clear to them, ˹it is˺ Satan ˹that˺ has tempted them, luring them with false hopes.",
        "That is because they said ˹privately˺ to those who ˹also˺ detest what Allah has revealed, “We will obey you in some matters.” But Allah ˹fully˺ knows what they are hiding.",
        "Then how ˹horrible˺ will it be when the angels take their souls, beating their faces and backs!",
        "This is because they follow whatever displeases Allah and hate whatever pleases Him, so He has rendered their deeds void.",
        "Or do those with sickness in their hearts think that Allah will not ˹be able to˺ expose their malice?",
        "Had We willed, We could have truly shown them to you ˹O Prophet˺, and you would have certainly recognized them by their appearance. But you will surely recognize them by their tone of speech. And Allah ˹fully˺ knows your doings ˹O people˺.",
        "We will certainly test you ˹believers˺ until We prove those of you who ˹truly˺ struggle ˹in Allah’s cause˺ and remain steadfast, and reveal how you conduct yourselves.",
        "Indeed, those who disbelieve, hinder ˹others˺ from the Way of Allah, and defy the Messenger after ˹true˺ guidance has become clear to them; they will not harm Allah in the least, but He will render their deeds void.",
        "O believers! Obey Allah and obey the Messenger, and do not let your deeds be in vain.",
        "Surely those who disbelieve, hinder ˹others˺ from the Way of Allah, and then die as disbelievers; Allah will never forgive them.",
        "So do not falter or cry for peace, for you will have the upper hand and Allah is with you. And He will never let your deeds go to waste.",
        "This worldly life is no more than play and amusement. But if you are faithful and mindful ˹of Allah˺, He will grant you your ˹full˺ reward, and will not ask you ˹to donate all˺ your wealth.",
        "If He were to do so and pressure you, you would withhold and He would bring out your resentment.",
        "Here you are, being invited to donate ˹a little˺ in the cause of Allah. Still some of you withhold. And whoever does so, it is only to their own loss. For Allah is the Self-Sufficient, whereas you stand in need ˹of Him˺. If you ˹still˺ turn away, He will replace you with another people. And they will not be like you."
    ],
    "arabic1": [
        " ٱلَّذِينَ كَفَرُوا۟ وَصَدُّوا۟ عَن سَبِيلِ ٱللَّهِ أَضَلَّ أَعْمَـٰلَهُمْ",
        "وَٱلَّذِينَ ءَامَنُوا۟ وَعَمِلُوا۟ ٱلصَّـٰلِحَـٰتِ وَءَامَنُوا۟ بِمَا نُزِّلَ عَلَىٰ مُحَمَّدٍ وَهُوَ ٱلْحَقُّ مِن رَّبِّهِمْ ۙ كَفَّرَ عَنْهُمْ سَيِّـَٔاتِهِمْ وَأَصْلَحَ بَالَهُمْ",
        "ذَٰلِكَ بِأَنَّ ٱلَّذِينَ كَفَرُوا۟ ٱتَّبَعُوا۟ ٱلْبَـٰطِلَ وَأَنَّ ٱلَّذِينَ ءَامَنُوا۟ ٱتَّبَعُوا۟ ٱلْحَقَّ مِن رَّبِّهِمْ ۚ كَذَٰلِكَ يَضْرِبُ ٱللَّهُ لِلنَّاسِ أَمْثَـٰلَهُمْ",
        "فَإِذَا لَقِيتُمُ ٱلَّذِينَ كَفَرُوا۟ فَضَرْبَ ٱلرِّقَابِ حَتَّىٰٓ إِذَآ أَثْخَنتُمُوهُمْ فَشُدُّوا۟ ٱلْوَثَاقَ فَإِمَّا مَنًّۢا بَعْدُ وَإِمَّا فِدَآءً حَتَّىٰ تَضَعَ ٱلْحَرْبُ أَوْزَارَهَا ۚ ذَٰلِكَ وَلَوْ يَشَآءُ ٱللَّهُ لَٱنتَصَرَ مِنْهُمْ وَلَـٰكِن لِّيَبْلُوَا۟ بَعْضَكُم بِبَعْضٍ ۗ وَٱلَّذِينَ قُتِلُوا۟ فِى سَبِيلِ ٱللَّهِ فَلَن يُضِلَّ أَعْمَـٰلَهُمْ",
        "سَيَهْدِيهِمْ وَيُصْلِحُ بَالَهُمْ",
        "وَيُدْخِلُهُمُ ٱلْجَنَّةَ عَرَّفَهَا لَهُمْ",
        "يَـٰٓأَيُّهَا ٱلَّذِينَ ءَامَنُوٓا۟ إِن تَنصُرُوا۟ ٱللَّهَ يَنصُرْكُمْ وَيُثَبِّتْ أَقْدَامَكُمْ",
        "وَٱلَّذِينَ كَفَرُوا۟ فَتَعْسًا لَّهُمْ وَأَضَلَّ أَعْمَـٰلَهُمْ",
        "ذَٰلِكَ بِأَنَّهُمْ كَرِهُوا۟ مَآ أَنزَلَ ٱللَّهُ فَأَحْبَطَ أَعْمَـٰلَهُمْ",
        "۞ أَفَلَمْ يَسِيرُوا۟ فِى ٱلْأَرْضِ فَيَنظُرُوا۟ كَيْفَ كَانَ عَـٰقِبَةُ ٱلَّذِينَ مِن قَبْلِهِمْ ۚ دَمَّرَ ٱللَّهُ عَلَيْهِمْ ۖ وَلِلْكَـٰفِرِينَ أَمْثَـٰلُهَا",
        "ذَٰلِكَ بِأَنَّ ٱللَّهَ مَوْلَى ٱلَّذِينَ ءَامَنُوا۟ وَأَنَّ ٱلْكَـٰفِرِينَ لَا مَوْلَىٰ لَهُمْ",
        "إِنَّ ٱللَّهَ يُدْخِلُ ٱلَّذِينَ ءَامَنُوا۟ وَعَمِلُوا۟ ٱلصَّـٰلِحَـٰتِ جَنَّـٰتٍ تَجْرِى مِن تَحْتِهَا ٱلْأَنْهَـٰرُ ۖ وَٱلَّذِينَ كَفَرُوا۟ يَتَمَتَّعُونَ وَيَأْكُلُونَ كَمَا تَأْكُلُ ٱلْأَنْعَـٰمُ وَٱلنَّارُ مَثْوًى لَّهُمْ",
        "وَكَأَيِّن مِّن قَرْيَةٍ هِىَ أَشَدُّ قُوَّةً مِّن قَرْيَتِكَ ٱلَّتِىٓ أَخْرَجَتْكَ أَهْلَكْنَـٰهُمْ فَلَا نَاصِرَ لَهُمْ",
        "أَفَمَن كَانَ عَلَىٰ بَيِّنَةٍ مِّن رَّبِّهِۦ كَمَن زُيِّنَ لَهُۥ سُوٓءُ عَمَلِهِۦ وَٱتَّبَعُوٓا۟ أَهْوَآءَهُم",
        "مَّثَلُ ٱلْجَنَّةِ ٱلَّتِى وُعِدَ ٱلْمُتَّقُونَ ۖ فِيهَآ أَنْهَـٰرٌ مِّن مَّآءٍ غَيْرِ ءَاسِنٍ وَأَنْهَـٰرٌ مِّن لَّبَنٍ لَّمْ يَتَغَيَّرْ طَعْمُهُۥ وَأَنْهَـٰرٌ مِّنْ خَمْرٍ لَّذَّةٍ لِّلشَّـٰرِبِينَ وَأَنْهَـٰرٌ مِّنْ عَسَلٍ مُّصَفًّى ۖ وَلَهُمْ فِيهَا مِن كُلِّ ٱلثَّمَرَٰتِ وَمَغْفِرَةٌ مِّن رَّبِّهِمْ ۖ كَمَنْ هُوَ خَـٰلِدٌ فِى ٱلنَّارِ وَسُقُوا۟ مَآءً حَمِيمًا فَقَطَّعَ أَمْعَآءَهُمْ",
        "وَمِنْهُم مَّن يَسْتَمِعُ إِلَيْكَ حَتَّىٰٓ إِذَا خَرَجُوا۟ مِنْ عِندِكَ قَالُوا۟ لِلَّذِينَ أُوتُوا۟ ٱلْعِلْمَ مَاذَا قَالَ ءَانِفًا ۚ أُو۟لَـٰٓئِكَ ٱلَّذِينَ طَبَعَ ٱللَّهُ عَلَىٰ قُلُوبِهِمْ وَٱتَّبَعُوٓا۟ أَهْوَآءَهُمْ",
        "وَٱلَّذِينَ ٱهْتَدَوْا۟ زَادَهُمْ هُدًى وَءَاتَىٰهُمْ تَقْوَىٰهُمْ",
        "فَهَلْ يَنظُرُونَ إِلَّا ٱلسَّاعَةَ أَن تَأْتِيَهُم بَغْتَةً ۖ فَقَدْ جَآءَ أَشْرَاطُهَا ۚ فَأَنَّىٰ لَهُمْ إِذَا جَآءَتْهُمْ ذِكْرَىٰهُمْ",
        "فَٱعْلَمْ أَنَّهُۥ لَآ إِلَـٰهَ إِلَّا ٱللَّهُ وَٱسْتَغْفِرْ لِذَنۢبِكَ وَلِلْمُؤْمِنِينَ وَٱلْمُؤْمِنَـٰتِ ۗ وَٱللَّهُ يَعْلَمُ مُتَقَلَّبَكُمْ وَمَثْوَىٰكُمْ",
        "وَيَقُولُ ٱلَّذِينَ ءَامَنُوا۟ لَوْلَا نُزِّلَتْ سُورَةٌ ۖ فَإِذَآ أُنزِلَتْ سُورَةٌ مُّحْكَمَةٌ وَذُكِرَ فِيهَا ٱلْقِتَالُ ۙ رَأَيْتَ ٱلَّذِينَ فِى قُلُوبِهِم مَّرَضٌ يَنظُرُونَ إِلَيْكَ نَظَرَ ٱلْمَغْشِىِّ عَلَيْهِ مِنَ ٱلْمَوْتِ ۖ فَأَوْلَىٰ لَهُمْ",
        "طَاعَةٌ وَقَوْلٌ مَّعْرُوفٌ ۚ فَإِذَا عَزَمَ ٱلْأَمْرُ فَلَوْ صَدَقُوا۟ ٱللَّهَ لَكَانَ خَيْرًا لَّهُمْ",
        "فَهَلْ عَسَيْتُمْ إِن تَوَلَّيْتُمْ أَن تُفْسِدُوا۟ فِى ٱلْأَرْضِ وَتُقَطِّعُوٓا۟ أَرْحَامَكُمْ",
        "أُو۟لَـٰٓئِكَ ٱلَّذِينَ لَعَنَهُمُ ٱللَّهُ فَأَصَمَّهُمْ وَأَعْمَىٰٓ أَبْصَـٰرَهُمْ",
        "أَفَلَا يَتَدَبَّرُونَ ٱلْقُرْءَانَ أَمْ عَلَىٰ قُلُوبٍ أَقْفَالُهَآ",
        "إِنَّ ٱلَّذِينَ ٱرْتَدُّوا۟ عَلَىٰٓ أَدْبَـٰرِهِم مِّنۢ بَعْدِ مَا تَبَيَّنَ لَهُمُ ٱلْهُدَى ۙ ٱلشَّيْطَـٰنُ سَوَّلَ لَهُمْ وَأَمْلَىٰ لَهُمْ",
        "ذَٰلِكَ بِأَنَّهُمْ قَالُوا۟ لِلَّذِينَ كَرِهُوا۟ مَا نَزَّلَ ٱللَّهُ سَنُطِيعُكُمْ فِى بَعْضِ ٱلْأَمْرِ ۖ وَٱللَّهُ يَعْلَمُ إِسْرَارَهُمْ",
        "فَكَيْفَ إِذَا تَوَفَّتْهُمُ ٱلْمَلَـٰٓئِكَةُ يَضْرِبُونَ وُجُوهَهُمْ وَأَدْبَـٰرَهُمْ",
        "ذَٰلِكَ بِأَنَّهُمُ ٱتَّبَعُوا۟ مَآ أَسْخَطَ ٱللَّهَ وَكَرِهُوا۟ رِضْوَٰنَهُۥ فَأَحْبَطَ أَعْمَـٰلَهُمْ",
        "أَمْ حَسِبَ ٱلَّذِينَ فِى قُلُوبِهِم مَّرَضٌ أَن لَّن يُخْرِجَ ٱللَّهُ أَضْغَـٰنَهُمْ",
        "وَلَوْ نَشَآءُ لَأَرَيْنَـٰكَهُمْ فَلَعَرَفْتَهُم بِسِيمَـٰهُمْ ۚ وَلَتَعْرِفَنَّهُمْ فِى لَحْنِ ٱلْقَوْلِ ۚ وَٱللَّهُ يَعْلَمُ أَعْمَـٰلَكُمْ",
        "وَلَنَبْلُوَنَّكُمْ حَتَّىٰ نَعْلَمَ ٱلْمُجَـٰهِدِينَ مِنكُمْ وَٱلصَّـٰبِرِينَ وَنَبْلُوَا۟ أَخْبَارَكُمْ",
        "إِنَّ ٱلَّذِينَ كَفَرُوا۟ وَصَدُّوا۟ عَن سَبِيلِ ٱللَّهِ وَشَآقُّوا۟ ٱلرَّسُولَ مِنۢ بَعْدِ مَا تَبَيَّنَ لَهُمُ ٱلْهُدَىٰ لَن يَضُرُّوا۟ ٱللَّهَ شَيْـًٔا وَسَيُحْبِطُ أَعْمَـٰلَهُمْ",
        "۞ يَـٰٓأَيُّهَا ٱلَّذِينَ ءَامَنُوٓا۟ أَطِيعُوا۟ ٱللَّهَ وَأَطِيعُوا۟ ٱلرَّسُولَ وَلَا تُبْطِلُوٓا۟ أَعْمَـٰلَكُمْ",
        "إِنَّ ٱلَّذِينَ كَفَرُوا۟ وَصَدُّوا۟ عَن سَبِيلِ ٱللَّهِ ثُمَّ مَاتُوا۟ وَهُمْ كُفَّارٌ فَلَن يَغْفِرَ ٱللَّهُ لَهُمْ",
        "فَلَا تَهِنُوا۟ وَتَدْعُوٓا۟ إِلَى ٱلسَّلْمِ وَأَنتُمُ ٱلْأَعْلَوْنَ وَٱللَّهُ مَعَكُمْ وَلَن يَتِرَكُمْ أَعْمَـٰلَكُمْ",
        "إِنَّمَا ٱلْحَيَوٰةُ ٱلدُّنْيَا لَعِبٌ وَلَهْوٌ ۚ وَإِن تُؤْمِنُوا۟ وَتَتَّقُوا۟ يُؤْتِكُمْ أُجُورَكُمْ وَلَا يَسْـَٔلْكُمْ أَمْوَٰلَكُمْ",
        "إِن يَسْـَٔلْكُمُوهَا فَيُحْفِكُمْ تَبْخَلُوا۟ وَيُخْرِجْ أَضْغَـٰنَكُمْ",
        "هَـٰٓأَنتُمْ هَـٰٓؤُلَآءِ تُدْعَوْنَ لِتُنفِقُوا۟ فِى سَبِيلِ ٱللَّهِ فَمِنكُم مَّن يَبْخَلُ ۖ وَمَن يَبْخَلْ فَإِنَّمَا يَبْخَلُ عَن نَّفْسِهِۦ ۚ وَٱللَّهُ ٱلْغَنِىُّ وَأَنتُمُ ٱلْفُقَرَآءُ ۚ وَإِن تَتَوَلَّوْا۟ يَسْتَبْدِلْ قَوْمًا غَيْرَكُمْ ثُمَّ لَا يَكُونُوٓا۟ أَمْثَـٰلَكُم"
    ],
    "arabic2": [
        "الذين كفروا وصدوا عن سبيل الله اضل اعمالهم",
        "والذين امنوا وعملوا الصالحات وامنوا بما نزل على محمد وهو الحق من ربهم كفر عنهم سيئاتهم واصلح بالهم",
        "ذلك بان الذين كفروا اتبعوا الباطل وان الذين امنوا اتبعوا الحق من ربهم كذلك يضرب الله للناس امثالهم",
        "فاذا لقيتم الذين كفروا فضرب الرقاب حتى اذا اثخنتموهم فشدوا الوثاق فاما منا بعد واما فداء حتى تضع الحرب اوزارها ذلك ولو يشاء الله لانتصر منهم ولكن ليبلو بعضكم ببعض والذين قتلوا في سبيل الله فلن يضل اعمالهم",
        "سيهديهم ويصلح بالهم",
        "ويدخلهم الجنة عرفها لهم",
        "يا ايها الذين امنوا ان تنصروا الله ينصركم ويثبت اقدامكم",
        "والذين كفروا فتعسا لهم واضل اعمالهم",
        "ذلك بانهم كرهوا ما انزل الله فاحبط اعمالهم",
        "افلم يسيروا في الارض فينظروا كيف كان عاقبة الذين من قبلهم دمر الله عليهم وللكافرين امثالها",
        "ذلك بان الله مولى الذين امنوا وان الكافرين لا مولى لهم",
        "ان الله يدخل الذين امنوا وعملوا الصالحات جنات تجري من تحتها الانهار والذين كفروا يتمتعون وياكلون كما تاكل الانعام والنار مثوى لهم",
        "وكاين من قرية هي اشد قوة من قريتك التي اخرجتك اهلكناهم فلا ناصر لهم",
        "افمن كان على بينة من ربه كمن زين له سوء عمله واتبعوا اهواءهم",
        "مثل الجنة التي وعد المتقون فيها انهار من ماء غير اسن وانهار من لبن لم يتغير طعمه وانهار من خمر لذة للشاربين وانهار من عسل مصفى ولهم فيها من كل الثمرات ومغفرة من ربهم كمن هو خالد في النار وسقوا ماء حميما فقطع امعاءهم",
        "ومنهم من يستمع اليك حتى اذا خرجوا من عندك قالوا للذين اوتوا العلم ماذا قال انفا اولئك الذين طبع الله على قلوبهم واتبعوا اهواءهم",
        "والذين اهتدوا زادهم هدى واتاهم تقواهم",
        "فهل ينظرون الا الساعة ان تاتيهم بغتة فقد جاء اشراطها فانى لهم اذا جاءتهم ذكراهم",
        "فاعلم انه لا اله الا الله واستغفر لذنبك وللمؤمنين والمؤمنات والله يعلم متقلبكم ومثواكم",
        "ويقول الذين امنوا لولا نزلت سورة فاذا انزلت سورة محكمة وذكر فيها القتال رايت الذين في قلوبهم مرض ينظرون اليك نظر المغشي عليه من الموت فاولى لهم",
        "طاعة وقول معروف فاذا عزم الامر فلو صدقوا الله لكان خيرا لهم",
        "فهل عسيتم ان توليتم ان تفسدوا في الارض وتقطعوا ارحامكم",
        "اولئك الذين لعنهم الله فاصمهم واعمى ابصارهم",
        "افلا يتدبرون القران ام على قلوب اقفالها",
        "ان الذين ارتدوا على ادبارهم من بعد ما تبين لهم الهدى الشيطان سول لهم واملى لهم",
        "ذلك بانهم قالوا للذين كرهوا ما نزل الله سنطيعكم في بعض الامر والله يعلم اسرارهم",
        "فكيف اذا توفتهم الملائكة يضربون وجوههم وادبارهم",
        "ذلك بانهم اتبعوا ما اسخط الله وكرهوا رضوانه فاحبط اعمالهم",
        "ام حسب الذين في قلوبهم مرض ان لن يخرج الله اضغانهم",
        "ولو نشاء لاريناكهم فلعرفتهم بسيماهم ولتعرفنهم في لحن القول والله يعلم اعمالكم",
        "ولنبلونكم حتى نعلم المجاهدين منكم والصابرين ونبلو اخباركم",
        "ان الذين كفروا وصدوا عن سبيل الله وشاقوا الرسول من بعد ما تبين لهم الهدى لن يضروا الله شيئا وسيحبط اعمالهم",
        "يا ايها الذين امنوا اطيعوا الله واطيعوا الرسول ولا تبطلوا اعمالكم",
        "ان الذين كفروا وصدوا عن سبيل الله ثم ماتوا وهم كفار فلن يغفر الله لهم",
        "فلا تهنوا وتدعوا الى السلم وانتم الاعلون والله معكم ولن يتركم اعمالكم",
        "انما الحياة الدنيا لعب ولهو وان تؤمنوا وتتقوا يؤتكم اجوركم ولا يسالكم اموالكم",
        "ان يسالكموها فيحفكم تبخلوا ويخرج اضغانكم",
        "ها انتم هؤلاء تدعون لتنفقوا في سبيل الله فمنكم من يبخل ومن يبخل فانما يبخل عن نفسه والله الغني وانتم الفقراء وان تتولوا يستبدل قوما غيركم ثم لا يكونوا امثالكم"
    ]
}