{
    "surahName": "Al-Fath",
    "surahNameArabic": "الفتح",
    "surahNameArabicLong": "سورة الفتح",
    "surahNameTranslation": "The Victory",
    "revelationPlace": "Madina",
    "totalAyah": 29,
    "surahNo": 48,
    "english": [
        "Indeed, We have granted you a clear triumph ˹O Prophet˺",
        "so that Allah may forgive you for your past and future shortcomings, perfect His favour upon you, guide you along the Straight Path",
        "and so that Allah will help you tremendously.",
        "He is the One Who sent down serenity upon the hearts of the believers so that they may increase even more in their faith. To Allah ˹alone˺ belong the forces of the heavens and the earth. And Allah is All-Knowing, All-Wise.",
        "So He may admit believing men and women into Gardens under which rivers flow—to stay there forever—and absolve them of their sins. And that is a supreme achievement in the sight of Allah.",
        "Also ˹so that˺ He may punish hypocrite men and women and polytheistic men and women, who harbour evil thoughts of Allah. May ill-fate befall them! Allah is displeased with them. He has condemned them and prepared for them Hell. What an evil destination!",
        "To Allah ˹alone˺ belong the forces of the heavens and the earth. And Allah is Almighty, All-Wise.",
        "Indeed, ˹O Prophet,˺ We have sent you as a witness, a deliverer of good news, and a warner",
        "so that you ˹believers˺ may have faith in Allah and His Messenger, support and honour him, and glorify Allah morning and evening.",
        "Surely those who pledge allegiance to you ˹O Prophet˺ are actually pledging allegiance to Allah. Allah’s Hand is over theirs. Whoever breaks their pledge, it will only be to their own loss. And whoever fulfils their pledge to Allah, He will grant them a great reward.",
        "The nomadic Arabs, who stayed behind, will say to you ˹O Prophet˺, “We were preoccupied with our wealth and families, so ask for forgiveness for us.” They say with their tongues what is not in their hearts. Say, “Who then can stand between you and Allah in any way, if He intends harm or benefit for you? In fact, Allah is All-Aware of what you do.",
        "The truth is: you thought that the Messenger and the believers would never return to their families again. And that was made appealing in your hearts. You harboured evil thoughts ˹about Allah˺, and ˹so˺ became a doomed people.”",
        "And whoever does not believe in Allah and His Messenger, then We surely have prepared for the disbelievers a blazing Fire.",
        "To Allah ˹alone˺ belongs the kingdom of the heavens and the earth. He forgives whoever He wills, and punishes whoever He wills. And Allah is All-Forgiving, Most Merciful.",
        "Those who stayed behind will say, when you ˹believers˺ set out to take the spoils of war, “Let us accompany you.” They wish to change Allah’s promise. Say, ˹O Prophet,˺ “You will not accompany us. This is what Allah has said before.” They will then say, “In fact, you are driven by jealousy against us!” The truth is: they can hardly comprehend.",
        "Say to nomadic Arabs, who stayed behind, “You will be called ˹to fight˺ against a people of great might, who you will fight unless they submit. If you then obey, Allah will grant you a fine reward. But if you turn away as you did before, He will inflict upon you a painful punishment.”",
        "There is no blame on the blind, or the disabled, or the sick ˹for staying behind˺. And whoever obeys Allah and His Messenger will be admitted by Him into Gardens under which rivers flow. But whoever turns away will be subjected by Him to a painful punishment.",
        "Indeed, Allah was pleased with the believers when they pledged allegiance to you ˹O Prophet˺ under the tree. He knew what was in their hearts, so He sent down serenity upon them and rewarded them with a victory at hand",
        "and many spoils of war they will gain. For Allah is Almighty, All-Wise.",
        "Allah has promised you ˹believers˺ abundant spoils, which you will gain, so He hastened this ˹truce˺ for you. And He has held people’s hands back from ˹harming˺ you, so it may be a sign for the believers, and so He may guide you along the Straight Path.",
        "And ˹there are˺ other gains which are beyond your reach that Allah is keeping in store ˹for you˺. For Allah is Most Capable of everything.",
        "If the disbelievers were to fight you, they would certainly flee. Then they would never find any protector or helper.",
        "˹This is˺ Allah’s way, already long established ˹in the past˺. And you will find no change in Allah’s way.",
        "He is the One Who held back their hands from you and your hands from them in the valley of ˹Ḥudaibiyah, near˺ Mecca, after giving you the upper hand over ˹a group of˺ them. And Allah is All-Seeing of what you do.",
        "They are the ones who persisted in disbelief and hindered you from the Sacred Mosque, preventing the sacrificial animals from reaching their destination. ˹We would have let you march through Mecca,˺ had there not been believing men and women, unknown to you. You might have trampled them underfoot, incurring guilt for ˹what you did to˺ them unknowingly. That was so Allah may admit into His mercy whoever He wills. Had those ˹unknown˺ believers stood apart, We would have certainly inflicted a painful punishment on the disbelievers.",
        "˹Remember˺ when the disbelievers had filled their hearts with pride—the pride of ˹pre-Islamic˺ ignorance—then Allah sent down His serenity upon His Messenger and the believers, inspiring them to uphold the declaration of faith, for they were better entitled and more worthy of it. And Allah has ˹perfect˺ knowledge of all things.",
        "Indeed, Allah will fulfil His Messenger’s vision in all truth: Allah willing, you will surely enter the Sacred Mosque, in security—˹some with˺ heads shaved and ˹others with˺ hair shortened—without fear. He knew what you did not know, so He first granted you the triumph at hand.",
        "He is the One Who has sent His Messenger with ˹right˺ guidance and the religion of truth, making it prevail over all others. And sufficient is Allah as a Witness.",
        "Muḥammad is the Messenger of Allah. And those with him are firm with the disbelievers and compassionate with one another. You see them bowing and prostrating ˹in prayer˺, seeking Allah’s bounty and pleasure. The sign ˹of brightness can be seen˺ on their faces from the trace of prostrating ˹in prayer˺. This is their description in the Torah. And their parable in the Gospel is that of a seed that sprouts its ˹tiny˺ branches, making it strong. Then it becomes thick, standing firmly on its stem, to the delight of the planters—in this way Allah makes the believers a source of dismay for the disbelievers. To those of them who believe and do good, Allah has promised forgiveness and a great reward."
    ],
    "arabic1": [
        " إِنَّا فَتَحْنَا لَكَ فَتْحًا مُّبِينًا",
        "لِّيَغْفِرَ لَكَ ٱللَّهُ مَا تَقَدَّمَ مِن ذَنۢبِكَ وَمَا تَأَخَّرَ وَيُتِمَّ نِعْمَتَهُۥ عَلَيْكَ وَيَهْدِيَكَ صِرَٰطًا مُّسْتَقِيمًا",
        "وَيَنصُرَكَ ٱللَّهُ نَصْرًا عَزِيزًا",
        "هُوَ ٱلَّذِىٓ أَنزَلَ ٱلسَّكِينَةَ فِى قُلُوبِ ٱلْمُؤْمِنِينَ لِيَزْدَادُوٓا۟ إِيمَـٰنًا مَّعَ إِيمَـٰنِهِمْ ۗ وَلِلَّهِ جُنُودُ ٱلسَّمَـٰوَٰتِ وَٱلْأَرْضِ ۚ وَكَانَ ٱللَّهُ عَلِيمًا حَكِيمًا",
        "لِّيُدْخِلَ ٱلْمُؤْمِنِينَ وَٱلْمُؤْمِنَـٰتِ جَنَّـٰتٍ تَجْرِى مِن تَحْتِهَا ٱلْأَنْهَـٰرُ خَـٰلِدِينَ فِيهَا وَيُكَفِّرَ عَنْهُمْ سَيِّـَٔاتِهِمْ ۚ وَكَانَ ذَٰلِكَ عِندَ ٱللَّهِ فَوْزًا عَظِيمًا",
        "وَيُعَذِّبَ ٱلْمُنَـٰفِقِينَ وَٱلْمُنَـٰفِقَـٰتِ وَٱلْمُشْرِكِينَ وَٱلْمُشْرِكَـٰتِ ٱلظَّآنِّينَ بِٱللَّهِ ظَنَّ ٱلسَّوْءِ ۚ عَلَيْهِمْ دَآئِرَةُ ٱلسَّوْءِ ۖ وَغَضِبَ ٱللَّهُ عَلَيْهِمْ وَلَعَنَهُمْ وَأَعَدَّ لَهُمْ جَهَنَّمَ ۖ وَسَآءَتْ مَصِيرًا",
        "وَلِلَّهِ جُنُودُ ٱلسَّمَـٰوَٰتِ وَٱلْأَرْضِ ۚ وَكَانَ ٱللَّهُ عَزِيزًا حَكِيمًا",
        "إِنَّآ أَرْسَلْنَـٰكَ شَـٰهِدًا وَمُبَشِّرًا وَنَذِيرًا",
        "لِّتُؤْمِنُوا۟ بِٱللَّهِ وَرَسُولِهِۦ وَتُعَزِّرُوهُ وَتُوَقِّرُوهُ وَتُسَبِّحُوهُ بُكْرَةً وَأَصِيلًا",
        "إِنَّ ٱلَّذِينَ يُبَايِعُونَكَ إِنَّمَا يُبَايِعُونَ ٱللَّهَ يَدُ ٱللَّهِ فَوْقَ أَيْدِيهِمْ ۚ فَمَن نَّكَثَ فَإِنَّمَا يَنكُثُ عَلَىٰ نَفْسِهِۦ ۖ وَمَنْ أَوْفَىٰ بِمَا عَـٰهَدَ عَلَيْهُ ٱللَّهَ فَسَيُؤْتِيهِ أَجْرًا عَظِيمًا",
        "سَيَقُولُ لَكَ ٱلْمُخَلَّفُونَ مِنَ ٱلْأَعْرَابِ شَغَلَتْنَآ أَمْوَٰلُنَا وَأَهْلُونَا فَٱسْتَغْفِرْ لَنَا ۚ يَقُولُونَ بِأَلْسِنَتِهِم مَّا لَيْسَ فِى قُلُوبِهِمْ ۚ قُلْ فَمَن يَمْلِكُ لَكُم مِّنَ ٱللَّهِ شَيْـًٔا إِنْ أَرَادَ بِكُمْ ضَرًّا أَوْ أَرَادَ بِكُمْ نَفْعًۢا ۚ بَلْ كَانَ ٱللَّهُ بِمَا تَعْمَلُونَ خَبِيرًۢا",
        "بَلْ ظَنَنتُمْ أَن لَّن يَنقَلِبَ ٱلرَّسُولُ وَٱلْمُؤْمِنُونَ إِلَىٰٓ أَهْلِيهِمْ أَبَدًا وَزُيِّنَ ذَٰلِكَ فِى قُلُوبِكُمْ وَظَنَنتُمْ ظَنَّ ٱلسَّوْءِ وَكُنتُمْ قَوْمًۢا بُورًا",
        "وَمَن لَّمْ يُؤْمِنۢ بِٱللَّهِ وَرَسُولِهِۦ فَإِنَّآ أَعْتَدْنَا لِلْكَـٰفِرِينَ سَعِيرًا",
        "وَلِلَّهِ مُلْكُ ٱلسَّمَـٰوَٰتِ وَٱلْأَرْضِ ۚ يَغْفِرُ لِمَن يَشَآءُ وَيُعَذِّبُ مَن يَشَآءُ ۚ وَكَانَ ٱللَّهُ غَفُورًا رَّحِيمًا",
        "سَيَقُولُ ٱلْمُخَلَّفُونَ إِذَا ٱنطَلَقْتُمْ إِلَىٰ مَغَانِمَ لِتَأْخُذُوهَا ذَرُونَا نَتَّبِعْكُمْ ۖ يُرِيدُونَ أَن يُبَدِّلُوا۟ كَلَـٰمَ ٱللَّهِ ۚ قُل لَّن تَتَّبِعُونَا كَذَٰلِكُمْ قَالَ ٱللَّهُ مِن قَبْلُ ۖ فَسَيَقُولُونَ بَلْ تَحْسُدُونَنَا ۚ بَلْ كَانُوا۟ لَا يَفْقَهُونَ إِلَّا قَلِيلًا",
        "قُل لِّلْمُخَلَّفِينَ مِنَ ٱلْأَعْرَابِ سَتُدْعَوْنَ إِلَىٰ قَوْمٍ أُو۟لِى بَأْسٍ شَدِيدٍ تُقَـٰتِلُونَهُمْ أَوْ يُسْلِمُونَ ۖ فَإِن تُطِيعُوا۟ يُؤْتِكُمُ ٱللَّهُ أَجْرًا حَسَنًا ۖ وَإِن تَتَوَلَّوْا۟ كَمَا تَوَلَّيْتُم مِّن قَبْلُ يُعَذِّبْكُمْ عَذَابًا أَلِيمًا",
        "لَّيْسَ عَلَى ٱلْأَعْمَىٰ حَرَجٌ وَلَا عَلَى ٱلْأَعْرَجِ حَرَجٌ وَلَا عَلَى ٱلْمَرِيضِ حَرَجٌ ۗ وَمَن يُطِعِ ٱللَّهَ وَرَسُولَهُۥ يُدْخِلْهُ جَنَّـٰتٍ تَجْرِى مِن تَحْتِهَا ٱلْأَنْهَـٰرُ ۖ وَمَن يَتَوَلَّ يُعَذِّبْهُ عَذَابًا أَلِيمًا",
        "۞ لَّقَدْ رَضِىَ ٱللَّهُ عَنِ ٱلْمُؤْمِنِينَ إِذْ يُبَايِعُونَكَ تَحْتَ ٱلشَّجَرَةِ فَعَلِمَ مَا فِى قُلُوبِهِمْ فَأَنزَلَ ٱلسَّكِينَةَ عَلَيْهِمْ وَأَثَـٰبَهُمْ فَتْحًا قَرِيبًا",
        "وَمَغَانِمَ كَثِيرَةً يَأْخُذُونَهَا ۗ وَكَانَ ٱللَّهُ عَزِيزًا حَكِيمًا",
        "وَعَدَكُمُ ٱللَّهُ مَغَانِمَ كَثِيرَةً تَأْخُذُونَهَا فَعَجَّلَ لَكُمْ هَـٰذِهِۦ وَكَفَّ أَيْدِىَ ٱلنَّاسِ عَنكُمْ وَلِتَكُونَ ءَايَةً لِّلْمُؤْمِنِينَ وَيَهْدِيَكُمْ صِرَٰطًا مُّسْتَقِيمًا",
        "وَأُخْرَىٰ لَمْ تَقْدِرُوا۟ عَلَيْهَا قَدْ أَحَاطَ ٱللَّهُ بِهَا ۚ وَكَانَ ٱللَّهُ عَلَىٰ كُلِّ شَىْءٍ قَدِيرًا",
        "وَلَوْ قَـٰتَلَكُمُ ٱلَّذِينَ كَفَرُوا۟ لَوَلَّوُا۟ ٱلْأَدْبَـٰرَ ثُمَّ لَا يَجِدُونَ وَلِيًّا وَلَا نَصِيرًا",
        "سُنَّةَ ٱللَّهِ ٱلَّتِى قَدْ خَلَتْ مِن قَبْلُ ۖ وَلَن تَجِدَ لِسُنَّةِ ٱللَّهِ تَبْدِيلًا",
        "وَهُوَ ٱلَّذِى كَفَّ أَيْدِيَهُمْ عَنكُمْ وَأَيْدِيَكُمْ عَنْهُم بِبَطْنِ مَكَّةَ مِنۢ بَعْدِ أَنْ أَظْفَرَكُمْ عَلَيْهِمْ ۚ وَكَانَ ٱللَّهُ بِمَا تَعْمَلُونَ بَصِيرًا",
        "هُمُ ٱلَّذِينَ كَفَرُوا۟ وَصَدُّوكُمْ عَنِ ٱلْمَسْجِدِ ٱلْحَرَامِ وَٱلْهَدْىَ مَعْكُوفًا أَن يَبْلُغَ مَحِلَّهُۥ ۚ وَلَوْلَا رِجَالٌ مُّؤْمِنُونَ وَنِسَآءٌ مُّؤْمِنَـٰتٌ لَّمْ تَعْلَمُوهُمْ أَن تَطَـُٔوهُمْ فَتُصِيبَكُم مِّنْهُم مَّعَرَّةٌۢ بِغَيْرِ عِلْمٍ ۖ لِّيُدْخِلَ ٱللَّهُ فِى رَحْمَتِهِۦ مَن يَشَآءُ ۚ لَوْ تَزَيَّلُوا۟ لَعَذَّبْنَا ٱلَّذِينَ كَفَرُوا۟ مِنْهُمْ عَذَابًا أَلِيمًا",
        "إِذْ جَعَلَ ٱلَّذِينَ كَفَرُوا۟ فِى قُلُوبِهِمُ ٱلْحَمِيَّةَ حَمِيَّةَ ٱلْجَـٰهِلِيَّةِ فَأَنزَلَ ٱللَّهُ سَكِينَتَهُۥ عَلَىٰ رَسُولِهِۦ وَعَلَى ٱلْمُؤْمِنِينَ وَأَلْزَمَهُمْ كَلِمَةَ ٱلتَّقْوَىٰ وَكَانُوٓا۟ أَحَقَّ بِهَا وَأَهْلَهَا ۚ وَكَانَ ٱللَّهُ بِكُلِّ شَىْءٍ عَلِيمًا",
        "لَّقَدْ صَدَقَ ٱللَّهُ رَسُولَهُ ٱلرُّءْيَا بِٱلْحَقِّ ۖ لَتَدْخُلُنَّ ٱلْمَسْجِدَ ٱلْحَرَامَ إِن شَآءَ ٱللَّهُ ءَامِنِينَ مُحَلِّقِينَ رُءُوسَكُمْ وَمُقَصِّرِينَ لَا تَخَافُونَ ۖ فَعَلِمَ مَا لَمْ تَعْلَمُوا۟ فَجَعَلَ مِن دُونِ ذَٰلِكَ فَتْحًا قَرِيبًا",
        "هُوَ ٱلَّذِىٓ أَرْسَلَ رَسُولَهُۥ بِٱلْهُدَىٰ وَدِينِ ٱلْحَقِّ لِيُظْهِرَهُۥ عَلَى ٱلدِّينِ كُلِّهِۦ ۚ وَكَفَىٰ بِٱللَّهِ شَهِيدًا",
        "مُّحَمَّدٌ رَّسُولُ ٱللَّهِ ۚ وَٱلَّذِينَ مَعَهُۥٓ أَشِدَّآءُ عَلَى ٱلْكُفَّارِ رُحَمَآءُ بَيْنَهُمْ ۖ تَرَىٰهُمْ رُكَّعًا سُجَّدًا يَبْتَغُونَ فَضْلًا مِّنَ ٱللَّهِ وَرِضْوَٰنًا ۖ سِيمَاهُمْ فِى وُجُوهِهِم مِّنْ أَثَرِ ٱلسُّجُودِ ۚ ذَٰلِكَ مَثَلُهُمْ فِى ٱلتَّوْرَىٰةِ ۚ وَمَثَلُهُمْ فِى ٱلْإِنجِيلِ كَزَرْعٍ أَخْرَجَ شَطْـَٔهُۥ فَـَٔازَرَهُۥ فَٱسْتَغْلَظَ فَٱسْتَوَىٰ عَلَىٰ سُوقِهِۦ يُعْجِبُ ٱلزُّرَّاعَ لِيَغِيظَ بِهِمُ ٱلْكُفَّارَ ۗ وَعَدَ ٱللَّهُ ٱلَّذِينَ ءَامَنُوا۟ وَعَمِلُوا۟ ٱلصَّـٰلِحَـٰتِ مِنْهُم مَّغْفِرَةً وَأَجْرًا عَظِيمًۢا"
    ],
    "arabic2": [
        "انا فتحنا لك فتحا مبينا",
        "ليغفر لك الله ما تقدم من ذنبك وما تاخر ويتم نعمته عليك ويهديك صراطا مستقيما",
        "وينصرك الله نصرا عزيزا",
        "هو الذي انزل السكينة في قلوب المؤمنين ليزدادوا ايمانا مع ايمانهم ولله جنود السماوات والارض وكان الله عليما حكيما",
        "ليدخل المؤمنين والمؤمنات جنات تجري من تحتها الانهار خالدين فيها ويكفر عنهم سيئاتهم وكان ذلك عند الله فوزا عظيما",
        "ويعذب المنافقين والمنافقات والمشركين والمشركات الظانين بالله ظن السوء عليهم دائرة السوء وغضب الله عليهم ولعنهم واعد لهم جهنم وساءت مصيرا",
        "ولله جنود السماوات والارض وكان الله عزيزا حكيما",
        "انا ارسلناك شاهدا ومبشرا ونذيرا",
        "لتؤمنوا بالله ورسوله وتعزروه وتوقروه وتسبحوه بكرة واصيلا",
        "ان الذين يبايعونك انما يبايعون الله يد الله فوق ايديهم فمن نكث فانما ينكث على نفسه ومن اوفى بما عاهد عليه الله فسيؤتيه اجرا عظيما",
        "سيقول لك المخلفون من الاعراب شغلتنا اموالنا واهلونا فاستغفر لنا يقولون بالسنتهم ما ليس في قلوبهم قل فمن يملك لكم من الله شيئا ان اراد بكم ضرا او اراد بكم نفعا بل كان الله بما تعملون خبيرا",
        "بل ظننتم ان لن ينقلب الرسول والمؤمنون الى اهليهم ابدا وزين ذلك في قلوبكم وظننتم ظن السوء وكنتم قوما بورا",
        "ومن لم يؤمن بالله ورسوله فانا اعتدنا للكافرين سعيرا",
        "ولله ملك السماوات والارض يغفر لمن يشاء ويعذب من يشاء وكان الله غفورا رحيما",
        "سيقول المخلفون اذا انطلقتم الى مغانم لتاخذوها ذرونا نتبعكم يريدون ان يبدلوا كلام الله قل لن تتبعونا كذلكم قال الله من قبل فسيقولون بل تحسدوننا بل كانوا لا يفقهون الا قليلا",
        "قل للمخلفين من الاعراب ستدعون الى قوم اولي باس شديد تقاتلونهم او يسلمون فان تطيعوا يؤتكم الله اجرا حسنا وان تتولوا كما توليتم من قبل يعذبكم عذابا اليما",
        "ليس على الاعمى حرج ولا على الاعرج حرج ولا على المريض حرج ومن يطع الله ورسوله يدخله جنات تجري من تحتها الانهار ومن يتول يعذبه عذابا اليما",
        "لقد رضي الله عن المؤمنين اذ يبايعونك تحت الشجرة فعلم ما في قلوبهم فانزل السكينة عليهم واثابهم فتحا قريبا",
        "ومغانم كثيرة ياخذونها وكان الله عزيزا حكيما",
        "وعدكم الله مغانم كثيرة تاخذونها فعجل لكم هذه وكف ايدي الناس عنكم ولتكون اية للمؤمنين ويهديكم صراطا مستقيما",
        "واخرى لم تقدروا عليها قد احاط الله بها وكان الله على كل شيء قديرا",
        "ولو قاتلكم الذين كفروا لولوا الادبار ثم لا يجدون وليا ولا نصيرا",
        "سنة الله التي قد خلت من قبل ولن تجد لسنة الله تبديلا",
        "وهو الذي كف ايديهم عنكم وايديكم عنهم ببطن مكة من بعد ان اظفركم عليهم وكان الله بما تعملون بصيرا",
        "هم الذين كفروا وصدوكم عن المسجد الحرام والهدي معكوفا ان يبلغ محله ولولا رجال مؤمنون ونساء مؤمنات لم تعلموهم ان تطئوهم فتصيبكم منهم معرة بغير علم ليدخل الله في رحمته من يشاء لو تزيلوا لعذبنا الذين كفروا منهم عذابا اليما",
        "اذ جعل الذين كفروا في قلوبهم الحمية حمية الجاهلية فانزل الله سكينته على رسوله وعلى المؤمنين والزمهم كلمة التقوى وكانوا احق بها واهلها وكان الله بكل شيء عليما",
        "لقد صدق الله رسوله الرؤيا بالحق لتدخلن المسجد الحرام ان شاء الله امنين محلقين رءوسكم ومقصرين لا تخافون فعلم ما لم تعلموا فجعل من دون ذلك فتحا قريبا",
        "هو الذي ارسل رسوله بالهدى ودين الحق ليظهره على الدين كله وكفى بالله شهيدا",
        "محمد رسول الله والذين معه اشداء على الكفار رحماء بينهم تراهم ركعا سجدا يبتغون فضلا من الله ورضوانا سيماهم في وجوههم من اثر السجود ذلك مثلهم في التوراة ومثلهم في الانجيل كزرع اخرج شطاه فازره فاستغلظ فاستوى على سوقه يعجب الزراع ليغيظ بهم الكفار وعد الله الذين امنوا وعملوا الصالحات منهم مغفرة واجرا عظيما"
    ]
}