{
    "surahName": "Al-Hujuraat",
    "surahNameArabic": "الحجرات",
    "surahNameArabicLong": "سورة الحجرات",
    "surahNameTranslation": "The Inner Apartments",
    "revelationPlace": "Madina",
    "totalAyah": 18,
    "surahNo": 49,
    "english": [
        "O believers! Do not proceed ˹in any matter˺ before ˹a decree from˺ Allah and His Messenger. And fear Allah. Surely Allah is All-Hearing, All-Knowing.",
        "O believers! Do not raise your voices above the voice of the Prophet, nor speak loudly to him as you do to one another, or your deeds will become void while you are unaware.",
        "Indeed, those who lower their voices in the presence of Allah’s Messenger are the ones whose hearts Allah has refined for righteousness. They will have forgiveness and a great reward.",
        "Indeed, most of those who call out to you ˹O Prophet˺ from outside ˹your˺ private quarters have no understanding ˹of manners˺.",
        "Had they been patient until you could come out to them, it would have certainly been better for them. And Allah is All-Forgiving, Most Merciful.",
        "O believers, if an evildoer brings you any news, verify ˹it˺ so you do not harm people unknowingly, becoming regretful for what you have done.",
        "And keep in mind that Allah’s Messenger is ˹still˺ in your midst. If he were to yield to you in many matters, you would surely suffer ˹the consequences˺. But Allah has endeared faith to you, making it appealing in your hearts. And He has made disbelief, rebelliousness, and disobedience detestable to you. Those are the ones rightly guided.",
        "˹This is˺ a bounty and a blessing from Allah. And Allah is All-Knowing, All-Wise.",
        "And if two groups of believers fight each other, then make peace between them. But if one of them transgresses against the other, then fight against the transgressing group until they ˹are willing to˺ submit to the rule of Allah. If they do so, then make peace between both ˹groups˺ in all fairness and act justly. Surely Allah loves those who uphold justice.",
        "The believers are but one brotherhood, so make peace between your brothers. And be mindful of Allah so you may be shown mercy.",
        "O believers! Do not let some ˹men˺ ridicule others, they may be better than them, nor let ˹some˺ women ridicule other women, they may be better than them. Do not defame one another, nor call each other by offensive nicknames. How evil it is to act rebelliously after having faith! And whoever does not repent, it is they who are the ˹true˺ wrongdoers.",
        "O  believers! Avoid many suspicions, ˹for˺ indeed, some suspicions are sinful. And do not spy, nor backbite one another. Would any of you like to eat the flesh of their dead brother? You would despise that! And fear Allah. Surely Allah is ˹the˺ Accepter of Repentance, Most Merciful.",
        "O humanity! Indeed, We created you from a male and a female, and made you into peoples and tribes so that you may ˹get to˺ know one another. Surely the most noble of you in the sight of Allah is the most righteous among you. Allah is truly All-Knowing, All-Aware.",
        "˹Some of˺ the nomadic Arabs say, “We believe.” Say, ˹O Prophet,˺ “You have not believed. But say, ‘We have submitted,’ for faith has not yet entered your hearts. But if you obey Allah and His Messenger ˹wholeheartedly˺, He will not discount anything from ˹the reward of˺ your deeds. Allah is truly All-Forgiving, Most Merciful.”",
        "The ˹true˺ believers are only those who believe in Allah and His Messenger—never doubting—and strive with their wealth and their lives in the cause of Allah. They are the ones true in faith.",
        "Say, “Do you inform Allah of your faith, when Allah ˹already˺ knows whatever is in the heavens and whatever is on the earth? And Allah has ˹perfect˺ knowledge of all things.”",
        "They regard their acceptance of Islam as a favour to you. Tell ˹them, O  Prophet˺, “Do not regard your Islam as a favour to me. Rather, it is Allah Who has done you a favour by guiding you to the faith, if ˹indeed˺ you are faithful.",
        "Surely Allah knows the unseen of the heavens and earth. And Allah is All-Seeing of what you do.”"
    ],
    "arabic1": [
        " يَـٰٓأَيُّهَا ٱلَّذِينَ ءَامَنُوا۟ لَا تُقَدِّمُوا۟ بَيْنَ يَدَىِ ٱللَّهِ وَرَسُولِهِۦ ۖ وَٱتَّقُوا۟ ٱللَّهَ ۚ إِنَّ ٱللَّهَ سَمِيعٌ عَلِيمٌ",
        "يَـٰٓأَيُّهَا ٱلَّذِينَ ءَامَنُوا۟ لَا تَرْفَعُوٓا۟ أَصْوَٰتَكُمْ فَوْقَ صَوْتِ ٱلنَّبِىِّ وَلَا تَجْهَرُوا۟ لَهُۥ بِٱلْقَوْلِ كَجَهْرِ بَعْضِكُمْ لِبَعْضٍ أَن تَحْبَطَ أَعْمَـٰلُكُمْ وَأَنتُمْ لَا تَشْعُرُونَ",
        "إِنَّ ٱلَّذِينَ يَغُضُّونَ أَصْوَٰتَهُمْ عِندَ رَسُولِ ٱللَّهِ أُو۟لَـٰٓئِكَ ٱلَّذِينَ ٱمْتَحَنَ ٱللَّهُ قُلُوبَهُمْ لِلتَّقْوَىٰ ۚ لَهُم مَّغْفِرَةٌ وَأَجْرٌ عَظِيمٌ",
        "إِنَّ ٱلَّذِينَ يُنَادُونَكَ مِن وَرَآءِ ٱلْحُجُرَٰتِ أَكْثَرُهُمْ لَا يَعْقِلُونَ",
        "وَلَوْ أَنَّهُمْ صَبَرُوا۟ حَتَّىٰ تَخْرُجَ إِلَيْهِمْ لَكَانَ خَيْرًا لَّهُمْ ۚ وَٱللَّهُ غَفُورٌ رَّحِيمٌ",
        "يَـٰٓأَيُّهَا ٱلَّذِينَ ءَامَنُوٓا۟ إِن جَآءَكُمْ فَاسِقٌۢ بِنَبَإٍ فَتَبَيَّنُوٓا۟ أَن تُصِيبُوا۟ قَوْمًۢا بِجَهَـٰلَةٍ فَتُصْبِحُوا۟ عَلَىٰ مَا فَعَلْتُمْ نَـٰدِمِينَ",
        "وَٱعْلَمُوٓا۟ أَنَّ فِيكُمْ رَسُولَ ٱللَّهِ ۚ لَوْ يُطِيعُكُمْ فِى كَثِيرٍ مِّنَ ٱلْأَمْرِ لَعَنِتُّمْ وَلَـٰكِنَّ ٱللَّهَ حَبَّبَ إِلَيْكُمُ ٱلْإِيمَـٰنَ وَزَيَّنَهُۥ فِى قُلُوبِكُمْ وَكَرَّهَ إِلَيْكُمُ ٱلْكُفْرَ وَٱلْفُسُوقَ وَٱلْعِصْيَانَ ۚ أُو۟لَـٰٓئِكَ هُمُ ٱلرَّٰشِدُونَ",
        "فَضْلًا مِّنَ ٱللَّهِ وَنِعْمَةً ۚ وَٱللَّهُ عَلِيمٌ حَكِيمٌ",
        "وَإِن طَآئِفَتَانِ مِنَ ٱلْمُؤْمِنِينَ ٱقْتَتَلُوا۟ فَأَصْلِحُوا۟ بَيْنَهُمَا ۖ فَإِنۢ بَغَتْ إِحْدَىٰهُمَا عَلَى ٱلْأُخْرَىٰ فَقَـٰتِلُوا۟ ٱلَّتِى تَبْغِى حَتَّىٰ تَفِىٓءَ إِلَىٰٓ أَمْرِ ٱللَّهِ ۚ فَإِن فَآءَتْ فَأَصْلِحُوا۟ بَيْنَهُمَا بِٱلْعَدْلِ وَأَقْسِطُوٓا۟ ۖ إِنَّ ٱللَّهَ يُحِبُّ ٱلْمُقْسِطِينَ",
        "إِنَّمَا ٱلْمُؤْمِنُونَ إِخْوَةٌ فَأَصْلِحُوا۟ بَيْنَ أَخَوَيْكُمْ ۚ وَٱتَّقُوا۟ ٱللَّهَ لَعَلَّكُمْ تُرْحَمُونَ",
        "يَـٰٓأَيُّهَا ٱلَّذِينَ ءَامَنُوا۟ لَا يَسْخَرْ قَوْمٌ مِّن قَوْمٍ عَسَىٰٓ أَن يَكُونُوا۟ خَيْرًا مِّنْهُمْ وَلَا نِسَآءٌ مِّن نِّسَآءٍ عَسَىٰٓ أَن يَكُنَّ خَيْرًا مِّنْهُنَّ ۖ وَلَا تَلْمِزُوٓا۟ أَنفُسَكُمْ وَلَا تَنَابَزُوا۟ بِٱلْأَلْقَـٰبِ ۖ بِئْسَ ٱلِٱسْمُ ٱلْفُسُوقُ بَعْدَ ٱلْإِيمَـٰنِ ۚ وَمَن لَّمْ يَتُبْ فَأُو۟لَـٰٓئِكَ هُمُ ٱلظَّـٰلِمُونَ",
        "يَـٰٓأَيُّهَا ٱلَّذِينَ ءَامَنُوا۟ ٱجْتَنِبُوا۟ كَثِيرًا مِّنَ ٱلظَّنِّ إِنَّ بَعْضَ ٱلظَّنِّ إِثْمٌ ۖ وَلَا تَجَسَّسُوا۟ وَلَا يَغْتَب بَّعْضُكُم بَعْضًا ۚ أَيُحِبُّ أَحَدُكُمْ أَن يَأْكُلَ لَحْمَ أَخِيهِ مَيْتًا فَكَرِهْتُمُوهُ ۚ وَٱتَّقُوا۟ ٱللَّهَ ۚ إِنَّ ٱللَّهَ تَوَّابٌ رَّحِيمٌ",
        "يَـٰٓأَيُّهَا ٱلنَّاسُ إِنَّا خَلَقْنَـٰكُم مِّن ذَكَرٍ وَأُنثَىٰ وَجَعَلْنَـٰكُمْ شُعُوبًا وَقَبَآئِلَ لِتَعَارَفُوٓا۟ ۚ إِنَّ أَكْرَمَكُمْ عِندَ ٱللَّهِ أَتْقَىٰكُمْ ۚ إِنَّ ٱللَّهَ عَلِيمٌ خَبِيرٌ",
        "۞ قَالَتِ ٱلْأَعْرَابُ ءَامَنَّا ۖ قُل لَّمْ تُؤْمِنُوا۟ وَلَـٰكِن قُولُوٓا۟ أَسْلَمْنَا وَلَمَّا يَدْخُلِ ٱلْإِيمَـٰنُ فِى قُلُوبِكُمْ ۖ وَإِن تُطِيعُوا۟ ٱللَّهَ وَرَسُولَهُۥ لَا يَلِتْكُم مِّنْ أَعْمَـٰلِكُمْ شَيْـًٔا ۚ إِنَّ ٱللَّهَ غَفُورٌ رَّحِيمٌ",
        "إِنَّمَا ٱلْمُؤْمِنُونَ ٱلَّذِينَ ءَامَنُوا۟ بِٱللَّهِ وَرَسُولِهِۦ ثُمَّ لَمْ يَرْتَابُوا۟ وَجَـٰهَدُوا۟ بِأَمْوَٰلِهِمْ وَأَنفُسِهِمْ فِى سَبِيلِ ٱللَّهِ ۚ أُو۟لَـٰٓئِكَ هُمُ ٱلصَّـٰدِقُونَ",
        "قُلْ أَتُعَلِّمُونَ ٱللَّهَ بِدِينِكُمْ وَٱللَّهُ يَعْلَمُ مَا فِى ٱلسَّمَـٰوَٰتِ وَمَا فِى ٱلْأَرْضِ ۚ وَٱللَّهُ بِكُلِّ شَىْءٍ عَلِيمٌ",
        "يَمُنُّونَ عَلَيْكَ أَنْ أَسْلَمُوا۟ ۖ قُل لَّا تَمُنُّوا۟ عَلَىَّ إِسْلَـٰمَكُم ۖ بَلِ ٱللَّهُ يَمُنُّ عَلَيْكُمْ أَنْ هَدَىٰكُمْ لِلْإِيمَـٰنِ إِن كُنتُمْ صَـٰدِقِينَ",
        "إِنَّ ٱللَّهَ يَعْلَمُ غَيْبَ ٱلسَّمَـٰوَٰتِ وَٱلْأَرْضِ ۚ وَٱللَّهُ بَصِيرٌۢ بِمَا تَعْمَلُونَ"
    ],
    "arabic2": [
        "يا ايها الذين امنوا لا تقدموا بين يدي الله ورسوله واتقوا الله ان الله سميع عليم",
        "يا ايها الذين امنوا لا ترفعوا اصواتكم فوق صوت النبي ولا تجهروا له بالقول كجهر بعضكم لبعض ان تحبط اعمالكم وانتم لا تشعرون",
        "ان الذين يغضون اصواتهم عند رسول الله اولئك الذين امتحن الله قلوبهم للتقوى لهم مغفرة واجر عظيم",
        "ان الذين ينادونك من وراء الحجرات اكثرهم لا يعقلون",
        "ولو انهم صبروا حتى تخرج اليهم لكان خيرا لهم والله غفور رحيم",
        "يا ايها الذين امنوا ان جاءكم فاسق بنبا فتبينوا ان تصيبوا قوما بجهالة فتصبحوا على ما فعلتم نادمين",
        "واعلموا ان فيكم رسول الله لو يطيعكم في كثير من الامر لعنتم ولكن الله حبب اليكم الايمان وزينه في قلوبكم وكره اليكم الكفر والفسوق والعصيان اولئك هم الراشدون",
        "فضلا من الله ونعمة والله عليم حكيم",
        "وان طائفتان من المؤمنين اقتتلوا فاصلحوا بينهما فان بغت احداهما على الاخرى فقاتلوا التي تبغي حتى تفيء الى امر الله فان فاءت فاصلحوا بينهما بالعدل واقسطوا ان الله يحب المقسطين",
        "انما المؤمنون اخوة فاصلحوا بين اخويكم واتقوا الله لعلكم ترحمون",
        "يا ايها الذين امنوا لا يسخر قوم من قوم عسى ان يكونوا خيرا منهم ولا نساء من نساء عسى ان يكن خيرا منهن ولا تلمزوا انفسكم ولا تنابزوا بالالقاب بئس الاسم الفسوق بعد الايمان ومن لم يتب فاولئك هم الظالمون",
        "يا ايها الذين امنوا اجتنبوا كثيرا من الظن ان بعض الظن اثم ولا تجسسوا ولا يغتب بعضكم بعضا ايحب احدكم ان ياكل لحم اخيه ميتا فكرهتموه واتقوا الله ان الله تواب رحيم",
        "يا ايها الناس انا خلقناكم من ذكر وانثى وجعلناكم شعوبا وقبائل لتعارفوا ان اكرمكم عند الله اتقاكم ان الله عليم خبير",
        "قالت الاعراب امنا قل لم تؤمنوا ولكن قولوا اسلمنا ولما يدخل الايمان في قلوبكم وان تطيعوا الله ورسوله لا يلتكم من اعمالكم شيئا ان الله غفور رحيم",
        "انما المؤمنون الذين امنوا بالله ورسوله ثم لم يرتابوا وجاهدوا باموالهم وانفسهم في سبيل الله اولئك هم الصادقون",
        "قل اتعلمون الله بدينكم والله يعلم ما في السماوات وما في الارض والله بكل شيء عليم",
        "يمنون عليك ان اسلموا قل لا تمنوا علي اسلامكم بل الله يمن عليكم ان هداكم للايمان ان كنتم صادقين",
        "ان الله يعلم غيب السماوات والارض والله بصير بما تعملون"
    ]
}