{
    "surahName": "Qaaf",
    "surahNameArabic": "ق",
    "surahNameArabicLong": "سورة ق",
    "surahNameTranslation": "The letter Qaaf",
    "revelationPlace": "Mecca",
    "totalAyah": 45,
    "surahNo": 50,
    "english": [
        "Qãf. By the glorious Quran!",
        "˹All will be resurrected,˺ yet the deniers are astonished that a warner has come to them from among themselves ˹warning of resurrection˺. So the disbelievers say, “This is an astonishing thing!",
        "˹Will we be returned to life,˺ when we are dead and reduced to dust? Such a return is impossible.”",
        "We certainly know what the earth consumes of them ˹after their death˺, and with us is a well-preserved Record.",
        "In fact, they reject the truth when it has come to them, so they are in a confused state.",
        "Have they not then looked at the sky above them: how We built it and adorned it ˹with stars˺, leaving it flawless?",
        "As for the earth, We spread it out and placed upon it firm mountains, and produced in it every type of pleasant plant—",
        "˹all as˺ an insight and a reminder to every servant who turns ˹to Allah˺.",
        "And We send down blessed rain from the sky, bringing forth gardens and grains for harvest",
        "and towering palm trees ˹loaded˺ with clustered fruit",
        "˹as˺ a provision for ˹Our˺ servants. And with this ˹rain˺ We revive a lifeless land. Similar is the emergence ˹from the graves˺.",
        "Before them, the people of Noah denied ˹the truth,˺ as did the people of the Water-pit, Thamûd",
        "’Ȃd, Pharaoh, the kinfolk of Lot",
        "the residents of the Forest, and the people of Tubba’. Each rejected ˹their˺ messenger, so My warning was fulfilled.",
        "Were We incapable of creating ˹them˺ the first time? In fact, they are in doubt about ˹their˺ re-creation.",
        "Indeed, ˹it is˺ We ˹Who˺ created humankind and ˹fully˺ know what their souls whisper to them, and We are closer to them than ˹their˺ jugular vein.",
        "As the two recording-angels—˹one˺ sitting to the right, and ˹the other to˺ the left—note ˹everything˺",
        "not a word does a person utter without having a ˹vigilant˺ observer ready ˹to write it down˺.",
        "˹Ultimately,˺ with the throes of death will come the truth. This is what you were trying to escape!",
        "And the Trumpet will be blown. This is the Day ˹you were˺ warned of.",
        "Each soul will come forth with an angel to drive it and another to testify.",
        "˹It will be said to the denier,˺ “You were totally heedless of this. Now We have lifted this veil of yours, so Today your sight is sharp!”",
        "And one’s accompanying-angel will say, “Here is the record ready with me.”",
        "˹It will be said to both angels,˺ “Throw into Hell every stubborn disbeliever",
        "withholder of good, transgressor, and doubter",
        "who set up another god with Allah. So cast them into the severe punishment.”",
        "One’s ˹devilish˺ associate will say, “Our Lord! I did not make them transgress. Rather, they were far astray ˹on their own˺.”",
        "Allah will respond, “Do not dispute in My presence, since I had already given you a warning.",
        "My Word cannot be changed, nor am I unjust to ˹My˺ creation.”",
        "˹Beware of˺ the Day We will ask Hell, “Are you full ˹yet˺?” And it will respond, “Are there any more?”",
        "And Paradise will be brought near to the righteous, not far off.",
        "˹And it will be said to them,˺ “This is what you were promised, for whoever ˹constantly˺ turned ˹to Allah˺ and kept up ˹His commandments˺—",
        "who were in awe of the Most Compassionate without seeing ˹Him˺, and have come with a heart turning ˹only to Him˺.",
        "Enter it in peace. This is the Day of eternal life!”",
        "There they will have whatever they desire, and with Us is ˹even˺ more.",
        "˹Imagine˺ how many peoples We destroyed before them, who were far mightier than them. Then ˹when the torment came,˺ they ˹desperately˺ sought refuge in the land. ˹But˺ was there any escape?",
        "Surely in this is a reminder for whoever has a ˹mindful˺ heart and lends an attentive ear.",
        "Indeed, We created the heavens and the earth and everything in between in six Days, and We were not ˹even˺ touched with fatigue.",
        "So be patient ˹O Prophet˺ with what they say. And glorify the praises of your Lord before sunrise and before sunset.",
        "And glorify Him during part of the night and after the prayers.",
        "And listen! On the Day the caller will call out from a near place",
        "the Day all will hear the ˹mighty˺ Blast in ˹all˺ truth, that will be the Day of emergence ˹from the graves˺.",
        "It is certainly We Who give life and cause death. And to Us is the final return.",
        "˹Beware of˺ the Day the earth will split open, letting them rush forth. That will be an easy gathering for Us.",
        "We know best what they say. And you ˹O Prophet˺ are not ˹there˺ to compel them ˹to believe˺. So remind with the Quran ˹only˺ those who fear My warning."
    ],
    "arabic1": [
        " قٓ ۚ وَٱلْقُرْءَانِ ٱلْمَجِيدِ",
        "بَلْ عَجِبُوٓا۟ أَن جَآءَهُم مُّنذِرٌ مِّنْهُمْ فَقَالَ ٱلْكَـٰفِرُونَ هَـٰذَا شَىْءٌ عَجِيبٌ",
        "أَءِذَا مِتْنَا وَكُنَّا تُرَابًا ۖ ذَٰلِكَ رَجْعٌۢ بَعِيدٌ",
        "قَدْ عَلِمْنَا مَا تَنقُصُ ٱلْأَرْضُ مِنْهُمْ ۖ وَعِندَنَا كِتَـٰبٌ حَفِيظٌۢ",
        "بَلْ كَذَّبُوا۟ بِٱلْحَقِّ لَمَّا جَآءَهُمْ فَهُمْ فِىٓ أَمْرٍ مَّرِيجٍ",
        "أَفَلَمْ يَنظُرُوٓا۟ إِلَى ٱلسَّمَآءِ فَوْقَهُمْ كَيْفَ بَنَيْنَـٰهَا وَزَيَّنَّـٰهَا وَمَا لَهَا مِن فُرُوجٍ",
        "وَٱلْأَرْضَ مَدَدْنَـٰهَا وَأَلْقَيْنَا فِيهَا رَوَٰسِىَ وَأَنۢبَتْنَا فِيهَا مِن كُلِّ زَوْجٍۭ بَهِيجٍ",
        "تَبْصِرَةً وَذِكْرَىٰ لِكُلِّ عَبْدٍ مُّنِيبٍ",
        "وَنَزَّلْنَا مِنَ ٱلسَّمَآءِ مَآءً مُّبَـٰرَكًا فَأَنۢبَتْنَا بِهِۦ جَنَّـٰتٍ وَحَبَّ ٱلْحَصِيدِ",
        "وَٱلنَّخْلَ بَاسِقَـٰتٍ لَّهَا طَلْعٌ نَّضِيدٌ",
        "رِّزْقًا لِّلْعِبَادِ ۖ وَأَحْيَيْنَا بِهِۦ بَلْدَةً مَّيْتًا ۚ كَذَٰلِكَ ٱلْخُرُوجُ",
        "كَذَّبَتْ قَبْلَهُمْ قَوْمُ نُوحٍ وَأَصْحَـٰبُ ٱلرَّسِّ وَثَمُودُ",
        "وَعَادٌ وَفِرْعَوْنُ وَإِخْوَٰنُ لُوطٍ",
        "وَأَصْحَـٰبُ ٱلْأَيْكَةِ وَقَوْمُ تُبَّعٍ ۚ كُلٌّ كَذَّبَ ٱلرُّسُلَ فَحَقَّ وَعِيدِ",
        "أَفَعَيِينَا بِٱلْخَلْقِ ٱلْأَوَّلِ ۚ بَلْ هُمْ فِى لَبْسٍ مِّنْ خَلْقٍ جَدِيدٍ",
        "وَلَقَدْ خَلَقْنَا ٱلْإِنسَـٰنَ وَنَعْلَمُ مَا تُوَسْوِسُ بِهِۦ نَفْسُهُۥ ۖ وَنَحْنُ أَقْرَبُ إِلَيْهِ مِنْ حَبْلِ ٱلْوَرِيدِ",
        "إِذْ يَتَلَقَّى ٱلْمُتَلَقِّيَانِ عَنِ ٱلْيَمِينِ وَعَنِ ٱلشِّمَالِ قَعِيدٌ",
        "مَّا يَلْفِظُ مِن قَوْلٍ إِلَّا لَدَيْهِ رَقِيبٌ عَتِيدٌ",
        "وَجَآءَتْ سَكْرَةُ ٱلْمَوْتِ بِٱلْحَقِّ ۖ ذَٰلِكَ مَا كُنتَ مِنْهُ تَحِيدُ",
        "وَنُفِخَ فِى ٱلصُّورِ ۚ ذَٰلِكَ يَوْمُ ٱلْوَعِيدِ",
        "وَجَآءَتْ كُلُّ نَفْسٍ مَّعَهَا سَآئِقٌ وَشَهِيدٌ",
        "لَّقَدْ كُنتَ فِى غَفْلَةٍ مِّنْ هَـٰذَا فَكَشَفْنَا عَنكَ غِطَآءَكَ فَبَصَرُكَ ٱلْيَوْمَ حَدِيدٌ",
        "وَقَالَ قَرِينُهُۥ هَـٰذَا مَا لَدَىَّ عَتِيدٌ",
        "أَلْقِيَا فِى جَهَنَّمَ كُلَّ كَفَّارٍ عَنِيدٍ",
        "مَّنَّاعٍ لِّلْخَيْرِ مُعْتَدٍ مُّرِيبٍ",
        "ٱلَّذِى جَعَلَ مَعَ ٱللَّهِ إِلَـٰهًا ءَاخَرَ فَأَلْقِيَاهُ فِى ٱلْعَذَابِ ٱلشَّدِيدِ",
        "۞ قَالَ قَرِينُهُۥ رَبَّنَا مَآ أَطْغَيْتُهُۥ وَلَـٰكِن كَانَ فِى ضَلَـٰلٍۭ بَعِيدٍ",
        "قَالَ لَا تَخْتَصِمُوا۟ لَدَىَّ وَقَدْ قَدَّمْتُ إِلَيْكُم بِٱلْوَعِيدِ",
        "مَا يُبَدَّلُ ٱلْقَوْلُ لَدَىَّ وَمَآ أَنَا۠ بِظَلَّـٰمٍ لِّلْعَبِيدِ",
        "يَوْمَ نَقُولُ لِجَهَنَّمَ هَلِ ٱمْتَلَأْتِ وَتَقُولُ هَلْ مِن مَّزِيدٍ",
        "وَأُزْلِفَتِ ٱلْجَنَّةُ لِلْمُتَّقِينَ غَيْرَ بَعِيدٍ",
        "هَـٰذَا مَا تُوعَدُونَ لِكُلِّ أَوَّابٍ حَفِيظٍ",
        "مَّنْ خَشِىَ ٱلرَّحْمَـٰنَ بِٱلْغَيْبِ وَجَآءَ بِقَلْبٍ مُّنِيبٍ",
        "ٱدْخُلُوهَا بِسَلَـٰمٍ ۖ ذَٰلِكَ يَوْمُ ٱلْخُلُودِ",
        "لَهُم مَّا يَشَآءُونَ فِيهَا وَلَدَيْنَا مَزِيدٌ",
        "وَكَمْ أَهْلَكْنَا قَبْلَهُم مِّن قَرْنٍ هُمْ أَشَدُّ مِنْهُم بَطْشًا فَنَقَّبُوا۟ فِى ٱلْبِلَـٰدِ هَلْ مِن مَّحِيصٍ",
        "إِنَّ فِى ذَٰلِكَ لَذِكْرَىٰ لِمَن كَانَ لَهُۥ قَلْبٌ أَوْ أَلْقَى ٱلسَّمْعَ وَهُوَ شَهِيدٌ",
        "وَلَقَدْ خَلَقْنَا ٱلسَّمَـٰوَٰتِ وَٱلْأَرْضَ وَمَا بَيْنَهُمَا فِى سِتَّةِ أَيَّامٍ وَمَا مَسَّنَا مِن لُّغُوبٍ",
        "فَٱصْبِرْ عَلَىٰ مَا يَقُولُونَ وَسَبِّحْ بِحَمْدِ رَبِّكَ قَبْلَ طُلُوعِ ٱلشَّمْسِ وَقَبْلَ ٱلْغُرُوبِ",
        "وَمِنَ ٱلَّيْلِ فَسَبِّحْهُ وَأَدْبَـٰرَ ٱلسُّجُودِ",
        "وَٱسْتَمِعْ يَوْمَ يُنَادِ ٱلْمُنَادِ مِن مَّكَانٍ قَرِيبٍ",
        "يَوْمَ يَسْمَعُونَ ٱلصَّيْحَةَ بِٱلْحَقِّ ۚ ذَٰلِكَ يَوْمُ ٱلْخُرُوجِ",
        "إِنَّا نَحْنُ نُحْىِۦ وَنُمِيتُ وَإِلَيْنَا ٱلْمَصِيرُ",
        "يَوْمَ تَشَقَّقُ ٱلْأَرْضُ عَنْهُمْ سِرَاعًا ۚ ذَٰلِكَ حَشْرٌ عَلَيْنَا يَسِيرٌ",
        "نَّحْنُ أَعْلَمُ بِمَا يَقُولُونَ ۖ وَمَآ أَنتَ عَلَيْهِم بِجَبَّارٍ ۖ فَذَكِّرْ بِٱلْقُرْءَانِ مَن يَخَافُ وَعِيدِ"
    ],
    "arabic2": [
        "ق والقران المجيد",
        "بل عجبوا ان جاءهم منذر منهم فقال الكافرون هذا شيء عجيب",
        "ااذا متنا وكنا ترابا ذلك رجع بعيد",
        "قد علمنا ما تنقص الارض منهم وعندنا كتاب حفيظ",
        "بل كذبوا بالحق لما جاءهم فهم في امر مريج",
        "افلم ينظروا الى السماء فوقهم كيف بنيناها وزيناها وما لها من فروج",
        "والارض مددناها والقينا فيها رواسي وانبتنا فيها من كل زوج بهيج",
        "تبصرة وذكرى لكل عبد منيب",
        "ونزلنا من السماء ماء مباركا فانبتنا به جنات وحب الحصيد",
        "والنخل باسقات لها طلع نضيد",
        "رزقا للعباد واحيينا به بلدة ميتا كذلك الخروج",
        "كذبت قبلهم قوم نوح واصحاب الرس وثمود",
        "وعاد وفرعون واخوان لوط",
        "واصحاب الايكة وقوم تبع كل كذب الرسل فحق وعيد",
        "افعيينا بالخلق الاول بل هم في لبس من خلق جديد",
        "ولقد خلقنا الانسان ونعلم ما توسوس به نفسه ونحن اقرب اليه من حبل الوريد",
        "اذ يتلقى المتلقيان عن اليمين وعن الشمال قعيد",
        "ما يلفظ من قول الا لديه رقيب عتيد",
        "وجاءت سكرة الموت بالحق ذلك ما كنت منه تحيد",
        "ونفخ في الصور ذلك يوم الوعيد",
        "وجاءت كل نفس معها سائق وشهيد",
        "لقد كنت في غفلة من هذا فكشفنا عنك غطاءك فبصرك اليوم حديد",
        "وقال قرينه هذا ما لدي عتيد",
        "القيا في جهنم كل كفار عنيد",
        "مناع للخير معتد مريب",
        "الذي جعل مع الله الها اخر فالقياه في العذاب الشديد",
        "قال قرينه ربنا ما اطغيته ولكن كان في ضلال بعيد",
        "قال لا تختصموا لدي وقد قدمت اليكم بالوعيد",
        "ما يبدل القول لدي وما انا بظلام للعبيد",
        "يوم نقول لجهنم هل امتلات وتقول هل من مزيد",
        "وازلفت الجنة للمتقين غير بعيد",
        "هذا ما توعدون لكل اواب حفيظ",
        "من خشي الرحمن بالغيب وجاء بقلب منيب",
        "ادخلوها بسلام ذلك يوم الخلود",
        "لهم ما يشاءون فيها ولدينا مزيد",
        "وكم اهلكنا قبلهم من قرن هم اشد منهم بطشا فنقبوا في البلاد هل من محيص",
        "ان في ذلك لذكرى لمن كان له قلب او القى السمع وهو شهيد",
        "ولقد خلقنا السماوات والارض وما بينهما في ستة ايام وما مسنا من لغوب",
        "فاصبر على ما يقولون وسبح بحمد ربك قبل طلوع الشمس وقبل الغروب",
        "ومن الليل فسبحه وادبار السجود",
        "واستمع يوم يناد المناد من مكان قريب",
        "يوم يسمعون الصيحة بالحق ذلك يوم الخروج",
        "انا نحن نحيي ونميت والينا المصير",
        "يوم تشقق الارض عنهم سراعا ذلك حشر علينا يسير",
        "نحن اعلم بما يقولون وما انت عليهم بجبار فذكر بالقران من يخاف وعيد"
    ]
}