{
    "surahName": "Adh-Dhaariyat",
    "surahNameArabic": "الذاريات",
    "surahNameArabicLong": "سورة الذاريات",
    "surahNameTranslation": "The Winnowing Winds",
    "revelationPlace": "Mecca",
    "totalAyah": 60,
    "surahNo": 51,
    "english": [
        "By the winds scattering ˹dust˺",
        "and ˹the clouds˺ loaded with rain",
        "and ˹the ships˺ gliding with ease",
        "and ˹the angels˺ administering affairs by ˹Allah’s˺ command!",
        "Indeed, what you are promised is true.",
        "And the Judgment will certainly come to pass.",
        "˹And˺ by the heavens in their marvellous design!",
        "Surely you are ˹lost˺ in conflicting views ˹regarding the truth˺.",
        "Only those ˹destined to be˺ deluded are turned away from it.",
        "Condemned are the liars—",
        "those who are ˹steeped˺ in ignorance, totally heedless.",
        "They ask ˹mockingly˺, “When is this Day of Judgment?”",
        "˹It is˺ the Day they will be tormented over the Fire.",
        "˹They will be told,˺ “Taste your torment! This is what you sought to hasten.”",
        "Indeed, the righteous will be amid Gardens and springs",
        "˹joyfully˺ receiving what their Lord will grant them. Before this ˹reward˺ they were truly good-doers ˹in the world˺:",
        "they used to sleep only little in the night",
        "and pray for forgiveness before dawn.",
        "And in their wealth there was a rightful share ˹fulfilled˺ for the beggar and the poor.",
        "There are ˹countless˺ signs on earth for those with sure faith",
        "as there are within yourselves. Can you not see?",
        "In heaven is your sustenance and whatever you are promised.",
        "Then by the Lord of heaven and earth! ˹All˺ this is certainly as true as ˹the fact that˺ you can speak!",
        "Has the story of Abraham’s honoured guests reached you ˹O Prophet˺?",
        "˹Remember˺ when they entered his presence and greeted ˹him with˺, “Peace!” He replied, “Peace ˹be upon you˺!” ˹Then he said to himself,˺ “˹These are˺ an unfamiliar people.”",
        "Then he slipped off to his family and brought a fat ˹roasted˺ calf",
        "and placed it before them, asking, “Will you not eat?”",
        "˹They did not eat,˺ so he grew fearful of them. They reassured ˹him˺, “Do not be afraid,” and gave him good news of a knowledgeable son.",
        "Then his wife came forward with a cry, clasping her forehead ˹in astonishment˺, exclaiming, “˹A baby from˺ a barren, old woman!”",
        "They replied, “Such has your Lord decreed. He is truly the All-Wise, All-Knowing.”",
        "˹Later,˺ Abraham asked, “What is your mission, O  messengers?”",
        "They replied, “We have actually been sent to a wicked people",
        "to send upon them stones of ˹baked˺ clay",
        "marked by your Lord for the transgressors.”",
        "Then ˹before the torment˺ We evacuated the believers from the city.",
        "But We only found one family that had submitted ˹to Allah˺.",
        "And We have left a sign there ˹as a lesson˺ for those who fear the painful punishment.",
        "And in ˹the story of˺ Moses ˹was another lesson,˺ when We sent him to Pharaoh with compelling proof",
        "but Pharaoh was carried away by his power, saying ˹of Moses˺, “A magician or a madman!”",
        "So We seized him and his soldiers, casting them into the sea while he was blameworthy.",
        "And in ˹the story of˺ ’Âd ˹was another lesson,˺ when We sent against them the devastating wind.",
        "There was nothing it came upon that it did not reduce to ashes.",
        "And in ˹the story of˺ Thamûd ˹was another lesson,˺ when they were told, “Enjoy yourselves ˹only˺ for a ˹short˺ while.”",
        "Still they persisted in defying the commands of their Lord, so they were overtaken by a ˹mighty˺ blast while they were looking on.",
        "Then they were not able to rise up, nor were they helped.",
        "And the people of Noah ˹had also been destroyed˺ earlier. They were truly a rebellious people.",
        "We built the universe with ˹great˺ might, and We are certainly expanding ˹it˺.",
        "As for the earth, We spread it out. How superbly did We smooth it out!",
        "And We created pairs of all things so perhaps you would be mindful.",
        "So ˹proclaim, O  Prophet˺: “Flee to Allah! I am truly sent by Him with a clear warning to you.",
        "And do not set up another god with Allah. I am truly sent by Him with a clear warning to you.”",
        "Similarly, no messenger came to those before them without being told: “A magician or a madman!”",
        "Have they passed this ˹cliché˺ down to one another? In fact, they have ˹all˺ been a transgressing people.",
        "So ˹now˺ turn away from them ˹O Prophet˺, for you will not be blamed.",
        "But ˹continue to˺ remind. For certainly reminders benefit the believers.",
        "I did not create jinn and humans except to worship Me.",
        "I seek no provision from them, nor do I need them to feed Me.",
        "Indeed, Allah ˹alone˺ is the Supreme Provider—Lord of all Power, Ever Mighty.",
        "The wrongdoers will certainly have a share ˹of the torment˺ like that of their predecessors. So do not let them ask Me to hasten ˹it˺.",
        "Woe then to the disbelievers when they face their Day which they are warned of!"
    ],
    "arabic1": [
        " وَٱلذَّٰرِيَـٰتِ ذَرْوًا",
        "فَٱلْحَـٰمِلَـٰتِ وِقْرًا",
        "فَٱلْجَـٰرِيَـٰتِ يُسْرًا",
        "فَٱلْمُقَسِّمَـٰتِ أَمْرًا",
        "إِنَّمَا تُوعَدُونَ لَصَادِقٌ",
        "وَإِنَّ ٱلدِّينَ لَوَٰقِعٌ",
        "وَٱلسَّمَآءِ ذَاتِ ٱلْحُبُكِ",
        "إِنَّكُمْ لَفِى قَوْلٍ مُّخْتَلِفٍ",
        "يُؤْفَكُ عَنْهُ مَنْ أُفِكَ",
        "قُتِلَ ٱلْخَرَّٰصُونَ",
        "ٱلَّذِينَ هُمْ فِى غَمْرَةٍ سَاهُونَ",
        "يَسْـَٔلُونَ أَيَّانَ يَوْمُ ٱلدِّينِ",
        "يَوْمَ هُمْ عَلَى ٱلنَّارِ يُفْتَنُونَ",
        "ذُوقُوا۟ فِتْنَتَكُمْ هَـٰذَا ٱلَّذِى كُنتُم بِهِۦ تَسْتَعْجِلُونَ",
        "إِنَّ ٱلْمُتَّقِينَ فِى جَنَّـٰتٍ وَعُيُونٍ",
        "ءَاخِذِينَ مَآ ءَاتَىٰهُمْ رَبُّهُمْ ۚ إِنَّهُمْ كَانُوا۟ قَبْلَ ذَٰلِكَ مُحْسِنِينَ",
        "كَانُوا۟ قَلِيلًا مِّنَ ٱلَّيْلِ مَا يَهْجَعُونَ",
        "وَبِٱلْأَسْحَارِ هُمْ يَسْتَغْفِرُونَ",
        "وَفِىٓ أَمْوَٰلِهِمْ حَقٌّ لِّلسَّآئِلِ وَٱلْمَحْرُومِ",
        "وَفِى ٱلْأَرْضِ ءَايَـٰتٌ لِّلْمُوقِنِينَ",
        "وَفِىٓ أَنفُسِكُمْ ۚ أَفَلَا تُبْصِرُونَ",
        "وَفِى ٱلسَّمَآءِ رِزْقُكُمْ وَمَا تُوعَدُونَ",
        "فَوَرَبِّ ٱلسَّمَآءِ وَٱلْأَرْضِ إِنَّهُۥ لَحَقٌّ مِّثْلَ مَآ أَنَّكُمْ تَنطِقُونَ",
        "هَلْ أَتَىٰكَ حَدِيثُ ضَيْفِ إِبْرَٰهِيمَ ٱلْمُكْرَمِينَ",
        "إِذْ دَخَلُوا۟ عَلَيْهِ فَقَالُوا۟ سَلَـٰمًا ۖ قَالَ سَلَـٰمٌ قَوْمٌ مُّنكَرُونَ",
        "فَرَاغَ إِلَىٰٓ أَهْلِهِۦ فَجَآءَ بِعِجْلٍ سَمِينٍ",
        "فَقَرَّبَهُۥٓ إِلَيْهِمْ قَالَ أَلَا تَأْكُلُونَ",
        "فَأَوْجَسَ مِنْهُمْ خِيفَةً ۖ قَالُوا۟ لَا تَخَفْ ۖ وَبَشَّرُوهُ بِغُلَـٰمٍ عَلِيمٍ",
        "فَأَقْبَلَتِ ٱمْرَأَتُهُۥ فِى صَرَّةٍ فَصَكَّتْ وَجْهَهَا وَقَالَتْ عَجُوزٌ عَقِيمٌ",
        "قَالُوا۟ كَذَٰلِكِ قَالَ رَبُّكِ ۖ إِنَّهُۥ هُوَ ٱلْحَكِيمُ ٱلْعَلِيمُ",
        "۞ قَالَ فَمَا خَطْبُكُمْ أَيُّهَا ٱلْمُرْسَلُونَ",
        "قَالُوٓا۟ إِنَّآ أُرْسِلْنَآ إِلَىٰ قَوْمٍ مُّجْرِمِينَ",
        "لِنُرْسِلَ عَلَيْهِمْ حِجَارَةً مِّن طِينٍ",
        "مُّسَوَّمَةً عِندَ رَبِّكَ لِلْمُسْرِفِينَ",
        "فَأَخْرَجْنَا مَن كَانَ فِيهَا مِنَ ٱلْمُؤْمِنِينَ",
        "فَمَا وَجَدْنَا فِيهَا غَيْرَ بَيْتٍ مِّنَ ٱلْمُسْلِمِينَ",
        "وَتَرَكْنَا فِيهَآ ءَايَةً لِّلَّذِينَ يَخَافُونَ ٱلْعَذَابَ ٱلْأَلِيمَ",
        "وَفِى مُوسَىٰٓ إِذْ أَرْسَلْنَـٰهُ إِلَىٰ فِرْعَوْنَ بِسُلْطَـٰنٍ مُّبِينٍ",
        "فَتَوَلَّىٰ بِرُكْنِهِۦ وَقَالَ سَـٰحِرٌ أَوْ مَجْنُونٌ",
        "فَأَخَذْنَـٰهُ وَجُنُودَهُۥ فَنَبَذْنَـٰهُمْ فِى ٱلْيَمِّ وَهُوَ مُلِيمٌ",
        "وَفِى عَادٍ إِذْ أَرْسَلْنَا عَلَيْهِمُ ٱلرِّيحَ ٱلْعَقِيمَ",
        "مَا تَذَرُ مِن شَىْءٍ أَتَتْ عَلَيْهِ إِلَّا جَعَلَتْهُ كَٱلرَّمِيمِ",
        "وَفِى ثَمُودَ إِذْ قِيلَ لَهُمْ تَمَتَّعُوا۟ حَتَّىٰ حِينٍ",
        "فَعَتَوْا۟ عَنْ أَمْرِ رَبِّهِمْ فَأَخَذَتْهُمُ ٱلصَّـٰعِقَةُ وَهُمْ يَنظُرُونَ",
        "فَمَا ٱسْتَطَـٰعُوا۟ مِن قِيَامٍ وَمَا كَانُوا۟ مُنتَصِرِينَ",
        "وَقَوْمَ نُوحٍ مِّن قَبْلُ ۖ إِنَّهُمْ كَانُوا۟ قَوْمًا فَـٰسِقِينَ",
        "وَٱلسَّمَآءَ بَنَيْنَـٰهَا بِأَيْي۟دٍ وَإِنَّا لَمُوسِعُونَ",
        "وَٱلْأَرْضَ فَرَشْنَـٰهَا فَنِعْمَ ٱلْمَـٰهِدُونَ",
        "وَمِن كُلِّ شَىْءٍ خَلَقْنَا زَوْجَيْنِ لَعَلَّكُمْ تَذَكَّرُونَ",
        "فَفِرُّوٓا۟ إِلَى ٱللَّهِ ۖ إِنِّى لَكُم مِّنْهُ نَذِيرٌ مُّبِينٌ",
        "وَلَا تَجْعَلُوا۟ مَعَ ٱللَّهِ إِلَـٰهًا ءَاخَرَ ۖ إِنِّى لَكُم مِّنْهُ نَذِيرٌ مُّبِينٌ",
        "كَذَٰلِكَ مَآ أَتَى ٱلَّذِينَ مِن قَبْلِهِم مِّن رَّسُولٍ إِلَّا قَالُوا۟ سَاحِرٌ أَوْ مَجْنُونٌ",
        "أَتَوَاصَوْا۟ بِهِۦ ۚ بَلْ هُمْ قَوْمٌ طَاغُونَ",
        "فَتَوَلَّ عَنْهُمْ فَمَآ أَنتَ بِمَلُومٍ",
        "وَذَكِّرْ فَإِنَّ ٱلذِّكْرَىٰ تَنفَعُ ٱلْمُؤْمِنِينَ",
        "وَمَا خَلَقْتُ ٱلْجِنَّ وَٱلْإِنسَ إِلَّا لِيَعْبُدُونِ",
        "مَآ أُرِيدُ مِنْهُم مِّن رِّزْقٍ وَمَآ أُرِيدُ أَن يُطْعِمُونِ",
        "إِنَّ ٱللَّهَ هُوَ ٱلرَّزَّاقُ ذُو ٱلْقُوَّةِ ٱلْمَتِينُ",
        "فَإِنَّ لِلَّذِينَ ظَلَمُوا۟ ذَنُوبًا مِّثْلَ ذَنُوبِ أَصْحَـٰبِهِمْ فَلَا يَسْتَعْجِلُونِ",
        "فَوَيْلٌ لِّلَّذِينَ كَفَرُوا۟ مِن يَوْمِهِمُ ٱلَّذِى يُوعَدُونَ"
    ],
    "arabic2": [
        "والذاريات ذروا",
        "فالحاملات وقرا",
        "فالجاريات يسرا",
        "فالمقسمات امرا",
        "انما توعدون لصادق",
        "وان الدين لواقع",
        "والسماء ذات الحبك",
        "انكم لفي قول مختلف",
        "يؤفك عنه من افك",
        "قتل الخراصون",
        "الذين هم في غمرة ساهون",
        "يسالون ايان يوم الدين",
        "يوم هم على النار يفتنون",
        "ذوقوا فتنتكم هذا الذي كنتم به تستعجلون",
        "ان المتقين في جنات وعيون",
        "اخذين ما اتاهم ربهم انهم كانوا قبل ذلك محسنين",
        "كانوا قليلا من الليل ما يهجعون",
        "وبالاسحار هم يستغفرون",
        "وفي اموالهم حق للسائل والمحروم",
        "وفي الارض ايات للموقنين",
        "وفي انفسكم افلا تبصرون",
        "وفي السماء رزقكم وما توعدون",
        "فورب السماء والارض انه لحق مثل ما انكم تنطقون",
        "هل اتاك حديث ضيف ابراهيم المكرمين",
        "اذ دخلوا عليه فقالوا سلاما قال سلام قوم منكرون",
        "فراغ الى اهله فجاء بعجل سمين",
        "فقربه اليهم قال الا تاكلون",
        "فاوجس منهم خيفة قالوا لا تخف وبشروه بغلام عليم",
        "فاقبلت امراته في صرة فصكت وجهها وقالت عجوز عقيم",
        "قالوا كذلك قال ربك انه هو الحكيم العليم",
        "قال فما خطبكم ايها المرسلون",
        "قالوا انا ارسلنا الى قوم مجرمين",
        "لنرسل عليهم حجارة من طين",
        "مسومة عند ربك للمسرفين",
        "فاخرجنا من كان فيها من المؤمنين",
        "فما وجدنا فيها غير بيت من المسلمين",
        "وتركنا فيها اية للذين يخافون العذاب الاليم",
        "وفي موسى اذ ارسلناه الى فرعون بسلطان مبين",
        "فتولى بركنه وقال ساحر او مجنون",
        "فاخذناه وجنوده فنبذناهم في اليم وهو مليم",
        "وفي عاد اذ ارسلنا عليهم الريح العقيم",
        "ما تذر من شيء اتت عليه الا جعلته كالرميم",
        "وفي ثمود اذ قيل لهم تمتعوا حتى حين",
        "فعتوا عن امر ربهم فاخذتهم الصاعقة وهم ينظرون",
        "فما استطاعوا من قيام وما كانوا منتصرين",
        "وقوم نوح من قبل انهم كانوا قوما فاسقين",
        "والسماء بنيناها بايد وانا لموسعون",
        "والارض فرشناها فنعم الماهدون",
        "ومن كل شيء خلقنا زوجين لعلكم تذكرون",
        "ففروا الى الله اني لكم منه نذير مبين",
        "ولا تجعلوا مع الله الها اخر اني لكم منه نذير مبين",
        "كذلك ما اتى الذين من قبلهم من رسول الا قالوا ساحر او مجنون",
        "اتواصوا به بل هم قوم طاغون",
        "فتول عنهم فما انت بملوم",
        "وذكر فان الذكرى تنفع المؤمنين",
        "وما خلقت الجن والانس الا ليعبدون",
        "ما اريد منهم من رزق وما اريد ان يطعمون",
        "ان الله هو الرزاق ذو القوة المتين",
        "فان للذين ظلموا ذنوبا مثل ذنوب اصحابهم فلا يستعجلون",
        "فويل للذين كفروا من يومهم الذي يوعدون"
    ]
}