{
    "surahName": "At-Tur",
    "surahNameArabic": "الطور",
    "surahNameArabicLong": "سورة الطور",
    "surahNameTranslation": "The Mount",
    "revelationPlace": "Mecca",
    "totalAyah": 49,
    "surahNo": 52,
    "english": [
        "By Mount Ṭûr!",
        "And by the Book written",
        "on open pages ˹for all to read˺!",
        "And by the ˹Sacred˺ House frequently visited!",
        "And by the canopy raised ˹high˺!",
        "And by the seas set on fire!",
        "Indeed, the punishment of your Lord will come to pass—",
        "none will avert it—",
        "on the Day the heavens will be shaken violently",
        "and the mountains will be blown away entirely.",
        "Then woe on that Day to the deniers—",
        "those who amuse themselves with falsehood!",
        "˹It is˺ the Day they will be fiercely shoved into the Fire of Hell.",
        "˹They will be told,˺ “This is the Fire which you used to deny.",
        "Is this magic, or do you not see?",
        "Burn in it! It is the same whether you endure ˹it˺ patiently or not. You are only rewarded for what you used to do.”",
        "Indeed, the righteous will be in Gardens and bliss",
        "enjoying whatever their Lord will have granted them. And their Lord will have protected them from the torment of the Hellfire.",
        "˹They will be told,˺ “Eat and drink happily for what you used to do.”",
        "They will be reclining on thrones, ˹neatly˺ lined up ˹facing each other˺. And We will pair them to maidens with gorgeous eyes.",
        "As for those who believe and whose descendants follow them in faith, We will elevate their descendants to their rank, never discounting anything ˹of the reward˺ of their deeds. Every person will reap only what they sowed.",
        "And We will ˹continually˺ provide them with whatever fruit or meat they desire.",
        "They will pass around to each other a drink ˹of pure wine,˺ which leads to no idle talk or sinfulness.",
        "And they will be waited on by their youthful servants like spotless pearls.",
        "They will turn to one another inquisitively.",
        "They will say, “Before ˹this reward˺ we used to be in awe ˹of Allah˺ in the midst of our people.",
        "So Allah has graced us and protected us from the torment of ˹Hell’s˺ scorching heat.",
        "Indeed, we used to call upon Him ˹alone˺ before. He is truly the Most Kind, Most Merciful.”",
        "So ˹continue to˺ remind ˹all, O  Prophet˺. For you, by the grace of your Lord, are not a fortune-teller or a madman.",
        "Or do they say, “˹He is˺ a poet, for whom we ˹eagerly˺ await an ill-fate!”?",
        "Say, “Keep waiting! I too am waiting with you.”",
        "Or do their ˹intelligent˺ minds prompt them to this ˹paradox˺? Or are they ˹just˺ a transgressing people?",
        "Or do they say, “He made this ˹Quran˺ up!”? In fact, they have no faith.",
        "Let them then produce something like it, if what they say is true!",
        "Or were they created by nothing, or are they ˹their own˺ creators?",
        "Or did they create the heavens and the earth? In fact, they have no firm belief ˹in Allah˺.",
        "Or do they possess the treasuries of your Lord, or are they in control ˹of everything˺?",
        "Or do they have a stairway, by which they eavesdrop ˹on the heavens˺? Then let those who do so bring a compelling proof.",
        "Or does He have daughters ˹as you claim˺, while you ˹prefer to˺ have sons?",
        "Or are you ˹O Prophet˺ asking them for a reward ˹for the message˺ so that they are overburdened by debt?",
        "Or do they have access to ˹the Record in˺ the unseen, so they copy it ˹for all to see˺?",
        "Or do they intend to scheme ˹against the Prophet˺? Then it is the disbelievers who will fall victim to ˹their˺ schemes.",
        "Or do they have a god other than Allah? Glorified is Allah far above what they associate ˹with Him˺!",
        "If they were to see a ˹deadly˺ piece of the sky fall down ˹upon them˺, still they would say, “˹This is just˺ a pile of clouds.”",
        "So leave them until they face their Day in which they will be struck dead—",
        "the Day their scheming will be of no benefit to them whatsoever, nor will they be helped.",
        "Also, the wrongdoers will certainly have another torment before that ˹Day˺, but most of them do not know.",
        "So be patient with your Lord’s decree, for you are truly under Our ˹watchful˺ Eyes. And glorify the praises of your Lord when you rise.",
        "And glorify Him during part of the night and at the fading of the stars."
    ],
    "arabic1": [
        " وَٱلطُّورِ",
        "وَكِتَـٰبٍ مَّسْطُورٍ",
        "فِى رَقٍّ مَّنشُورٍ",
        "وَٱلْبَيْتِ ٱلْمَعْمُورِ",
        "وَٱلسَّقْفِ ٱلْمَرْفُوعِ",
        "وَٱلْبَحْرِ ٱلْمَسْجُورِ",
        "إِنَّ عَذَابَ رَبِّكَ لَوَٰقِعٌ",
        "مَّا لَهُۥ مِن دَافِعٍ",
        "يَوْمَ تَمُورُ ٱلسَّمَآءُ مَوْرًا",
        "وَتَسِيرُ ٱلْجِبَالُ سَيْرًا",
        "فَوَيْلٌ يَوْمَئِذٍ لِّلْمُكَذِّبِينَ",
        "ٱلَّذِينَ هُمْ فِى خَوْضٍ يَلْعَبُونَ",
        "يَوْمَ يُدَعُّونَ إِلَىٰ نَارِ جَهَنَّمَ دَعًّا",
        "هَـٰذِهِ ٱلنَّارُ ٱلَّتِى كُنتُم بِهَا تُكَذِّبُونَ",
        "أَفَسِحْرٌ هَـٰذَآ أَمْ أَنتُمْ لَا تُبْصِرُونَ",
        "ٱصْلَوْهَا فَٱصْبِرُوٓا۟ أَوْ لَا تَصْبِرُوا۟ سَوَآءٌ عَلَيْكُمْ ۖ إِنَّمَا تُجْزَوْنَ مَا كُنتُمْ تَعْمَلُونَ",
        "إِنَّ ٱلْمُتَّقِينَ فِى جَنَّـٰتٍ وَنَعِيمٍ",
        "فَـٰكِهِينَ بِمَآ ءَاتَىٰهُمْ رَبُّهُمْ وَوَقَىٰهُمْ رَبُّهُمْ عَذَابَ ٱلْجَحِيمِ",
        "كُلُوا۟ وَٱشْرَبُوا۟ هَنِيٓـًٔۢا بِمَا كُنتُمْ تَعْمَلُونَ",
        "مُتَّكِـِٔينَ عَلَىٰ سُرُرٍ مَّصْفُوفَةٍ ۖ وَزَوَّجْنَـٰهُم بِحُورٍ عِينٍ",
        "وَٱلَّذِينَ ءَامَنُوا۟ وَٱتَّبَعَتْهُمْ ذُرِّيَّتُهُم بِإِيمَـٰنٍ أَلْحَقْنَا بِهِمْ ذُرِّيَّتَهُمْ وَمَآ أَلَتْنَـٰهُم مِّنْ عَمَلِهِم مِّن شَىْءٍ ۚ كُلُّ ٱمْرِئٍۭ بِمَا كَسَبَ رَهِينٌ",
        "وَأَمْدَدْنَـٰهُم بِفَـٰكِهَةٍ وَلَحْمٍ مِّمَّا يَشْتَهُونَ",
        "يَتَنَـٰزَعُونَ فِيهَا كَأْسًا لَّا لَغْوٌ فِيهَا وَلَا تَأْثِيمٌ",
        "۞ وَيَطُوفُ عَلَيْهِمْ غِلْمَانٌ لَّهُمْ كَأَنَّهُمْ لُؤْلُؤٌ مَّكْنُونٌ",
        "وَأَقْبَلَ بَعْضُهُمْ عَلَىٰ بَعْضٍ يَتَسَآءَلُونَ",
        "قَالُوٓا۟ إِنَّا كُنَّا قَبْلُ فِىٓ أَهْلِنَا مُشْفِقِينَ",
        "فَمَنَّ ٱللَّهُ عَلَيْنَا وَوَقَىٰنَا عَذَابَ ٱلسَّمُومِ",
        "إِنَّا كُنَّا مِن قَبْلُ نَدْعُوهُ ۖ إِنَّهُۥ هُوَ ٱلْبَرُّ ٱلرَّحِيمُ",
        "فَذَكِّرْ فَمَآ أَنتَ بِنِعْمَتِ رَبِّكَ بِكَاهِنٍ وَلَا مَجْنُونٍ",
        "أَمْ يَقُولُونَ شَاعِرٌ نَّتَرَبَّصُ بِهِۦ رَيْبَ ٱلْمَنُونِ",
        "قُلْ تَرَبَّصُوا۟ فَإِنِّى مَعَكُم مِّنَ ٱلْمُتَرَبِّصِينَ",
        "أَمْ تَأْمُرُهُمْ أَحْلَـٰمُهُم بِهَـٰذَآ ۚ أَمْ هُمْ قَوْمٌ طَاغُونَ",
        "أَمْ يَقُولُونَ تَقَوَّلَهُۥ ۚ بَل لَّا يُؤْمِنُونَ",
        "فَلْيَأْتُوا۟ بِحَدِيثٍ مِّثْلِهِۦٓ إِن كَانُوا۟ صَـٰدِقِينَ",
        "أَمْ خُلِقُوا۟ مِنْ غَيْرِ شَىْءٍ أَمْ هُمُ ٱلْخَـٰلِقُونَ",
        "أَمْ خَلَقُوا۟ ٱلسَّمَـٰوَٰتِ وَٱلْأَرْضَ ۚ بَل لَّا يُوقِنُونَ",
        "أَمْ عِندَهُمْ خَزَآئِنُ رَبِّكَ أَمْ هُمُ ٱلْمُصَۣيْطِرُونَ",
        "أَمْ لَهُمْ سُلَّمٌ يَسْتَمِعُونَ فِيهِ ۖ فَلْيَأْتِ مُسْتَمِعُهُم بِسُلْطَـٰنٍ مُّبِينٍ",
        "أَمْ لَهُ ٱلْبَنَـٰتُ وَلَكُمُ ٱلْبَنُونَ",
        "أَمْ تَسْـَٔلُهُمْ أَجْرًا فَهُم مِّن مَّغْرَمٍ مُّثْقَلُونَ",
        "أَمْ عِندَهُمُ ٱلْغَيْبُ فَهُمْ يَكْتُبُونَ",
        "أَمْ يُرِيدُونَ كَيْدًا ۖ فَٱلَّذِينَ كَفَرُوا۟ هُمُ ٱلْمَكِيدُونَ",
        "أَمْ لَهُمْ إِلَـٰهٌ غَيْرُ ٱللَّهِ ۚ سُبْحَـٰنَ ٱللَّهِ عَمَّا يُشْرِكُونَ",
        "وَإِن يَرَوْا۟ كِسْفًا مِّنَ ٱلسَّمَآءِ سَاقِطًا يَقُولُوا۟ سَحَابٌ مَّرْكُومٌ",
        "فَذَرْهُمْ حَتَّىٰ يُلَـٰقُوا۟ يَوْمَهُمُ ٱلَّذِى فِيهِ يُصْعَقُونَ",
        "يَوْمَ لَا يُغْنِى عَنْهُمْ كَيْدُهُمْ شَيْـًٔا وَلَا هُمْ يُنصَرُونَ",
        "وَإِنَّ لِلَّذِينَ ظَلَمُوا۟ عَذَابًا دُونَ ذَٰلِكَ وَلَـٰكِنَّ أَكْثَرَهُمْ لَا يَعْلَمُونَ",
        "وَٱصْبِرْ لِحُكْمِ رَبِّكَ فَإِنَّكَ بِأَعْيُنِنَا ۖ وَسَبِّحْ بِحَمْدِ رَبِّكَ حِينَ تَقُومُ",
        "وَمِنَ ٱلَّيْلِ فَسَبِّحْهُ وَإِدْبَـٰرَ ٱلنُّجُومِ"
    ],
    "arabic2": [
        "والطور",
        "وكتاب مسطور",
        "في رق منشور",
        "والبيت المعمور",
        "والسقف المرفوع",
        "والبحر المسجور",
        "ان عذاب ربك لواقع",
        "ما له من دافع",
        "يوم تمور السماء مورا",
        "وتسير الجبال سيرا",
        "فويل يومئذ للمكذبين",
        "الذين هم في خوض يلعبون",
        "يوم يدعون الى نار جهنم دعا",
        "هذه النار التي كنتم بها تكذبون",
        "افسحر هذا ام انتم لا تبصرون",
        "اصلوها فاصبروا او لا تصبروا سواء عليكم انما تجزون ما كنتم تعملون",
        "ان المتقين في جنات ونعيم",
        "فاكهين بما اتاهم ربهم ووقاهم ربهم عذاب الجحيم",
        "كلوا واشربوا هنيئا بما كنتم تعملون",
        "متكئين على سرر مصفوفة وزوجناهم بحور عين",
        "والذين امنوا واتبعتهم ذريتهم بايمان الحقنا بهم ذريتهم وما التناهم من عملهم من شيء كل امرئ بما كسب رهين",
        "وامددناهم بفاكهة ولحم مما يشتهون",
        "يتنازعون فيها كاسا لا لغو فيها ولا تاثيم",
        "ويطوف عليهم غلمان لهم كانهم لؤلؤ مكنون",
        "واقبل بعضهم على بعض يتساءلون",
        "قالوا انا كنا قبل في اهلنا مشفقين",
        "فمن الله علينا ووقانا عذاب السموم",
        "انا كنا من قبل ندعوه انه هو البر الرحيم",
        "فذكر فما انت بنعمت ربك بكاهن ولا مجنون",
        "ام يقولون شاعر نتربص به ريب المنون",
        "قل تربصوا فاني معكم من المتربصين",
        "ام تامرهم احلامهم بهذا ام هم قوم طاغون",
        "ام يقولون تقوله بل لا يؤمنون",
        "فلياتوا بحديث مثله ان كانوا صادقين",
        "ام خلقوا من غير شيء ام هم الخالقون",
        "ام خلقوا السماوات والارض بل لا يوقنون",
        "ام عندهم خزائن ربك ام هم المصيطرون",
        "ام لهم سلم يستمعون فيه فليات مستمعهم بسلطان مبين",
        "ام له البنات ولكم البنون",
        "ام تسالهم اجرا فهم من مغرم مثقلون",
        "ام عندهم الغيب فهم يكتبون",
        "ام يريدون كيدا فالذين كفروا هم المكيدون",
        "ام لهم اله غير الله سبحان الله عما يشركون",
        "وان يروا كسفا من السماء ساقطا يقولوا سحاب مركوم",
        "فذرهم حتى يلاقوا يومهم الذي فيه يصعقون",
        "يوم لا يغني عنهم كيدهم شيئا ولا هم ينصرون",
        "وان للذين ظلموا عذابا دون ذلك ولكن اكثرهم لا يعلمون",
        "واصبر لحكم ربك فانك باعيننا وسبح بحمد ربك حين تقوم",
        "ومن الليل فسبحه وادبار النجوم"
    ]
}