{
    "surahName": "An-Najm",
    "surahNameArabic": "النجم",
    "surahNameArabicLong": "سورة النجم",
    "surahNameTranslation": "The Star",
    "revelationPlace": "Mecca",
    "totalAyah": 62,
    "surahNo": 53,
    "english": [
        "By the stars when they fade away!",
        "Your fellow man is neither misguided nor astray.",
        "Nor does he speak of his own whims.",
        "It is only a revelation sent down ˹to him˺.",
        "He has been taught by one ˹angel˺ of mighty power",
        "and great perfection, who once rose to ˹his˺ true form",
        "while on the highest point above the horizon",
        "then he approached ˹the Prophet˺, coming so close",
        "that he was only two arms-lengths away or even less.",
        "Then Allah revealed to His servant what He revealed ˹through Gabriel˺.",
        "The ˹Prophet’s˺ heart did not doubt what he saw.",
        "How can you ˹O pagans˺ then dispute with him regarding what he saw?",
        "And he certainly saw that ˹angel descend˺ a second time",
        "at the Lote Tree of the most extreme limit ˹in the seventh heaven˺—",
        "near which is the Garden of ˹Eternal˺ Residence—",
        "while the Lote Tree was overwhelmed with ˹heavenly˺ splendours!",
        "The ˹Prophet’s˺ sight never wandered, nor did it overreach.",
        "He certainly saw some of his Lord’s greatest signs.",
        "Now, have you considered ˹the idols of˺ Lât and ’Uzza",
        "and the third one, Manât, as well?",
        "Do you ˹prefer to˺ have sons while ˹you attribute˺ to Him daughters?",
        "Then this is ˹truly˺ a biased distribution!",
        "These ˹idols˺ are mere names that you and your forefathers have made up—a practice Allah has never authorized. They follow nothing but ˹inherited˺ assumptions and whatever ˹their˺ souls desire, although ˹true˺ guidance has already come to them from their Lord.",
        "Or should every person ˹simply˺ have whatever ˹intercessors˺ they desire?",
        "In fact, to Allah ˹alone˺ belongs this world and the next.",
        "˹Imagine˺ how many ˹noble˺ angels are in the heavens! ˹Even˺ their intercession would be of no benefit whatsoever, until Allah gives permission to whoever He wills and ˹only for the people He˺ approves.",
        "Indeed, those who do not believe in the Hereafter label angels as female",
        "although they have no knowledge ˹in support˺ of this. They follow nothing but ˹inherited˺ assumptions. And surely assumptions can in no way replace the truth.",
        "So turn away ˹O Prophet˺ from whoever has shunned Our Reminder, only seeking the ˹fleeting˺ life of this world.",
        "This is the extent of their knowledge. Surely your Lord knows best who has strayed from His Way and who is ˹rightly˺ guided.",
        "To Allah ˹alone˺ belongs whatever is in the heavens and whatever is on the earth so that He may reward the evildoers according to what they did, and reward the good-doers with the finest reward—",
        "those who avoid major sins and shameful deeds, despite ˹stumbling on˺ minor sins. Surely your Lord is infinite in forgiveness. He knew well what would become of you as He created you from the earth and while you were ˹still˺ fetuses in the wombs of your mothers. So do not ˹falsely˺ elevate yourselves. He knows best who is ˹truly˺ righteous.",
        "Have you seen the one who turned away ˹from Islam,˺",
        "and ˹initially˺ paid a little ˹for his salvation˺, and then stopped?",
        "Does he have the knowledge of the unseen so that he sees ˹the Hereafter˺?",
        "Or has he not been informed of what is in the Scripture of Moses",
        "and ˹that of˺ Abraham, who ˹perfectly˺ fulfilled ˹his covenant˺?",
        "˹They state˺ that no soul burdened with sin will bear the burden of another",
        "and that each person will only have what they endeavoured towards",
        "and that ˹the outcome of˺ their endeavours will be seen ˹in their record˺",
        "then they will be fully rewarded",
        "and that to your Lord ˹alone˺ is the ultimate return ˹of all things˺.",
        "Moreover, He is the One Who brings about joy and sadness.",
        "And He is the One Who gives life and causes death.",
        "And He created the pairs—males and females—",
        "from a sperm-drop when it is emitted.",
        "And it is upon Him to bring about re-creation.",
        "And He is the One Who enriches and impoverishes.",
        "And He alone is the Lord of Sirius.",
        "And He destroyed the first ˹people of˺ ’Ȃd",
        "and ˹then˺ Thamûd, sparing no one.",
        "And before ˹that He destroyed˺ the people of Noah, who were truly far worse in wrongdoing and transgression.",
        "And ˹it was˺ He ˹Who˺ turned the cities ˹of Sodom and Gomorrah˺ upside down.",
        "How overwhelming was what covered ˹them˺!",
        "Now, which of your Lord’s favours will you dispute?",
        "This ˹Prophet˺ is a warner like earlier ones.",
        "The approaching ˹Hour˺ has drawn near.",
        "None but Allah can disclose it.",
        "Do you find this revelation astonishing",
        "laughing ˹at it˺ and not weeping ˹in awe˺",
        "while persisting in heedlessness?",
        "Instead, prostrate to Allah and worship ˹Him alone˺!"
    ],
    "arabic1": [
        " وَٱلنَّجْمِ إِذَا هَوَىٰ",
        "مَا ضَلَّ صَاحِبُكُمْ وَمَا غَوَىٰ",
        "وَمَا يَنطِقُ عَنِ ٱلْهَوَىٰٓ",
        "إِنْ هُوَ إِلَّا وَحْىٌ يُوحَىٰ",
        "عَلَّمَهُۥ شَدِيدُ ٱلْقُوَىٰ",
        "ذُو مِرَّةٍ فَٱسْتَوَىٰ",
        "وَهُوَ بِٱلْأُفُقِ ٱلْأَعْلَىٰ",
        "ثُمَّ دَنَا فَتَدَلَّىٰ",
        "فَكَانَ قَابَ قَوْسَيْنِ أَوْ أَدْنَىٰ",
        "فَأَوْحَىٰٓ إِلَىٰ عَبْدِهِۦ مَآ أَوْحَىٰ",
        "مَا كَذَبَ ٱلْفُؤَادُ مَا رَأَىٰٓ",
        "أَفَتُمَـٰرُونَهُۥ عَلَىٰ مَا يَرَىٰ",
        "وَلَقَدْ رَءَاهُ نَزْلَةً أُخْرَىٰ",
        "عِندَ سِدْرَةِ ٱلْمُنتَهَىٰ",
        "عِندَهَا جَنَّةُ ٱلْمَأْوَىٰٓ",
        "إِذْ يَغْشَى ٱلسِّدْرَةَ مَا يَغْشَىٰ",
        "مَا زَاغَ ٱلْبَصَرُ وَمَا طَغَىٰ",
        "لَقَدْ رَأَىٰ مِنْ ءَايَـٰتِ رَبِّهِ ٱلْكُبْرَىٰٓ",
        "أَفَرَءَيْتُمُ ٱللَّـٰتَ وَٱلْعُزَّىٰ",
        "وَمَنَوٰةَ ٱلثَّالِثَةَ ٱلْأُخْرَىٰٓ",
        "أَلَكُمُ ٱلذَّكَرُ وَلَهُ ٱلْأُنثَىٰ",
        "تِلْكَ إِذًا قِسْمَةٌ ضِيزَىٰٓ",
        "إِنْ هِىَ إِلَّآ أَسْمَآءٌ سَمَّيْتُمُوهَآ أَنتُمْ وَءَابَآؤُكُم مَّآ أَنزَلَ ٱللَّهُ بِهَا مِن سُلْطَـٰنٍ ۚ إِن يَتَّبِعُونَ إِلَّا ٱلظَّنَّ وَمَا تَهْوَى ٱلْأَنفُسُ ۖ وَلَقَدْ جَآءَهُم مِّن رَّبِّهِمُ ٱلْهُدَىٰٓ",
        "أَمْ لِلْإِنسَـٰنِ مَا تَمَنَّىٰ",
        "فَلِلَّهِ ٱلْـَٔاخِرَةُ وَٱلْأُولَىٰ",
        "۞ وَكَم مِّن مَّلَكٍ فِى ٱلسَّمَـٰوَٰتِ لَا تُغْنِى شَفَـٰعَتُهُمْ شَيْـًٔا إِلَّا مِنۢ بَعْدِ أَن يَأْذَنَ ٱللَّهُ لِمَن يَشَآءُ وَيَرْضَىٰٓ",
        "إِنَّ ٱلَّذِينَ لَا يُؤْمِنُونَ بِٱلْـَٔاخِرَةِ لَيُسَمُّونَ ٱلْمَلَـٰٓئِكَةَ تَسْمِيَةَ ٱلْأُنثَىٰ",
        "وَمَا لَهُم بِهِۦ مِنْ عِلْمٍ ۖ إِن يَتَّبِعُونَ إِلَّا ٱلظَّنَّ ۖ وَإِنَّ ٱلظَّنَّ لَا يُغْنِى مِنَ ٱلْحَقِّ شَيْـًٔا",
        "فَأَعْرِضْ عَن مَّن تَوَلَّىٰ عَن ذِكْرِنَا وَلَمْ يُرِدْ إِلَّا ٱلْحَيَوٰةَ ٱلدُّنْيَا",
        "ذَٰلِكَ مَبْلَغُهُم مِّنَ ٱلْعِلْمِ ۚ إِنَّ رَبَّكَ هُوَ أَعْلَمُ بِمَن ضَلَّ عَن سَبِيلِهِۦ وَهُوَ أَعْلَمُ بِمَنِ ٱهْتَدَىٰ",
        "وَلِلَّهِ مَا فِى ٱلسَّمَـٰوَٰتِ وَمَا فِى ٱلْأَرْضِ لِيَجْزِىَ ٱلَّذِينَ أَسَـٰٓـُٔوا۟ بِمَا عَمِلُوا۟ وَيَجْزِىَ ٱلَّذِينَ أَحْسَنُوا۟ بِٱلْحُسْنَى",
        "ٱلَّذِينَ يَجْتَنِبُونَ كَبَـٰٓئِرَ ٱلْإِثْمِ وَٱلْفَوَٰحِشَ إِلَّا ٱللَّمَمَ ۚ إِنَّ رَبَّكَ وَٰسِعُ ٱلْمَغْفِرَةِ ۚ هُوَ أَعْلَمُ بِكُمْ إِذْ أَنشَأَكُم مِّنَ ٱلْأَرْضِ وَإِذْ أَنتُمْ أَجِنَّةٌ فِى بُطُونِ أُمَّهَـٰتِكُمْ ۖ فَلَا تُزَكُّوٓا۟ أَنفُسَكُمْ ۖ هُوَ أَعْلَمُ بِمَنِ ٱتَّقَىٰٓ",
        "أَفَرَءَيْتَ ٱلَّذِى تَوَلَّىٰ",
        "وَأَعْطَىٰ قَلِيلًا وَأَكْدَىٰٓ",
        "أَعِندَهُۥ عِلْمُ ٱلْغَيْبِ فَهُوَ يَرَىٰٓ",
        "أَمْ لَمْ يُنَبَّأْ بِمَا فِى صُحُفِ مُوسَىٰ",
        "وَإِبْرَٰهِيمَ ٱلَّذِى وَفَّىٰٓ",
        "أَلَّا تَزِرُ وَازِرَةٌ وِزْرَ أُخْرَىٰ",
        "وَأَن لَّيْسَ لِلْإِنسَـٰنِ إِلَّا مَا سَعَىٰ",
        "وَأَنَّ سَعْيَهُۥ سَوْفَ يُرَىٰ",
        "ثُمَّ يُجْزَىٰهُ ٱلْجَزَآءَ ٱلْأَوْفَىٰ",
        "وَأَنَّ إِلَىٰ رَبِّكَ ٱلْمُنتَهَىٰ",
        "وَأَنَّهُۥ هُوَ أَضْحَكَ وَأَبْكَىٰ",
        "وَأَنَّهُۥ هُوَ أَمَاتَ وَأَحْيَا",
        "وَأَنَّهُۥ خَلَقَ ٱلزَّوْجَيْنِ ٱلذَّكَرَ وَٱلْأُنثَىٰ",
        "مِن نُّطْفَةٍ إِذَا تُمْنَىٰ",
        "وَأَنَّ عَلَيْهِ ٱلنَّشْأَةَ ٱلْأُخْرَىٰ",
        "وَأَنَّهُۥ هُوَ أَغْنَىٰ وَأَقْنَىٰ",
        "وَأَنَّهُۥ هُوَ رَبُّ ٱلشِّعْرَىٰ",
        "وَأَنَّهُۥٓ أَهْلَكَ عَادًا ٱلْأُولَىٰ",
        "وَثَمُودَا۟ فَمَآ أَبْقَىٰ",
        "وَقَوْمَ نُوحٍ مِّن قَبْلُ ۖ إِنَّهُمْ كَانُوا۟ هُمْ أَظْلَمَ وَأَطْغَىٰ",
        "وَٱلْمُؤْتَفِكَةَ أَهْوَىٰ",
        "فَغَشَّىٰهَا مَا غَشَّىٰ",
        "فَبِأَىِّ ءَالَآءِ رَبِّكَ تَتَمَارَىٰ",
        "هَـٰذَا نَذِيرٌ مِّنَ ٱلنُّذُرِ ٱلْأُولَىٰٓ",
        "أَزِفَتِ ٱلْـَٔازِفَةُ",
        "لَيْسَ لَهَا مِن دُونِ ٱللَّهِ كَاشِفَةٌ",
        "أَفَمِنْ هَـٰذَا ٱلْحَدِيثِ تَعْجَبُونَ",
        "وَتَضْحَكُونَ وَلَا تَبْكُونَ",
        "وَأَنتُمْ سَـٰمِدُونَ",
        "فَٱسْجُدُوا۟ لِلَّهِ وَٱعْبُدُوا۟ ۩"
    ],
    "arabic2": [
        "والنجم اذا هوى",
        "ما ضل صاحبكم وما غوى",
        "وما ينطق عن الهوى",
        "ان هو الا وحي يوحى",
        "علمه شديد القوى",
        "ذو مرة فاستوى",
        "وهو بالافق الاعلى",
        "ثم دنا فتدلى",
        "فكان قاب قوسين او ادنى",
        "فاوحى الى عبده ما اوحى",
        "ما كذب الفؤاد ما راى",
        "افتمارونه على ما يرى",
        "ولقد راه نزلة اخرى",
        "عند سدرة المنتهى",
        "عندها جنة الماوى",
        "اذ يغشى السدرة ما يغشى",
        "ما زاغ البصر وما طغى",
        "لقد راى من ايات ربه الكبرى",
        "افرايتم اللات والعزى",
        "ومناة الثالثة الاخرى",
        "الكم الذكر وله الانثى",
        "تلك اذا قسمة ضيزى",
        "ان هي الا اسماء سميتموها انتم واباؤكم ما انزل الله بها من سلطان ان يتبعون الا الظن وما تهوى الانفس ولقد جاءهم من ربهم الهدى",
        "ام للانسان ما تمنى",
        "فلله الاخرة والاولى",
        "وكم من ملك في السماوات لا تغني شفاعتهم شيئا الا من بعد ان ياذن الله لمن يشاء ويرضى",
        "ان الذين لا يؤمنون بالاخرة ليسمون الملائكة تسمية الانثى",
        "وما لهم به من علم ان يتبعون الا الظن وان الظن لا يغني من الحق شيئا",
        "فاعرض عن من تولى عن ذكرنا ولم يرد الا الحياة الدنيا",
        "ذلك مبلغهم من العلم ان ربك هو اعلم بمن ضل عن سبيله وهو اعلم بمن اهتدى",
        "ولله ما في السماوات وما في الارض ليجزي الذين اساءوا بما عملوا ويجزي الذين احسنوا بالحسنى",
        "الذين يجتنبون كبائر الاثم والفواحش الا اللمم ان ربك واسع المغفرة هو اعلم بكم اذ انشاكم من الارض واذ انتم اجنة في بطون امهاتكم فلا تزكوا انفسكم هو اعلم بمن اتقى",
        "افرايت الذي تولى",
        "واعطى قليلا واكدى",
        "اعنده علم الغيب فهو يرى",
        "ام لم ينبا بما في صحف موسى",
        "وابراهيم الذي وفى",
        "الا تزر وازرة وزر اخرى",
        "وان ليس للانسان الا ما سعى",
        "وان سعيه سوف يرى",
        "ثم يجزاه الجزاء الاوفى",
        "وان الى ربك المنتهى",
        "وانه هو اضحك وابكى",
        "وانه هو امات واحيا",
        "وانه خلق الزوجين الذكر والانثى",
        "من نطفة اذا تمنى",
        "وان عليه النشاة الاخرى",
        "وانه هو اغنى واقنى",
        "وانه هو رب الشعرى",
        "وانه اهلك عادا الاولى",
        "وثمود فما ابقى",
        "وقوم نوح من قبل انهم كانوا هم اظلم واطغى",
        "والمؤتفكة اهوى",
        "فغشاها ما غشى",
        "فباي الاء ربك تتمارى",
        "هذا نذير من النذر الاولى",
        "ازفت الازفة",
        "ليس لها من دون الله كاشفة",
        "افمن هذا الحديث تعجبون",
        "وتضحكون ولا تبكون",
        "وانتم سامدون",
        "فاسجدوا لله واعبدوا"
    ]
}