{
    "surahName": "Al-Qamar",
    "surahNameArabic": "القمر",
    "surahNameArabicLong": "سورة القمر",
    "surahNameTranslation": "The Moon",
    "revelationPlace": "Mecca",
    "totalAyah": 55,
    "surahNo": 54,
    "english": [
        "The Hour has drawn near and the moon was split ˹in two˺.",
        "Yet, whenever they see a sign, they turn away, saying, “Same old magic!”",
        "They rejected ˹the truth˺ and followed their own desires—and every matter will be settled—",
        "even though the stories ˹of destroyed nations˺ that have already come to them are a sufficient deterrent.",
        "˹This Quran is˺ profound ˹in˺ wisdom, but warnings are of no benefit ˹to them˺.",
        "So turn away from them ˹O Prophet˺. ˹And wait for˺ the Day ˹when˺ the caller will summon ˹them˺ for something horrifying.",
        "With eyes downcast, they will come forth from the graves as if they were swarming locusts",
        "rushing towards the caller. The disbelievers will cry, “This is a difficult Day!”",
        "Before them, the people of Noah denied ˹the truth˺ and rejected Our servant, calling ˹him˺ insane. And he was intimidated.",
        "So he cried out to his Lord, “I am helpless, so help ˹me˺!”",
        "So We opened the gates of the sky with pouring rain",
        "and caused the earth to burst with springs, so the waters met for a fate already set.",
        "We carried him on that ˹Ark made˺ of planks and nails",
        "sailing under Our ˹watchful˺ Eyes—a ˹fair˺ punishment on behalf of the one ˹they˺ denied.",
        "We certainly left this as a sign. So is there anyone who will be mindful?",
        "Then how ˹dreadful˺ were My punishment and warnings!",
        "And We have certainly made the Quran easy to remember. So is there anyone who will be mindful?",
        "’Ȃd ˹also˺ rejected ˹the truth˺. Then how ˹dreadful˺ were My punishment and warnings!",
        "Indeed, We sent against them a furious wind, on a day of unrelenting misery",
        "that snatched people up, leaving them like trunks of uprooted palm trees.",
        "Then how ˹dreadful˺ were My punishment and warnings!",
        "And We have certainly made the Quran easy to remember. So is there anyone who will be mindful?",
        "Thamûd rejected the warnings ˹as well˺",
        "arguing, “How can we follow one ˹average˺ human being from among us? We would then truly be misguided and insane.",
        "Has the revelation been sent down ˹only˺ to him out of ˹all of˺ us? In fact, he is a boastful liar.”",
        "˹It was revealed to Ṣâliḥ,˺ “They will soon know who the boastful liar is.",
        "We are sending the she-camel as a test for them. So watch them ˹closely˺, and have patience.",
        "And tell them that the ˹drinking˺ water must be divided between them ˹and her˺, each taking a turn to drink ˹every other day˺.”",
        "But they roused a companion of theirs, so he dared to kill ˹her˺.",
        "Then how ˹dreadful˺ were My punishment and warnings!",
        "Indeed, We sent against them ˹only˺ one ˹mighty˺ blast, leaving them like the twigs of fence-builders.",
        "And We have certainly made the Quran easy to remember. So is there anyone who will be mindful?",
        "The people of Lot ˹also˺ rejected the warnings.",
        "We unleashed upon them a storm of stones. As for ˹the believers of˺ Lot’s family, We delivered them before dawn",
        "as a blessing from Us. This is how We reward whoever gives thanks.",
        "He had already warned them of Our ˹crushing˺ blow but they disputed the warnings.",
        "And they even demanded his angel-guests from him, so We blinded their eyes. ˹And they were told,˺ “Taste then My punishment and warnings!”",
        "And indeed, by the early morning they were overwhelmed by an unrelenting torment.",
        "˹Again they were told,˺ “Taste now My punishment and warnings!”",
        "And We have certainly made the Quran easy to remember. So is there anyone who will be mindful?",
        "And indeed, the warnings ˹also˺ came to the people of Pharaoh.",
        "˹But˺ they rejected all of Our signs, so We seized them with the ˹crushing˺ grip of the Almighty, Most Powerful.",
        "Now, are you ˹Meccan˺ disbelievers superior to those ˹destroyed peoples˺? Or have you ˹been granted˺ immunity ˹from punishment˺ in divine Books?",
        "Or do they say, “We are all ˹a˺ united ˹front˺, bound to prevail.”?",
        "˹Soon˺ their united front will be defeated and ˹forced to˺ flee.",
        "Better yet, the Hour is their appointed time—and the Hour will be most catastrophic and most bitter.",
        "Indeed, the wicked are ˹entrenched˺ in misguidance, and ˹are bound for˺ blazes.",
        "On the Day they will be dragged into the Fire on their faces, ˹they will be told,˺ “Taste the touch of Hell!”",
        "Indeed, We have created everything, perfectly preordained.",
        "Our command is but a single word, done in the blink of an eye.",
        "We have already destroyed the likes of you. So will any ˹of you˺ be mindful?",
        "Everything they have done is ˹listed˺ in ˹their˺ records.",
        "Every matter, small and large, is written ˹precisely˺.",
        "Indeed, the righteous will be amid Gardens and rivers",
        "at the Seat of Honour in the presence of the Most Powerful Sovereign."
    ],
    "arabic1": [
        " ٱقْتَرَبَتِ ٱلسَّاعَةُ وَٱنشَقَّ ٱلْقَمَرُ",
        "وَإِن يَرَوْا۟ ءَايَةً يُعْرِضُوا۟ وَيَقُولُوا۟ سِحْرٌ مُّسْتَمِرٌّ",
        "وَكَذَّبُوا۟ وَٱتَّبَعُوٓا۟ أَهْوَآءَهُمْ ۚ وَكُلُّ أَمْرٍ مُّسْتَقِرٌّ",
        "وَلَقَدْ جَآءَهُم مِّنَ ٱلْأَنۢبَآءِ مَا فِيهِ مُزْدَجَرٌ",
        "حِكْمَةٌۢ بَـٰلِغَةٌ ۖ فَمَا تُغْنِ ٱلنُّذُرُ",
        "فَتَوَلَّ عَنْهُمْ ۘ يَوْمَ يَدْعُ ٱلدَّاعِ إِلَىٰ شَىْءٍ نُّكُرٍ",
        "خُشَّعًا أَبْصَـٰرُهُمْ يَخْرُجُونَ مِنَ ٱلْأَجْدَاثِ كَأَنَّهُمْ جَرَادٌ مُّنتَشِرٌ",
        "مُّهْطِعِينَ إِلَى ٱلدَّاعِ ۖ يَقُولُ ٱلْكَـٰفِرُونَ هَـٰذَا يَوْمٌ عَسِرٌ",
        "۞ كَذَّبَتْ قَبْلَهُمْ قَوْمُ نُوحٍ فَكَذَّبُوا۟ عَبْدَنَا وَقَالُوا۟ مَجْنُونٌ وَٱزْدُجِرَ",
        "فَدَعَا رَبَّهُۥٓ أَنِّى مَغْلُوبٌ فَٱنتَصِرْ",
        "فَفَتَحْنَآ أَبْوَٰبَ ٱلسَّمَآءِ بِمَآءٍ مُّنْهَمِرٍ",
        "وَفَجَّرْنَا ٱلْأَرْضَ عُيُونًا فَٱلْتَقَى ٱلْمَآءُ عَلَىٰٓ أَمْرٍ قَدْ قُدِرَ",
        "وَحَمَلْنَـٰهُ عَلَىٰ ذَاتِ أَلْوَٰحٍ وَدُسُرٍ",
        "تَجْرِى بِأَعْيُنِنَا جَزَآءً لِّمَن كَانَ كُفِرَ",
        "وَلَقَد تَّرَكْنَـٰهَآ ءَايَةً فَهَلْ مِن مُّدَّكِرٍ",
        "فَكَيْفَ كَانَ عَذَابِى وَنُذُرِ",
        "وَلَقَدْ يَسَّرْنَا ٱلْقُرْءَانَ لِلذِّكْرِ فَهَلْ مِن مُّدَّكِرٍ",
        "كَذَّبَتْ عَادٌ فَكَيْفَ كَانَ عَذَابِى وَنُذُرِ",
        "إِنَّآ أَرْسَلْنَا عَلَيْهِمْ رِيحًا صَرْصَرًا فِى يَوْمِ نَحْسٍ مُّسْتَمِرٍّ",
        "تَنزِعُ ٱلنَّاسَ كَأَنَّهُمْ أَعْجَازُ نَخْلٍ مُّنقَعِرٍ",
        "فَكَيْفَ كَانَ عَذَابِى وَنُذُرِ",
        "وَلَقَدْ يَسَّرْنَا ٱلْقُرْءَانَ لِلذِّكْرِ فَهَلْ مِن مُّدَّكِرٍ",
        "كَذَّبَتْ ثَمُودُ بِٱلنُّذُرِ",
        "فَقَالُوٓا۟ أَبَشَرًا مِّنَّا وَٰحِدًا نَّتَّبِعُهُۥٓ إِنَّآ إِذًا لَّفِى ضَلَـٰلٍ وَسُعُرٍ",
        "أَءُلْقِىَ ٱلذِّكْرُ عَلَيْهِ مِنۢ بَيْنِنَا بَلْ هُوَ كَذَّابٌ أَشِرٌ",
        "سَيَعْلَمُونَ غَدًا مَّنِ ٱلْكَذَّابُ ٱلْأَشِرُ",
        "إِنَّا مُرْسِلُوا۟ ٱلنَّاقَةِ فِتْنَةً لَّهُمْ فَٱرْتَقِبْهُمْ وَٱصْطَبِرْ",
        "وَنَبِّئْهُمْ أَنَّ ٱلْمَآءَ قِسْمَةٌۢ بَيْنَهُمْ ۖ كُلُّ شِرْبٍ مُّحْتَضَرٌ",
        "فَنَادَوْا۟ صَاحِبَهُمْ فَتَعَاطَىٰ فَعَقَرَ",
        "فَكَيْفَ كَانَ عَذَابِى وَنُذُرِ",
        "إِنَّآ أَرْسَلْنَا عَلَيْهِمْ صَيْحَةً وَٰحِدَةً فَكَانُوا۟ كَهَشِيمِ ٱلْمُحْتَظِرِ",
        "وَلَقَدْ يَسَّرْنَا ٱلْقُرْءَانَ لِلذِّكْرِ فَهَلْ مِن مُّدَّكِرٍ",
        "كَذَّبَتْ قَوْمُ لُوطٍۭ بِٱلنُّذُرِ",
        "إِنَّآ أَرْسَلْنَا عَلَيْهِمْ حَاصِبًا إِلَّآ ءَالَ لُوطٍ ۖ نَّجَّيْنَـٰهُم بِسَحَرٍ",
        "نِّعْمَةً مِّنْ عِندِنَا ۚ كَذَٰلِكَ نَجْزِى مَن شَكَرَ",
        "وَلَقَدْ أَنذَرَهُم بَطْشَتَنَا فَتَمَارَوْا۟ بِٱلنُّذُرِ",
        "وَلَقَدْ رَٰوَدُوهُ عَن ضَيْفِهِۦ فَطَمَسْنَآ أَعْيُنَهُمْ فَذُوقُوا۟ عَذَابِى وَنُذُرِ",
        "وَلَقَدْ صَبَّحَهُم بُكْرَةً عَذَابٌ مُّسْتَقِرٌّ",
        "فَذُوقُوا۟ عَذَابِى وَنُذُرِ",
        "وَلَقَدْ يَسَّرْنَا ٱلْقُرْءَانَ لِلذِّكْرِ فَهَلْ مِن مُّدَّكِرٍ",
        "وَلَقَدْ جَآءَ ءَالَ فِرْعَوْنَ ٱلنُّذُرُ",
        "كَذَّبُوا۟ بِـَٔايَـٰتِنَا كُلِّهَا فَأَخَذْنَـٰهُمْ أَخْذَ عَزِيزٍ مُّقْتَدِرٍ",
        "أَكُفَّارُكُمْ خَيْرٌ مِّنْ أُو۟لَـٰٓئِكُمْ أَمْ لَكُم بَرَآءَةٌ فِى ٱلزُّبُرِ",
        "أَمْ يَقُولُونَ نَحْنُ جَمِيعٌ مُّنتَصِرٌ",
        "سَيُهْزَمُ ٱلْجَمْعُ وَيُوَلُّونَ ٱلدُّبُرَ",
        "بَلِ ٱلسَّاعَةُ مَوْعِدُهُمْ وَٱلسَّاعَةُ أَدْهَىٰ وَأَمَرُّ",
        "إِنَّ ٱلْمُجْرِمِينَ فِى ضَلَـٰلٍ وَسُعُرٍ",
        "يَوْمَ يُسْحَبُونَ فِى ٱلنَّارِ عَلَىٰ وُجُوهِهِمْ ذُوقُوا۟ مَسَّ سَقَرَ",
        "إِنَّا كُلَّ شَىْءٍ خَلَقْنَـٰهُ بِقَدَرٍ",
        "وَمَآ أَمْرُنَآ إِلَّا وَٰحِدَةٌ كَلَمْحٍۭ بِٱلْبَصَرِ",
        "وَلَقَدْ أَهْلَكْنَآ أَشْيَاعَكُمْ فَهَلْ مِن مُّدَّكِرٍ",
        "وَكُلُّ شَىْءٍ فَعَلُوهُ فِى ٱلزُّبُرِ",
        "وَكُلُّ صَغِيرٍ وَكَبِيرٍ مُّسْتَطَرٌ",
        "إِنَّ ٱلْمُتَّقِينَ فِى جَنَّـٰتٍ وَنَهَرٍ",
        "فِى مَقْعَدِ صِدْقٍ عِندَ مَلِيكٍ مُّقْتَدِرٍۭ"
    ],
    "arabic2": [
        "اقتربت الساعة وانشق القمر",
        "وان يروا اية يعرضوا ويقولوا سحر مستمر",
        "وكذبوا واتبعوا اهواءهم وكل امر مستقر",
        "ولقد جاءهم من الانباء ما فيه مزدجر",
        "حكمة بالغة فما تغن النذر",
        "فتول عنهم يوم يدع الداع الى شيء نكر",
        "خشعا ابصارهم يخرجون من الاجداث كانهم جراد منتشر",
        "مهطعين الى الداع يقول الكافرون هذا يوم عسر",
        "كذبت قبلهم قوم نوح فكذبوا عبدنا وقالوا مجنون وازدجر",
        "فدعا ربه اني مغلوب فانتصر",
        "ففتحنا ابواب السماء بماء منهمر",
        "وفجرنا الارض عيونا فالتقى الماء على امر قد قدر",
        "وحملناه على ذات الواح ودسر",
        "تجري باعيننا جزاء لمن كان كفر",
        "ولقد تركناها اية فهل من مدكر",
        "فكيف كان عذابي ونذر",
        "ولقد يسرنا القران للذكر فهل من مدكر",
        "كذبت عاد فكيف كان عذابي ونذر",
        "انا ارسلنا عليهم ريحا صرصرا في يوم نحس مستمر",
        "تنزع الناس كانهم اعجاز نخل منقعر",
        "فكيف كان عذابي ونذر",
        "ولقد يسرنا القران للذكر فهل من مدكر",
        "كذبت ثمود بالنذر",
        "فقالوا ابشرا منا واحدا نتبعه انا اذا لفي ضلال وسعر",
        "االقي الذكر عليه من بيننا بل هو كذاب اشر",
        "سيعلمون غدا من الكذاب الاشر",
        "انا مرسلو الناقة فتنة لهم فارتقبهم واصطبر",
        "ونبئهم ان الماء قسمة بينهم كل شرب محتضر",
        "فنادوا صاحبهم فتعاطى فعقر",
        "فكيف كان عذابي ونذر",
        "انا ارسلنا عليهم صيحة واحدة فكانوا كهشيم المحتظر",
        "ولقد يسرنا القران للذكر فهل من مدكر",
        "كذبت قوم لوط بالنذر",
        "انا ارسلنا عليهم حاصبا الا ال لوط نجيناهم بسحر",
        "نعمة من عندنا كذلك نجزي من شكر",
        "ولقد انذرهم بطشتنا فتماروا بالنذر",
        "ولقد راودوه عن ضيفه فطمسنا اعينهم فذوقوا عذابي ونذر",
        "ولقد صبحهم بكرة عذاب مستقر",
        "فذوقوا عذابي ونذر",
        "ولقد يسرنا القران للذكر فهل من مدكر",
        "ولقد جاء ال فرعون النذر",
        "كذبوا باياتنا كلها فاخذناهم اخذ عزيز مقتدر",
        "اكفاركم خير من اولئكم ام لكم براءة في الزبر",
        "ام يقولون نحن جميع منتصر",
        "سيهزم الجمع ويولون الدبر",
        "بل الساعة موعدهم والساعة ادهى وامر",
        "ان المجرمين في ضلال وسعر",
        "يوم يسحبون في النار على وجوههم ذوقوا مس سقر",
        "انا كل شيء خلقناه بقدر",
        "وما امرنا الا واحدة كلمح بالبصر",
        "ولقد اهلكنا اشياعكم فهل من مدكر",
        "وكل شيء فعلوه في الزبر",
        "وكل صغير وكبير مستطر",
        "ان المتقين في جنات ونهر",
        "في مقعد صدق عند مليك مقتدر"
    ]
}