{
    "surahName": "Ar-Rahmaan",
    "surahNameArabic": "الرحمن",
    "surahNameArabicLong": "سورة الرحمن",
    "surahNameTranslation": "The Beneficent",
    "revelationPlace": "Madina",
    "totalAyah": 78,
    "surahNo": 55,
    "english": [
        "The Most Compassionate",
        "taught the Quran",
        "created humanity",
        "˹and˺ taught them speech.",
        "The sun and the moon ˹travel˺ with precision.",
        "The stars and the trees bow down ˹in submission˺.",
        "As for the sky, He raised it ˹high˺, and set the balance ˹of justice˺",
        "so that you do not defraud the scales.",
        "Weigh with justice, and do not give short measure.",
        "He laid out the earth for all beings.",
        "In it are fruit, palm trees with date stalks",
        "and grain with husks, and aromatic plants.",
        "Then which of your Lord’s favours will you ˹humans and jinn˺ both deny?",
        "He created humankind from ˹sounding˺ clay like pottery",
        "and created jinn from a ˹smokeless˺ flame of fire.",
        "Then which of your Lord’s favours will you both deny?",
        "˹He is˺ Lord of the two easts and the two wests.",
        "Then which of your Lord’s favours will you both deny?",
        "He merges the two bodies of ˹fresh and salt˺ water",
        "yet between them is a barrier they never cross.",
        "Then which of your Lord’s favours will you both deny?",
        "Out of both ˹waters˺ come forth pearls and coral.",
        "Then which of your Lord’s favours will you both deny?",
        "To Him belong the ships with raised sails, sailing through the seas like mountains.",
        "Then which of your Lord’s favours will you both deny?",
        "Every being on earth is bound to perish.",
        "Only your Lord Himself, full of Majesty and Honour, will remain ˹forever˺.",
        "Then which of your Lord’s favours will you both deny?",
        "All those in the heavens and the earth are dependent on Him. Day in and day out He has something to bring about.",
        "Then which of your Lord’s favours will you both deny?",
        "We will soon attend to you ˹for judgment˺, O  two multitudes ˹of jinn and humans˺!",
        "Then which of your Lord’s favours will you both deny?",
        "O  assembly of jinn and humans! If you can penetrate beyond the realms of the heavens and the earth, then do so. ˹But˺ you cannot do that without ˹Our˺ authority.",
        "Then which of your Lord’s favours will you both deny?",
        "Flames of fire and ˹molten˺ copper will be sent against you, and you will not be able to defend one another.",
        "Then which of your Lord’s favours will you both deny?",
        "˹How horrible will it be˺ when the heavens will split apart, becoming rose-red like ˹burnt˺ oil!",
        "Then which of your Lord’s favours will you both deny?",
        "On that Day there will be no need for any human or jinn to be asked about their sins.",
        "Then which of your Lord’s favours will you both deny?",
        "The wicked will be recognized by their appearance, then will be seized by ˹their˺ forelocks and feet.",
        "Then which of your Lord’s favours will you both deny?",
        "˹They will be told,˺ “This is the Hell which the wicked denied.”",
        "They will alternate between its flames and scalding water.",
        "Then which of your Lord’s favours will you both deny?",
        "And whoever is in awe of standing before their Lord will have two Gardens.",
        "Then which of your Lord’s favours will you both deny?",
        "˹Both will be˺ with lush branches.",
        "Then which of your Lord’s favours will you both deny?",
        "In each ˹Garden˺ will be two flowing springs.",
        "Then which of your Lord’s favours will you both deny?",
        "In each will be two types of every fruit.",
        "Then which of your Lord’s favours will you both deny?",
        "Those ˹believers˺ will recline on furnishings lined with rich brocade. And the fruit of both Gardens will hang within reach.",
        "Then which of your Lord’s favours will you both deny?",
        "In both ˹Gardens˺ will be maidens of modest gaze, who no human or jinn has ever touched before.",
        "Then which of your Lord’s favours will you both deny?",
        "Those ˹maidens˺ will be ˹as elegant˺ as rubies and coral.",
        "Then which of your Lord’s favours will you both deny?",
        "Is there any reward for goodness except goodness?",
        "Then which of your Lord’s favours will you both deny?",
        "And below these two ˹Gardens˺ will be two others.",
        "Then which of your Lord’s favours will you both deny?",
        "Both will be dark green.",
        "Then which of your Lord’s favours will you both deny?",
        "In each will be two gushing springs.",
        "Then which of your Lord’s favours will you both deny?",
        "In both will be fruit, palm trees, and pomegranates.",
        "Then which of your Lord’s favours will you both deny?",
        "In all Gardens will be noble, pleasant mates.",
        "Then which of your Lord’s favours will you both deny?",
        "˹They will be˺ maidens with gorgeous eyes, reserved in pavilions.",
        "Then which of your Lord’s favours will you both deny?",
        "No human or jinn has ever touched these ˹maidens˺ before.",
        "Then which of your Lord’s favours will you both deny?",
        "All ˹believers˺ will be reclining on green cushions and splendid carpets.",
        "Then which of your Lord’s favours will you both deny?",
        "Blessed is the Name of your Lord, full of Majesty and Honour."
    ],
    "arabic1": [
        " ٱلرَّحْمَـٰنُ",
        "عَلَّمَ ٱلْقُرْءَانَ",
        "خَلَقَ ٱلْإِنسَـٰنَ",
        "عَلَّمَهُ ٱلْبَيَانَ",
        "ٱلشَّمْسُ وَٱلْقَمَرُ بِحُسْبَانٍ",
        "وَٱلنَّجْمُ وَٱلشَّجَرُ يَسْجُدَانِ",
        "وَٱلسَّمَآءَ رَفَعَهَا وَوَضَعَ ٱلْمِيزَانَ",
        "أَلَّا تَطْغَوْا۟ فِى ٱلْمِيزَانِ",
        "وَأَقِيمُوا۟ ٱلْوَزْنَ بِٱلْقِسْطِ وَلَا تُخْسِرُوا۟ ٱلْمِيزَانَ",
        "وَٱلْأَرْضَ وَضَعَهَا لِلْأَنَامِ",
        "فِيهَا فَـٰكِهَةٌ وَٱلنَّخْلُ ذَاتُ ٱلْأَكْمَامِ",
        "وَٱلْحَبُّ ذُو ٱلْعَصْفِ وَٱلرَّيْحَانُ",
        "فَبِأَىِّ ءَالَآءِ رَبِّكُمَا تُكَذِّبَانِ",
        "خَلَقَ ٱلْإِنسَـٰنَ مِن صَلْصَـٰلٍ كَٱلْفَخَّارِ",
        "وَخَلَقَ ٱلْجَآنَّ مِن مَّارِجٍ مِّن نَّارٍ",
        "فَبِأَىِّ ءَالَآءِ رَبِّكُمَا تُكَذِّبَانِ",
        "رَبُّ ٱلْمَشْرِقَيْنِ وَرَبُّ ٱلْمَغْرِبَيْنِ",
        "فَبِأَىِّ ءَالَآءِ رَبِّكُمَا تُكَذِّبَانِ",
        "مَرَجَ ٱلْبَحْرَيْنِ يَلْتَقِيَانِ",
        "بَيْنَهُمَا بَرْزَخٌ لَّا يَبْغِيَانِ",
        "فَبِأَىِّ ءَالَآءِ رَبِّكُمَا تُكَذِّبَانِ",
        "يَخْرُجُ مِنْهُمَا ٱللُّؤْلُؤُ وَٱلْمَرْجَانُ",
        "فَبِأَىِّ ءَالَآءِ رَبِّكُمَا تُكَذِّبَانِ",
        "وَلَهُ ٱلْجَوَارِ ٱلْمُنشَـَٔاتُ فِى ٱلْبَحْرِ كَٱلْأَعْلَـٰمِ",
        "فَبِأَىِّ ءَالَآءِ رَبِّكُمَا تُكَذِّبَانِ",
        "كُلُّ مَنْ عَلَيْهَا فَانٍ",
        "وَيَبْقَىٰ وَجْهُ رَبِّكَ ذُو ٱلْجَلَـٰلِ وَٱلْإِكْرَامِ",
        "فَبِأَىِّ ءَالَآءِ رَبِّكُمَا تُكَذِّبَانِ",
        "يَسْـَٔلُهُۥ مَن فِى ٱلسَّمَـٰوَٰتِ وَٱلْأَرْضِ ۚ كُلَّ يَوْمٍ هُوَ فِى شَأْنٍ",
        "فَبِأَىِّ ءَالَآءِ رَبِّكُمَا تُكَذِّبَانِ",
        "سَنَفْرُغُ لَكُمْ أَيُّهَ ٱلثَّقَلَانِ",
        "فَبِأَىِّ ءَالَآءِ رَبِّكُمَا تُكَذِّبَانِ",
        "يَـٰمَعْشَرَ ٱلْجِنِّ وَٱلْإِنسِ إِنِ ٱسْتَطَعْتُمْ أَن تَنفُذُوا۟ مِنْ أَقْطَارِ ٱلسَّمَـٰوَٰتِ وَٱلْأَرْضِ فَٱنفُذُوا۟ ۚ لَا تَنفُذُونَ إِلَّا بِسُلْطَـٰنٍ",
        "فَبِأَىِّ ءَالَآءِ رَبِّكُمَا تُكَذِّبَانِ",
        "يُرْسَلُ عَلَيْكُمَا شُوَاظٌ مِّن نَّارٍ وَنُحَاسٌ فَلَا تَنتَصِرَانِ",
        "فَبِأَىِّ ءَالَآءِ رَبِّكُمَا تُكَذِّبَانِ",
        "فَإِذَا ٱنشَقَّتِ ٱلسَّمَآءُ فَكَانَتْ وَرْدَةً كَٱلدِّهَانِ",
        "فَبِأَىِّ ءَالَآءِ رَبِّكُمَا تُكَذِّبَانِ",
        "فَيَوْمَئِذٍ لَّا يُسْـَٔلُ عَن ذَنۢبِهِۦٓ إِنسٌ وَلَا جَآنٌّ",
        "فَبِأَىِّ ءَالَآءِ رَبِّكُمَا تُكَذِّبَانِ",
        "يُعْرَفُ ٱلْمُجْرِمُونَ بِسِيمَـٰهُمْ فَيُؤْخَذُ بِٱلنَّوَٰصِى وَٱلْأَقْدَامِ",
        "فَبِأَىِّ ءَالَآءِ رَبِّكُمَا تُكَذِّبَانِ",
        "هَـٰذِهِۦ جَهَنَّمُ ٱلَّتِى يُكَذِّبُ بِهَا ٱلْمُجْرِمُونَ",
        "يَطُوفُونَ بَيْنَهَا وَبَيْنَ حَمِيمٍ ءَانٍ",
        "فَبِأَىِّ ءَالَآءِ رَبِّكُمَا تُكَذِّبَانِ",
        "وَلِمَنْ خَافَ مَقَامَ رَبِّهِۦ جَنَّتَانِ",
        "فَبِأَىِّ ءَالَآءِ رَبِّكُمَا تُكَذِّبَانِ",
        "ذَوَاتَآ أَفْنَانٍ",
        "فَبِأَىِّ ءَالَآءِ رَبِّكُمَا تُكَذِّبَانِ",
        "فِيهِمَا عَيْنَانِ تَجْرِيَانِ",
        "فَبِأَىِّ ءَالَآءِ رَبِّكُمَا تُكَذِّبَانِ",
        "فِيهِمَا مِن كُلِّ فَـٰكِهَةٍ زَوْجَانِ",
        "فَبِأَىِّ ءَالَآءِ رَبِّكُمَا تُكَذِّبَانِ",
        "مُتَّكِـِٔينَ عَلَىٰ فُرُشٍۭ بَطَآئِنُهَا مِنْ إِسْتَبْرَقٍ ۚ وَجَنَى ٱلْجَنَّتَيْنِ دَانٍ",
        "فَبِأَىِّ ءَالَآءِ رَبِّكُمَا تُكَذِّبَانِ",
        "فِيهِنَّ قَـٰصِرَٰتُ ٱلطَّرْفِ لَمْ يَطْمِثْهُنَّ إِنسٌ قَبْلَهُمْ وَلَا جَآنٌّ",
        "فَبِأَىِّ ءَالَآءِ رَبِّكُمَا تُكَذِّبَانِ",
        "كَأَنَّهُنَّ ٱلْيَاقُوتُ وَٱلْمَرْجَانُ",
        "فَبِأَىِّ ءَالَآءِ رَبِّكُمَا تُكَذِّبَانِ",
        "هَلْ جَزَآءُ ٱلْإِحْسَـٰنِ إِلَّا ٱلْإِحْسَـٰنُ",
        "فَبِأَىِّ ءَالَآءِ رَبِّكُمَا تُكَذِّبَانِ",
        "وَمِن دُونِهِمَا جَنَّتَانِ",
        "فَبِأَىِّ ءَالَآءِ رَبِّكُمَا تُكَذِّبَانِ",
        "مُدْهَآمَّتَانِ",
        "فَبِأَىِّ ءَالَآءِ رَبِّكُمَا تُكَذِّبَانِ",
        "فِيهِمَا عَيْنَانِ نَضَّاخَتَانِ",
        "فَبِأَىِّ ءَالَآءِ رَبِّكُمَا تُكَذِّبَانِ",
        "فِيهِمَا فَـٰكِهَةٌ وَنَخْلٌ وَرُمَّانٌ",
        "فَبِأَىِّ ءَالَآءِ رَبِّكُمَا تُكَذِّبَانِ",
        "فِيهِنَّ خَيْرَٰتٌ حِسَانٌ",
        "فَبِأَىِّ ءَالَآءِ رَبِّكُمَا تُكَذِّبَانِ",
        "حُورٌ مَّقْصُورَٰتٌ فِى ٱلْخِيَامِ",
        "فَبِأَىِّ ءَالَآءِ رَبِّكُمَا تُكَذِّبَانِ",
        "لَمْ يَطْمِثْهُنَّ إِنسٌ قَبْلَهُمْ وَلَا جَآنٌّ",
        "فَبِأَىِّ ءَالَآءِ رَبِّكُمَا تُكَذِّبَانِ",
        "مُتَّكِـِٔينَ عَلَىٰ رَفْرَفٍ خُضْرٍ وَعَبْقَرِىٍّ حِسَانٍ",
        "فَبِأَىِّ ءَالَآءِ رَبِّكُمَا تُكَذِّبَانِ",
        "تَبَـٰرَكَ ٱسْمُ رَبِّكَ ذِى ٱلْجَلَـٰلِ وَٱلْإِكْرَامِ"
    ],
    "arabic2": [
        "الرحمن",
        "علم القران",
        "خلق الانسان",
        "علمه البيان",
        "الشمس والقمر بحسبان",
        "والنجم والشجر يسجدان",
        "والسماء رفعها ووضع الميزان",
        "الا تطغوا في الميزان",
        "واقيموا الوزن بالقسط ولا تخسروا الميزان",
        "والارض وضعها للانام",
        "فيها فاكهة والنخل ذات الاكمام",
        "والحب ذو العصف والريحان",
        "فباي الاء ربكما تكذبان",
        "خلق الانسان من صلصال كالفخار",
        "وخلق الجان من مارج من نار",
        "فباي الاء ربكما تكذبان",
        "رب المشرقين ورب المغربين",
        "فباي الاء ربكما تكذبان",
        "مرج البحرين يلتقيان",
        "بينهما برزخ لا يبغيان",
        "فباي الاء ربكما تكذبان",
        "يخرج منهما اللؤلؤ والمرجان",
        "فباي الاء ربكما تكذبان",
        "وله الجوار المنشات في البحر كالاعلام",
        "فباي الاء ربكما تكذبان",
        "كل من عليها فان",
        "ويبقى وجه ربك ذو الجلال والاكرام",
        "فباي الاء ربكما تكذبان",
        "يساله من في السماوات والارض كل يوم هو في شان",
        "فباي الاء ربكما تكذبان",
        "سنفرغ لكم ايه الثقلان",
        "فباي الاء ربكما تكذبان",
        "يا معشر الجن والانس ان استطعتم ان تنفذوا من اقطار السماوات والارض فانفذوا لا تنفذون الا بسلطان",
        "فباي الاء ربكما تكذبان",
        "يرسل عليكما شواظ من نار ونحاس فلا تنتصران",
        "فباي الاء ربكما تكذبان",
        "فاذا انشقت السماء فكانت وردة كالدهان",
        "فباي الاء ربكما تكذبان",
        "فيومئذ لا يسال عن ذنبه انس ولا جان",
        "فباي الاء ربكما تكذبان",
        "يعرف المجرمون بسيماهم فيؤخذ بالنواصي والاقدام",
        "فباي الاء ربكما تكذبان",
        "هذه جهنم التي يكذب بها المجرمون",
        "يطوفون بينها وبين حميم ان",
        "فباي الاء ربكما تكذبان",
        "ولمن خاف مقام ربه جنتان",
        "فباي الاء ربكما تكذبان",
        "ذواتا افنان",
        "فباي الاء ربكما تكذبان",
        "فيهما عينان تجريان",
        "فباي الاء ربكما تكذبان",
        "فيهما من كل فاكهة زوجان",
        "فباي الاء ربكما تكذبان",
        "متكئين على فرش بطائنها من استبرق وجنى الجنتين دان",
        "فباي الاء ربكما تكذبان",
        "فيهن قاصرات الطرف لم يطمثهن انس قبلهم ولا جان",
        "فباي الاء ربكما تكذبان",
        "كانهن الياقوت والمرجان",
        "فباي الاء ربكما تكذبان",
        "هل جزاء الاحسان الا الاحسان",
        "فباي الاء ربكما تكذبان",
        "ومن دونهما جنتان",
        "فباي الاء ربكما تكذبان",
        "مدهامتان",
        "فباي الاء ربكما تكذبان",
        "فيهما عينان نضاختان",
        "فباي الاء ربكما تكذبان",
        "فيهما فاكهة ونخل ورمان",
        "فباي الاء ربكما تكذبان",
        "فيهن خيرات حسان",
        "فباي الاء ربكما تكذبان",
        "حور مقصورات في الخيام",
        "فباي الاء ربكما تكذبان",
        "لم يطمثهن انس قبلهم ولا جان",
        "فباي الاء ربكما تكذبان",
        "متكئين على رفرف خضر وعبقري حسان",
        "فباي الاء ربكما تكذبان",
        "تبارك اسم ربك ذي الجلال والاكرام"
    ]
}