{
    "surahName": "Al-Waaqia",
    "surahNameArabic": "الواقعة",
    "surahNameArabicLong": "سورة الواقعة",
    "surahNameTranslation": "The Inevitable",
    "revelationPlace": "Mecca",
    "totalAyah": 96,
    "surahNo": 56,
    "english": [
        "When the Inevitable Event takes place",
        "then no one can deny it has come.",
        "It will debase ˹some˺ and elevate ˹others˺.",
        "When the earth will be violently shaken",
        "and the mountains will be crushed to pieces",
        "becoming scattered ˹particles of˺ dust",
        "you will ˹all˺ be ˹divided into˺ three groups:",
        "the people of the right, how ˹blessed˺ will they be;",
        "the people of the left, how ˹miserable˺ will they be;",
        "and the foremost ˹in faith˺ will be the foremost ˹in Paradise˺.",
        "They are the ones nearest ˹to Allah˺",
        "in the Gardens of Bliss.",
        "˹They will be˺ a multitude from earlier generations",
        "and a few from later generations.",
        "˹All will be˺ on jewelled thrones",
        "reclining face to face.",
        "They will be waited on by eternal youths",
        "with cups, pitchers, and a drink ˹of pure wine˺ from a flowing stream",
        "that will cause them neither headache nor intoxication.",
        "˹They will also be served˺ any fruit they choose",
        "and meat from any bird they desire.",
        "And ˹they will have˺ maidens with gorgeous eyes",
        "like pristine pearls",
        "˹all˺ as a reward for what they used to do.",
        "There they will never hear any idle or sinful talk—",
        "only good and virtuous speech.",
        "And the people of the right—how ˹blessed˺ will they be!",
        "˹They will be˺ amid thornless lote trees",
        "clusters of bananas",
        "extended shade",
        "flowing water",
        "abundant fruit—",
        "never out of season nor forbidden—",
        "and elevated furnishings.",
        "Indeed, We will have perfectly created their mates",
        "making them virgins",
        "loving and of equal age",
        "for the people of the right",
        "˹who will be˺ a multitude from earlier generations",
        "and a multitude from later generations.",
        "And the people of the left—how ˹miserable˺ will they be!",
        "˹They will be˺ in scorching heat and boiling water",
        "in the shade of black smoke",
        "neither cool nor refreshing.",
        "Indeed, before this ˹torment˺ they were spoiled by luxury",
        "and persisted in the worst of sin.",
        "They used to ask ˹mockingly˺, “When we are dead and reduced to dust and bones, will we really be resurrected?",
        "And our forefathers as well?”",
        "Say, ˹O Prophet,˺ “Most certainly, earlier and later generations",
        "will surely be gathered ˹together˺ for the appointed Day.",
        "Then you, O  misguided deniers",
        "will certainly eat from ˹the fruit of˺ the trees of Zaqqûm",
        "filling up ˹your˺ bellies with it.",
        "Then on top of that you will drink boiling water—",
        "and you will drink ˹it˺ like thirsty camels do.”",
        "This will be their accommodation on the Day of Judgment.",
        "It is We Who created you. Will you not then believe ˹in resurrection˺?",
        "Have you considered what you ejaculate?",
        "Is it you who create ˹a child out of˺ it, or is it We Who do so?",
        "We have ordained death for ˹all of˺ you, and We cannot be prevented",
        "from transforming and recreating you in forms unknown to you.",
        "You already know how you were first created. Will you not then be mindful?",
        "Have you considered what you sow?",
        "Is it you who cause it to grow, or is it We Who do so?",
        "If We willed, We could simply reduce this ˹harvest˺ to chaff, leaving you to lament",
        "“We have truly suffered a ˹great˺ loss.",
        "In fact, we have been deprived ˹of our livelihood˺.”",
        "Have you considered the water you drink?",
        "Is it you who bring it down from the clouds, or is it We Who do so?",
        "If We willed, We could make it salty. Will you not then give thanks?",
        "Have you considered the fire you kindle?",
        "Is it you who produce its trees, or is it We Who do so?",
        "We have made it ˹as˺ a reminder ˹of the Hellfire˺ and a provision for the travellers.",
        "So glorify the Name of your Lord, the Greatest.",
        "So I do swear by the positions of the stars—",
        "and this, if only you knew, is indeed a great oath—",
        "that this is truly a noble Quran",
        "in a well-preserved Record",
        "touched by none except the purified ˹angels˺.",
        "˹It is˺ a revelation from the Lord of all worlds.",
        "How can you then take this message lightly",
        "and repay ˹Allah for˺ your provisions with denial?",
        "Why then ˹are you helpless˺ when the soul ˹of a dying person˺ reaches ˹their˺ throat",
        "while you are looking on?",
        "And We are nearer to such a person than you, but you cannot see.",
        "Now, if you are not subject to Our Will ˹as you claim˺",
        "bring that soul back, if what you say is true.",
        "So, if the deceased is one of those brought near ˹to Us˺",
        "then ˹such a person will have˺ serenity, fragrance, and a Garden of Bliss.",
        "And if the deceased is one of the people of the right",
        "then ˹they will be told,˺ “Greetings to you from the people of the right.”",
        "But if such person is one of the misguided deniers",
        "then their accommodation will be boiling water ˹to drink˺",
        "and burning in Hellfire.",
        "Indeed, this is the absolute truth.",
        "So glorify the Name of your Lord, the Greatest."
    ],
    "arabic1": [
        " إِذَا وَقَعَتِ ٱلْوَاقِعَةُ",
        "لَيْسَ لِوَقْعَتِهَا كَاذِبَةٌ",
        "خَافِضَةٌ رَّافِعَةٌ",
        "إِذَا رُجَّتِ ٱلْأَرْضُ رَجًّا",
        "وَبُسَّتِ ٱلْجِبَالُ بَسًّا",
        "فَكَانَتْ هَبَآءً مُّنۢبَثًّا",
        "وَكُنتُمْ أَزْوَٰجًا ثَلَـٰثَةً",
        "فَأَصْحَـٰبُ ٱلْمَيْمَنَةِ مَآ أَصْحَـٰبُ ٱلْمَيْمَنَةِ",
        "وَأَصْحَـٰبُ ٱلْمَشْـَٔمَةِ مَآ أَصْحَـٰبُ ٱلْمَشْـَٔمَةِ",
        "وَٱلسَّـٰبِقُونَ ٱلسَّـٰبِقُونَ",
        "أُو۟لَـٰٓئِكَ ٱلْمُقَرَّبُونَ",
        "فِى جَنَّـٰتِ ٱلنَّعِيمِ",
        "ثُلَّةٌ مِّنَ ٱلْأَوَّلِينَ",
        "وَقَلِيلٌ مِّنَ ٱلْـَٔاخِرِينَ",
        "عَلَىٰ سُرُرٍ مَّوْضُونَةٍ",
        "مُّتَّكِـِٔينَ عَلَيْهَا مُتَقَـٰبِلِينَ",
        "يَطُوفُ عَلَيْهِمْ وِلْدَٰنٌ مُّخَلَّدُونَ",
        "بِأَكْوَابٍ وَأَبَارِيقَ وَكَأْسٍ مِّن مَّعِينٍ",
        "لَّا يُصَدَّعُونَ عَنْهَا وَلَا يُنزِفُونَ",
        "وَفَـٰكِهَةٍ مِّمَّا يَتَخَيَّرُونَ",
        "وَلَحْمِ طَيْرٍ مِّمَّا يَشْتَهُونَ",
        "وَحُورٌ عِينٌ",
        "كَأَمْثَـٰلِ ٱللُّؤْلُؤِ ٱلْمَكْنُونِ",
        "جَزَآءًۢ بِمَا كَانُوا۟ يَعْمَلُونَ",
        "لَا يَسْمَعُونَ فِيهَا لَغْوًا وَلَا تَأْثِيمًا",
        "إِلَّا قِيلًا سَلَـٰمًا سَلَـٰمًا",
        "وَأَصْحَـٰبُ ٱلْيَمِينِ مَآ أَصْحَـٰبُ ٱلْيَمِينِ",
        "فِى سِدْرٍ مَّخْضُودٍ",
        "وَطَلْحٍ مَّنضُودٍ",
        "وَظِلٍّ مَّمْدُودٍ",
        "وَمَآءٍ مَّسْكُوبٍ",
        "وَفَـٰكِهَةٍ كَثِيرَةٍ",
        "لَّا مَقْطُوعَةٍ وَلَا مَمْنُوعَةٍ",
        "وَفُرُشٍ مَّرْفُوعَةٍ",
        "إِنَّآ أَنشَأْنَـٰهُنَّ إِنشَآءً",
        "فَجَعَلْنَـٰهُنَّ أَبْكَارًا",
        "عُرُبًا أَتْرَابًا",
        "لِّأَصْحَـٰبِ ٱلْيَمِينِ",
        "ثُلَّةٌ مِّنَ ٱلْأَوَّلِينَ",
        "وَثُلَّةٌ مِّنَ ٱلْـَٔاخِرِينَ",
        "وَأَصْحَـٰبُ ٱلشِّمَالِ مَآ أَصْحَـٰبُ ٱلشِّمَالِ",
        "فِى سَمُومٍ وَحَمِيمٍ",
        "وَظِلٍّ مِّن يَحْمُومٍ",
        "لَّا بَارِدٍ وَلَا كَرِيمٍ",
        "إِنَّهُمْ كَانُوا۟ قَبْلَ ذَٰلِكَ مُتْرَفِينَ",
        "وَكَانُوا۟ يُصِرُّونَ عَلَى ٱلْحِنثِ ٱلْعَظِيمِ",
        "وَكَانُوا۟ يَقُولُونَ أَئِذَا مِتْنَا وَكُنَّا تُرَابًا وَعِظَـٰمًا أَءِنَّا لَمَبْعُوثُونَ",
        "أَوَءَابَآؤُنَا ٱلْأَوَّلُونَ",
        "قُلْ إِنَّ ٱلْأَوَّلِينَ وَٱلْـَٔاخِرِينَ",
        "لَمَجْمُوعُونَ إِلَىٰ مِيقَـٰتِ يَوْمٍ مَّعْلُومٍ",
        "ثُمَّ إِنَّكُمْ أَيُّهَا ٱلضَّآلُّونَ ٱلْمُكَذِّبُونَ",
        "لَـَٔاكِلُونَ مِن شَجَرٍ مِّن زَقُّومٍ",
        "فَمَالِـُٔونَ مِنْهَا ٱلْبُطُونَ",
        "فَشَـٰرِبُونَ عَلَيْهِ مِنَ ٱلْحَمِيمِ",
        "فَشَـٰرِبُونَ شُرْبَ ٱلْهِيمِ",
        "هَـٰذَا نُزُلُهُمْ يَوْمَ ٱلدِّينِ",
        "نَحْنُ خَلَقْنَـٰكُمْ فَلَوْلَا تُصَدِّقُونَ",
        "أَفَرَءَيْتُم مَّا تُمْنُونَ",
        "ءَأَنتُمْ تَخْلُقُونَهُۥٓ أَمْ نَحْنُ ٱلْخَـٰلِقُونَ",
        "نَحْنُ قَدَّرْنَا بَيْنَكُمُ ٱلْمَوْتَ وَمَا نَحْنُ بِمَسْبُوقِينَ",
        "عَلَىٰٓ أَن نُّبَدِّلَ أَمْثَـٰلَكُمْ وَنُنشِئَكُمْ فِى مَا لَا تَعْلَمُونَ",
        "وَلَقَدْ عَلِمْتُمُ ٱلنَّشْأَةَ ٱلْأُولَىٰ فَلَوْلَا تَذَكَّرُونَ",
        "أَفَرَءَيْتُم مَّا تَحْرُثُونَ",
        "ءَأَنتُمْ تَزْرَعُونَهُۥٓ أَمْ نَحْنُ ٱلزَّٰرِعُونَ",
        "لَوْ نَشَآءُ لَجَعَلْنَـٰهُ حُطَـٰمًا فَظَلْتُمْ تَفَكَّهُونَ",
        "إِنَّا لَمُغْرَمُونَ",
        "بَلْ نَحْنُ مَحْرُومُونَ",
        "أَفَرَءَيْتُمُ ٱلْمَآءَ ٱلَّذِى تَشْرَبُونَ",
        "ءَأَنتُمْ أَنزَلْتُمُوهُ مِنَ ٱلْمُزْنِ أَمْ نَحْنُ ٱلْمُنزِلُونَ",
        "لَوْ نَشَآءُ جَعَلْنَـٰهُ أُجَاجًا فَلَوْلَا تَشْكُرُونَ",
        "أَفَرَءَيْتُمُ ٱلنَّارَ ٱلَّتِى تُورُونَ",
        "ءَأَنتُمْ أَنشَأْتُمْ شَجَرَتَهَآ أَمْ نَحْنُ ٱلْمُنشِـُٔونَ",
        "نَحْنُ جَعَلْنَـٰهَا تَذْكِرَةً وَمَتَـٰعًا لِّلْمُقْوِينَ",
        "فَسَبِّحْ بِٱسْمِ رَبِّكَ ٱلْعَظِيمِ",
        "۞ فَلَآ أُقْسِمُ بِمَوَٰقِعِ ٱلنُّجُومِ",
        "وَإِنَّهُۥ لَقَسَمٌ لَّوْ تَعْلَمُونَ عَظِيمٌ",
        "إِنَّهُۥ لَقُرْءَانٌ كَرِيمٌ",
        "فِى كِتَـٰبٍ مَّكْنُونٍ",
        "لَّا يَمَسُّهُۥٓ إِلَّا ٱلْمُطَهَّرُونَ",
        "تَنزِيلٌ مِّن رَّبِّ ٱلْعَـٰلَمِينَ",
        "أَفَبِهَـٰذَا ٱلْحَدِيثِ أَنتُم مُّدْهِنُونَ",
        "وَتَجْعَلُونَ رِزْقَكُمْ أَنَّكُمْ تُكَذِّبُونَ",
        "فَلَوْلَآ إِذَا بَلَغَتِ ٱلْحُلْقُومَ",
        "وَأَنتُمْ حِينَئِذٍ تَنظُرُونَ",
        "وَنَحْنُ أَقْرَبُ إِلَيْهِ مِنكُمْ وَلَـٰكِن لَّا تُبْصِرُونَ",
        "فَلَوْلَآ إِن كُنتُمْ غَيْرَ مَدِينِينَ",
        "تَرْجِعُونَهَآ إِن كُنتُمْ صَـٰدِقِينَ",
        "فَأَمَّآ إِن كَانَ مِنَ ٱلْمُقَرَّبِينَ",
        "فَرَوْحٌ وَرَيْحَانٌ وَجَنَّتُ نَعِيمٍ",
        "وَأَمَّآ إِن كَانَ مِنْ أَصْحَـٰبِ ٱلْيَمِينِ",
        "فَسَلَـٰمٌ لَّكَ مِنْ أَصْحَـٰبِ ٱلْيَمِينِ",
        "وَأَمَّآ إِن كَانَ مِنَ ٱلْمُكَذِّبِينَ ٱلضَّآلِّينَ",
        "فَنُزُلٌ مِّنْ حَمِيمٍ",
        "وَتَصْلِيَةُ جَحِيمٍ",
        "إِنَّ هَـٰذَا لَهُوَ حَقُّ ٱلْيَقِينِ",
        "فَسَبِّحْ بِٱسْمِ رَبِّكَ ٱلْعَظِيمِ"
    ],
    "arabic2": [
        "اذا وقعت الواقعة",
        "ليس لوقعتها كاذبة",
        "خافضة رافعة",
        "اذا رجت الارض رجا",
        "وبست الجبال بسا",
        "فكانت هباء منبثا",
        "وكنتم ازواجا ثلاثة",
        "فاصحاب الميمنة ما اصحاب الميمنة",
        "واصحاب المشامة ما اصحاب المشامة",
        "والسابقون السابقون",
        "اولئك المقربون",
        "في جنات النعيم",
        "ثلة من الاولين",
        "وقليل من الاخرين",
        "على سرر موضونة",
        "متكئين عليها متقابلين",
        "يطوف عليهم ولدان مخلدون",
        "باكواب واباريق وكاس من معين",
        "لا يصدعون عنها ولا ينزفون",
        "وفاكهة مما يتخيرون",
        "ولحم طير مما يشتهون",
        "وحور عين",
        "كامثال اللؤلؤ المكنون",
        "جزاء بما كانوا يعملون",
        "لا يسمعون فيها لغوا ولا تاثيما",
        "الا قيلا سلاما سلاما",
        "واصحاب اليمين ما اصحاب اليمين",
        "في سدر مخضود",
        "وطلح منضود",
        "وظل ممدود",
        "وماء مسكوب",
        "وفاكهة كثيرة",
        "لا مقطوعة ولا ممنوعة",
        "وفرش مرفوعة",
        "انا انشاناهن انشاء",
        "فجعلناهن ابكارا",
        "عربا اترابا",
        "لاصحاب اليمين",
        "ثلة من الاولين",
        "وثلة من الاخرين",
        "واصحاب الشمال ما اصحاب الشمال",
        "في سموم وحميم",
        "وظل من يحموم",
        "لا بارد ولا كريم",
        "انهم كانوا قبل ذلك مترفين",
        "وكانوا يصرون على الحنث العظيم",
        "وكانوا يقولون ائذا متنا وكنا ترابا وعظاما اانا لمبعوثون",
        "اواباؤنا الاولون",
        "قل ان الاولين والاخرين",
        "لمجموعون الى ميقات يوم معلوم",
        "ثم انكم ايها الضالون المكذبون",
        "لاكلون من شجر من زقوم",
        "فمالئون منها البطون",
        "فشاربون عليه من الحميم",
        "فشاربون شرب الهيم",
        "هذا نزلهم يوم الدين",
        "نحن خلقناكم فلولا تصدقون",
        "افرايتم ما تمنون",
        "اانتم تخلقونه ام نحن الخالقون",
        "نحن قدرنا بينكم الموت وما نحن بمسبوقين",
        "على ان نبدل امثالكم وننشئكم في ما لا تعلمون",
        "ولقد علمتم النشاة الاولى فلولا تذكرون",
        "افرايتم ما تحرثون",
        "اانتم تزرعونه ام نحن الزارعون",
        "لو نشاء لجعلناه حطاما فظلتم تفكهون",
        "انا لمغرمون",
        "بل نحن محرومون",
        "افرايتم الماء الذي تشربون",
        "اانتم انزلتموه من المزن ام نحن المنزلون",
        "لو نشاء جعلناه اجاجا فلولا تشكرون",
        "افرايتم النار التي تورون",
        "اانتم انشاتم شجرتها ام نحن المنشئون",
        "نحن جعلناها تذكرة ومتاعا للمقوين",
        "فسبح باسم ربك العظيم",
        "فلا اقسم بمواقع النجوم",
        "وانه لقسم لو تعلمون عظيم",
        "انه لقران كريم",
        "في كتاب مكنون",
        "لا يمسه الا المطهرون",
        "تنزيل من رب العالمين",
        "افبهذا الحديث انتم مدهنون",
        "وتجعلون رزقكم انكم تكذبون",
        "فلولا اذا بلغت الحلقوم",
        "وانتم حينئذ تنظرون",
        "ونحن اقرب اليه منكم ولكن لا تبصرون",
        "فلولا ان كنتم غير مدينين",
        "ترجعونها ان كنتم صادقين",
        "فاما ان كان من المقربين",
        "فروح وريحان وجنت نعيم",
        "واما ان كان من اصحاب اليمين",
        "فسلام لك من اصحاب اليمين",
        "واما ان كان من المكذبين الضالين",
        "فنزل من حميم",
        "وتصلية جحيم",
        "ان هذا لهو حق اليقين",
        "فسبح باسم ربك العظيم"
    ]
}