{
    "surahName": "Al-Hadid",
    "surahNameArabic": "الحديد",
    "surahNameArabicLong": "سورة الحديد",
    "surahNameTranslation": "The Iron",
    "revelationPlace": "Madina",
    "totalAyah": 29,
    "surahNo": 57,
    "english": [
        "Whatever is in the heavens and the earth glorifies Allah, for He is the Almighty, All-Wise.",
        "To Him belongs the kingdom of the heavens and the earth. He gives life and causes death. And He is Most Capable of everything.",
        "He is the First and the Last, the Most High and Most Near, and He has ˹perfect˺ knowledge of all things.",
        "He is the One Who created the heavens and the earth in six Days, then established Himself on the Throne. He knows whatever goes into the earth and whatever comes out of it, and whatever descends from the sky and whatever ascends into it. And He is with you wherever you are. For Allah is All-Seeing of what you do.",
        "To Him belongs the kingdom of the heavens and the earth. And to Allah all matters are returned.",
        "He merges the night into day and the day into night. And He knows best what is ˹hidden˺ in the heart.",
        "Believe in Allah and His Messenger, and donate from what He has entrusted you with. So those of you who believe and donate will have a mighty reward.",
        "Why do you not believe in Allah while the Messenger is inviting you to have faith in your Lord, although He has already taken your covenant, if you will ever believe.",
        "He is the One Who sends down clear revelations to His servant to bring you out of darkness and into light. For indeed Allah is Ever Gracious and Most Merciful to you.",
        "And why should you not spend in the cause of Allah, while Allah is the ˹sole˺ inheritor of the heavens and the earth? Those of you who donated and fought before the victory ˹over Mecca˺ are unparalleled. They are far greater in rank than those who donated and fought afterwards. Yet Allah has promised each a fine reward. And Allah is All-Aware of what you do.",
        "Who is it that will lend to Allah a good loan which Allah will multiply ˹many times over˺ for them, and they will have an honourable reward?",
        "On that Day you will see believing men and women with their light shining ahead of them and on their right. ˹They will be told,˺ “Today you have good news of Gardens, under which rivers flow, ˹for you˺ to stay in forever. This is ˹truly˺ the ultimate triumph.”",
        "On that Day hypocrite men and women will beg the believers, “Wait for us so that we may have some of your light.” It will be said ˹mockingly˺, “Go back ˹to the world˺ and seek a light ˹there˺!” Then a ˹separating˺ wall with a gate will be erected between them. On the near side will be grace and on the far side will be torment.",
        "The tormented will cry out to those graced, “Were we not with you?” They will reply, “Yes ˹you were˺. But you chose to be tempted ˹by hypocrisy˺, ˹eagerly˺ awaited ˹our demise˺, doubted ˹the truth˺, and were deluded by false hopes until Allah’s decree ˹of your death˺ came to pass. And ˹so˺ the Chief Deceiver deceived you about Allah.",
        "So Today no ransom will be accepted from you ˹hypocrites˺, nor from the disbelievers. Your home is the Fire—it is the ˹only˺ fitting place for you. What an evil destination!”",
        "Has the time not yet come for believers’ hearts to be humbled at the remembrance of Allah and what has been revealed of the truth, and not be like those given the Scripture before—˹those˺ who were spoiled for so long that their hearts became hardened. And many of them are ˹still˺ rebellious.",
        "Know that Allah revives the earth after its death. We have certainly made the signs clear for you so perhaps you will understand.",
        "Indeed, those men and women who give in charity and lend to Allah a good loan will have it multiplied for them, and they will have an honourable reward.",
        "˹As for˺ those who believe in Allah and His messengers, it is they who are ˹truly˺ the people of truth. And the martyrs, with their Lord, will have their reward and their light. But ˹as for˺ those who disbelieve and reject Our signs, it is they who will be the residents of the Hellfire.",
        "Know that this worldly life is no more than play, amusement, luxury, mutual boasting, and competition in wealth and children. This is like rain that causes plants to grow, to the delight of the planters. But later the plants dry up and you see them wither, then they are reduced to chaff. And in the Hereafter there will be either severe punishment or forgiveness and pleasure of Allah, whereas the life of this world is no more than the delusion of enjoyment.",
        "˹So˺ compete with one another for forgiveness from your Lord and a Paradise as vast as the heavens and the earth, prepared for those who believe in Allah and His messengers. This is the favour of Allah. He grants it to whoever He wills. And Allah is the Lord of infinite bounty.",
        "No calamity ˹or blessing˺ occurs on earth or in yourselves without being ˹written˺ in a Record before We bring it into being. This is certainly easy for Allah.",
        "˹We let you know this˺ so that you neither grieve over what you have missed nor boast over what He has granted you. For Allah does not like whoever is arrogant, boastful—",
        "those who are stingy and promote stinginess among people. And whoever turns away ˹should know that˺ Allah ˹alone˺ is truly the Self-Sufficient, Praiseworthy.",
        "Indeed, We sent Our messengers with clear proofs, and with them We sent down the Scripture and the balance ˹of justice˺ so that people may administer justice. And We sent down iron with its great might, benefits for humanity, and means for Allah to prove who ˹is willing to˺ stand up for Him and His messengers without seeing Him. Surely Allah is All-Powerful, Almighty.",
        "And indeed, We sent Noah and Abraham and reserved prophethood and revelation for their descendants. Some of them are ˹rightly˺ guided, while most are rebellious.",
        "Then in the footsteps of these ˹prophets˺, We sent Our messengers, and ˹after them˺ We sent Jesus, son of Mary, and granted him the Gospel, and instilled compassion and mercy into the hearts of his followers. As for monasticism, they made it up—We never ordained it for them—only seeking to please Allah, yet they did not ˹even˺ observe it strictly. So We rewarded those of them who were faithful. But most of them are rebellious.",
        "O people of faith! Fear Allah and believe in His Messenger. ˹And˺ He will grant you a double share of His mercy, provide you with a light to walk in ˹on Judgment Day˺, and forgive you. For Allah is All-Forgiving, Most Merciful.",
        "˹This is so˺ that the People of the Book ˹who deny the Prophet˺ may know that they do not have any control over Allah’s grace, and that all grace is in Allah’s Hands. He grants it to whoever He wills. For Allah is the Lord of infinite bounty."
    ],
    "arabic1": [
        " سَبَّحَ لِلَّهِ مَا فِى ٱلسَّمَـٰوَٰتِ وَٱلْأَرْضِ ۖ وَهُوَ ٱلْعَزِيزُ ٱلْحَكِيمُ",
        "لَهُۥ مُلْكُ ٱلسَّمَـٰوَٰتِ وَٱلْأَرْضِ ۖ يُحْىِۦ وَيُمِيتُ ۖ وَهُوَ عَلَىٰ كُلِّ شَىْءٍ قَدِيرٌ",
        "هُوَ ٱلْأَوَّلُ وَٱلْـَٔاخِرُ وَٱلظَّـٰهِرُ وَٱلْبَاطِنُ ۖ وَهُوَ بِكُلِّ شَىْءٍ عَلِيمٌ",
        "هُوَ ٱلَّذِى خَلَقَ ٱلسَّمَـٰوَٰتِ وَٱلْأَرْضَ فِى سِتَّةِ أَيَّامٍ ثُمَّ ٱسْتَوَىٰ عَلَى ٱلْعَرْشِ ۚ يَعْلَمُ مَا يَلِجُ فِى ٱلْأَرْضِ وَمَا يَخْرُجُ مِنْهَا وَمَا يَنزِلُ مِنَ ٱلسَّمَآءِ وَمَا يَعْرُجُ فِيهَا ۖ وَهُوَ مَعَكُمْ أَيْنَ مَا كُنتُمْ ۚ وَٱللَّهُ بِمَا تَعْمَلُونَ بَصِيرٌ",
        "لَّهُۥ مُلْكُ ٱلسَّمَـٰوَٰتِ وَٱلْأَرْضِ ۚ وَإِلَى ٱللَّهِ تُرْجَعُ ٱلْأُمُورُ",
        "يُولِجُ ٱلَّيْلَ فِى ٱلنَّهَارِ وَيُولِجُ ٱلنَّهَارَ فِى ٱلَّيْلِ ۚ وَهُوَ عَلِيمٌۢ بِذَاتِ ٱلصُّدُورِ",
        "ءَامِنُوا۟ بِٱللَّهِ وَرَسُولِهِۦ وَأَنفِقُوا۟ مِمَّا جَعَلَكُم مُّسْتَخْلَفِينَ فِيهِ ۖ فَٱلَّذِينَ ءَامَنُوا۟ مِنكُمْ وَأَنفَقُوا۟ لَهُمْ أَجْرٌ كَبِيرٌ",
        "وَمَا لَكُمْ لَا تُؤْمِنُونَ بِٱللَّهِ ۙ وَٱلرَّسُولُ يَدْعُوكُمْ لِتُؤْمِنُوا۟ بِرَبِّكُمْ وَقَدْ أَخَذَ مِيثَـٰقَكُمْ إِن كُنتُم مُّؤْمِنِينَ",
        "هُوَ ٱلَّذِى يُنَزِّلُ عَلَىٰ عَبْدِهِۦٓ ءَايَـٰتٍۭ بَيِّنَـٰتٍ لِّيُخْرِجَكُم مِّنَ ٱلظُّلُمَـٰتِ إِلَى ٱلنُّورِ ۚ وَإِنَّ ٱللَّهَ بِكُمْ لَرَءُوفٌ رَّحِيمٌ",
        "وَمَا لَكُمْ أَلَّا تُنفِقُوا۟ فِى سَبِيلِ ٱللَّهِ وَلِلَّهِ مِيرَٰثُ ٱلسَّمَـٰوَٰتِ وَٱلْأَرْضِ ۚ لَا يَسْتَوِى مِنكُم مَّنْ أَنفَقَ مِن قَبْلِ ٱلْفَتْحِ وَقَـٰتَلَ ۚ أُو۟لَـٰٓئِكَ أَعْظَمُ دَرَجَةً مِّنَ ٱلَّذِينَ أَنفَقُوا۟ مِنۢ بَعْدُ وَقَـٰتَلُوا۟ ۚ وَكُلًّا وَعَدَ ٱللَّهُ ٱلْحُسْنَىٰ ۚ وَٱللَّهُ بِمَا تَعْمَلُونَ خَبِيرٌ",
        "مَّن ذَا ٱلَّذِى يُقْرِضُ ٱللَّهَ قَرْضًا حَسَنًا فَيُضَـٰعِفَهُۥ لَهُۥ وَلَهُۥٓ أَجْرٌ كَرِيمٌ",
        "يَوْمَ تَرَى ٱلْمُؤْمِنِينَ وَٱلْمُؤْمِنَـٰتِ يَسْعَىٰ نُورُهُم بَيْنَ أَيْدِيهِمْ وَبِأَيْمَـٰنِهِم بُشْرَىٰكُمُ ٱلْيَوْمَ جَنَّـٰتٌ تَجْرِى مِن تَحْتِهَا ٱلْأَنْهَـٰرُ خَـٰلِدِينَ فِيهَا ۚ ذَٰلِكَ هُوَ ٱلْفَوْزُ ٱلْعَظِيمُ",
        "يَوْمَ يَقُولُ ٱلْمُنَـٰفِقُونَ وَٱلْمُنَـٰفِقَـٰتُ لِلَّذِينَ ءَامَنُوا۟ ٱنظُرُونَا نَقْتَبِسْ مِن نُّورِكُمْ قِيلَ ٱرْجِعُوا۟ وَرَآءَكُمْ فَٱلْتَمِسُوا۟ نُورًا فَضُرِبَ بَيْنَهُم بِسُورٍ لَّهُۥ بَابٌۢ بَاطِنُهُۥ فِيهِ ٱلرَّحْمَةُ وَظَـٰهِرُهُۥ مِن قِبَلِهِ ٱلْعَذَابُ",
        "يُنَادُونَهُمْ أَلَمْ نَكُن مَّعَكُمْ ۖ قَالُوا۟ بَلَىٰ وَلَـٰكِنَّكُمْ فَتَنتُمْ أَنفُسَكُمْ وَتَرَبَّصْتُمْ وَٱرْتَبْتُمْ وَغَرَّتْكُمُ ٱلْأَمَانِىُّ حَتَّىٰ جَآءَ أَمْرُ ٱللَّهِ وَغَرَّكُم بِٱللَّهِ ٱلْغَرُورُ",
        "فَٱلْيَوْمَ لَا يُؤْخَذُ مِنكُمْ فِدْيَةٌ وَلَا مِنَ ٱلَّذِينَ كَفَرُوا۟ ۚ مَأْوَىٰكُمُ ٱلنَّارُ ۖ هِىَ مَوْلَىٰكُمْ ۖ وَبِئْسَ ٱلْمَصِيرُ",
        "۞ أَلَمْ يَأْنِ لِلَّذِينَ ءَامَنُوٓا۟ أَن تَخْشَعَ قُلُوبُهُمْ لِذِكْرِ ٱللَّهِ وَمَا نَزَلَ مِنَ ٱلْحَقِّ وَلَا يَكُونُوا۟ كَٱلَّذِينَ أُوتُوا۟ ٱلْكِتَـٰبَ مِن قَبْلُ فَطَالَ عَلَيْهِمُ ٱلْأَمَدُ فَقَسَتْ قُلُوبُهُمْ ۖ وَكَثِيرٌ مِّنْهُمْ فَـٰسِقُونَ",
        "ٱعْلَمُوٓا۟ أَنَّ ٱللَّهَ يُحْىِ ٱلْأَرْضَ بَعْدَ مَوْتِهَا ۚ قَدْ بَيَّنَّا لَكُمُ ٱلْـَٔايَـٰتِ لَعَلَّكُمْ تَعْقِلُونَ",
        "إِنَّ ٱلْمُصَّدِّقِينَ وَٱلْمُصَّدِّقَـٰتِ وَأَقْرَضُوا۟ ٱللَّهَ قَرْضًا حَسَنًا يُضَـٰعَفُ لَهُمْ وَلَهُمْ أَجْرٌ كَرِيمٌ",
        "وَٱلَّذِينَ ءَامَنُوا۟ بِٱللَّهِ وَرُسُلِهِۦٓ أُو۟لَـٰٓئِكَ هُمُ ٱلصِّدِّيقُونَ ۖ وَٱلشُّهَدَآءُ عِندَ رَبِّهِمْ لَهُمْ أَجْرُهُمْ وَنُورُهُمْ ۖ وَٱلَّذِينَ كَفَرُوا۟ وَكَذَّبُوا۟ بِـَٔايَـٰتِنَآ أُو۟لَـٰٓئِكَ أَصْحَـٰبُ ٱلْجَحِيمِ",
        "ٱعْلَمُوٓا۟ أَنَّمَا ٱلْحَيَوٰةُ ٱلدُّنْيَا لَعِبٌ وَلَهْوٌ وَزِينَةٌ وَتَفَاخُرٌۢ بَيْنَكُمْ وَتَكَاثُرٌ فِى ٱلْأَمْوَٰلِ وَٱلْأَوْلَـٰدِ ۖ كَمَثَلِ غَيْثٍ أَعْجَبَ ٱلْكُفَّارَ نَبَاتُهُۥ ثُمَّ يَهِيجُ فَتَرَىٰهُ مُصْفَرًّا ثُمَّ يَكُونُ حُطَـٰمًا ۖ وَفِى ٱلْـَٔاخِرَةِ عَذَابٌ شَدِيدٌ وَمَغْفِرَةٌ مِّنَ ٱللَّهِ وَرِضْوَٰنٌ ۚ وَمَا ٱلْحَيَوٰةُ ٱلدُّنْيَآ إِلَّا مَتَـٰعُ ٱلْغُرُورِ",
        "سَابِقُوٓا۟ إِلَىٰ مَغْفِرَةٍ مِّن رَّبِّكُمْ وَجَنَّةٍ عَرْضُهَا كَعَرْضِ ٱلسَّمَآءِ وَٱلْأَرْضِ أُعِدَّتْ لِلَّذِينَ ءَامَنُوا۟ بِٱللَّهِ وَرُسُلِهِۦ ۚ ذَٰلِكَ فَضْلُ ٱللَّهِ يُؤْتِيهِ مَن يَشَآءُ ۚ وَٱللَّهُ ذُو ٱلْفَضْلِ ٱلْعَظِيمِ",
        "مَآ أَصَابَ مِن مُّصِيبَةٍ فِى ٱلْأَرْضِ وَلَا فِىٓ أَنفُسِكُمْ إِلَّا فِى كِتَـٰبٍ مِّن قَبْلِ أَن نَّبْرَأَهَآ ۚ إِنَّ ذَٰلِكَ عَلَى ٱللَّهِ يَسِيرٌ",
        "لِّكَيْلَا تَأْسَوْا۟ عَلَىٰ مَا فَاتَكُمْ وَلَا تَفْرَحُوا۟ بِمَآ ءَاتَىٰكُمْ ۗ وَٱللَّهُ لَا يُحِبُّ كُلَّ مُخْتَالٍ فَخُورٍ",
        "ٱلَّذِينَ يَبْخَلُونَ وَيَأْمُرُونَ ٱلنَّاسَ بِٱلْبُخْلِ ۗ وَمَن يَتَوَلَّ فَإِنَّ ٱللَّهَ هُوَ ٱلْغَنِىُّ ٱلْحَمِيدُ",
        "لَقَدْ أَرْسَلْنَا رُسُلَنَا بِٱلْبَيِّنَـٰتِ وَأَنزَلْنَا مَعَهُمُ ٱلْكِتَـٰبَ وَٱلْمِيزَانَ لِيَقُومَ ٱلنَّاسُ بِٱلْقِسْطِ ۖ وَأَنزَلْنَا ٱلْحَدِيدَ فِيهِ بَأْسٌ شَدِيدٌ وَمَنَـٰفِعُ لِلنَّاسِ وَلِيَعْلَمَ ٱللَّهُ مَن يَنصُرُهُۥ وَرُسُلَهُۥ بِٱلْغَيْبِ ۚ إِنَّ ٱللَّهَ قَوِىٌّ عَزِيزٌ",
        "وَلَقَدْ أَرْسَلْنَا نُوحًا وَإِبْرَٰهِيمَ وَجَعَلْنَا فِى ذُرِّيَّتِهِمَا ٱلنُّبُوَّةَ وَٱلْكِتَـٰبَ ۖ فَمِنْهُم مُّهْتَدٍ ۖ وَكَثِيرٌ مِّنْهُمْ فَـٰسِقُونَ",
        "ثُمَّ قَفَّيْنَا عَلَىٰٓ ءَاثَـٰرِهِم بِرُسُلِنَا وَقَفَّيْنَا بِعِيسَى ٱبْنِ مَرْيَمَ وَءَاتَيْنَـٰهُ ٱلْإِنجِيلَ وَجَعَلْنَا فِى قُلُوبِ ٱلَّذِينَ ٱتَّبَعُوهُ رَأْفَةً وَرَحْمَةً وَرَهْبَانِيَّةً ٱبْتَدَعُوهَا مَا كَتَبْنَـٰهَا عَلَيْهِمْ إِلَّا ٱبْتِغَآءَ رِضْوَٰنِ ٱللَّهِ فَمَا رَعَوْهَا حَقَّ رِعَايَتِهَا ۖ فَـَٔاتَيْنَا ٱلَّذِينَ ءَامَنُوا۟ مِنْهُمْ أَجْرَهُمْ ۖ وَكَثِيرٌ مِّنْهُمْ فَـٰسِقُونَ",
        "يَـٰٓأَيُّهَا ٱلَّذِينَ ءَامَنُوا۟ ٱتَّقُوا۟ ٱللَّهَ وَءَامِنُوا۟ بِرَسُولِهِۦ يُؤْتِكُمْ كِفْلَيْنِ مِن رَّحْمَتِهِۦ وَيَجْعَل لَّكُمْ نُورًا تَمْشُونَ بِهِۦ وَيَغْفِرْ لَكُمْ ۚ وَٱللَّهُ غَفُورٌ رَّحِيمٌ",
        "لِّئَلَّا يَعْلَمَ أَهْلُ ٱلْكِتَـٰبِ أَلَّا يَقْدِرُونَ عَلَىٰ شَىْءٍ مِّن فَضْلِ ٱللَّهِ ۙ وَأَنَّ ٱلْفَضْلَ بِيَدِ ٱللَّهِ يُؤْتِيهِ مَن يَشَآءُ ۚ وَٱللَّهُ ذُو ٱلْفَضْلِ ٱلْعَظِيمِ"
    ],
    "arabic2": [
        "سبح لله ما في السماوات والارض وهو العزيز الحكيم",
        "له ملك السماوات والارض يحيي ويميت وهو على كل شيء قدير",
        "هو الاول والاخر والظاهر والباطن وهو بكل شيء عليم",
        "هو الذي خلق السماوات والارض في ستة ايام ثم استوى على العرش يعلم ما يلج في الارض وما يخرج منها وما ينزل من السماء وما يعرج فيها وهو معكم اين ما كنتم والله بما تعملون بصير",
        "له ملك السماوات والارض والى الله ترجع الامور",
        "يولج الليل في النهار ويولج النهار في الليل وهو عليم بذات الصدور",
        "امنوا بالله ورسوله وانفقوا مما جعلكم مستخلفين فيه فالذين امنوا منكم وانفقوا لهم اجر كبير",
        "وما لكم لا تؤمنون بالله والرسول يدعوكم لتؤمنوا بربكم وقد اخذ ميثاقكم ان كنتم مؤمنين",
        "هو الذي ينزل على عبده ايات بينات ليخرجكم من الظلمات الى النور وان الله بكم لرءوف رحيم",
        "وما لكم الا تنفقوا في سبيل الله ولله ميراث السماوات والارض لا يستوي منكم من انفق من قبل الفتح وقاتل اولئك اعظم درجة من الذين انفقوا من بعد وقاتلوا وكلا وعد الله الحسنى والله بما تعملون خبير",
        "من ذا الذي يقرض الله قرضا حسنا فيضاعفه له وله اجر كريم",
        "يوم ترى المؤمنين والمؤمنات يسعى نورهم بين ايديهم وبايمانهم بشراكم اليوم جنات تجري من تحتها الانهار خالدين فيها ذلك هو الفوز العظيم",
        "يوم يقول المنافقون والمنافقات للذين امنوا انظرونا نقتبس من نوركم قيل ارجعوا وراءكم فالتمسوا نورا فضرب بينهم بسور له باب باطنه فيه الرحمة وظاهره من قبله العذاب",
        "ينادونهم الم نكن معكم قالوا بلى ولكنكم فتنتم انفسكم وتربصتم وارتبتم وغرتكم الاماني حتى جاء امر الله وغركم بالله الغرور",
        "فاليوم لا يؤخذ منكم فدية ولا من الذين كفروا ماواكم النار هي مولاكم وبئس المصير",
        "الم يان للذين امنوا ان تخشع قلوبهم لذكر الله وما نزل من الحق ولا يكونوا كالذين اوتوا الكتاب من قبل فطال عليهم الامد فقست قلوبهم وكثير منهم فاسقون",
        "اعلموا ان الله يحيي الارض بعد موتها قد بينا لكم الايات لعلكم تعقلون",
        "ان المصدقين والمصدقات واقرضوا الله قرضا حسنا يضاعف لهم ولهم اجر كريم",
        "والذين امنوا بالله ورسله اولئك هم الصديقون والشهداء عند ربهم لهم اجرهم ونورهم والذين كفروا وكذبوا باياتنا اولئك اصحاب الجحيم",
        "اعلموا انما الحياة الدنيا لعب ولهو وزينة وتفاخر بينكم وتكاثر في الاموال والاولاد كمثل غيث اعجب الكفار نباته ثم يهيج فتراه مصفرا ثم يكون حطاما وفي الاخرة عذاب شديد ومغفرة من الله ورضوان وما الحياة الدنيا الا متاع الغرور",
        "سابقوا الى مغفرة من ربكم وجنة عرضها كعرض السماء والارض اعدت للذين امنوا بالله ورسله ذلك فضل الله يؤتيه من يشاء والله ذو الفضل العظيم",
        "ما اصاب من مصيبة في الارض ولا في انفسكم الا في كتاب من قبل ان نبراها ان ذلك على الله يسير",
        "لكيلا تاسوا على ما فاتكم ولا تفرحوا بما اتاكم والله لا يحب كل مختال فخور",
        "الذين يبخلون ويامرون الناس بالبخل ومن يتول فان الله هو الغني الحميد",
        "لقد ارسلنا رسلنا بالبينات وانزلنا معهم الكتاب والميزان ليقوم الناس بالقسط وانزلنا الحديد فيه باس شديد ومنافع للناس وليعلم الله من ينصره ورسله بالغيب ان الله قوي عزيز",
        "ولقد ارسلنا نوحا وابراهيم وجعلنا في ذريتهما النبوة والكتاب فمنهم مهتد وكثير منهم فاسقون",
        "ثم قفينا على اثارهم برسلنا وقفينا بعيسى ابن مريم واتيناه الانجيل وجعلنا في قلوب الذين اتبعوه رافة ورحمة ورهبانية ابتدعوها ما كتبناها عليهم الا ابتغاء رضوان الله فما رعوها حق رعايتها فاتينا الذين امنوا منهم اجرهم وكثير منهم فاسقون",
        "يا ايها الذين امنوا اتقوا الله وامنوا برسوله يؤتكم كفلين من رحمته ويجعل لكم نورا تمشون به ويغفر لكم والله غفور رحيم",
        "لئلا يعلم اهل الكتاب الا يقدرون على شيء من فضل الله وان الفضل بيد الله يؤتيه من يشاء والله ذو الفضل العظيم"
    ]
}