{
    "surahName": "Al-Mujaadila",
    "surahNameArabic": "المجادلة",
    "surahNameArabicLong": "سورة المجادلة",
    "surahNameTranslation": "The Pleading Woman",
    "revelationPlace": "Madina",
    "totalAyah": 22,
    "surahNo": 58,
    "english": [
        "Indeed, Allah has heard the argument of the woman who pleaded with you ˹O Prophet˺ concerning her husband, and appealed to Allah. Allah has heard your exchange. Surely Allah is All-Hearing, All-Seeing.",
        "Those of you who ˹sinfully˺ divorce their wives by comparing them to their mothers ˹should know that˺ their wives are in no way their mothers. None can be their mothers except those who gave birth to them. What they say is certainly detestable and false. Yet Allah is truly Ever-Pardoning, All-Forgiving.",
        "Those who divorce their wives in this manner, then ˹wish to˺ retract what they said, must free a slave before they touch each other. This ˹penalty˺ is meant to deter you. And Allah is All-Aware of what you do.",
        "But if the husband cannot afford this, let him then fast two consecutive months before the couple touch each other. But if he is unable ˹to fast˺, then let him feed sixty poor people. This is to re-affirm your faith in Allah and His Messenger. These are the limits set by Allah. And the disbelievers will suffer a painful punishment.",
        "Indeed, those who defy Allah and His Messenger will be debased, just like those before them. We have certainly sent down clear revelations. And the disbelievers will suffer a humiliating punishment.",
        "On the Day Allah resurrects them all together, He will then inform them of what they have done. Allah has kept account of it all, while they have forgotten it. For Allah is a Witness over all things.",
        "Do you not see that Allah knows whatever is in the heavens and whatever is on the earth? If three converse privately, He is their fourth. If five, He is their sixth. Whether fewer or more, He is with them wherever they may be. Then, on the Day of Judgment, He will inform them of what they have done. Surely Allah has ˹perfect˺ knowledge of all things.",
        "Have you not seen those who were forbidden from secret talks, yet they ˹always˺ return to what they were forbidden from, conspiring in sin, aggression, and disobedience to the Messenger? And when they come to you ˹O Prophet˺, they greet you not as Allah greets you, and say to one another, “Why does Allah not punish us for what we say?” Hell is enough for them—they will burn in it. And what an evil destination!",
        "O believers! When you converse privately, let it not be for sin, aggression, or disobedience to the Messenger, but let it be for goodness and righteousness. And fear Allah, to Whom you will ˹all˺ be gathered.",
        "Secret talks are only inspired by Satan to grieve the believers. Yet he cannot harm them whatsoever except by Allah’s Will. So in Allah let the believers put their trust.",
        "O believers! When you are told to make room in gatherings, then do so. Allah will make room for you ˹in His grace˺. And if you are told to rise, then do so. Allah will elevate those of you who are faithful, and ˹raise˺ those gifted with knowledge in rank. And Allah is All-Aware of what you do.",
        "O believers! When you consult the Messenger privately, give something in charity before your consultation. That is better and purer for you. But if you lack the means, then Allah is truly All-Forgiving, Most Merciful.",
        "Are you afraid of spending in charity before your private consultations ˹with him˺? Since you are unable to do so, and Allah has turned to you in mercy, then ˹continue to˺ establish prayer, pay alms-tax, and obey Allah and His Messenger. And Allah is All-Aware of what you do.",
        "Have you not seen those ˹hypocrites˺ who ally themselves with a people with whom Allah is displeased? They are neither with you nor with them. And they swear to lies knowingly.",
        "Allah has prepared for them a severe punishment. Evil indeed is what they do.",
        "They have made their ˹false˺ oaths as a shield, hindering ˹others˺ from the cause of Allah. So they will suffer a humiliating punishment.",
        "Neither their wealth nor children will be of any help to them against Allah whatsoever. It is they who will be the residents of the Fire. They will be there forever.",
        "On the Day Allah resurrects them all, they will ˹falsely˺ swear to Him as they swear to you, thinking they have something to stand on. Indeed, it is they who are the ˹total˺ liars.",
        "Satan has taken hold of them, causing them to forget the remembrance of Allah. They are the party of Satan. Surely Satan’s party is bound to lose.",
        "˹As for˺ those who defy Allah and His Messenger, they will definitely be among the most debased.",
        "Allah has decreed, “I and My messengers will certainly prevail.” Surely Allah is All-Powerful, Almighty.",
        "You will never find a people who ˹truly˺ believe in Allah and the Last Day loyal to those who defy Allah and His Messenger, even if they were their parents, children, siblings, or extended family. For those ˹believers˺, Allah has instilled faith in their hearts and strengthened them with a spirit from Him. He will admit them into Gardens under which rivers flow, to stay there forever. Allah is pleased with them and they are pleased with Him. They are the party of Allah. Indeed, Allah’s party is bound to succeed."
    ],
    "arabic1": [
        " قَدْ سَمِعَ ٱللَّهُ قَوْلَ ٱلَّتِى تُجَـٰدِلُكَ فِى زَوْجِهَا وَتَشْتَكِىٓ إِلَى ٱللَّهِ وَٱللَّهُ يَسْمَعُ تَحَاوُرَكُمَآ ۚ إِنَّ ٱللَّهَ سَمِيعٌۢ بَصِيرٌ",
        "ٱلَّذِينَ يُظَـٰهِرُونَ مِنكُم مِّن نِّسَآئِهِم مَّا هُنَّ أُمَّهَـٰتِهِمْ ۖ إِنْ أُمَّهَـٰتُهُمْ إِلَّا ٱلَّـٰٓـِٔى وَلَدْنَهُمْ ۚ وَإِنَّهُمْ لَيَقُولُونَ مُنكَرًا مِّنَ ٱلْقَوْلِ وَزُورًا ۚ وَإِنَّ ٱللَّهَ لَعَفُوٌّ غَفُورٌ",
        "وَٱلَّذِينَ يُظَـٰهِرُونَ مِن نِّسَآئِهِمْ ثُمَّ يَعُودُونَ لِمَا قَالُوا۟ فَتَحْرِيرُ رَقَبَةٍ مِّن قَبْلِ أَن يَتَمَآسَّا ۚ ذَٰلِكُمْ تُوعَظُونَ بِهِۦ ۚ وَٱللَّهُ بِمَا تَعْمَلُونَ خَبِيرٌ",
        "فَمَن لَّمْ يَجِدْ فَصِيَامُ شَهْرَيْنِ مُتَتَابِعَيْنِ مِن قَبْلِ أَن يَتَمَآسَّا ۖ فَمَن لَّمْ يَسْتَطِعْ فَإِطْعَامُ سِتِّينَ مِسْكِينًا ۚ ذَٰلِكَ لِتُؤْمِنُوا۟ بِٱللَّهِ وَرَسُولِهِۦ ۚ وَتِلْكَ حُدُودُ ٱللَّهِ ۗ وَلِلْكَـٰفِرِينَ عَذَابٌ أَلِيمٌ",
        "إِنَّ ٱلَّذِينَ يُحَآدُّونَ ٱللَّهَ وَرَسُولَهُۥ كُبِتُوا۟ كَمَا كُبِتَ ٱلَّذِينَ مِن قَبْلِهِمْ ۚ وَقَدْ أَنزَلْنَآ ءَايَـٰتٍۭ بَيِّنَـٰتٍ ۚ وَلِلْكَـٰفِرِينَ عَذَابٌ مُّهِينٌ",
        "يَوْمَ يَبْعَثُهُمُ ٱللَّهُ جَمِيعًا فَيُنَبِّئُهُم بِمَا عَمِلُوٓا۟ ۚ أَحْصَىٰهُ ٱللَّهُ وَنَسُوهُ ۚ وَٱللَّهُ عَلَىٰ كُلِّ شَىْءٍ شَهِيدٌ",
        "أَلَمْ تَرَ أَنَّ ٱللَّهَ يَعْلَمُ مَا فِى ٱلسَّمَـٰوَٰتِ وَمَا فِى ٱلْأَرْضِ ۖ مَا يَكُونُ مِن نَّجْوَىٰ ثَلَـٰثَةٍ إِلَّا هُوَ رَابِعُهُمْ وَلَا خَمْسَةٍ إِلَّا هُوَ سَادِسُهُمْ وَلَآ أَدْنَىٰ مِن ذَٰلِكَ وَلَآ أَكْثَرَ إِلَّا هُوَ مَعَهُمْ أَيْنَ مَا كَانُوا۟ ۖ ثُمَّ يُنَبِّئُهُم بِمَا عَمِلُوا۟ يَوْمَ ٱلْقِيَـٰمَةِ ۚ إِنَّ ٱللَّهَ بِكُلِّ شَىْءٍ عَلِيمٌ",
        "أَلَمْ تَرَ إِلَى ٱلَّذِينَ نُهُوا۟ عَنِ ٱلنَّجْوَىٰ ثُمَّ يَعُودُونَ لِمَا نُهُوا۟ عَنْهُ وَيَتَنَـٰجَوْنَ بِٱلْإِثْمِ وَٱلْعُدْوَٰنِ وَمَعْصِيَتِ ٱلرَّسُولِ وَإِذَا جَآءُوكَ حَيَّوْكَ بِمَا لَمْ يُحَيِّكَ بِهِ ٱللَّهُ وَيَقُولُونَ فِىٓ أَنفُسِهِمْ لَوْلَا يُعَذِّبُنَا ٱللَّهُ بِمَا نَقُولُ ۚ حَسْبُهُمْ جَهَنَّمُ يَصْلَوْنَهَا ۖ فَبِئْسَ ٱلْمَصِيرُ",
        "يَـٰٓأَيُّهَا ٱلَّذِينَ ءَامَنُوٓا۟ إِذَا تَنَـٰجَيْتُمْ فَلَا تَتَنَـٰجَوْا۟ بِٱلْإِثْمِ وَٱلْعُدْوَٰنِ وَمَعْصِيَتِ ٱلرَّسُولِ وَتَنَـٰجَوْا۟ بِٱلْبِرِّ وَٱلتَّقْوَىٰ ۖ وَٱتَّقُوا۟ ٱللَّهَ ٱلَّذِىٓ إِلَيْهِ تُحْشَرُونَ",
        "إِنَّمَا ٱلنَّجْوَىٰ مِنَ ٱلشَّيْطَـٰنِ لِيَحْزُنَ ٱلَّذِينَ ءَامَنُوا۟ وَلَيْسَ بِضَآرِّهِمْ شَيْـًٔا إِلَّا بِإِذْنِ ٱللَّهِ ۚ وَعَلَى ٱللَّهِ فَلْيَتَوَكَّلِ ٱلْمُؤْمِنُونَ",
        "يَـٰٓأَيُّهَا ٱلَّذِينَ ءَامَنُوٓا۟ إِذَا قِيلَ لَكُمْ تَفَسَّحُوا۟ فِى ٱلْمَجَـٰلِسِ فَٱفْسَحُوا۟ يَفْسَحِ ٱللَّهُ لَكُمْ ۖ وَإِذَا قِيلَ ٱنشُزُوا۟ فَٱنشُزُوا۟ يَرْفَعِ ٱللَّهُ ٱلَّذِينَ ءَامَنُوا۟ مِنكُمْ وَٱلَّذِينَ أُوتُوا۟ ٱلْعِلْمَ دَرَجَـٰتٍ ۚ وَٱللَّهُ بِمَا تَعْمَلُونَ خَبِيرٌ",
        "يَـٰٓأَيُّهَا ٱلَّذِينَ ءَامَنُوٓا۟ إِذَا نَـٰجَيْتُمُ ٱلرَّسُولَ فَقَدِّمُوا۟ بَيْنَ يَدَىْ نَجْوَىٰكُمْ صَدَقَةً ۚ ذَٰلِكَ خَيْرٌ لَّكُمْ وَأَطْهَرُ ۚ فَإِن لَّمْ تَجِدُوا۟ فَإِنَّ ٱللَّهَ غَفُورٌ رَّحِيمٌ",
        "ءَأَشْفَقْتُمْ أَن تُقَدِّمُوا۟ بَيْنَ يَدَىْ نَجْوَىٰكُمْ صَدَقَـٰتٍ ۚ فَإِذْ لَمْ تَفْعَلُوا۟ وَتَابَ ٱللَّهُ عَلَيْكُمْ فَأَقِيمُوا۟ ٱلصَّلَوٰةَ وَءَاتُوا۟ ٱلزَّكَوٰةَ وَأَطِيعُوا۟ ٱللَّهَ وَرَسُولَهُۥ ۚ وَٱللَّهُ خَبِيرٌۢ بِمَا تَعْمَلُونَ",
        "۞ أَلَمْ تَرَ إِلَى ٱلَّذِينَ تَوَلَّوْا۟ قَوْمًا غَضِبَ ٱللَّهُ عَلَيْهِم مَّا هُم مِّنكُمْ وَلَا مِنْهُمْ وَيَحْلِفُونَ عَلَى ٱلْكَذِبِ وَهُمْ يَعْلَمُونَ",
        "أَعَدَّ ٱللَّهُ لَهُمْ عَذَابًا شَدِيدًا ۖ إِنَّهُمْ سَآءَ مَا كَانُوا۟ يَعْمَلُونَ",
        "ٱتَّخَذُوٓا۟ أَيْمَـٰنَهُمْ جُنَّةً فَصَدُّوا۟ عَن سَبِيلِ ٱللَّهِ فَلَهُمْ عَذَابٌ مُّهِينٌ",
        "لَّن تُغْنِىَ عَنْهُمْ أَمْوَٰلُهُمْ وَلَآ أَوْلَـٰدُهُم مِّنَ ٱللَّهِ شَيْـًٔا ۚ أُو۟لَـٰٓئِكَ أَصْحَـٰبُ ٱلنَّارِ ۖ هُمْ فِيهَا خَـٰلِدُونَ",
        "يَوْمَ يَبْعَثُهُمُ ٱللَّهُ جَمِيعًا فَيَحْلِفُونَ لَهُۥ كَمَا يَحْلِفُونَ لَكُمْ ۖ وَيَحْسَبُونَ أَنَّهُمْ عَلَىٰ شَىْءٍ ۚ أَلَآ إِنَّهُمْ هُمُ ٱلْكَـٰذِبُونَ",
        "ٱسْتَحْوَذَ عَلَيْهِمُ ٱلشَّيْطَـٰنُ فَأَنسَىٰهُمْ ذِكْرَ ٱللَّهِ ۚ أُو۟لَـٰٓئِكَ حِزْبُ ٱلشَّيْطَـٰنِ ۚ أَلَآ إِنَّ حِزْبَ ٱلشَّيْطَـٰنِ هُمُ ٱلْخَـٰسِرُونَ",
        "إِنَّ ٱلَّذِينَ يُحَآدُّونَ ٱللَّهَ وَرَسُولَهُۥٓ أُو۟لَـٰٓئِكَ فِى ٱلْأَذَلِّينَ",
        "كَتَبَ ٱللَّهُ لَأَغْلِبَنَّ أَنَا۠ وَرُسُلِىٓ ۚ إِنَّ ٱللَّهَ قَوِىٌّ عَزِيزٌ",
        "لَّا تَجِدُ قَوْمًا يُؤْمِنُونَ بِٱللَّهِ وَٱلْيَوْمِ ٱلْـَٔاخِرِ يُوَآدُّونَ مَنْ حَآدَّ ٱللَّهَ وَرَسُولَهُۥ وَلَوْ كَانُوٓا۟ ءَابَآءَهُمْ أَوْ أَبْنَآءَهُمْ أَوْ إِخْوَٰنَهُمْ أَوْ عَشِيرَتَهُمْ ۚ أُو۟لَـٰٓئِكَ كَتَبَ فِى قُلُوبِهِمُ ٱلْإِيمَـٰنَ وَأَيَّدَهُم بِرُوحٍ مِّنْهُ ۖ وَيُدْخِلُهُمْ جَنَّـٰتٍ تَجْرِى مِن تَحْتِهَا ٱلْأَنْهَـٰرُ خَـٰلِدِينَ فِيهَا ۚ رَضِىَ ٱللَّهُ عَنْهُمْ وَرَضُوا۟ عَنْهُ ۚ أُو۟لَـٰٓئِكَ حِزْبُ ٱللَّهِ ۚ أَلَآ إِنَّ حِزْبَ ٱللَّهِ هُمُ ٱلْمُفْلِحُونَ"
    ],
    "arabic2": [
        "قد سمع الله قول التي تجادلك في زوجها وتشتكي الى الله والله يسمع تحاوركما ان الله سميع بصير",
        "الذين يظاهرون منكم من نسائهم ما هن امهاتهم ان امهاتهم الا اللائي ولدنهم وانهم ليقولون منكرا من القول وزورا وان الله لعفو غفور",
        "والذين يظاهرون من نسائهم ثم يعودون لما قالوا فتحرير رقبة من قبل ان يتماسا ذلكم توعظون به والله بما تعملون خبير",
        "فمن لم يجد فصيام شهرين متتابعين من قبل ان يتماسا فمن لم يستطع فاطعام ستين مسكينا ذلك لتؤمنوا بالله ورسوله وتلك حدود الله وللكافرين عذاب اليم",
        "ان الذين يحادون الله ورسوله كبتوا كما كبت الذين من قبلهم وقد انزلنا ايات بينات وللكافرين عذاب مهين",
        "يوم يبعثهم الله جميعا فينبئهم بما عملوا احصاه الله ونسوه والله على كل شيء شهيد",
        "الم تر ان الله يعلم ما في السماوات وما في الارض ما يكون من نجوى ثلاثة الا هو رابعهم ولا خمسة الا هو سادسهم ولا ادنى من ذلك ولا اكثر الا هو معهم اين ما كانوا ثم ينبئهم بما عملوا يوم القيامة ان الله بكل شيء عليم",
        "الم تر الى الذين نهوا عن النجوى ثم يعودون لما نهوا عنه ويتناجون بالاثم والعدوان ومعصيت الرسول واذا جاءوك حيوك بما لم يحيك به الله ويقولون في انفسهم لولا يعذبنا الله بما نقول حسبهم جهنم يصلونها فبئس المصير",
        "يا ايها الذين امنوا اذا تناجيتم فلا تتناجوا بالاثم والعدوان ومعصيت الرسول وتناجوا بالبر والتقوى واتقوا الله الذي اليه تحشرون",
        "انما النجوى من الشيطان ليحزن الذين امنوا وليس بضارهم شيئا الا باذن الله وعلى الله فليتوكل المؤمنون",
        "يا ايها الذين امنوا اذا قيل لكم تفسحوا في المجالس فافسحوا يفسح الله لكم واذا قيل انشزوا فانشزوا يرفع الله الذين امنوا منكم والذين اوتوا العلم درجات والله بما تعملون خبير",
        "يا ايها الذين امنوا اذا ناجيتم الرسول فقدموا بين يدي نجواكم صدقة ذلك خير لكم واطهر فان لم تجدوا فان الله غفور رحيم",
        "ااشفقتم ان تقدموا بين يدي نجواكم صدقات فاذ لم تفعلوا وتاب الله عليكم فاقيموا الصلاة واتوا الزكاة واطيعوا الله ورسوله والله خبير بما تعملون",
        "الم تر الى الذين تولوا قوما غضب الله عليهم ما هم منكم ولا منهم ويحلفون على الكذب وهم يعلمون",
        "اعد الله لهم عذابا شديدا انهم ساء ما كانوا يعملون",
        "اتخذوا ايمانهم جنة فصدوا عن سبيل الله فلهم عذاب مهين",
        "لن تغني عنهم اموالهم ولا اولادهم من الله شيئا اولئك اصحاب النار هم فيها خالدون",
        "يوم يبعثهم الله جميعا فيحلفون له كما يحلفون لكم ويحسبون انهم على شيء الا انهم هم الكاذبون",
        "استحوذ عليهم الشيطان فانساهم ذكر الله اولئك حزب الشيطان الا ان حزب الشيطان هم الخاسرون",
        "ان الذين يحادون الله ورسوله اولئك في الاذلين",
        "كتب الله لاغلبن انا ورسلي ان الله قوي عزيز",
        "لا تجد قوما يؤمنون بالله واليوم الاخر يوادون من حاد الله ورسوله ولو كانوا اباءهم او ابناءهم او اخوانهم او عشيرتهم اولئك كتب في قلوبهم الايمان وايدهم بروح منه ويدخلهم جنات تجري من تحتها الانهار خالدين فيها رضي الله عنهم ورضوا عنه اولئك حزب الله الا ان حزب الله هم المفلحون"
    ]
}