{
    "surahName": "Al-Hashr",
    "surahNameArabic": "الحشر",
    "surahNameArabicLong": "سورة الحشر",
    "surahNameTranslation": "The Exile",
    "revelationPlace": "Madina",
    "totalAyah": 24,
    "surahNo": 59,
    "english": [
        "Whatever is in the heavens and whatever is on the earth glorifies Allah. For He is the Almighty, All-Wise.",
        "He is the One Who expelled the disbelievers of the People of the Book from their homes for ˹their˺ first banishment ˹ever˺. You never thought they would go. And they thought their strongholds would put them out of Allah’s reach. But ˹the decree of˺ Allah came upon them from where they never expected. And He cast horror into their hearts so they destroyed their houses with their own hands and the hands of the believers. So take a lesson ˹from this˺, O  people of insight!",
        "Had Allah not decreed exile for them, He would have certainly punished them in this world. And in the Hereafter they will suffer the punishment of the Fire.",
        "This is because they defied Allah and His Messenger. And whoever defies Allah, then Allah is truly severe in punishment.",
        "Whatever palm trees you ˹believers˺ cut down or left standing intact, it was ˹all˺ by Allah’s Will, so that He might disgrace the rebellious.",
        "As for the gains Allah has turned over to His Messenger from them—you did not ˹even˺ spur on any horse or camel for such gains. But Allah gives authority to His messengers over whoever He wills. For Allah is Most Capable of everything.",
        "As for gains granted by Allah to His Messenger from the people of ˹other˺ lands, they are for Allah and the Messenger, his close relatives, orphans, the poor, and ˹needy˺ travellers so that wealth may not merely circulate among your rich. Whatever the Messenger gives you, take it. And whatever he forbids you from, leave it. And fear Allah. Surely Allah is severe in punishment.",
        "˹Some of the gains will be˺ for poor emigrants who were driven out of their homes and wealth, seeking Allah’s bounty and pleasure, and standing up for Allah and His Messenger. They are the ones true in faith.",
        "As for those who had settled in the city and ˹embraced˺ the faith before ˹the arrival of˺ the emigrants, they love whoever immigrates to them, never having a desire in their hearts for whatever ˹of the gains˺ is given to the emigrants. They give ˹the emigrants˺ preference over themselves even though they may be in need. And whoever is saved from the selfishness of their own souls, it is they who are ˹truly˺ successful.",
        "And those who come after them will pray, “Our Lord! Forgive us and our fellow believers who preceded us in faith, and do not allow bitterness into our hearts towards those who believe. Our Lord! Indeed, You are Ever Gracious, Most Merciful.”",
        "Have you ˹O Prophet˺ not seen the hypocrites who say to their fellow disbelievers from the People of the Book, “If you are expelled, we will certainly leave with you, and We will never obey anyone against you. And if you are fought against, we will surely help you.”? But Allah bears witness that they are truly liars.",
        "Indeed, if they are expelled, the hypocrites will never leave with them. And if they are fought against, the hypocrites will never help them. And even if the hypocrites did so, they would certainly flee, then the disbelievers would be left with no help.",
        "Indeed, there is more fear in their hearts for you ˹believers˺ than for Allah. That is because they are a people who do not comprehend.",
        "Even united, they would not ˹dare˺ fight against you except ˹from˺ within fortified strongholds or from behind walls. Their malice for each other is intense: you think they are united, yet their hearts are divided. That is because they are a people with no ˹real˺ understanding.",
        "They are ˹both just˺ like those who recently went down before them: they tasted the evil consequences of their doings. And they will suffer a painful punishment.",
        "˹They are˺ like Satan when he lures someone to disbelieve. Then after they have done so, he will say ˹on Judgment Day˺, “I have absolutely nothing to do with you. I truly fear Allah—the Lord of all worlds.”",
        "So they will both end up in the Fire, staying there forever. That is the reward of the wrongdoers.",
        "O believers! Be mindful of Allah and let every soul look to what ˹deeds˺ it has sent forth for tomorrow. And fear Allah, ˹for˺ certainly Allah is All-Aware of what you do.",
        "And do not be like those who forgot Allah, so He made them forget themselves. It is they who are ˹truly˺ rebellious.",
        "The residents of the Fire cannot be equal to the residents of Paradise. ˹Only˺ the residents of Paradise will be successful.",
        "Had We sent down this Quran upon a mountain, you would have certainly seen it humbled and torn apart in awe of Allah. We set forth such comparisons for people, ˹so˺ perhaps they may reflect.",
        "He is Allah—there is no god ˹worthy of worship˺ except Him: Knower of the seen and unseen. He is the Most Compassionate, Most Merciful.",
        "He is Allah—there is no god except Him: the King, the Most Holy, the All-Perfect, the Source of Serenity, the Watcher ˹of all˺, the Almighty, the Supreme in Might, the Majestic. Glorified is Allah far above what they associate with Him ˹in worship˺!",
        "He is Allah: the Creator, the Inventor, the Shaper. He ˹alone˺ has the Most Beautiful Names. Whatever is in the heavens and the earth ˹constantly˺ glorifies Him. And He is the Almighty, All-Wise."
    ],
    "arabic1": [
        " سَبَّحَ لِلَّهِ مَا فِى ٱلسَّمَـٰوَٰتِ وَمَا فِى ٱلْأَرْضِ ۖ وَهُوَ ٱلْعَزِيزُ ٱلْحَكِيمُ",
        "هُوَ ٱلَّذِىٓ أَخْرَجَ ٱلَّذِينَ كَفَرُوا۟ مِنْ أَهْلِ ٱلْكِتَـٰبِ مِن دِيَـٰرِهِمْ لِأَوَّلِ ٱلْحَشْرِ ۚ مَا ظَنَنتُمْ أَن يَخْرُجُوا۟ ۖ وَظَنُّوٓا۟ أَنَّهُم مَّانِعَتُهُمْ حُصُونُهُم مِّنَ ٱللَّهِ فَأَتَىٰهُمُ ٱللَّهُ مِنْ حَيْثُ لَمْ يَحْتَسِبُوا۟ ۖ وَقَذَفَ فِى قُلُوبِهِمُ ٱلرُّعْبَ ۚ يُخْرِبُونَ بُيُوتَهُم بِأَيْدِيهِمْ وَأَيْدِى ٱلْمُؤْمِنِينَ فَٱعْتَبِرُوا۟ يَـٰٓأُو۟لِى ٱلْأَبْصَـٰرِ",
        "وَلَوْلَآ أَن كَتَبَ ٱللَّهُ عَلَيْهِمُ ٱلْجَلَآءَ لَعَذَّبَهُمْ فِى ٱلدُّنْيَا ۖ وَلَهُمْ فِى ٱلْـَٔاخِرَةِ عَذَابُ ٱلنَّارِ",
        "ذَٰلِكَ بِأَنَّهُمْ شَآقُّوا۟ ٱللَّهَ وَرَسُولَهُۥ ۖ وَمَن يُشَآقِّ ٱللَّهَ فَإِنَّ ٱللَّهَ شَدِيدُ ٱلْعِقَابِ",
        "مَا قَطَعْتُم مِّن لِّينَةٍ أَوْ تَرَكْتُمُوهَا قَآئِمَةً عَلَىٰٓ أُصُولِهَا فَبِإِذْنِ ٱللَّهِ وَلِيُخْزِىَ ٱلْفَـٰسِقِينَ",
        "وَمَآ أَفَآءَ ٱللَّهُ عَلَىٰ رَسُولِهِۦ مِنْهُمْ فَمَآ أَوْجَفْتُمْ عَلَيْهِ مِنْ خَيْلٍ وَلَا رِكَابٍ وَلَـٰكِنَّ ٱللَّهَ يُسَلِّطُ رُسُلَهُۥ عَلَىٰ مَن يَشَآءُ ۚ وَٱللَّهُ عَلَىٰ كُلِّ شَىْءٍ قَدِيرٌ",
        "مَّآ أَفَآءَ ٱللَّهُ عَلَىٰ رَسُولِهِۦ مِنْ أَهْلِ ٱلْقُرَىٰ فَلِلَّهِ وَلِلرَّسُولِ وَلِذِى ٱلْقُرْبَىٰ وَٱلْيَتَـٰمَىٰ وَٱلْمَسَـٰكِينِ وَٱبْنِ ٱلسَّبِيلِ كَىْ لَا يَكُونَ دُولَةًۢ بَيْنَ ٱلْأَغْنِيَآءِ مِنكُمْ ۚ وَمَآ ءَاتَىٰكُمُ ٱلرَّسُولُ فَخُذُوهُ وَمَا نَهَىٰكُمْ عَنْهُ فَٱنتَهُوا۟ ۚ وَٱتَّقُوا۟ ٱللَّهَ ۖ إِنَّ ٱللَّهَ شَدِيدُ ٱلْعِقَابِ",
        "لِلْفُقَرَآءِ ٱلْمُهَـٰجِرِينَ ٱلَّذِينَ أُخْرِجُوا۟ مِن دِيَـٰرِهِمْ وَأَمْوَٰلِهِمْ يَبْتَغُونَ فَضْلًا مِّنَ ٱللَّهِ وَرِضْوَٰنًا وَيَنصُرُونَ ٱللَّهَ وَرَسُولَهُۥٓ ۚ أُو۟لَـٰٓئِكَ هُمُ ٱلصَّـٰدِقُونَ",
        "وَٱلَّذِينَ تَبَوَّءُو ٱلدَّارَ وَٱلْإِيمَـٰنَ مِن قَبْلِهِمْ يُحِبُّونَ مَنْ هَاجَرَ إِلَيْهِمْ وَلَا يَجِدُونَ فِى صُدُورِهِمْ حَاجَةً مِّمَّآ أُوتُوا۟ وَيُؤْثِرُونَ عَلَىٰٓ أَنفُسِهِمْ وَلَوْ كَانَ بِهِمْ خَصَاصَةٌ ۚ وَمَن يُوقَ شُحَّ نَفْسِهِۦ فَأُو۟لَـٰٓئِكَ هُمُ ٱلْمُفْلِحُونَ",
        "وَٱلَّذِينَ جَآءُو مِنۢ بَعْدِهِمْ يَقُولُونَ رَبَّنَا ٱغْفِرْ لَنَا وَلِإِخْوَٰنِنَا ٱلَّذِينَ سَبَقُونَا بِٱلْإِيمَـٰنِ وَلَا تَجْعَلْ فِى قُلُوبِنَا غِلًّا لِّلَّذِينَ ءَامَنُوا۟ رَبَّنَآ إِنَّكَ رَءُوفٌ رَّحِيمٌ",
        "۞ أَلَمْ تَرَ إِلَى ٱلَّذِينَ نَافَقُوا۟ يَقُولُونَ لِإِخْوَٰنِهِمُ ٱلَّذِينَ كَفَرُوا۟ مِنْ أَهْلِ ٱلْكِتَـٰبِ لَئِنْ أُخْرِجْتُمْ لَنَخْرُجَنَّ مَعَكُمْ وَلَا نُطِيعُ فِيكُمْ أَحَدًا أَبَدًا وَإِن قُوتِلْتُمْ لَنَنصُرَنَّكُمْ وَٱللَّهُ يَشْهَدُ إِنَّهُمْ لَكَـٰذِبُونَ",
        "لَئِنْ أُخْرِجُوا۟ لَا يَخْرُجُونَ مَعَهُمْ وَلَئِن قُوتِلُوا۟ لَا يَنصُرُونَهُمْ وَلَئِن نَّصَرُوهُمْ لَيُوَلُّنَّ ٱلْأَدْبَـٰرَ ثُمَّ لَا يُنصَرُونَ",
        "لَأَنتُمْ أَشَدُّ رَهْبَةً فِى صُدُورِهِم مِّنَ ٱللَّهِ ۚ ذَٰلِكَ بِأَنَّهُمْ قَوْمٌ لَّا يَفْقَهُونَ",
        "لَا يُقَـٰتِلُونَكُمْ جَمِيعًا إِلَّا فِى قُرًى مُّحَصَّنَةٍ أَوْ مِن وَرَآءِ جُدُرٍۭ ۚ بَأْسُهُم بَيْنَهُمْ شَدِيدٌ ۚ تَحْسَبُهُمْ جَمِيعًا وَقُلُوبُهُمْ شَتَّىٰ ۚ ذَٰلِكَ بِأَنَّهُمْ قَوْمٌ لَّا يَعْقِلُونَ",
        "كَمَثَلِ ٱلَّذِينَ مِن قَبْلِهِمْ قَرِيبًا ۖ ذَاقُوا۟ وَبَالَ أَمْرِهِمْ وَلَهُمْ عَذَابٌ أَلِيمٌ",
        "كَمَثَلِ ٱلشَّيْطَـٰنِ إِذْ قَالَ لِلْإِنسَـٰنِ ٱكْفُرْ فَلَمَّا كَفَرَ قَالَ إِنِّى بَرِىٓءٌ مِّنكَ إِنِّىٓ أَخَافُ ٱللَّهَ رَبَّ ٱلْعَـٰلَمِينَ",
        "فَكَانَ عَـٰقِبَتَهُمَآ أَنَّهُمَا فِى ٱلنَّارِ خَـٰلِدَيْنِ فِيهَا ۚ وَذَٰلِكَ جَزَٰٓؤُا۟ ٱلظَّـٰلِمِينَ",
        "يَـٰٓأَيُّهَا ٱلَّذِينَ ءَامَنُوا۟ ٱتَّقُوا۟ ٱللَّهَ وَلْتَنظُرْ نَفْسٌ مَّا قَدَّمَتْ لِغَدٍ ۖ وَٱتَّقُوا۟ ٱللَّهَ ۚ إِنَّ ٱللَّهَ خَبِيرٌۢ بِمَا تَعْمَلُونَ",
        "وَلَا تَكُونُوا۟ كَٱلَّذِينَ نَسُوا۟ ٱللَّهَ فَأَنسَىٰهُمْ أَنفُسَهُمْ ۚ أُو۟لَـٰٓئِكَ هُمُ ٱلْفَـٰسِقُونَ",
        "لَا يَسْتَوِىٓ أَصْحَـٰبُ ٱلنَّارِ وَأَصْحَـٰبُ ٱلْجَنَّةِ ۚ أَصْحَـٰبُ ٱلْجَنَّةِ هُمُ ٱلْفَآئِزُونَ",
        "لَوْ أَنزَلْنَا هَـٰذَا ٱلْقُرْءَانَ عَلَىٰ جَبَلٍ لَّرَأَيْتَهُۥ خَـٰشِعًا مُّتَصَدِّعًا مِّنْ خَشْيَةِ ٱللَّهِ ۚ وَتِلْكَ ٱلْأَمْثَـٰلُ نَضْرِبُهَا لِلنَّاسِ لَعَلَّهُمْ يَتَفَكَّرُونَ",
        "هُوَ ٱللَّهُ ٱلَّذِى لَآ إِلَـٰهَ إِلَّا هُوَ ۖ عَـٰلِمُ ٱلْغَيْبِ وَٱلشَّهَـٰدَةِ ۖ هُوَ ٱلرَّحْمَـٰنُ ٱلرَّحِيمُ",
        "هُوَ ٱللَّهُ ٱلَّذِى لَآ إِلَـٰهَ إِلَّا هُوَ ٱلْمَلِكُ ٱلْقُدُّوسُ ٱلسَّلَـٰمُ ٱلْمُؤْمِنُ ٱلْمُهَيْمِنُ ٱلْعَزِيزُ ٱلْجَبَّارُ ٱلْمُتَكَبِّرُ ۚ سُبْحَـٰنَ ٱللَّهِ عَمَّا يُشْرِكُونَ",
        "هُوَ ٱللَّهُ ٱلْخَـٰلِقُ ٱلْبَارِئُ ٱلْمُصَوِّرُ ۖ لَهُ ٱلْأَسْمَآءُ ٱلْحُسْنَىٰ ۚ يُسَبِّحُ لَهُۥ مَا فِى ٱلسَّمَـٰوَٰتِ وَٱلْأَرْضِ ۖ وَهُوَ ٱلْعَزِيزُ ٱلْحَكِيمُ"
    ],
    "arabic2": [
        "سبح لله ما في السماوات وما في الارض وهو العزيز الحكيم",
        "هو الذي اخرج الذين كفروا من اهل الكتاب من ديارهم لاول الحشر ما ظننتم ان يخرجوا وظنوا انهم مانعتهم حصونهم من الله فاتاهم الله من حيث لم يحتسبوا وقذف في قلوبهم الرعب يخربون بيوتهم بايديهم وايدي المؤمنين فاعتبروا يا اولي الابصار",
        "ولولا ان كتب الله عليهم الجلاء لعذبهم في الدنيا ولهم في الاخرة عذاب النار",
        "ذلك بانهم شاقوا الله ورسوله ومن يشاق الله فان الله شديد العقاب",
        "ما قطعتم من لينة او تركتموها قائمة على اصولها فباذن الله وليخزي الفاسقين",
        "وما افاء الله على رسوله منهم فما اوجفتم عليه من خيل ولا ركاب ولكن الله يسلط رسله على من يشاء والله على كل شيء قدير",
        "ما افاء الله على رسوله من اهل القرى فلله وللرسول ولذي القربى واليتامى والمساكين وابن السبيل كي لا يكون دولة بين الاغنياء منكم وما اتاكم الرسول فخذوه وما نهاكم عنه فانتهوا واتقوا الله ان الله شديد العقاب",
        "للفقراء المهاجرين الذين اخرجوا من ديارهم واموالهم يبتغون فضلا من الله ورضوانا وينصرون الله ورسوله اولئك هم الصادقون",
        "والذين تبوءوا الدار والايمان من قبلهم يحبون من هاجر اليهم ولا يجدون في صدورهم حاجة مما اوتوا ويؤثرون على انفسهم ولو كان بهم خصاصة ومن يوق شح نفسه فاولئك هم المفلحون",
        "والذين جاءوا من بعدهم يقولون ربنا اغفر لنا ولاخواننا الذين سبقونا بالايمان ولا تجعل في قلوبنا غلا للذين امنوا ربنا انك رءوف رحيم",
        "الم تر الى الذين نافقوا يقولون لاخوانهم الذين كفروا من اهل الكتاب لئن اخرجتم لنخرجن معكم ولا نطيع فيكم احدا ابدا وان قوتلتم لننصرنكم والله يشهد انهم لكاذبون",
        "لئن اخرجوا لا يخرجون معهم ولئن قوتلوا لا ينصرونهم ولئن نصروهم ليولن الادبار ثم لا ينصرون",
        "لانتم اشد رهبة في صدورهم من الله ذلك بانهم قوم لا يفقهون",
        "لا يقاتلونكم جميعا الا في قرى محصنة او من وراء جدر باسهم بينهم شديد تحسبهم جميعا وقلوبهم شتى ذلك بانهم قوم لا يعقلون",
        "كمثل الذين من قبلهم قريبا ذاقوا وبال امرهم ولهم عذاب اليم",
        "كمثل الشيطان اذ قال للانسان اكفر فلما كفر قال اني بريء منك اني اخاف الله رب العالمين",
        "فكان عاقبتهما انهما في النار خالدين فيها وذلك جزاء الظالمين",
        "يا ايها الذين امنوا اتقوا الله ولتنظر نفس ما قدمت لغد واتقوا الله ان الله خبير بما تعملون",
        "ولا تكونوا كالذين نسوا الله فانساهم انفسهم اولئك هم الفاسقون",
        "لا يستوي اصحاب النار واصحاب الجنة اصحاب الجنة هم الفائزون",
        "لو انزلنا هذا القران على جبل لرايته خاشعا متصدعا من خشية الله وتلك الامثال نضربها للناس لعلهم يتفكرون",
        "هو الله الذي لا اله الا هو عالم الغيب والشهادة هو الرحمن الرحيم",
        "هو الله الذي لا اله الا هو الملك القدوس السلام المؤمن المهيمن العزيز الجبار المتكبر سبحان الله عما يشركون",
        "هو الله الخالق البارئ المصور له الاسماء الحسنى يسبح له ما في السماوات والارض وهو العزيز الحكيم"
    ]
}