{
    "surahName": "Al-Mumtahana",
    "surahNameArabic": "الممتحنة",
    "surahNameArabicLong": "سورة الممتحنة",
    "surahNameTranslation": "She that is to be examined",
    "revelationPlace": "Madina",
    "totalAyah": 13,
    "surahNo": 60,
    "english": [
        "O believers! Do not take My enemies and yours as trusted allies, showing them affection even though they deny what has come to you of the truth. They drove the Messenger and yourselves out ˹of Mecca˺, simply for your belief in Allah, your Lord. If you ˹truly˺ emigrated to struggle in My cause and seek My pleasure, ˹then do not take them as allies,˺ disclosing secrets ˹of the believers˺ to the pagans out of affection for them, when I know best whatever you conceal and whatever you reveal. And whoever of you does this has truly strayed from the Right Way.",
        "If they gain the upper hand over you, they would be your ˹open˺ enemies, unleashing their hands and tongues to harm you, and wishing that you would abandon faith.",
        "Neither your relatives nor children will benefit you on Judgment Day—He will decide between you ˹all˺. For Allah is All-Seeing of what you do.",
        "You already have an excellent example in Abraham and those with him, when they said to their people, “We totally dissociate ourselves from you and ˹shun˺ whatever ˹idols˺ you worship besides Allah. We reject you. The enmity and hatred that has arisen between us and you will last until you believe in Allah alone.” The only exception is when Abraham said to his father, “I will seek forgiveness for you,˹” adding, “but˺ I cannot protect you from Allah at all.” ˹The believers prayed,˺ “Our Lord! In You we trust. And to You we ˹always˺ turn. And to You is the final return.",
        "Our Lord! Do not subject us to the persecution of the disbelievers. Forgive us, our Lord! You ˹alone˺ are truly the Almighty, All-Wise.”",
        "You certainly have an excellent example in them for whoever has hope in Allah and the Last Day. But whoever turns away, then surely Allah ˹alone˺ is the Self-Sufficient, Praiseworthy.",
        "˹In time,˺ Allah may bring about goodwill between you and those of them you ˹now˺ hold as enemies. For Allah is Most Capable. And Allah is All-Forgiving, Most Merciful.",
        "Allah does not forbid you from dealing kindly and fairly with those who have neither fought nor driven you out of your homes. Surely Allah loves those who are fair.",
        "Allah only forbids you from befriending those who have fought you for ˹your˺ faith, driven you out of your homes, or supported ˹others˺ in doing so. And whoever takes them as friends, then it is they who are the ˹true˺ wrongdoers.",
        "O believers! When the believing women come to you as emigrants, test their intentions—their faith is best known to Allah—and if you find them to be believers, then do not send them back to the disbelievers. These ˹women˺ are not lawful ˹wives˺ for the disbelievers, nor are the disbelievers lawful ˹husbands˺ for them. ˹But˺ repay the disbelievers whatever ˹dowries˺ they had paid. And there is no blame on you if you marry these ˹women˺ as long as you pay them their dowries. And do not hold on to marriage with polytheistic women. ˹But˺ demand ˹repayment of˺ whatever ˹dowries˺ you had paid, and let the disbelievers do the same. That is the judgment of Allah—He judges between you. And Allah is All-Knowing, All-Wise.",
        "And if any of your wives desert you to the disbelievers, and later you take spoils from them, then pay those whose wives have gone, the equivalent of whatever ˹dowry˺ they had paid. And be mindful of Allah, in Whom you believe.",
        "O Prophet! When the believing women come to you, pledging to you that they will neither associate anything with Allah ˹in worship˺, nor steal, nor fornicate, nor kill their children, nor falsely attribute ˹illegitimate˺ children to their husbands, nor disobey you in what is right, then accept their pledge, and ask Allah to forgive them. Surely Allah is All-Forgiving, Most Merciful.",
        "O believers! Do not ally yourselves with a people Allah is displeased with. They already have no hope for the Hereafter, just like the disbelievers lying in ˹their˺ graves."
    ],
    "arabic1": [
        " يَـٰٓأَيُّهَا ٱلَّذِينَ ءَامَنُوا۟ لَا تَتَّخِذُوا۟ عَدُوِّى وَعَدُوَّكُمْ أَوْلِيَآءَ تُلْقُونَ إِلَيْهِم بِٱلْمَوَدَّةِ وَقَدْ كَفَرُوا۟ بِمَا جَآءَكُم مِّنَ ٱلْحَقِّ يُخْرِجُونَ ٱلرَّسُولَ وَإِيَّاكُمْ ۙ أَن تُؤْمِنُوا۟ بِٱللَّهِ رَبِّكُمْ إِن كُنتُمْ خَرَجْتُمْ جِهَـٰدًا فِى سَبِيلِى وَٱبْتِغَآءَ مَرْضَاتِى ۚ تُسِرُّونَ إِلَيْهِم بِٱلْمَوَدَّةِ وَأَنَا۠ أَعْلَمُ بِمَآ أَخْفَيْتُمْ وَمَآ أَعْلَنتُمْ ۚ وَمَن يَفْعَلْهُ مِنكُمْ فَقَدْ ضَلَّ سَوَآءَ ٱلسَّبِيلِ",
        "إِن يَثْقَفُوكُمْ يَكُونُوا۟ لَكُمْ أَعْدَآءً وَيَبْسُطُوٓا۟ إِلَيْكُمْ أَيْدِيَهُمْ وَأَلْسِنَتَهُم بِٱلسُّوٓءِ وَوَدُّوا۟ لَوْ تَكْفُرُونَ",
        "لَن تَنفَعَكُمْ أَرْحَامُكُمْ وَلَآ أَوْلَـٰدُكُمْ ۚ يَوْمَ ٱلْقِيَـٰمَةِ يَفْصِلُ بَيْنَكُمْ ۚ وَٱللَّهُ بِمَا تَعْمَلُونَ بَصِيرٌ",
        "قَدْ كَانَتْ لَكُمْ أُسْوَةٌ حَسَنَةٌ فِىٓ إِبْرَٰهِيمَ وَٱلَّذِينَ مَعَهُۥٓ إِذْ قَالُوا۟ لِقَوْمِهِمْ إِنَّا بُرَءَٰٓؤُا۟ مِنكُمْ وَمِمَّا تَعْبُدُونَ مِن دُونِ ٱللَّهِ كَفَرْنَا بِكُمْ وَبَدَا بَيْنَنَا وَبَيْنَكُمُ ٱلْعَدَٰوَةُ وَٱلْبَغْضَآءُ أَبَدًا حَتَّىٰ تُؤْمِنُوا۟ بِٱللَّهِ وَحْدَهُۥٓ إِلَّا قَوْلَ إِبْرَٰهِيمَ لِأَبِيهِ لَأَسْتَغْفِرَنَّ لَكَ وَمَآ أَمْلِكُ لَكَ مِنَ ٱللَّهِ مِن شَىْءٍ ۖ رَّبَّنَا عَلَيْكَ تَوَكَّلْنَا وَإِلَيْكَ أَنَبْنَا وَإِلَيْكَ ٱلْمَصِيرُ",
        "رَبَّنَا لَا تَجْعَلْنَا فِتْنَةً لِّلَّذِينَ كَفَرُوا۟ وَٱغْفِرْ لَنَا رَبَّنَآ ۖ إِنَّكَ أَنتَ ٱلْعَزِيزُ ٱلْحَكِيمُ",
        "لَقَدْ كَانَ لَكُمْ فِيهِمْ أُسْوَةٌ حَسَنَةٌ لِّمَن كَانَ يَرْجُوا۟ ٱللَّهَ وَٱلْيَوْمَ ٱلْـَٔاخِرَ ۚ وَمَن يَتَوَلَّ فَإِنَّ ٱللَّهَ هُوَ ٱلْغَنِىُّ ٱلْحَمِيدُ",
        "۞ عَسَى ٱللَّهُ أَن يَجْعَلَ بَيْنَكُمْ وَبَيْنَ ٱلَّذِينَ عَادَيْتُم مِّنْهُم مَّوَدَّةً ۚ وَٱللَّهُ قَدِيرٌ ۚ وَٱللَّهُ غَفُورٌ رَّحِيمٌ",
        "لَّا يَنْهَىٰكُمُ ٱللَّهُ عَنِ ٱلَّذِينَ لَمْ يُقَـٰتِلُوكُمْ فِى ٱلدِّينِ وَلَمْ يُخْرِجُوكُم مِّن دِيَـٰرِكُمْ أَن تَبَرُّوهُمْ وَتُقْسِطُوٓا۟ إِلَيْهِمْ ۚ إِنَّ ٱللَّهَ يُحِبُّ ٱلْمُقْسِطِينَ",
        "إِنَّمَا يَنْهَىٰكُمُ ٱللَّهُ عَنِ ٱلَّذِينَ قَـٰتَلُوكُمْ فِى ٱلدِّينِ وَأَخْرَجُوكُم مِّن دِيَـٰرِكُمْ وَظَـٰهَرُوا۟ عَلَىٰٓ إِخْرَاجِكُمْ أَن تَوَلَّوْهُمْ ۚ وَمَن يَتَوَلَّهُمْ فَأُو۟لَـٰٓئِكَ هُمُ ٱلظَّـٰلِمُونَ",
        "يَـٰٓأَيُّهَا ٱلَّذِينَ ءَامَنُوٓا۟ إِذَا جَآءَكُمُ ٱلْمُؤْمِنَـٰتُ مُهَـٰجِرَٰتٍ فَٱمْتَحِنُوهُنَّ ۖ ٱللَّهُ أَعْلَمُ بِإِيمَـٰنِهِنَّ ۖ فَإِنْ عَلِمْتُمُوهُنَّ مُؤْمِنَـٰتٍ فَلَا تَرْجِعُوهُنَّ إِلَى ٱلْكُفَّارِ ۖ لَا هُنَّ حِلٌّ لَّهُمْ وَلَا هُمْ يَحِلُّونَ لَهُنَّ ۖ وَءَاتُوهُم مَّآ أَنفَقُوا۟ ۚ وَلَا جُنَاحَ عَلَيْكُمْ أَن تَنكِحُوهُنَّ إِذَآ ءَاتَيْتُمُوهُنَّ أُجُورَهُنَّ ۚ وَلَا تُمْسِكُوا۟ بِعِصَمِ ٱلْكَوَافِرِ وَسْـَٔلُوا۟ مَآ أَنفَقْتُمْ وَلْيَسْـَٔلُوا۟ مَآ أَنفَقُوا۟ ۚ ذَٰلِكُمْ حُكْمُ ٱللَّهِ ۖ يَحْكُمُ بَيْنَكُمْ ۚ وَٱللَّهُ عَلِيمٌ حَكِيمٌ",
        "وَإِن فَاتَكُمْ شَىْءٌ مِّنْ أَزْوَٰجِكُمْ إِلَى ٱلْكُفَّارِ فَعَاقَبْتُمْ فَـَٔاتُوا۟ ٱلَّذِينَ ذَهَبَتْ أَزْوَٰجُهُم مِّثْلَ مَآ أَنفَقُوا۟ ۚ وَٱتَّقُوا۟ ٱللَّهَ ٱلَّذِىٓ أَنتُم بِهِۦ مُؤْمِنُونَ",
        "يَـٰٓأَيُّهَا ٱلنَّبِىُّ إِذَا جَآءَكَ ٱلْمُؤْمِنَـٰتُ يُبَايِعْنَكَ عَلَىٰٓ أَن لَّا يُشْرِكْنَ بِٱللَّهِ شَيْـًٔا وَلَا يَسْرِقْنَ وَلَا يَزْنِينَ وَلَا يَقْتُلْنَ أَوْلَـٰدَهُنَّ وَلَا يَأْتِينَ بِبُهْتَـٰنٍ يَفْتَرِينَهُۥ بَيْنَ أَيْدِيهِنَّ وَأَرْجُلِهِنَّ وَلَا يَعْصِينَكَ فِى مَعْرُوفٍ ۙ فَبَايِعْهُنَّ وَٱسْتَغْفِرْ لَهُنَّ ٱللَّهَ ۖ إِنَّ ٱللَّهَ غَفُورٌ رَّحِيمٌ",
        "يَـٰٓأَيُّهَا ٱلَّذِينَ ءَامَنُوا۟ لَا تَتَوَلَّوْا۟ قَوْمًا غَضِبَ ٱللَّهُ عَلَيْهِمْ قَدْ يَئِسُوا۟ مِنَ ٱلْـَٔاخِرَةِ كَمَا يَئِسَ ٱلْكُفَّارُ مِنْ أَصْحَـٰبِ ٱلْقُبُورِ"
    ],
    "arabic2": [
        "يا ايها الذين امنوا لا تتخذوا عدوي وعدوكم اولياء تلقون اليهم بالمودة وقد كفروا بما جاءكم من الحق يخرجون الرسول واياكم ان تؤمنوا بالله ربكم ان كنتم خرجتم جهادا في سبيلي وابتغاء مرضاتي تسرون اليهم بالمودة وانا اعلم بما اخفيتم وما اعلنتم ومن يفعله منكم فقد ضل سواء السبيل",
        "ان يثقفوكم يكونوا لكم اعداء ويبسطوا اليكم ايديهم والسنتهم بالسوء وودوا لو تكفرون",
        "لن تنفعكم ارحامكم ولا اولادكم يوم القيامة يفصل بينكم والله بما تعملون بصير",
        "قد كانت لكم اسوة حسنة في ابراهيم والذين معه اذ قالوا لقومهم انا براء منكم ومما تعبدون من دون الله كفرنا بكم وبدا بيننا وبينكم العداوة والبغضاء ابدا حتى تؤمنوا بالله وحده الا قول ابراهيم لابيه لاستغفرن لك وما املك لك من الله من شيء ربنا عليك توكلنا واليك انبنا واليك المصير",
        "ربنا لا تجعلنا فتنة للذين كفروا واغفر لنا ربنا انك انت العزيز الحكيم",
        "لقد كان لكم فيهم اسوة حسنة لمن كان يرجو الله واليوم الاخر ومن يتول فان الله هو الغني الحميد",
        "عسى الله ان يجعل بينكم وبين الذين عاديتم منهم مودة والله قدير والله غفور رحيم",
        "لا ينهاكم الله عن الذين لم يقاتلوكم في الدين ولم يخرجوكم من دياركم ان تبروهم وتقسطوا اليهم ان الله يحب المقسطين",
        "انما ينهاكم الله عن الذين قاتلوكم في الدين واخرجوكم من دياركم وظاهروا على اخراجكم ان تولوهم ومن يتولهم فاولئك هم الظالمون",
        "يا ايها الذين امنوا اذا جاءكم المؤمنات مهاجرات فامتحنوهن الله اعلم بايمانهن فان علمتموهن مؤمنات فلا ترجعوهن الى الكفار لا هن حل لهم ولا هم يحلون لهن واتوهم ما انفقوا ولا جناح عليكم ان تنكحوهن اذا اتيتموهن اجورهن ولا تمسكوا بعصم الكوافر واسالوا ما انفقتم وليسالوا ما انفقوا ذلكم حكم الله يحكم بينكم والله عليم حكيم",
        "وان فاتكم شيء من ازواجكم الى الكفار فعاقبتم فاتوا الذين ذهبت ازواجهم مثل ما انفقوا واتقوا الله الذي انتم به مؤمنون",
        "يا ايها النبي اذا جاءك المؤمنات يبايعنك على ان لا يشركن بالله شيئا ولا يسرقن ولا يزنين ولا يقتلن اولادهن ولا ياتين ببهتان يفترينه بين ايديهن وارجلهن ولا يعصينك في معروف فبايعهن واستغفر لهن الله ان الله غفور رحيم",
        "يا ايها الذين امنوا لا تتولوا قوما غضب الله عليهم قد يئسوا من الاخرة كما يئس الكفار من اصحاب القبور"
    ]
}