{
    "surahName": "As-Saff",
    "surahNameArabic": "الصف",
    "surahNameArabicLong": "سورة الصف",
    "surahNameTranslation": "The Ranks",
    "revelationPlace": "Madina",
    "totalAyah": 14,
    "surahNo": 61,
    "english": [
        "Whatever is in the heavens and whatever is on the earth glorifies Allah. For He ˹alone˺ is the Almighty, All-Wise.",
        "O believers! Why do you say what you do not do?",
        "How despicable it is in the sight of Allah that you say what you do not do!",
        "Surely Allah loves those who fight in His cause in ˹solid˺ ranks as if they were one concrete structure.",
        "˹Remember, O  Prophet,˺ when Moses said to his people, “O my people! Why do you hurt me when you already know I am Allah’s messenger to you?” So when they ˹persistently˺ deviated, Allah caused their hearts to deviate. For Allah does not guide the rebellious people.",
        "And ˹remember˺ when Jesus, son of Mary, said, “O children of Israel! I am truly Allah’s messenger to you, confirming the Torah which came before me, and giving good news of a messenger after me whose name will be Aḥmad.” Yet when the Prophet came to them with clear proofs, they said, “This is pure magic.”",
        "Who does more wrong than the one who fabricates lies about Allah when invited to submit ˹to Him˺? For Allah does not guide the wrongdoing people.",
        "They wish to extinguish Allah’s light with their mouths, but Allah will ˹certainly˺ perfect His light, even to the dismay of the disbelievers.",
        "He is the One Who has sent His Messenger with ˹true˺ guidance and the religion of truth, making it prevail over all others, even to the dismay of the polytheists.",
        "O believers! Shall I guide you to an exchange that will save you from a painful punishment?",
        "˹It is to˺ have faith in Allah and His Messenger, and strive in the cause of Allah with your wealth and your lives. That is best for you, if only you knew.",
        "He will forgive your sins, and admit you into Gardens under which rivers flow, and ˹house you in˺ splendid homes in the Gardens of Eternity. That is the ultimate triumph.",
        "˹He will also give you˺ another favour that you long for: help from Allah and an imminent victory. ˹So˺ give good news ˹O Prophet˺ to the believers.",
        "O believers! Stand up for Allah, as Jesus, son of Mary, asked the disciples, “Who will stand up with me for Allah?” The disciples replied, “We will stand up for Allah.” Then a group from the Children of Israel believed while another disbelieved. We then supported the believers against their enemies, so they prevailed."
    ],
    "arabic1": [
        " سَبَّحَ لِلَّهِ مَا فِى ٱلسَّمَـٰوَٰتِ وَمَا فِى ٱلْأَرْضِ ۖ وَهُوَ ٱلْعَزِيزُ ٱلْحَكِيمُ",
        "يَـٰٓأَيُّهَا ٱلَّذِينَ ءَامَنُوا۟ لِمَ تَقُولُونَ مَا لَا تَفْعَلُونَ",
        "كَبُرَ مَقْتًا عِندَ ٱللَّهِ أَن تَقُولُوا۟ مَا لَا تَفْعَلُونَ",
        "إِنَّ ٱللَّهَ يُحِبُّ ٱلَّذِينَ يُقَـٰتِلُونَ فِى سَبِيلِهِۦ صَفًّا كَأَنَّهُم بُنْيَـٰنٌ مَّرْصُوصٌ",
        "وَإِذْ قَالَ مُوسَىٰ لِقَوْمِهِۦ يَـٰقَوْمِ لِمَ تُؤْذُونَنِى وَقَد تَّعْلَمُونَ أَنِّى رَسُولُ ٱللَّهِ إِلَيْكُمْ ۖ فَلَمَّا زَاغُوٓا۟ أَزَاغَ ٱللَّهُ قُلُوبَهُمْ ۚ وَٱللَّهُ لَا يَهْدِى ٱلْقَوْمَ ٱلْفَـٰسِقِينَ",
        "وَإِذْ قَالَ عِيسَى ٱبْنُ مَرْيَمَ يَـٰبَنِىٓ إِسْرَٰٓءِيلَ إِنِّى رَسُولُ ٱللَّهِ إِلَيْكُم مُّصَدِّقًا لِّمَا بَيْنَ يَدَىَّ مِنَ ٱلتَّوْرَىٰةِ وَمُبَشِّرًۢا بِرَسُولٍ يَأْتِى مِنۢ بَعْدِى ٱسْمُهُۥٓ أَحْمَدُ ۖ فَلَمَّا جَآءَهُم بِٱلْبَيِّنَـٰتِ قَالُوا۟ هَـٰذَا سِحْرٌ مُّبِينٌ",
        "وَمَنْ أَظْلَمُ مِمَّنِ ٱفْتَرَىٰ عَلَى ٱللَّهِ ٱلْكَذِبَ وَهُوَ يُدْعَىٰٓ إِلَى ٱلْإِسْلَـٰمِ ۚ وَٱللَّهُ لَا يَهْدِى ٱلْقَوْمَ ٱلظَّـٰلِمِينَ",
        "يُرِيدُونَ لِيُطْفِـُٔوا۟ نُورَ ٱللَّهِ بِأَفْوَٰهِهِمْ وَٱللَّهُ مُتِمُّ نُورِهِۦ وَلَوْ كَرِهَ ٱلْكَـٰفِرُونَ",
        "هُوَ ٱلَّذِىٓ أَرْسَلَ رَسُولَهُۥ بِٱلْهُدَىٰ وَدِينِ ٱلْحَقِّ لِيُظْهِرَهُۥ عَلَى ٱلدِّينِ كُلِّهِۦ وَلَوْ كَرِهَ ٱلْمُشْرِكُونَ",
        "يَـٰٓأَيُّهَا ٱلَّذِينَ ءَامَنُوا۟ هَلْ أَدُلُّكُمْ عَلَىٰ تِجَـٰرَةٍ تُنجِيكُم مِّنْ عَذَابٍ أَلِيمٍ",
        "تُؤْمِنُونَ بِٱللَّهِ وَرَسُولِهِۦ وَتُجَـٰهِدُونَ فِى سَبِيلِ ٱللَّهِ بِأَمْوَٰلِكُمْ وَأَنفُسِكُمْ ۚ ذَٰلِكُمْ خَيْرٌ لَّكُمْ إِن كُنتُمْ تَعْلَمُونَ",
        "يَغْفِرْ لَكُمْ ذُنُوبَكُمْ وَيُدْخِلْكُمْ جَنَّـٰتٍ تَجْرِى مِن تَحْتِهَا ٱلْأَنْهَـٰرُ وَمَسَـٰكِنَ طَيِّبَةً فِى جَنَّـٰتِ عَدْنٍ ۚ ذَٰلِكَ ٱلْفَوْزُ ٱلْعَظِيمُ",
        "وَأُخْرَىٰ تُحِبُّونَهَا ۖ نَصْرٌ مِّنَ ٱللَّهِ وَفَتْحٌ قَرِيبٌ ۗ وَبَشِّرِ ٱلْمُؤْمِنِينَ",
        "يَـٰٓأَيُّهَا ٱلَّذِينَ ءَامَنُوا۟ كُونُوٓا۟ أَنصَارَ ٱللَّهِ كَمَا قَالَ عِيسَى ٱبْنُ مَرْيَمَ لِلْحَوَارِيِّـۧنَ مَنْ أَنصَارِىٓ إِلَى ٱللَّهِ ۖ قَالَ ٱلْحَوَارِيُّونَ نَحْنُ أَنصَارُ ٱللَّهِ ۖ فَـَٔامَنَت طَّآئِفَةٌ مِّنۢ بَنِىٓ إِسْرَٰٓءِيلَ وَكَفَرَت طَّآئِفَةٌ ۖ فَأَيَّدْنَا ٱلَّذِينَ ءَامَنُوا۟ عَلَىٰ عَدُوِّهِمْ فَأَصْبَحُوا۟ ظَـٰهِرِينَ"
    ],
    "arabic2": [
        "سبح لله ما في السماوات وما في الارض وهو العزيز الحكيم",
        "يا ايها الذين امنوا لم تقولون ما لا تفعلون",
        "كبر مقتا عند الله ان تقولوا ما لا تفعلون",
        "ان الله يحب الذين يقاتلون في سبيله صفا كانهم بنيان مرصوص",
        "واذ قال موسى لقومه يا قوم لم تؤذونني وقد تعلمون اني رسول الله اليكم فلما زاغوا ازاغ الله قلوبهم والله لا يهدي القوم الفاسقين",
        "واذ قال عيسى ابن مريم يا بني اسرائيل اني رسول الله اليكم مصدقا لما بين يدي من التوراة ومبشرا برسول ياتي من بعدي اسمه احمد فلما جاءهم بالبينات قالوا هذا سحر مبين",
        "ومن اظلم ممن افترى على الله الكذب وهو يدعى الى الاسلام والله لا يهدي القوم الظالمين",
        "يريدون ليطفئوا نور الله بافواههم والله متم نوره ولو كره الكافرون",
        "هو الذي ارسل رسوله بالهدى ودين الحق ليظهره على الدين كله ولو كره المشركون",
        "يا ايها الذين امنوا هل ادلكم على تجارة تنجيكم من عذاب اليم",
        "تؤمنون بالله ورسوله وتجاهدون في سبيل الله باموالكم وانفسكم ذلكم خير لكم ان كنتم تعلمون",
        "يغفر لكم ذنوبكم ويدخلكم جنات تجري من تحتها الانهار ومساكن طيبة في جنات عدن ذلك الفوز العظيم",
        "واخرى تحبونها نصر من الله وفتح قريب وبشر المؤمنين",
        "يا ايها الذين امنوا كونوا انصار الله كما قال عيسى ابن مريم للحواريين من انصاري الى الله قال الحواريون نحن انصار الله فامنت طائفة من بني اسرائيل وكفرت طائفة فايدنا الذين امنوا على عدوهم فاصبحوا ظاهرين"
    ]
}