{
    "surahName": "Al-Jumu'a",
    "surahNameArabic": "الجمعة",
    "surahNameArabicLong": "سورة الجمعة",
    "surahNameTranslation": "Friday",
    "revelationPlace": "Madina",
    "totalAyah": 11,
    "surahNo": 62,
    "english": [
        "Whatever is in the heavens and whatever is on the earth ˹constantly˺ glorifies Allah—the King, the Most Holy, the Almighty, the All-Wise.",
        "He is the One Who raised for the illiterate ˹people˺ a messenger from among themselves—reciting to them His revelations, purifying them, and teaching them the Book and wisdom, for indeed they had previously been clearly astray—",
        "along with others of them who have not yet joined them ˹in faith˺. For He is the Almighty, All-Wise.",
        "This is the favour of Allah. He grants it to whoever He wills. And Allah is the Lord of infinite bounty.",
        "The example of those who were entrusted with ˹observing˺ the Torah but failed to do so, is that of a donkey carrying books. How evil is the example of those who reject Allah’s signs! For Allah does not guide the wrongdoing people.",
        "Say, ˹O Prophet,˺ “O Jews! If you claim to be Allah’s chosen ˹people˺ out of all humanity, then wish for death, if what you say is true.”",
        "But they will never wish for that because of what their hands have done. And Allah has ˹perfect˺ knowledge of the wrongdoers.",
        "Say, “The death you are running away from will inevitably come to you. Then you will be returned to the Knower of the seen and unseen, and He will inform you of what you used to do.”",
        "O believers! When the call to prayer is made on Friday, then proceed ˹diligently˺ to the remembrance of Allah and leave off ˹your˺ business. That is best for you, if only you knew.",
        "Once the prayer is over, disperse throughout the land and seek the bounty of Allah. And remember Allah often so you may be successful.",
        "When they saw the fanfare along with the caravan, they ˹almost all˺ flocked to it, leaving you ˹O Prophet˺ standing ˹on the pulpit˺. Say, “What is with Allah is far better than amusement and merchandise. And Allah is the Best Provider.”"
    ],
    "arabic1": [
        " يُسَبِّحُ لِلَّهِ مَا فِى ٱلسَّمَـٰوَٰتِ وَمَا فِى ٱلْأَرْضِ ٱلْمَلِكِ ٱلْقُدُّوسِ ٱلْعَزِيزِ ٱلْحَكِيمِ",
        "هُوَ ٱلَّذِى بَعَثَ فِى ٱلْأُمِّيِّـۧنَ رَسُولًا مِّنْهُمْ يَتْلُوا۟ عَلَيْهِمْ ءَايَـٰتِهِۦ وَيُزَكِّيهِمْ وَيُعَلِّمُهُمُ ٱلْكِتَـٰبَ وَٱلْحِكْمَةَ وَإِن كَانُوا۟ مِن قَبْلُ لَفِى ضَلَـٰلٍ مُّبِينٍ",
        "وَءَاخَرِينَ مِنْهُمْ لَمَّا يَلْحَقُوا۟ بِهِمْ ۚ وَهُوَ ٱلْعَزِيزُ ٱلْحَكِيمُ",
        "ذَٰلِكَ فَضْلُ ٱللَّهِ يُؤْتِيهِ مَن يَشَآءُ ۚ وَٱللَّهُ ذُو ٱلْفَضْلِ ٱلْعَظِيمِ",
        "مَثَلُ ٱلَّذِينَ حُمِّلُوا۟ ٱلتَّوْرَىٰةَ ثُمَّ لَمْ يَحْمِلُوهَا كَمَثَلِ ٱلْحِمَارِ يَحْمِلُ أَسْفَارًۢا ۚ بِئْسَ مَثَلُ ٱلْقَوْمِ ٱلَّذِينَ كَذَّبُوا۟ بِـَٔايَـٰتِ ٱللَّهِ ۚ وَٱللَّهُ لَا يَهْدِى ٱلْقَوْمَ ٱلظَّـٰلِمِينَ",
        "قُلْ يَـٰٓأَيُّهَا ٱلَّذِينَ هَادُوٓا۟ إِن زَعَمْتُمْ أَنَّكُمْ أَوْلِيَآءُ لِلَّهِ مِن دُونِ ٱلنَّاسِ فَتَمَنَّوُا۟ ٱلْمَوْتَ إِن كُنتُمْ صَـٰدِقِينَ",
        "وَلَا يَتَمَنَّوْنَهُۥٓ أَبَدًۢا بِمَا قَدَّمَتْ أَيْدِيهِمْ ۚ وَٱللَّهُ عَلِيمٌۢ بِٱلظَّـٰلِمِينَ",
        "قُلْ إِنَّ ٱلْمَوْتَ ٱلَّذِى تَفِرُّونَ مِنْهُ فَإِنَّهُۥ مُلَـٰقِيكُمْ ۖ ثُمَّ تُرَدُّونَ إِلَىٰ عَـٰلِمِ ٱلْغَيْبِ وَٱلشَّهَـٰدَةِ فَيُنَبِّئُكُم بِمَا كُنتُمْ تَعْمَلُونَ",
        "يَـٰٓأَيُّهَا ٱلَّذِينَ ءَامَنُوٓا۟ إِذَا نُودِىَ لِلصَّلَوٰةِ مِن يَوْمِ ٱلْجُمُعَةِ فَٱسْعَوْا۟ إِلَىٰ ذِكْرِ ٱللَّهِ وَذَرُوا۟ ٱلْبَيْعَ ۚ ذَٰلِكُمْ خَيْرٌ لَّكُمْ إِن كُنتُمْ تَعْلَمُونَ",
        "فَإِذَا قُضِيَتِ ٱلصَّلَوٰةُ فَٱنتَشِرُوا۟ فِى ٱلْأَرْضِ وَٱبْتَغُوا۟ مِن فَضْلِ ٱللَّهِ وَٱذْكُرُوا۟ ٱللَّهَ كَثِيرًا لَّعَلَّكُمْ تُفْلِحُونَ",
        "وَإِذَا رَأَوْا۟ تِجَـٰرَةً أَوْ لَهْوًا ٱنفَضُّوٓا۟ إِلَيْهَا وَتَرَكُوكَ قَآئِمًا ۚ قُلْ مَا عِندَ ٱللَّهِ خَيْرٌ مِّنَ ٱللَّهْوِ وَمِنَ ٱلتِّجَـٰرَةِ ۚ وَٱللَّهُ خَيْرُ ٱلرَّٰزِقِينَ"
    ],
    "arabic2": [
        "يسبح لله ما في السماوات وما في الارض الملك القدوس العزيز الحكيم",
        "هو الذي بعث في الاميين رسولا منهم يتلو عليهم اياته ويزكيهم ويعلمهم الكتاب والحكمة وان كانوا من قبل لفي ضلال مبين",
        "واخرين منهم لما يلحقوا بهم وهو العزيز الحكيم",
        "ذلك فضل الله يؤتيه من يشاء والله ذو الفضل العظيم",
        "مثل الذين حملوا التوراة ثم لم يحملوها كمثل الحمار يحمل اسفارا بئس مثل القوم الذين كذبوا بايات الله والله لا يهدي القوم الظالمين",
        "قل يا ايها الذين هادوا ان زعمتم انكم اولياء لله من دون الناس فتمنوا الموت ان كنتم صادقين",
        "ولا يتمنونه ابدا بما قدمت ايديهم والله عليم بالظالمين",
        "قل ان الموت الذي تفرون منه فانه ملاقيكم ثم تردون الى عالم الغيب والشهادة فينبئكم بما كنتم تعملون",
        "يا ايها الذين امنوا اذا نودي للصلاة من يوم الجمعة فاسعوا الى ذكر الله وذروا البيع ذلكم خير لكم ان كنتم تعلمون",
        "فاذا قضيت الصلاة فانتشروا في الارض وابتغوا من فضل الله واذكروا الله كثيرا لعلكم تفلحون",
        "واذا راوا تجارة او لهوا انفضوا اليها وتركوك قائما قل ما عند الله خير من اللهو ومن التجارة والله خير الرازقين"
    ]
}