{
    "surahName": "Al-Munaafiqoon",
    "surahNameArabic": "المنافقون",
    "surahNameArabicLong": "سورة المنافقون",
    "surahNameTranslation": "The Hypocrites",
    "revelationPlace": "Madina",
    "totalAyah": 11,
    "surahNo": 63,
    "english": [
        "When the hypocrites come to you ˹O Prophet˺, they say, “We bear witness that you are certainly the Messenger of Allah”—and surely Allah knows that you are His Messenger—but Allah bears witness that the hypocrites are truly liars.",
        "They have made their ˹false˺ oaths as a shield, hindering ˹others˺ from the Way of Allah. Evil indeed is what they do!",
        "This is because they believed and then abandoned faith. Therefore, their hearts have been sealed, so they do not comprehend.",
        "When you see them, their appearance impresses you. And when they speak, you listen to their ˹impressive˺ speech. But they are ˹just˺ like ˹worthless˺ planks of wood leaned ˹against a wall˺. They think every cry is against them. They are the enemy, so beware of them. May Allah condemn them! How can they be deluded ˹from the truth˺?",
        "When it is said to them, “Come! The Messenger of Allah will pray for you to be forgiven,” they turn their heads ˹in disgust˺, and you see them ˹O Prophet˺ turn away in arrogance.",
        "It is the same whether you pray for their forgiveness or not, Allah will not forgive them. Surely Allah does not guide the rebellious people.",
        "They are the ones who say ˹to one another˺, “Do not spend ˹anything˺ on those ˹emigrants˺ with the Messenger of Allah so that they will break away ˹from him˺.” But to Allah ˹alone˺ belong the treasuries of the heavens and the earth, yet the hypocrites do not comprehend.",
        "They say, “If we return to Medina, the honourable will definitely expel the inferior.” But all honour and power belongs to Allah, His Messenger, and the believers, yet the hypocrites do not know.",
        "O believers! Do not let your wealth or your children divert you from the remembrance of Allah. For whoever does so, it is they who are the ˹true˺ losers.",
        "And donate from what We have provided for you before death comes to one of you, and you cry, “My Lord! If only You delayed me for a short while, I would give in charity and be one of the righteous.”",
        "But Allah never delays a soul when its appointed time comes. And Allah is All-Aware of what you do."
    ],
    "arabic1": [
        " إِذَا جَآءَكَ ٱلْمُنَـٰفِقُونَ قَالُوا۟ نَشْهَدُ إِنَّكَ لَرَسُولُ ٱللَّهِ ۗ وَٱللَّهُ يَعْلَمُ إِنَّكَ لَرَسُولُهُۥ وَٱللَّهُ يَشْهَدُ إِنَّ ٱلْمُنَـٰفِقِينَ لَكَـٰذِبُونَ",
        "ٱتَّخَذُوٓا۟ أَيْمَـٰنَهُمْ جُنَّةً فَصَدُّوا۟ عَن سَبِيلِ ٱللَّهِ ۚ إِنَّهُمْ سَآءَ مَا كَانُوا۟ يَعْمَلُونَ",
        "ذَٰلِكَ بِأَنَّهُمْ ءَامَنُوا۟ ثُمَّ كَفَرُوا۟ فَطُبِعَ عَلَىٰ قُلُوبِهِمْ فَهُمْ لَا يَفْقَهُونَ",
        "۞ وَإِذَا رَأَيْتَهُمْ تُعْجِبُكَ أَجْسَامُهُمْ ۖ وَإِن يَقُولُوا۟ تَسْمَعْ لِقَوْلِهِمْ ۖ كَأَنَّهُمْ خُشُبٌ مُّسَنَّدَةٌ ۖ يَحْسَبُونَ كُلَّ صَيْحَةٍ عَلَيْهِمْ ۚ هُمُ ٱلْعَدُوُّ فَٱحْذَرْهُمْ ۚ قَـٰتَلَهُمُ ٱللَّهُ ۖ أَنَّىٰ يُؤْفَكُونَ",
        "وَإِذَا قِيلَ لَهُمْ تَعَالَوْا۟ يَسْتَغْفِرْ لَكُمْ رَسُولُ ٱللَّهِ لَوَّوْا۟ رُءُوسَهُمْ وَرَأَيْتَهُمْ يَصُدُّونَ وَهُم مُّسْتَكْبِرُونَ",
        "سَوَآءٌ عَلَيْهِمْ أَسْتَغْفَرْتَ لَهُمْ أَمْ لَمْ تَسْتَغْفِرْ لَهُمْ لَن يَغْفِرَ ٱللَّهُ لَهُمْ ۚ إِنَّ ٱللَّهَ لَا يَهْدِى ٱلْقَوْمَ ٱلْفَـٰسِقِينَ",
        "هُمُ ٱلَّذِينَ يَقُولُونَ لَا تُنفِقُوا۟ عَلَىٰ مَنْ عِندَ رَسُولِ ٱللَّهِ حَتَّىٰ يَنفَضُّوا۟ ۗ وَلِلَّهِ خَزَآئِنُ ٱلسَّمَـٰوَٰتِ وَٱلْأَرْضِ وَلَـٰكِنَّ ٱلْمُنَـٰفِقِينَ لَا يَفْقَهُونَ",
        "يَقُولُونَ لَئِن رَّجَعْنَآ إِلَى ٱلْمَدِينَةِ لَيُخْرِجَنَّ ٱلْأَعَزُّ مِنْهَا ٱلْأَذَلَّ ۚ وَلِلَّهِ ٱلْعِزَّةُ وَلِرَسُولِهِۦ وَلِلْمُؤْمِنِينَ وَلَـٰكِنَّ ٱلْمُنَـٰفِقِينَ لَا يَعْلَمُونَ",
        "يَـٰٓأَيُّهَا ٱلَّذِينَ ءَامَنُوا۟ لَا تُلْهِكُمْ أَمْوَٰلُكُمْ وَلَآ أَوْلَـٰدُكُمْ عَن ذِكْرِ ٱللَّهِ ۚ وَمَن يَفْعَلْ ذَٰلِكَ فَأُو۟لَـٰٓئِكَ هُمُ ٱلْخَـٰسِرُونَ",
        "وَأَنفِقُوا۟ مِن مَّا رَزَقْنَـٰكُم مِّن قَبْلِ أَن يَأْتِىَ أَحَدَكُمُ ٱلْمَوْتُ فَيَقُولَ رَبِّ لَوْلَآ أَخَّرْتَنِىٓ إِلَىٰٓ أَجَلٍ قَرِيبٍ فَأَصَّدَّقَ وَأَكُن مِّنَ ٱلصَّـٰلِحِينَ",
        "وَلَن يُؤَخِّرَ ٱللَّهُ نَفْسًا إِذَا جَآءَ أَجَلُهَا ۚ وَٱللَّهُ خَبِيرٌۢ بِمَا تَعْمَلُونَ"
    ],
    "arabic2": [
        "اذا جاءك المنافقون قالوا نشهد انك لرسول الله والله يعلم انك لرسوله والله يشهد ان المنافقين لكاذبون",
        "اتخذوا ايمانهم جنة فصدوا عن سبيل الله انهم ساء ما كانوا يعملون",
        "ذلك بانهم امنوا ثم كفروا فطبع على قلوبهم فهم لا يفقهون",
        "واذا رايتهم تعجبك اجسامهم وان يقولوا تسمع لقولهم كانهم خشب مسندة يحسبون كل صيحة عليهم هم العدو فاحذرهم قاتلهم الله انى يؤفكون",
        "واذا قيل لهم تعالوا يستغفر لكم رسول الله لووا رءوسهم ورايتهم يصدون وهم مستكبرون",
        "سواء عليهم استغفرت لهم ام لم تستغفر لهم لن يغفر الله لهم ان الله لا يهدي القوم الفاسقين",
        "هم الذين يقولون لا تنفقوا على من عند رسول الله حتى ينفضوا ولله خزائن السماوات والارض ولكن المنافقين لا يفقهون",
        "يقولون لئن رجعنا الى المدينة ليخرجن الاعز منها الاذل ولله العزة ولرسوله وللمؤمنين ولكن المنافقين لا يعلمون",
        "يا ايها الذين امنوا لا تلهكم اموالكم ولا اولادكم عن ذكر الله ومن يفعل ذلك فاولئك هم الخاسرون",
        "وانفقوا من ما رزقناكم من قبل ان ياتي احدكم الموت فيقول رب لولا اخرتني الى اجل قريب فاصدق واكن من الصالحين",
        "ولن يؤخر الله نفسا اذا جاء اجلها والله خبير بما تعملون"
    ]
}