{
    "surahName": "At-Taghaabun",
    "surahNameArabic": "التغابن",
    "surahNameArabicLong": "سورة التغابن",
    "surahNameTranslation": "Mutual Disillusion",
    "revelationPlace": "Madina",
    "totalAyah": 18,
    "surahNo": 64,
    "english": [
        "Whatever is in the heavens and whatever is on the earth ˹constantly˺ glorifies Allah. The kingdom is His, and all praise is for Him. For He is Most Capable of everything.",
        "He is the One Who created you, yet some of you are disbelievers while some are believers. And Allah is All-Seeing of what you do.",
        "He created the heavens and the earth for a purpose. He shaped you ˹in the womb˺, perfecting your form. And to Him is the final return.",
        "He knows whatever is in the heavens and the earth. And He knows whatever you conceal and whatever you reveal. For Allah knows best what is ˹hidden˺ in the heart.",
        "Have the stories of those who disbelieved before not reached you ˹pagans˺? They tasted the evil consequences of their doings, and they will suffer a painful punishment.",
        "That was because their messengers used to come to them with clear proofs, but they said ˹mockingly˺, “How can humans be our guides?” So they persisted in disbelief and turned away. And Allah was not in need ˹of their faith˺. For Allah is Self-Sufficient, Praiseworthy.",
        "The disbelievers claim they will not be resurrected. Say, ˹O Prophet,˺ “Yes, by my Lord, you will surely be resurrected, then you will certainly be informed of what you have done. And that is easy for Allah.”",
        "So believe in Allah and His Messenger and in the Light We have revealed. And Allah is All-Aware of what you do.",
        "˹Consider˺ the Day He will gather you ˹all˺ for the Day of Gathering—that will be the Day of mutual loss and gain. So whoever believes in Allah and does good, He will absolve them of their sins and admit them into Gardens under which rivers flow, to stay there for ever and ever. That is the ultimate triumph.",
        "As for those who disbelieve and reject Our revelations, they will be the residents of the Fire, staying there forever. What an evil destination!",
        "No calamity befalls ˹anyone˺ except by Allah’s Will. And whoever has faith in Allah, He will ˹rightly˺ guide their hearts ˹through adversity˺. And Allah has ˹perfect˺ knowledge of all things.",
        "Obey Allah and obey the Messenger! But if you turn away, then Our Messenger’s duty is only to deliver ˹the message˺ clearly.",
        "Allah—there is no god ˹worthy of worship˺ except Him. So in Allah let the believers put their trust.",
        "O believers! Indeed, some of your spouses and children are enemies to you, so beware of them. But if you pardon, overlook, and forgive ˹their faults˺, then Allah is truly All-Forgiving, Most Merciful.",
        "Your wealth and children are only a test, but Allah ˹alone˺ has a great reward.",
        "So be mindful of Allah to the best of your ability, hear and obey, and spend in charity—that will be best for you. And whoever is saved from the selfishness of their own souls, it is they who are ˹truly˺ successful.",
        "If you lend to Allah a good loan, He will multiply it for you and forgive you. For Allah is Most Appreciative, Most Forbearing.",
        "˹He is the˺ Knower of the seen and unseen—the Almighty, All-Wise."
    ],
    "arabic1": [
        " يُسَبِّحُ لِلَّهِ مَا فِى ٱلسَّمَـٰوَٰتِ وَمَا فِى ٱلْأَرْضِ ۖ لَهُ ٱلْمُلْكُ وَلَهُ ٱلْحَمْدُ ۖ وَهُوَ عَلَىٰ كُلِّ شَىْءٍ قَدِيرٌ",
        "هُوَ ٱلَّذِى خَلَقَكُمْ فَمِنكُمْ كَافِرٌ وَمِنكُم مُّؤْمِنٌ ۚ وَٱللَّهُ بِمَا تَعْمَلُونَ بَصِيرٌ",
        "خَلَقَ ٱلسَّمَـٰوَٰتِ وَٱلْأَرْضَ بِٱلْحَقِّ وَصَوَّرَكُمْ فَأَحْسَنَ صُوَرَكُمْ ۖ وَإِلَيْهِ ٱلْمَصِيرُ",
        "يَعْلَمُ مَا فِى ٱلسَّمَـٰوَٰتِ وَٱلْأَرْضِ وَيَعْلَمُ مَا تُسِرُّونَ وَمَا تُعْلِنُونَ ۚ وَٱللَّهُ عَلِيمٌۢ بِذَاتِ ٱلصُّدُورِ",
        "أَلَمْ يَأْتِكُمْ نَبَؤُا۟ ٱلَّذِينَ كَفَرُوا۟ مِن قَبْلُ فَذَاقُوا۟ وَبَالَ أَمْرِهِمْ وَلَهُمْ عَذَابٌ أَلِيمٌ",
        "ذَٰلِكَ بِأَنَّهُۥ كَانَت تَّأْتِيهِمْ رُسُلُهُم بِٱلْبَيِّنَـٰتِ فَقَالُوٓا۟ أَبَشَرٌ يَهْدُونَنَا فَكَفَرُوا۟ وَتَوَلَّوا۟ ۚ وَّٱسْتَغْنَى ٱللَّهُ ۚ وَٱللَّهُ غَنِىٌّ حَمِيدٌ",
        "زَعَمَ ٱلَّذِينَ كَفَرُوٓا۟ أَن لَّن يُبْعَثُوا۟ ۚ قُلْ بَلَىٰ وَرَبِّى لَتُبْعَثُنَّ ثُمَّ لَتُنَبَّؤُنَّ بِمَا عَمِلْتُمْ ۚ وَذَٰلِكَ عَلَى ٱللَّهِ يَسِيرٌ",
        "فَـَٔامِنُوا۟ بِٱللَّهِ وَرَسُولِهِۦ وَٱلنُّورِ ٱلَّذِىٓ أَنزَلْنَا ۚ وَٱللَّهُ بِمَا تَعْمَلُونَ خَبِيرٌ",
        "يَوْمَ يَجْمَعُكُمْ لِيَوْمِ ٱلْجَمْعِ ۖ ذَٰلِكَ يَوْمُ ٱلتَّغَابُنِ ۗ وَمَن يُؤْمِنۢ بِٱللَّهِ وَيَعْمَلْ صَـٰلِحًا يُكَفِّرْ عَنْهُ سَيِّـَٔاتِهِۦ وَيُدْخِلْهُ جَنَّـٰتٍ تَجْرِى مِن تَحْتِهَا ٱلْأَنْهَـٰرُ خَـٰلِدِينَ فِيهَآ أَبَدًا ۚ ذَٰلِكَ ٱلْفَوْزُ ٱلْعَظِيمُ",
        "وَٱلَّذِينَ كَفَرُوا۟ وَكَذَّبُوا۟ بِـَٔايَـٰتِنَآ أُو۟لَـٰٓئِكَ أَصْحَـٰبُ ٱلنَّارِ خَـٰلِدِينَ فِيهَا ۖ وَبِئْسَ ٱلْمَصِيرُ",
        "مَآ أَصَابَ مِن مُّصِيبَةٍ إِلَّا بِإِذْنِ ٱللَّهِ ۗ وَمَن يُؤْمِنۢ بِٱللَّهِ يَهْدِ قَلْبَهُۥ ۚ وَٱللَّهُ بِكُلِّ شَىْءٍ عَلِيمٌ",
        "وَأَطِيعُوا۟ ٱللَّهَ وَأَطِيعُوا۟ ٱلرَّسُولَ ۚ فَإِن تَوَلَّيْتُمْ فَإِنَّمَا عَلَىٰ رَسُولِنَا ٱلْبَلَـٰغُ ٱلْمُبِينُ",
        "ٱللَّهُ لَآ إِلَـٰهَ إِلَّا هُوَ ۚ وَعَلَى ٱللَّهِ فَلْيَتَوَكَّلِ ٱلْمُؤْمِنُونَ",
        "يَـٰٓأَيُّهَا ٱلَّذِينَ ءَامَنُوٓا۟ إِنَّ مِنْ أَزْوَٰجِكُمْ وَأَوْلَـٰدِكُمْ عَدُوًّا لَّكُمْ فَٱحْذَرُوهُمْ ۚ وَإِن تَعْفُوا۟ وَتَصْفَحُوا۟ وَتَغْفِرُوا۟ فَإِنَّ ٱللَّهَ غَفُورٌ رَّحِيمٌ",
        "إِنَّمَآ أَمْوَٰلُكُمْ وَأَوْلَـٰدُكُمْ فِتْنَةٌ ۚ وَٱللَّهُ عِندَهُۥٓ أَجْرٌ عَظِيمٌ",
        "فَٱتَّقُوا۟ ٱللَّهَ مَا ٱسْتَطَعْتُمْ وَٱسْمَعُوا۟ وَأَطِيعُوا۟ وَأَنفِقُوا۟ خَيْرًا لِّأَنفُسِكُمْ ۗ وَمَن يُوقَ شُحَّ نَفْسِهِۦ فَأُو۟لَـٰٓئِكَ هُمُ ٱلْمُفْلِحُونَ",
        "إِن تُقْرِضُوا۟ ٱللَّهَ قَرْضًا حَسَنًا يُضَـٰعِفْهُ لَكُمْ وَيَغْفِرْ لَكُمْ ۚ وَٱللَّهُ شَكُورٌ حَلِيمٌ",
        "عَـٰلِمُ ٱلْغَيْبِ وَٱلشَّهَـٰدَةِ ٱلْعَزِيزُ ٱلْحَكِيمُ"
    ],
    "arabic2": [
        "يسبح لله ما في السماوات وما في الارض له الملك وله الحمد وهو على كل شيء قدير",
        "هو الذي خلقكم فمنكم كافر ومنكم مؤمن والله بما تعملون بصير",
        "خلق السماوات والارض بالحق وصوركم فاحسن صوركم واليه المصير",
        "يعلم ما في السماوات والارض ويعلم ما تسرون وما تعلنون والله عليم بذات الصدور",
        "الم ياتكم نبا الذين كفروا من قبل فذاقوا وبال امرهم ولهم عذاب اليم",
        "ذلك بانه كانت تاتيهم رسلهم بالبينات فقالوا ابشر يهدوننا فكفروا وتولوا واستغنى الله والله غني حميد",
        "زعم الذين كفروا ان لن يبعثوا قل بلى وربي لتبعثن ثم لتنبؤن بما عملتم وذلك على الله يسير",
        "فامنوا بالله ورسوله والنور الذي انزلنا والله بما تعملون خبير",
        "يوم يجمعكم ليوم الجمع ذلك يوم التغابن ومن يؤمن بالله ويعمل صالحا يكفر عنه سيئاته ويدخله جنات تجري من تحتها الانهار خالدين فيها ابدا ذلك الفوز العظيم",
        "والذين كفروا وكذبوا باياتنا اولئك اصحاب النار خالدين فيها وبئس المصير",
        "ما اصاب من مصيبة الا باذن الله ومن يؤمن بالله يهد قلبه والله بكل شيء عليم",
        "واطيعوا الله واطيعوا الرسول فان توليتم فانما على رسولنا البلاغ المبين",
        "الله لا اله الا هو وعلى الله فليتوكل المؤمنون",
        "يا ايها الذين امنوا ان من ازواجكم واولادكم عدوا لكم فاحذروهم وان تعفوا وتصفحوا وتغفروا فان الله غفور رحيم",
        "انما اموالكم واولادكم فتنة والله عنده اجر عظيم",
        "فاتقوا الله ما استطعتم واسمعوا واطيعوا وانفقوا خيرا لانفسكم ومن يوق شح نفسه فاولئك هم المفلحون",
        "ان تقرضوا الله قرضا حسنا يضاعفه لكم ويغفر لكم والله شكور حليم",
        "عالم الغيب والشهادة العزيز الحكيم"
    ]
}