{
    "surahName": "At-Tahrim",
    "surahNameArabic": "التحريم",
    "surahNameArabicLong": "سورة التحريم",
    "surahNameTranslation": "The Prohibition",
    "revelationPlace": "Madina",
    "totalAyah": 12,
    "surahNo": 66,
    "english": [
        "O Prophet! Why do you prohibit ˹yourself˺ from what Allah has made lawful to you, seeking to please your wives? And Allah is All-Forgiving, Most Merciful.",
        "Allah has already ordained for you ˹believers˺ the way to absolve yourselves from your oaths. For Allah is your Guardian. And He is the All-Knowing, All-Wise.",
        "˹Remember˺ when the Prophet had ˹once˺ confided something to one of his wives, then when she disclosed it ˹to another wife˺ and Allah made it known to him, he presented ˹to her˺ part of what was disclosed and overlooked a part. So when he informed her of it, she exclaimed, “Who told you this?” He replied, “I was informed by the All-Knowing, All-Aware.”",
        "˹It will be better˺ if you ˹wives˺ both turn to Allah in repentance, for your hearts have certainly faltered. But if you ˹continue to˺ collaborate against him, then ˹know that˺ Allah Himself is his Guardian. And Gabriel, the righteous believers, and the angels are ˹all˺ his supporters as well.",
        "Perhaps, if he were to divorce you ˹all˺, his Lord would replace you with better wives who are submissive ˹to Allah˺, faithful ˹to Him˺, devout, repentant, dedicated to worship and fasting—previously married or virgins.",
        "O believers! Protect yourselves and your families from a Fire whose fuel is people and stones, overseen by formidable and severe angels, who never disobey whatever Allah orders—always doing as commanded.",
        "˹The deniers will then be told,˺ “O disbelievers! Make no excuses this Day! You are only rewarded for what you used to do.”",
        "O believers! Turn to Allah in sincere repentance, so your Lord may absolve you of your sins and admit you into Gardens, under which rivers flow, on the Day Allah will not disgrace the Prophet or the believers with him. Their light will shine ahead of them and on their right. They will say, “Our Lord! Perfect our light for us, and forgive us. ˹For˺ You are truly Most Capable of everything.”",
        "O Prophet! Struggle against the disbelievers and the hypocrites, and be firm with them. Hell will be their home. What an evil destination!",
        "Allah sets forth an example for the disbelievers: the wife of Noah and the wife of Lot. Each was married to one of Our righteous servants, yet betrayed them. So their husbands were of no benefit to them against Allah whatsoever. Both were told, “Enter the Fire, along with the others!”",
        "And Allah sets forth an example for the believers: the wife of Pharaoh, who prayed, “My Lord! Build me a house in Paradise near You, deliver me from Pharaoh and his ˹evil˺ doing, and save me from the wrongdoing people.”",
        "˹There is˺ also ˹the example of˺ Mary, the daughter of ’Imrân, who guarded her chastity, so We breathed into her ˹womb˺ through Our angel ˹Gabriel˺. She testified to the words of her Lord and His Scriptures, and was one of the ˹sincerely˺ devout."
    ],
    "arabic1": [
        " يَـٰٓأَيُّهَا ٱلنَّبِىُّ لِمَ تُحَرِّمُ مَآ أَحَلَّ ٱللَّهُ لَكَ ۖ تَبْتَغِى مَرْضَاتَ أَزْوَٰجِكَ ۚ وَٱللَّهُ غَفُورٌ رَّحِيمٌ",
        "قَدْ فَرَضَ ٱللَّهُ لَكُمْ تَحِلَّةَ أَيْمَـٰنِكُمْ ۚ وَٱللَّهُ مَوْلَىٰكُمْ ۖ وَهُوَ ٱلْعَلِيمُ ٱلْحَكِيمُ",
        "وَإِذْ أَسَرَّ ٱلنَّبِىُّ إِلَىٰ بَعْضِ أَزْوَٰجِهِۦ حَدِيثًا فَلَمَّا نَبَّأَتْ بِهِۦ وَأَظْهَرَهُ ٱللَّهُ عَلَيْهِ عَرَّفَ بَعْضَهُۥ وَأَعْرَضَ عَنۢ بَعْضٍ ۖ فَلَمَّا نَبَّأَهَا بِهِۦ قَالَتْ مَنْ أَنۢبَأَكَ هَـٰذَا ۖ قَالَ نَبَّأَنِىَ ٱلْعَلِيمُ ٱلْخَبِيرُ",
        "إِن تَتُوبَآ إِلَى ٱللَّهِ فَقَدْ صَغَتْ قُلُوبُكُمَا ۖ وَإِن تَظَـٰهَرَا عَلَيْهِ فَإِنَّ ٱللَّهَ هُوَ مَوْلَىٰهُ وَجِبْرِيلُ وَصَـٰلِحُ ٱلْمُؤْمِنِينَ ۖ وَٱلْمَلَـٰٓئِكَةُ بَعْدَ ذَٰلِكَ ظَهِيرٌ",
        "عَسَىٰ رَبُّهُۥٓ إِن طَلَّقَكُنَّ أَن يُبْدِلَهُۥٓ أَزْوَٰجًا خَيْرًا مِّنكُنَّ مُسْلِمَـٰتٍ مُّؤْمِنَـٰتٍ قَـٰنِتَـٰتٍ تَـٰٓئِبَـٰتٍ عَـٰبِدَٰتٍ سَـٰٓئِحَـٰتٍ ثَيِّبَـٰتٍ وَأَبْكَارًا",
        "يَـٰٓأَيُّهَا ٱلَّذِينَ ءَامَنُوا۟ قُوٓا۟ أَنفُسَكُمْ وَأَهْلِيكُمْ نَارًا وَقُودُهَا ٱلنَّاسُ وَٱلْحِجَارَةُ عَلَيْهَا مَلَـٰٓئِكَةٌ غِلَاظٌ شِدَادٌ لَّا يَعْصُونَ ٱللَّهَ مَآ أَمَرَهُمْ وَيَفْعَلُونَ مَا يُؤْمَرُونَ",
        "يَـٰٓأَيُّهَا ٱلَّذِينَ كَفَرُوا۟ لَا تَعْتَذِرُوا۟ ٱلْيَوْمَ ۖ إِنَّمَا تُجْزَوْنَ مَا كُنتُمْ تَعْمَلُونَ",
        "يَـٰٓأَيُّهَا ٱلَّذِينَ ءَامَنُوا۟ تُوبُوٓا۟ إِلَى ٱللَّهِ تَوْبَةً نَّصُوحًا عَسَىٰ رَبُّكُمْ أَن يُكَفِّرَ عَنكُمْ سَيِّـَٔاتِكُمْ وَيُدْخِلَكُمْ جَنَّـٰتٍ تَجْرِى مِن تَحْتِهَا ٱلْأَنْهَـٰرُ يَوْمَ لَا يُخْزِى ٱللَّهُ ٱلنَّبِىَّ وَٱلَّذِينَ ءَامَنُوا۟ مَعَهُۥ ۖ نُورُهُمْ يَسْعَىٰ بَيْنَ أَيْدِيهِمْ وَبِأَيْمَـٰنِهِمْ يَقُولُونَ رَبَّنَآ أَتْمِمْ لَنَا نُورَنَا وَٱغْفِرْ لَنَآ ۖ إِنَّكَ عَلَىٰ كُلِّ شَىْءٍ قَدِيرٌ",
        "يَـٰٓأَيُّهَا ٱلنَّبِىُّ جَـٰهِدِ ٱلْكُفَّارَ وَٱلْمُنَـٰفِقِينَ وَٱغْلُظْ عَلَيْهِمْ ۚ وَمَأْوَىٰهُمْ جَهَنَّمُ ۖ وَبِئْسَ ٱلْمَصِيرُ",
        "ضَرَبَ ٱللَّهُ مَثَلًا لِّلَّذِينَ كَفَرُوا۟ ٱمْرَأَتَ نُوحٍ وَٱمْرَأَتَ لُوطٍ ۖ كَانَتَا تَحْتَ عَبْدَيْنِ مِنْ عِبَادِنَا صَـٰلِحَيْنِ فَخَانَتَاهُمَا فَلَمْ يُغْنِيَا عَنْهُمَا مِنَ ٱللَّهِ شَيْـًٔا وَقِيلَ ٱدْخُلَا ٱلنَّارَ مَعَ ٱلدَّٰخِلِينَ",
        "وَضَرَبَ ٱللَّهُ مَثَلًا لِّلَّذِينَ ءَامَنُوا۟ ٱمْرَأَتَ فِرْعَوْنَ إِذْ قَالَتْ رَبِّ ٱبْنِ لِى عِندَكَ بَيْتًا فِى ٱلْجَنَّةِ وَنَجِّنِى مِن فِرْعَوْنَ وَعَمَلِهِۦ وَنَجِّنِى مِنَ ٱلْقَوْمِ ٱلظَّـٰلِمِينَ",
        "وَمَرْيَمَ ٱبْنَتَ عِمْرَٰنَ ٱلَّتِىٓ أَحْصَنَتْ فَرْجَهَا فَنَفَخْنَا فِيهِ مِن رُّوحِنَا وَصَدَّقَتْ بِكَلِمَـٰتِ رَبِّهَا وَكُتُبِهِۦ وَكَانَتْ مِنَ ٱلْقَـٰنِتِينَ"
    ],
    "arabic2": [
        "يا ايها النبي لم تحرم ما احل الله لك تبتغي مرضات ازواجك والله غفور رحيم",
        "قد فرض الله لكم تحلة ايمانكم والله مولاكم وهو العليم الحكيم",
        "واذ اسر النبي الى بعض ازواجه حديثا فلما نبات به واظهره الله عليه عرف بعضه واعرض عن بعض فلما نباها به قالت من انباك هذا قال نباني العليم الخبير",
        "ان تتوبا الى الله فقد صغت قلوبكما وان تظاهرا عليه فان الله هو مولاه وجبريل وصالح المؤمنين والملائكة بعد ذلك ظهير",
        "عسى ربه ان طلقكن ان يبدله ازواجا خيرا منكن مسلمات مؤمنات قانتات تائبات عابدات سائحات ثيبات وابكارا",
        "يا ايها الذين امنوا قوا انفسكم واهليكم نارا وقودها الناس والحجارة عليها ملائكة غلاظ شداد لا يعصون الله ما امرهم ويفعلون ما يؤمرون",
        "يا ايها الذين كفروا لا تعتذروا اليوم انما تجزون ما كنتم تعملون",
        "يا ايها الذين امنوا توبوا الى الله توبة نصوحا عسى ربكم ان يكفر عنكم سيئاتكم ويدخلكم جنات تجري من تحتها الانهار يوم لا يخزي الله النبي والذين امنوا معه نورهم يسعى بين ايديهم وبايمانهم يقولون ربنا اتمم لنا نورنا واغفر لنا انك على كل شيء قدير",
        "يا ايها النبي جاهد الكفار والمنافقين واغلظ عليهم وماواهم جهنم وبئس المصير",
        "ضرب الله مثلا للذين كفروا امرات نوح وامرات لوط كانتا تحت عبدين من عبادنا صالحين فخانتاهما فلم يغنيا عنهما من الله شيئا وقيل ادخلا النار مع الداخلين",
        "وضرب الله مثلا للذين امنوا امرات فرعون اذ قالت رب ابن لي عندك بيتا في الجنة ونجني من فرعون وعمله ونجني من القوم الظالمين",
        "ومريم ابنت عمران التي احصنت فرجها فنفخنا فيه من روحنا وصدقت بكلمات ربها وكتبه وكانت من القانتين"
    ]
}