{
    "surahName": "Al-Mulk",
    "surahNameArabic": "الملك",
    "surahNameArabicLong": "سورة الملك",
    "surahNameTranslation": "The Sovereignty",
    "revelationPlace": "Mecca",
    "totalAyah": 30,
    "surahNo": 67,
    "english": [
        "Blessed is the One in Whose Hands rests all authority. And He is Most Capable of everything.",
        "˹He is the One˺ Who created death and life in order to test which of you is best in deeds. And He is the Almighty, All-Forgiving.",
        "˹He is the One˺ Who created seven heavens, one above the other. You will never see any imperfection in the creation of the Most Compassionate. So look again: do you see any flaws?",
        "Then look again and again—your sight will return frustrated and weary.",
        "And indeed, We adorned the lowest heaven with ˹stars like˺ lamps, and made them ˹as missiles˺ for stoning ˹eavesdropping˺ devils, for whom We have also prepared the torment of the Blaze.",
        "Those who disbelieve in their Lord will suffer the punishment of Hell. What an evil destination!",
        "When they are tossed into it, they will hear its roaring as it boils over",
        "almost bursting in fury. Every time a group is cast into it, its keepers will ask them, “Did a warner not come to you?”",
        "They will reply, “Yes, a warner did come to us, but we denied and said, ‘Allah has revealed nothing. You are extremely astray.’”",
        "And they will lament, “If only we had listened and reasoned, we would not be among the residents of the Blaze!”",
        "And so they will confess their sins. So away with the residents of the Blaze!",
        "Indeed, those in awe of their Lord without seeing Him will have forgiveness and a mighty reward.",
        "Whether you speak secretly or openly—He surely knows best what is ˹hidden˺ in the heart.",
        "How could He not know His Own creation? For He ˹alone˺ is the Most Subtle, All-Aware.",
        "He is the One Who smoothed out the earth for you, so move about in its regions and eat from His provisions. And to Him is the resurrection ˹of all˺.",
        "Do you feel secure that the One Who is in heaven will not cause the earth to swallow you up as it quakes violently?",
        "Or do you feel secure that the One Who is in heaven will not unleash upon you a storm of stones. Only then would you know how ˹serious˺ My warning was!",
        "And certainly those before them denied ˹as well˺, then how severe was My response!",
        "Have they not seen the birds above them, spreading and folding their wings? None holds them up except the Most Compassionate. Indeed, He is All-Seeing of everything.",
        "Also, which ˹powerless˺ force will come to your help instead of the Most Compassionate? Indeed, the disbelievers are only ˹lost˺ in delusion.",
        "Or who is it that will provide for you if He withholds His provision? In fact, they persist in arrogance and aversion ˹to the truth˺.",
        "Who is ˹rightly˺ guided: the one who crawls facedown or the one who walks upright on the Straight Path?",
        "Say, ˹O Prophet,˺ “He is the One Who brought you into being and gave you hearing, sight, and intellect. ˹Yet˺ you hardly give any thanks.”",
        "˹Also˺ say, “He is the One Who has dispersed you ˹all˺ over the earth, and to Him you will ˹all˺ be gathered.”",
        "˹Still˺ they ask ˹the believers˺, “When will this threat come to pass, if what you say is true?”",
        "Say, ˹O Prophet,˺ “That knowledge is with Allah alone, and I am only sent with a clear warning.”",
        "Then when they see the torment drawing near, the faces of the disbelievers will become gloomy, and it will be said ˹to them˺, “This is what you claimed would never come.”",
        "Say, ˹O Prophet,˺ “Consider this: whether Allah causes me and those with me to die or shows us mercy, who will save the disbelievers from a painful punishment?”",
        "Say, “He is the Most Compassionate—in Him ˹alone˺ we believe, and in Him ˹alone˺ we trust. You will soon know who is clearly astray.”",
        "Say, “Consider this: if your water were to sink ˹into the earth˺, then who ˹else˺ could bring you flowing water?”"
    ],
    "arabic1": [
        " تَبَـٰرَكَ ٱلَّذِى بِيَدِهِ ٱلْمُلْكُ وَهُوَ عَلَىٰ كُلِّ شَىْءٍ قَدِيرٌ",
        "ٱلَّذِى خَلَقَ ٱلْمَوْتَ وَٱلْحَيَوٰةَ لِيَبْلُوَكُمْ أَيُّكُمْ أَحْسَنُ عَمَلًا ۚ وَهُوَ ٱلْعَزِيزُ ٱلْغَفُورُ",
        "ٱلَّذِى خَلَقَ سَبْعَ سَمَـٰوَٰتٍ طِبَاقًا ۖ مَّا تَرَىٰ فِى خَلْقِ ٱلرَّحْمَـٰنِ مِن تَفَـٰوُتٍ ۖ فَٱرْجِعِ ٱلْبَصَرَ هَلْ تَرَىٰ مِن فُطُورٍ",
        "ثُمَّ ٱرْجِعِ ٱلْبَصَرَ كَرَّتَيْنِ يَنقَلِبْ إِلَيْكَ ٱلْبَصَرُ خَاسِئًا وَهُوَ حَسِيرٌ",
        "وَلَقَدْ زَيَّنَّا ٱلسَّمَآءَ ٱلدُّنْيَا بِمَصَـٰبِيحَ وَجَعَلْنَـٰهَا رُجُومًا لِّلشَّيَـٰطِينِ ۖ وَأَعْتَدْنَا لَهُمْ عَذَابَ ٱلسَّعِيرِ",
        "وَلِلَّذِينَ كَفَرُوا۟ بِرَبِّهِمْ عَذَابُ جَهَنَّمَ ۖ وَبِئْسَ ٱلْمَصِيرُ",
        "إِذَآ أُلْقُوا۟ فِيهَا سَمِعُوا۟ لَهَا شَهِيقًا وَهِىَ تَفُورُ",
        "تَكَادُ تَمَيَّزُ مِنَ ٱلْغَيْظِ ۖ كُلَّمَآ أُلْقِىَ فِيهَا فَوْجٌ سَأَلَهُمْ خَزَنَتُهَآ أَلَمْ يَأْتِكُمْ نَذِيرٌ",
        "قَالُوا۟ بَلَىٰ قَدْ جَآءَنَا نَذِيرٌ فَكَذَّبْنَا وَقُلْنَا مَا نَزَّلَ ٱللَّهُ مِن شَىْءٍ إِنْ أَنتُمْ إِلَّا فِى ضَلَـٰلٍ كَبِيرٍ",
        "وَقَالُوا۟ لَوْ كُنَّا نَسْمَعُ أَوْ نَعْقِلُ مَا كُنَّا فِىٓ أَصْحَـٰبِ ٱلسَّعِيرِ",
        "فَٱعْتَرَفُوا۟ بِذَنۢبِهِمْ فَسُحْقًا لِّأَصْحَـٰبِ ٱلسَّعِيرِ",
        "إِنَّ ٱلَّذِينَ يَخْشَوْنَ رَبَّهُم بِٱلْغَيْبِ لَهُم مَّغْفِرَةٌ وَأَجْرٌ كَبِيرٌ",
        "وَأَسِرُّوا۟ قَوْلَكُمْ أَوِ ٱجْهَرُوا۟ بِهِۦٓ ۖ إِنَّهُۥ عَلِيمٌۢ بِذَاتِ ٱلصُّدُورِ",
        "أَلَا يَعْلَمُ مَنْ خَلَقَ وَهُوَ ٱللَّطِيفُ ٱلْخَبِيرُ",
        "هُوَ ٱلَّذِى جَعَلَ لَكُمُ ٱلْأَرْضَ ذَلُولًا فَٱمْشُوا۟ فِى مَنَاكِبِهَا وَكُلُوا۟ مِن رِّزْقِهِۦ ۖ وَإِلَيْهِ ٱلنُّشُورُ",
        "ءَأَمِنتُم مَّن فِى ٱلسَّمَآءِ أَن يَخْسِفَ بِكُمُ ٱلْأَرْضَ فَإِذَا هِىَ تَمُورُ",
        "أَمْ أَمِنتُم مَّن فِى ٱلسَّمَآءِ أَن يُرْسِلَ عَلَيْكُمْ حَاصِبًا ۖ فَسَتَعْلَمُونَ كَيْفَ نَذِيرِ",
        "وَلَقَدْ كَذَّبَ ٱلَّذِينَ مِن قَبْلِهِمْ فَكَيْفَ كَانَ نَكِيرِ",
        "أَوَلَمْ يَرَوْا۟ إِلَى ٱلطَّيْرِ فَوْقَهُمْ صَـٰٓفَّـٰتٍ وَيَقْبِضْنَ ۚ مَا يُمْسِكُهُنَّ إِلَّا ٱلرَّحْمَـٰنُ ۚ إِنَّهُۥ بِكُلِّ شَىْءٍۭ بَصِيرٌ",
        "أَمَّنْ هَـٰذَا ٱلَّذِى هُوَ جُندٌ لَّكُمْ يَنصُرُكُم مِّن دُونِ ٱلرَّحْمَـٰنِ ۚ إِنِ ٱلْكَـٰفِرُونَ إِلَّا فِى غُرُورٍ",
        "أَمَّنْ هَـٰذَا ٱلَّذِى يَرْزُقُكُمْ إِنْ أَمْسَكَ رِزْقَهُۥ ۚ بَل لَّجُّوا۟ فِى عُتُوٍّ وَنُفُورٍ",
        "أَفَمَن يَمْشِى مُكِبًّا عَلَىٰ وَجْهِهِۦٓ أَهْدَىٰٓ أَمَّن يَمْشِى سَوِيًّا عَلَىٰ صِرَٰطٍ مُّسْتَقِيمٍ",
        "قُلْ هُوَ ٱلَّذِىٓ أَنشَأَكُمْ وَجَعَلَ لَكُمُ ٱلسَّمْعَ وَٱلْأَبْصَـٰرَ وَٱلْأَفْـِٔدَةَ ۖ قَلِيلًا مَّا تَشْكُرُونَ",
        "قُلْ هُوَ ٱلَّذِى ذَرَأَكُمْ فِى ٱلْأَرْضِ وَإِلَيْهِ تُحْشَرُونَ",
        "وَيَقُولُونَ مَتَىٰ هَـٰذَا ٱلْوَعْدُ إِن كُنتُمْ صَـٰدِقِينَ",
        "قُلْ إِنَّمَا ٱلْعِلْمُ عِندَ ٱللَّهِ وَإِنَّمَآ أَنَا۠ نَذِيرٌ مُّبِينٌ",
        "فَلَمَّا رَأَوْهُ زُلْفَةً سِيٓـَٔتْ وُجُوهُ ٱلَّذِينَ كَفَرُوا۟ وَقِيلَ هَـٰذَا ٱلَّذِى كُنتُم بِهِۦ تَدَّعُونَ",
        "قُلْ أَرَءَيْتُمْ إِنْ أَهْلَكَنِىَ ٱللَّهُ وَمَن مَّعِىَ أَوْ رَحِمَنَا فَمَن يُجِيرُ ٱلْكَـٰفِرِينَ مِنْ عَذَابٍ أَلِيمٍ",
        "قُلْ هُوَ ٱلرَّحْمَـٰنُ ءَامَنَّا بِهِۦ وَعَلَيْهِ تَوَكَّلْنَا ۖ فَسَتَعْلَمُونَ مَنْ هُوَ فِى ضَلَـٰلٍ مُّبِينٍ",
        "قُلْ أَرَءَيْتُمْ إِنْ أَصْبَحَ مَآؤُكُمْ غَوْرًا فَمَن يَأْتِيكُم بِمَآءٍ مَّعِينٍۭ"
    ],
    "arabic2": [
        "تبارك الذي بيده الملك وهو على كل شيء قدير",
        "الذي خلق الموت والحياة ليبلوكم ايكم احسن عملا وهو العزيز الغفور",
        "الذي خلق سبع سماوات طباقا ما ترى في خلق الرحمن من تفاوت فارجع البصر هل ترى من فطور",
        "ثم ارجع البصر كرتين ينقلب اليك البصر خاسئا وهو حسير",
        "ولقد زينا السماء الدنيا بمصابيح وجعلناها رجوما للشياطين واعتدنا لهم عذاب السعير",
        "وللذين كفروا بربهم عذاب جهنم وبئس المصير",
        "اذا القوا فيها سمعوا لها شهيقا وهي تفور",
        "تكاد تميز من الغيظ كلما القي فيها فوج سالهم خزنتها الم ياتكم نذير",
        "قالوا بلى قد جاءنا نذير فكذبنا وقلنا ما نزل الله من شيء ان انتم الا في ضلال كبير",
        "وقالوا لو كنا نسمع او نعقل ما كنا في اصحاب السعير",
        "فاعترفوا بذنبهم فسحقا لاصحاب السعير",
        "ان الذين يخشون ربهم بالغيب لهم مغفرة واجر كبير",
        "واسروا قولكم او اجهروا به انه عليم بذات الصدور",
        "الا يعلم من خلق وهو اللطيف الخبير",
        "هو الذي جعل لكم الارض ذلولا فامشوا في مناكبها وكلوا من رزقه واليه النشور",
        "اامنتم من في السماء ان يخسف بكم الارض فاذا هي تمور",
        "ام امنتم من في السماء ان يرسل عليكم حاصبا فستعلمون كيف نذير",
        "ولقد كذب الذين من قبلهم فكيف كان نكير",
        "اولم يروا الى الطير فوقهم صافات ويقبضن ما يمسكهن الا الرحمن انه بكل شيء بصير",
        "امن هذا الذي هو جند لكم ينصركم من دون الرحمن ان الكافرون الا في غرور",
        "امن هذا الذي يرزقكم ان امسك رزقه بل لجوا في عتو ونفور",
        "افمن يمشي مكبا على وجهه اهدى امن يمشي سويا على صراط مستقيم",
        "قل هو الذي انشاكم وجعل لكم السمع والابصار والافئدة قليلا ما تشكرون",
        "قل هو الذي ذراكم في الارض واليه تحشرون",
        "ويقولون متى هذا الوعد ان كنتم صادقين",
        "قل انما العلم عند الله وانما انا نذير مبين",
        "فلما راوه زلفة سيئت وجوه الذين كفروا وقيل هذا الذي كنتم به تدعون",
        "قل ارايتم ان اهلكني الله ومن معي او رحمنا فمن يجير الكافرين من عذاب اليم",
        "قل هو الرحمن امنا به وعليه توكلنا فستعلمون من هو في ضلال مبين",
        "قل ارايتم ان اصبح ماؤكم غورا فمن ياتيكم بماء معين"
    ]
}