{
    "surahName": "Al-Qalam",
    "surahNameArabic": "القلم",
    "surahNameArabicLong": "سورة القلم",
    "surahNameTranslation": "The Pen",
    "revelationPlace": "Mecca",
    "totalAyah": 52,
    "surahNo": 68,
    "english": [
        "Nũn. By the pen and what everyone writes!",
        "By the grace of your Lord, you ˹O Prophet˺ are not insane.",
        "You will certainly have a never-ending reward.",
        "And you are truly ˹a man˺ of outstanding character.",
        "Soon you and the pagans will see",
        "which of you is mad.",
        "Surely your Lord ˹alone˺ knows best who has strayed from His Way and who is ˹rightly˺ guided.",
        "So do not give in to the deniers.",
        "They wish you would compromise so they would yield ˹to you˺.",
        "And do not obey the despicable, vain oath-taker",
        "slanderer, gossip-monger",
        "withholder of good, transgressor, evildoer",
        "brute, and—on top of all that—an illegitimate child.",
        "Now, ˹simply˺ because he has been blessed with ˹abundant˺ wealth and children",
        "whenever Our revelations are recited to him, he says, “Ancient fables!”",
        "We will soon mark his snout.",
        "Indeed, We have tested those ˹Meccans˺ as We tested the owners of the garden—when they swore they would surely harvest ˹all˺ its fruit in the early morning",
        "leaving no thought for Allah’s Will.",
        "Then it was struck by a torment from your Lord while they slept",
        "so it was reduced to ashes.",
        "Then by daybreak they called out to each other",
        "˹saying,˺ “Go early to your harvest, if you want to pick ˹all˺ the fruit.”",
        "So they went off, whispering to one another",
        "“Do not let any poor person enter your garden today.”",
        "And they proceeded early, totally fixated on their purpose.",
        "But when they saw it ˹devastated˺, they cried, “We must have lost ˹our˺ way!",
        "In fact, we have been deprived ˹of our livelihood˺.”",
        "The most sensible of them said, “Did I not urge you to say, ‘Allah willing.’?”",
        "They replied, “Glory be to our Lord! We have truly been wrongdoers.”",
        "Then they turned on each other, throwing blame.",
        "They said, “Woe to us! We have certainly been transgressors.",
        "We trust our Lord will give us a better garden than this, ˹for˺ we are indeed turning to our Lord with hope.”",
        "That is the ˹way of Our˺ punishment ˹in this world˺. But the punishment of the Hereafter is certainly far worse, if only they knew.",
        "Indeed, the righteous will have the Gardens of Bliss with their Lord.",
        "Should We then treat those who have submitted like the wicked?",
        "What is the matter with you? How do you judge?",
        "Or do you have a scripture, in which you read",
        "that you will have whatever you choose?",
        "Or do you have oaths binding on Us until the Day of Judgment that you will have whatever you decide?",
        "Ask them ˹O Prophet˺ which of them can guarantee all that.",
        "Or do they have associate-gods ˹supporting this claim˺? Then let them bring forth their associate-gods, if what they say is true.",
        "˹Beware of˺ the Day the Shin ˹of Allah˺ will be bared, and the wicked will be asked to prostrate, but they will not be able to do so",
        "with eyes downcast, totally covered with disgrace. For they were ˹always˺ called to prostrate ˹in the world˺ when they were fully capable ˹but they chose not to˺.",
        "So leave to Me ˹O Prophet˺ those who reject this message. We will gradually draw them to destruction in ways they cannot comprehend.",
        "I ˹only˺ delay their end for a while, but My planning is flawless.",
        "Or are you asking them for a reward ˹for the message˺ so that they are overburdened by debt?",
        "Or do they have access to ˹the Record in˺ the unseen, so they copy it ˹for all to see˺?",
        "So be patient with your Lord’s decree, and do not be like ˹Jonah,˺ the Man of the Whale, who cried out ˹to Allah˺, in total distress.",
        "Had he not been shown grace by his Lord, he would have certainly been cast onto the open ˹shore˺, still blameworthy.",
        "Then his Lord chose him, making him one of the righteous.",
        "The disbelievers would almost cut you down with their eyes when they hear ˹you recite˺ the Reminder, and say, “He is certainly a madman.”",
        "But it is simply a reminder to the whole world."
    ],
    "arabic1": [
        " نٓ ۚ وَٱلْقَلَمِ وَمَا يَسْطُرُونَ",
        "مَآ أَنتَ بِنِعْمَةِ رَبِّكَ بِمَجْنُونٍ",
        "وَإِنَّ لَكَ لَأَجْرًا غَيْرَ مَمْنُونٍ",
        "وَإِنَّكَ لَعَلَىٰ خُلُقٍ عَظِيمٍ",
        "فَسَتُبْصِرُ وَيُبْصِرُونَ",
        "بِأَييِّكُمُ ٱلْمَفْتُونُ",
        "إِنَّ رَبَّكَ هُوَ أَعْلَمُ بِمَن ضَلَّ عَن سَبِيلِهِۦ وَهُوَ أَعْلَمُ بِٱلْمُهْتَدِينَ",
        "فَلَا تُطِعِ ٱلْمُكَذِّبِينَ",
        "وَدُّوا۟ لَوْ تُدْهِنُ فَيُدْهِنُونَ",
        "وَلَا تُطِعْ كُلَّ حَلَّافٍ مَّهِينٍ",
        "هَمَّازٍ مَّشَّآءٍۭ بِنَمِيمٍ",
        "مَّنَّاعٍ لِّلْخَيْرِ مُعْتَدٍ أَثِيمٍ",
        "عُتُلٍّۭ بَعْدَ ذَٰلِكَ زَنِيمٍ",
        "أَن كَانَ ذَا مَالٍ وَبَنِينَ",
        "إِذَا تُتْلَىٰ عَلَيْهِ ءَايَـٰتُنَا قَالَ أَسَـٰطِيرُ ٱلْأَوَّلِينَ",
        "سَنَسِمُهُۥ عَلَى ٱلْخُرْطُومِ",
        "إِنَّا بَلَوْنَـٰهُمْ كَمَا بَلَوْنَآ أَصْحَـٰبَ ٱلْجَنَّةِ إِذْ أَقْسَمُوا۟ لَيَصْرِمُنَّهَا مُصْبِحِينَ",
        "وَلَا يَسْتَثْنُونَ",
        "فَطَافَ عَلَيْهَا طَآئِفٌ مِّن رَّبِّكَ وَهُمْ نَآئِمُونَ",
        "فَأَصْبَحَتْ كَٱلصَّرِيمِ",
        "فَتَنَادَوْا۟ مُصْبِحِينَ",
        "أَنِ ٱغْدُوا۟ عَلَىٰ حَرْثِكُمْ إِن كُنتُمْ صَـٰرِمِينَ",
        "فَٱنطَلَقُوا۟ وَهُمْ يَتَخَـٰفَتُونَ",
        "أَن لَّا يَدْخُلَنَّهَا ٱلْيَوْمَ عَلَيْكُم مِّسْكِينٌ",
        "وَغَدَوْا۟ عَلَىٰ حَرْدٍ قَـٰدِرِينَ",
        "فَلَمَّا رَأَوْهَا قَالُوٓا۟ إِنَّا لَضَآلُّونَ",
        "بَلْ نَحْنُ مَحْرُومُونَ",
        "قَالَ أَوْسَطُهُمْ أَلَمْ أَقُل لَّكُمْ لَوْلَا تُسَبِّحُونَ",
        "قَالُوا۟ سُبْحَـٰنَ رَبِّنَآ إِنَّا كُنَّا ظَـٰلِمِينَ",
        "فَأَقْبَلَ بَعْضُهُمْ عَلَىٰ بَعْضٍ يَتَلَـٰوَمُونَ",
        "قَالُوا۟ يَـٰوَيْلَنَآ إِنَّا كُنَّا طَـٰغِينَ",
        "عَسَىٰ رَبُّنَآ أَن يُبْدِلَنَا خَيْرًا مِّنْهَآ إِنَّآ إِلَىٰ رَبِّنَا رَٰغِبُونَ",
        "كَذَٰلِكَ ٱلْعَذَابُ ۖ وَلَعَذَابُ ٱلْـَٔاخِرَةِ أَكْبَرُ ۚ لَوْ كَانُوا۟ يَعْلَمُونَ",
        "إِنَّ لِلْمُتَّقِينَ عِندَ رَبِّهِمْ جَنَّـٰتِ ٱلنَّعِيمِ",
        "أَفَنَجْعَلُ ٱلْمُسْلِمِينَ كَٱلْمُجْرِمِينَ",
        "مَا لَكُمْ كَيْفَ تَحْكُمُونَ",
        "أَمْ لَكُمْ كِتَـٰبٌ فِيهِ تَدْرُسُونَ",
        "إِنَّ لَكُمْ فِيهِ لَمَا تَخَيَّرُونَ",
        "أَمْ لَكُمْ أَيْمَـٰنٌ عَلَيْنَا بَـٰلِغَةٌ إِلَىٰ يَوْمِ ٱلْقِيَـٰمَةِ ۙ إِنَّ لَكُمْ لَمَا تَحْكُمُونَ",
        "سَلْهُمْ أَيُّهُم بِذَٰلِكَ زَعِيمٌ",
        "أَمْ لَهُمْ شُرَكَآءُ فَلْيَأْتُوا۟ بِشُرَكَآئِهِمْ إِن كَانُوا۟ صَـٰدِقِينَ",
        "يَوْمَ يُكْشَفُ عَن سَاقٍ وَيُدْعَوْنَ إِلَى ٱلسُّجُودِ فَلَا يَسْتَطِيعُونَ",
        "خَـٰشِعَةً أَبْصَـٰرُهُمْ تَرْهَقُهُمْ ذِلَّةٌ ۖ وَقَدْ كَانُوا۟ يُدْعَوْنَ إِلَى ٱلسُّجُودِ وَهُمْ سَـٰلِمُونَ",
        "فَذَرْنِى وَمَن يُكَذِّبُ بِهَـٰذَا ٱلْحَدِيثِ ۖ سَنَسْتَدْرِجُهُم مِّنْ حَيْثُ لَا يَعْلَمُونَ",
        "وَأُمْلِى لَهُمْ ۚ إِنَّ كَيْدِى مَتِينٌ",
        "أَمْ تَسْـَٔلُهُمْ أَجْرًا فَهُم مِّن مَّغْرَمٍ مُّثْقَلُونَ",
        "أَمْ عِندَهُمُ ٱلْغَيْبُ فَهُمْ يَكْتُبُونَ",
        "فَٱصْبِرْ لِحُكْمِ رَبِّكَ وَلَا تَكُن كَصَاحِبِ ٱلْحُوتِ إِذْ نَادَىٰ وَهُوَ مَكْظُومٌ",
        "لَّوْلَآ أَن تَدَٰرَكَهُۥ نِعْمَةٌ مِّن رَّبِّهِۦ لَنُبِذَ بِٱلْعَرَآءِ وَهُوَ مَذْمُومٌ",
        "فَٱجْتَبَـٰهُ رَبُّهُۥ فَجَعَلَهُۥ مِنَ ٱلصَّـٰلِحِينَ",
        "وَإِن يَكَادُ ٱلَّذِينَ كَفَرُوا۟ لَيُزْلِقُونَكَ بِأَبْصَـٰرِهِمْ لَمَّا سَمِعُوا۟ ٱلذِّكْرَ وَيَقُولُونَ إِنَّهُۥ لَمَجْنُونٌ",
        "وَمَا هُوَ إِلَّا ذِكْرٌ لِّلْعَـٰلَمِينَ"
    ],
    "arabic2": [
        "ن والقلم وما يسطرون",
        "ما انت بنعمة ربك بمجنون",
        "وان لك لاجرا غير ممنون",
        "وانك لعلى خلق عظيم",
        "فستبصر ويبصرون",
        "باييكم المفتون",
        "ان ربك هو اعلم بمن ضل عن سبيله وهو اعلم بالمهتدين",
        "فلا تطع المكذبين",
        "ودوا لو تدهن فيدهنون",
        "ولا تطع كل حلاف مهين",
        "هماز مشاء بنميم",
        "مناع للخير معتد اثيم",
        "عتل بعد ذلك زنيم",
        "ان كان ذا مال وبنين",
        "اذا تتلى عليه اياتنا قال اساطير الاولين",
        "سنسمه على الخرطوم",
        "انا بلوناهم كما بلونا اصحاب الجنة اذ اقسموا ليصرمنها مصبحين",
        "ولا يستثنون",
        "فطاف عليها طائف من ربك وهم نائمون",
        "فاصبحت كالصريم",
        "فتنادوا مصبحين",
        "ان اغدوا على حرثكم ان كنتم صارمين",
        "فانطلقوا وهم يتخافتون",
        "ان لا يدخلنها اليوم عليكم مسكين",
        "وغدوا على حرد قادرين",
        "فلما راوها قالوا انا لضالون",
        "بل نحن محرومون",
        "قال اوسطهم الم اقل لكم لولا تسبحون",
        "قالوا سبحان ربنا انا كنا ظالمين",
        "فاقبل بعضهم على بعض يتلاومون",
        "قالوا يا ويلنا انا كنا طاغين",
        "عسى ربنا ان يبدلنا خيرا منها انا الى ربنا راغبون",
        "كذلك العذاب ولعذاب الاخرة اكبر لو كانوا يعلمون",
        "ان للمتقين عند ربهم جنات النعيم",
        "افنجعل المسلمين كالمجرمين",
        "ما لكم كيف تحكمون",
        "ام لكم كتاب فيه تدرسون",
        "ان لكم فيه لما تخيرون",
        "ام لكم ايمان علينا بالغة الى يوم القيامة ان لكم لما تحكمون",
        "سلهم ايهم بذلك زعيم",
        "ام لهم شركاء فلياتوا بشركائهم ان كانوا صادقين",
        "يوم يكشف عن ساق ويدعون الى السجود فلا يستطيعون",
        "خاشعة ابصارهم ترهقهم ذلة وقد كانوا يدعون الى السجود وهم سالمون",
        "فذرني ومن يكذب بهذا الحديث سنستدرجهم من حيث لا يعلمون",
        "واملي لهم ان كيدي متين",
        "ام تسالهم اجرا فهم من مغرم مثقلون",
        "ام عندهم الغيب فهم يكتبون",
        "فاصبر لحكم ربك ولا تكن كصاحب الحوت اذ نادى وهو مكظوم",
        "لولا ان تداركه نعمة من ربه لنبذ بالعراء وهو مذموم",
        "فاجتباه ربه فجعله من الصالحين",
        "وان يكاد الذين كفروا ليزلقونك بابصارهم لما سمعوا الذكر ويقولون انه لمجنون",
        "وما هو الا ذكر للعالمين"
    ]
}