{
    "surahName": "Al-Haaqqa",
    "surahNameArabic": "الحاقة",
    "surahNameArabicLong": "سورة الحاقة",
    "surahNameTranslation": "The Reality",
    "revelationPlace": "Mecca",
    "totalAyah": 52,
    "surahNo": 69,
    "english": [
        "The Inevitable Hour!",
        "What is the Inevitable Hour?",
        "And what will make you realize what the Inevitable Hour is?",
        "˹Both˺ Thamûd and ’Ȃd denied the Striking Disaster.",
        "As for Thamûd, they were destroyed by an overwhelming blast.",
        "And as for ’Ȃd, they were destroyed by a furious, bitter wind",
        "which Allah unleashed on them non-stop for seven nights and eight days, so that you would have seen its people lying dead like trunks of uprooted palm trees.",
        "Do you see any of them left alive?",
        "Also, Pharaoh and those before him, and ˹the people of˺ the overturned cities ˹of Lot˺ indulged in sin",
        "each disobeying their Lord’s messenger, so He seized them with a crushing grip.",
        "Indeed, when the floodwater had overflowed, We carried you in the floating Ark ˹with Noah˺",
        "so that We may make this a reminder to you, and that attentive ears may grasp it.",
        "At last, when the Trumpet will be blown with one blast",
        "and the earth and mountains will be lifted up and crushed with one blow",
        "on that Day the Inevitable Event will have come to pass.",
        "The sky will then be so torn that it will be frail",
        "with the angels on its sides. On that Day eight ˹mighty angels˺ will bear the Throne of your Lord above them.",
        "You will then be presented ˹before Him for judgment˺, and none of your secrets will stay hidden.",
        "As for those given their records in their right hand, they will cry ˹happily˺, “Here ˹everyone˺! Read my record!",
        "I surely knew I would face my reckoning.”",
        "They will be in a life of bliss",
        "in an elevated Garden",
        "whose fruit will hang within reach.",
        "˹They will be told,˺ “Eat and drink joyfully for what you did in the days gone by.”",
        "And as for those given their record in their left hand, they will cry ˹bitterly˺, “I wish I had not been given my record",
        "nor known anything of my reckoning!",
        "I wish death was the end!",
        "My wealth has not benefited me!",
        "My authority has been stripped from me.”",
        "˹It will be said,˺ “Seize and shackle them",
        "then burn them in Hell",
        "then tie them up with chains seventy arms long.",
        "For they never had faith in Allah, the Greatest",
        "nor encouraged the feeding of the poor.",
        "So this Day they will have no close friend here",
        "nor any food except ˹oozing˺ pus",
        "which none will eat except the evildoers.”",
        "Now, I do swear by whatever you see",
        "and whatever you cannot see!",
        "Indeed, this ˹Quran˺ is the recitation of a noble Messenger.",
        "It is not the prose of a poet ˹as you claim˺, ˹yet˺ you hardly have any faith.",
        "Nor is it the mumbling of a fortune-teller, ˹yet˺ you are hardly mindful.",
        "˹It is˺ a revelation from the Lord of all worlds.",
        "Had the Messenger made up something in Our Name",
        "We would have certainly seized him by his right hand",
        "then severed his aorta",
        "and none of you could have shielded him ˹from Us˺!",
        "Indeed, this ˹Quran˺ is a reminder to those mindful ˹of Allah˺.",
        "And We certainly know that some of you will persist in denial",
        "and it will surely be a source of regret for the disbelievers.",
        "And indeed, this ˹Quran˺ is the absolute truth.",
        "So glorify the Name of your Lord, the Greatest."
    ],
    "arabic1": [
        " ٱلْحَآقَّةُ",
        "مَا ٱلْحَآقَّةُ",
        "وَمَآ أَدْرَىٰكَ مَا ٱلْحَآقَّةُ",
        "كَذَّبَتْ ثَمُودُ وَعَادٌۢ بِٱلْقَارِعَةِ",
        "فَأَمَّا ثَمُودُ فَأُهْلِكُوا۟ بِٱلطَّاغِيَةِ",
        "وَأَمَّا عَادٌ فَأُهْلِكُوا۟ بِرِيحٍ صَرْصَرٍ عَاتِيَةٍ",
        "سَخَّرَهَا عَلَيْهِمْ سَبْعَ لَيَالٍ وَثَمَـٰنِيَةَ أَيَّامٍ حُسُومًا فَتَرَى ٱلْقَوْمَ فِيهَا صَرْعَىٰ كَأَنَّهُمْ أَعْجَازُ نَخْلٍ خَاوِيَةٍ",
        "فَهَلْ تَرَىٰ لَهُم مِّنۢ بَاقِيَةٍ",
        "وَجَآءَ فِرْعَوْنُ وَمَن قَبْلَهُۥ وَٱلْمُؤْتَفِكَـٰتُ بِٱلْخَاطِئَةِ",
        "فَعَصَوْا۟ رَسُولَ رَبِّهِمْ فَأَخَذَهُمْ أَخْذَةً رَّابِيَةً",
        "إِنَّا لَمَّا طَغَا ٱلْمَآءُ حَمَلْنَـٰكُمْ فِى ٱلْجَارِيَةِ",
        "لِنَجْعَلَهَا لَكُمْ تَذْكِرَةً وَتَعِيَهَآ أُذُنٌ وَٰعِيَةٌ",
        "فَإِذَا نُفِخَ فِى ٱلصُّورِ نَفْخَةٌ وَٰحِدَةٌ",
        "وَحُمِلَتِ ٱلْأَرْضُ وَٱلْجِبَالُ فَدُكَّتَا دَكَّةً وَٰحِدَةً",
        "فَيَوْمَئِذٍ وَقَعَتِ ٱلْوَاقِعَةُ",
        "وَٱنشَقَّتِ ٱلسَّمَآءُ فَهِىَ يَوْمَئِذٍ وَاهِيَةٌ",
        "وَٱلْمَلَكُ عَلَىٰٓ أَرْجَآئِهَا ۚ وَيَحْمِلُ عَرْشَ رَبِّكَ فَوْقَهُمْ يَوْمَئِذٍ ثَمَـٰنِيَةٌ",
        "يَوْمَئِذٍ تُعْرَضُونَ لَا تَخْفَىٰ مِنكُمْ خَافِيَةٌ",
        "فَأَمَّا مَنْ أُوتِىَ كِتَـٰبَهُۥ بِيَمِينِهِۦ فَيَقُولُ هَآؤُمُ ٱقْرَءُوا۟ كِتَـٰبِيَهْ",
        "إِنِّى ظَنَنتُ أَنِّى مُلَـٰقٍ حِسَابِيَهْ",
        "فَهُوَ فِى عِيشَةٍ رَّاضِيَةٍ",
        "فِى جَنَّةٍ عَالِيَةٍ",
        "قُطُوفُهَا دَانِيَةٌ",
        "كُلُوا۟ وَٱشْرَبُوا۟ هَنِيٓـًٔۢا بِمَآ أَسْلَفْتُمْ فِى ٱلْأَيَّامِ ٱلْخَالِيَةِ",
        "وَأَمَّا مَنْ أُوتِىَ كِتَـٰبَهُۥ بِشِمَالِهِۦ فَيَقُولُ يَـٰلَيْتَنِى لَمْ أُوتَ كِتَـٰبِيَهْ",
        "وَلَمْ أَدْرِ مَا حِسَابِيَهْ",
        "يَـٰلَيْتَهَا كَانَتِ ٱلْقَاضِيَةَ",
        "مَآ أَغْنَىٰ عَنِّى مَالِيَهْ ۜ",
        "هَلَكَ عَنِّى سُلْطَـٰنِيَهْ",
        "خُذُوهُ فَغُلُّوهُ",
        "ثُمَّ ٱلْجَحِيمَ صَلُّوهُ",
        "ثُمَّ فِى سِلْسِلَةٍ ذَرْعُهَا سَبْعُونَ ذِرَاعًا فَٱسْلُكُوهُ",
        "إِنَّهُۥ كَانَ لَا يُؤْمِنُ بِٱللَّهِ ٱلْعَظِيمِ",
        "وَلَا يَحُضُّ عَلَىٰ طَعَامِ ٱلْمِسْكِينِ",
        "فَلَيْسَ لَهُ ٱلْيَوْمَ هَـٰهُنَا حَمِيمٌ",
        "وَلَا طَعَامٌ إِلَّا مِنْ غِسْلِينٍ",
        "لَّا يَأْكُلُهُۥٓ إِلَّا ٱلْخَـٰطِـُٔونَ",
        "فَلَآ أُقْسِمُ بِمَا تُبْصِرُونَ",
        "وَمَا لَا تُبْصِرُونَ",
        "إِنَّهُۥ لَقَوْلُ رَسُولٍ كَرِيمٍ",
        "وَمَا هُوَ بِقَوْلِ شَاعِرٍ ۚ قَلِيلًا مَّا تُؤْمِنُونَ",
        "وَلَا بِقَوْلِ كَاهِنٍ ۚ قَلِيلًا مَّا تَذَكَّرُونَ",
        "تَنزِيلٌ مِّن رَّبِّ ٱلْعَـٰلَمِينَ",
        "وَلَوْ تَقَوَّلَ عَلَيْنَا بَعْضَ ٱلْأَقَاوِيلِ",
        "لَأَخَذْنَا مِنْهُ بِٱلْيَمِينِ",
        "ثُمَّ لَقَطَعْنَا مِنْهُ ٱلْوَتِينَ",
        "فَمَا مِنكُم مِّنْ أَحَدٍ عَنْهُ حَـٰجِزِينَ",
        "وَإِنَّهُۥ لَتَذْكِرَةٌ لِّلْمُتَّقِينَ",
        "وَإِنَّا لَنَعْلَمُ أَنَّ مِنكُم مُّكَذِّبِينَ",
        "وَإِنَّهُۥ لَحَسْرَةٌ عَلَى ٱلْكَـٰفِرِينَ",
        "وَإِنَّهُۥ لَحَقُّ ٱلْيَقِينِ",
        "فَسَبِّحْ بِٱسْمِ رَبِّكَ ٱلْعَظِيمِ"
    ],
    "arabic2": [
        "الحاقة",
        "ما الحاقة",
        "وما ادراك ما الحاقة",
        "كذبت ثمود وعاد بالقارعة",
        "فاما ثمود فاهلكوا بالطاغية",
        "واما عاد فاهلكوا بريح صرصر عاتية",
        "سخرها عليهم سبع ليال وثمانية ايام حسوما فترى القوم فيها صرعى كانهم اعجاز نخل خاوية",
        "فهل ترى لهم من باقية",
        "وجاء فرعون ومن قبله والمؤتفكات بالخاطئة",
        "فعصوا رسول ربهم فاخذهم اخذة رابية",
        "انا لما طغى الماء حملناكم في الجارية",
        "لنجعلها لكم تذكرة وتعيها اذن واعية",
        "فاذا نفخ في الصور نفخة واحدة",
        "وحملت الارض والجبال فدكتا دكة واحدة",
        "فيومئذ وقعت الواقعة",
        "وانشقت السماء فهي يومئذ واهية",
        "والملك على ارجائها ويحمل عرش ربك فوقهم يومئذ ثمانية",
        "يومئذ تعرضون لا تخفى منكم خافية",
        "فاما من اوتي كتابه بيمينه فيقول هاؤم اقرءوا كتابيه",
        "اني ظننت اني ملاق حسابيه",
        "فهو في عيشة راضية",
        "في جنة عالية",
        "قطوفها دانية",
        "كلوا واشربوا هنيئا بما اسلفتم في الايام الخالية",
        "واما من اوتي كتابه بشماله فيقول يا ليتني لم اوت كتابيه",
        "ولم ادر ما حسابيه",
        "يا ليتها كانت القاضية",
        "ما اغنى عني ماليه",
        "هلك عني سلطانيه",
        "خذوه فغلوه",
        "ثم الجحيم صلوه",
        "ثم في سلسلة ذرعها سبعون ذراعا فاسلكوه",
        "انه كان لا يؤمن بالله العظيم",
        "ولا يحض على طعام المسكين",
        "فليس له اليوم هاهنا حميم",
        "ولا طعام الا من غسلين",
        "لا ياكله الا الخاطئون",
        "فلا اقسم بما تبصرون",
        "وما لا تبصرون",
        "انه لقول رسول كريم",
        "وما هو بقول شاعر قليلا ما تؤمنون",
        "ولا بقول كاهن قليلا ما تذكرون",
        "تنزيل من رب العالمين",
        "ولو تقول علينا بعض الاقاويل",
        "لاخذنا منه باليمين",
        "ثم لقطعنا منه الوتين",
        "فما منكم من احد عنه حاجزين",
        "وانه لتذكرة للمتقين",
        "وانا لنعلم ان منكم مكذبين",
        "وانه لحسرة على الكافرين",
        "وانه لحق اليقين",
        "فسبح باسم ربك العظيم"
    ]
}