{
    "surahName": "Al-Ma'aarij",
    "surahNameArabic": "المعارج",
    "surahNameArabicLong": "سورة المعارج",
    "surahNameTranslation": "The Ascending Stairways",
    "revelationPlace": "Mecca",
    "totalAyah": 44,
    "surahNo": 70,
    "english": [
        "A challenger has demanded a punishment bound to come",
        "for the disbelievers—to be averted by none—",
        "from Allah, Lord of pathways of ˹heavenly˺ ascent",
        "˹through which˺ the angels and the ˹holy˺ spirit will ascend to Him on a Day fifty thousand years in length.",
        "So endure ˹this denial, O  Prophet,˺ with beautiful patience.",
        "They truly see this ˹Day˺ as impossible",
        "but We see it as inevitable.",
        "On that Day the sky will be like molten brass",
        "and the mountains like ˹tufts of˺ wool.",
        "And no close friend will ask ˹about˺ their friends",
        "˹although˺ they will be made to see each other. The wicked will wish to ransom themselves from the punishment of that Day by their children",
        "their spouses, their siblings",
        "their clan that sheltered them",
        "and everyone on earth altogether, just to save themselves.",
        "But no! There will certainly be a raging Flame",
        "ripping off scalps.",
        "It will summon whoever turned their backs ˹on Allah˺ and turned away ˹from the truth˺",
        "and gathered and hoarded ˹wealth˺.",
        "Indeed, humankind was created impatient:",
        "distressed when touched with evil",
        "and withholding when touched with good—",
        "except those who pray",
        "consistently performing their prayers;",
        "and who give the rightful share of their wealth",
        "to the beggar and the poor;",
        "and who ˹firmly˺ believe in the Day of Judgment;",
        "and those who fear the punishment of their Lord—",
        "˹knowing that˺ none should feel secure from their Lord’s punishment—",
        "and those who guard their chastity",
        "except with their wives or those ˹bondwomen˺ in their possession, for then they are free from blame",
        "but whoever seeks beyond that are the transgressors.",
        "˹The faithful are˺ also those who are true to their trusts and covenants;",
        "and who are honest in their testimony;",
        "and who are ˹properly˺ observant of their prayers.",
        "These will be in Gardens, held in honour.",
        "So what is the matter with the disbelievers that they rush ˹head-long˺ towards you ˹O Prophet˺",
        "from the right and the left, in groups ˹to mock you˺?",
        "Does every one of them expect to be admitted into a Garden of Bliss?",
        "But no! Indeed, they ˹already˺ know what We created them from.",
        "So, I do swear by the Lord of ˹all˺ the points of sunrise and sunset that We are truly capable",
        "of replacing them with ˹others˺ better than them, and We cannot be prevented ˹from doing so˺.",
        "So let them indulge ˹in falsehood˺ and amuse ˹themselves˺ until they face their Day, which they have been threatened with—",
        "the Day they will come forth from the graves swiftly, as if racing to an idol ˹for a blessing˺",
        "with eyes downcast, utterly covered with disgrace. That is the Day they have ˹always˺ been warned of."
    ],
    "arabic1": [
        " سَأَلَ سَآئِلٌۢ بِعَذَابٍ وَاقِعٍ",
        "لِّلْكَـٰفِرِينَ لَيْسَ لَهُۥ دَافِعٌ",
        "مِّنَ ٱللَّهِ ذِى ٱلْمَعَارِجِ",
        "تَعْرُجُ ٱلْمَلَـٰٓئِكَةُ وَٱلرُّوحُ إِلَيْهِ فِى يَوْمٍ كَانَ مِقْدَارُهُۥ خَمْسِينَ أَلْفَ سَنَةٍ",
        "فَٱصْبِرْ صَبْرًا جَمِيلًا",
        "إِنَّهُمْ يَرَوْنَهُۥ بَعِيدًا",
        "وَنَرَىٰهُ قَرِيبًا",
        "يَوْمَ تَكُونُ ٱلسَّمَآءُ كَٱلْمُهْلِ",
        "وَتَكُونُ ٱلْجِبَالُ كَٱلْعِهْنِ",
        "وَلَا يَسْـَٔلُ حَمِيمٌ حَمِيمًا",
        "يُبَصَّرُونَهُمْ ۚ يَوَدُّ ٱلْمُجْرِمُ لَوْ يَفْتَدِى مِنْ عَذَابِ يَوْمِئِذٍۭ بِبَنِيهِ",
        "وَصَـٰحِبَتِهِۦ وَأَخِيهِ",
        "وَفَصِيلَتِهِ ٱلَّتِى تُـْٔوِيهِ",
        "وَمَن فِى ٱلْأَرْضِ جَمِيعًا ثُمَّ يُنجِيهِ",
        "كَلَّآ ۖ إِنَّهَا لَظَىٰ",
        "نَزَّاعَةً لِّلشَّوَىٰ",
        "تَدْعُوا۟ مَنْ أَدْبَرَ وَتَوَلَّىٰ",
        "وَجَمَعَ فَأَوْعَىٰٓ",
        "۞ إِنَّ ٱلْإِنسَـٰنَ خُلِقَ هَلُوعًا",
        "إِذَا مَسَّهُ ٱلشَّرُّ جَزُوعًا",
        "وَإِذَا مَسَّهُ ٱلْخَيْرُ مَنُوعًا",
        "إِلَّا ٱلْمُصَلِّينَ",
        "ٱلَّذِينَ هُمْ عَلَىٰ صَلَاتِهِمْ دَآئِمُونَ",
        "وَٱلَّذِينَ فِىٓ أَمْوَٰلِهِمْ حَقٌّ مَّعْلُومٌ",
        "لِّلسَّآئِلِ وَٱلْمَحْرُومِ",
        "وَٱلَّذِينَ يُصَدِّقُونَ بِيَوْمِ ٱلدِّينِ",
        "وَٱلَّذِينَ هُم مِّنْ عَذَابِ رَبِّهِم مُّشْفِقُونَ",
        "إِنَّ عَذَابَ رَبِّهِمْ غَيْرُ مَأْمُونٍ",
        "وَٱلَّذِينَ هُمْ لِفُرُوجِهِمْ حَـٰفِظُونَ",
        "إِلَّا عَلَىٰٓ أَزْوَٰجِهِمْ أَوْ مَا مَلَكَتْ أَيْمَـٰنُهُمْ فَإِنَّهُمْ غَيْرُ مَلُومِينَ",
        "فَمَنِ ٱبْتَغَىٰ وَرَآءَ ذَٰلِكَ فَأُو۟لَـٰٓئِكَ هُمُ ٱلْعَادُونَ",
        "وَٱلَّذِينَ هُمْ لِأَمَـٰنَـٰتِهِمْ وَعَهْدِهِمْ رَٰعُونَ",
        "وَٱلَّذِينَ هُم بِشَهَـٰدَٰتِهِمْ قَآئِمُونَ",
        "وَٱلَّذِينَ هُمْ عَلَىٰ صَلَاتِهِمْ يُحَافِظُونَ",
        "أُو۟لَـٰٓئِكَ فِى جَنَّـٰتٍ مُّكْرَمُونَ",
        "فَمَالِ ٱلَّذِينَ كَفَرُوا۟ قِبَلَكَ مُهْطِعِينَ",
        "عَنِ ٱلْيَمِينِ وَعَنِ ٱلشِّمَالِ عِزِينَ",
        "أَيَطْمَعُ كُلُّ ٱمْرِئٍ مِّنْهُمْ أَن يُدْخَلَ جَنَّةَ نَعِيمٍ",
        "كَلَّآ ۖ إِنَّا خَلَقْنَـٰهُم مِّمَّا يَعْلَمُونَ",
        "فَلَآ أُقْسِمُ بِرَبِّ ٱلْمَشَـٰرِقِ وَٱلْمَغَـٰرِبِ إِنَّا لَقَـٰدِرُونَ",
        "عَلَىٰٓ أَن نُّبَدِّلَ خَيْرًا مِّنْهُمْ وَمَا نَحْنُ بِمَسْبُوقِينَ",
        "فَذَرْهُمْ يَخُوضُوا۟ وَيَلْعَبُوا۟ حَتَّىٰ يُلَـٰقُوا۟ يَوْمَهُمُ ٱلَّذِى يُوعَدُونَ",
        "يَوْمَ يَخْرُجُونَ مِنَ ٱلْأَجْدَاثِ سِرَاعًا كَأَنَّهُمْ إِلَىٰ نُصُبٍ يُوفِضُونَ",
        "خَـٰشِعَةً أَبْصَـٰرُهُمْ تَرْهَقُهُمْ ذِلَّةٌ ۚ ذَٰلِكَ ٱلْيَوْمُ ٱلَّذِى كَانُوا۟ يُوعَدُونَ"
    ],
    "arabic2": [
        "سال سائل بعذاب واقع",
        "للكافرين ليس له دافع",
        "من الله ذي المعارج",
        "تعرج الملائكة والروح اليه في يوم كان مقداره خمسين الف سنة",
        "فاصبر صبرا جميلا",
        "انهم يرونه بعيدا",
        "ونراه قريبا",
        "يوم تكون السماء كالمهل",
        "وتكون الجبال كالعهن",
        "ولا يسال حميم حميما",
        "يبصرونهم يود المجرم لو يفتدي من عذاب يومئذ ببنيه",
        "وصاحبته واخيه",
        "وفصيلته التي تؤويه",
        "ومن في الارض جميعا ثم ينجيه",
        "كلا انها لظى",
        "نزاعة للشوى",
        "تدعو من ادبر وتولى",
        "وجمع فاوعى",
        "ان الانسان خلق هلوعا",
        "اذا مسه الشر جزوعا",
        "واذا مسه الخير منوعا",
        "الا المصلين",
        "الذين هم على صلاتهم دائمون",
        "والذين في اموالهم حق معلوم",
        "للسائل والمحروم",
        "والذين يصدقون بيوم الدين",
        "والذين هم من عذاب ربهم مشفقون",
        "ان عذاب ربهم غير مامون",
        "والذين هم لفروجهم حافظون",
        "الا على ازواجهم او ما ملكت ايمانهم فانهم غير ملومين",
        "فمن ابتغى وراء ذلك فاولئك هم العادون",
        "والذين هم لاماناتهم وعهدهم راعون",
        "والذين هم بشهاداتهم قائمون",
        "والذين هم على صلاتهم يحافظون",
        "اولئك في جنات مكرمون",
        "فمال الذين كفروا قبلك مهطعين",
        "عن اليمين وعن الشمال عزين",
        "ايطمع كل امرئ منهم ان يدخل جنة نعيم",
        "كلا انا خلقناهم مما يعلمون",
        "فلا اقسم برب المشارق والمغارب انا لقادرون",
        "على ان نبدل خيرا منهم وما نحن بمسبوقين",
        "فذرهم يخوضوا ويلعبوا حتى يلاقوا يومهم الذي يوعدون",
        "يوم يخرجون من الاجداث سراعا كانهم الى نصب يوفضون",
        "خاشعة ابصارهم ترهقهم ذلة ذلك اليوم الذي كانوا يوعدون"
    ]
}