{
    "surahName": "Nooh",
    "surahNameArabic": "نوح",
    "surahNameArabicLong": "سورة نوح",
    "surahNameTranslation": "Noah",
    "revelationPlace": "Mecca",
    "totalAyah": 28,
    "surahNo": 71,
    "english": [
        "Indeed, We sent Noah to his people ˹saying to him˺, “Warn your people before a painful punishment comes to them.”",
        "Noah proclaimed, “O my people! I am truly sent to you with a clear warning:",
        "worship Allah ˹alone˺, fear Him, and obey me.",
        "He will forgive your sins, and delay your end until the appointed time. Indeed, when the time set by Allah comes, it cannot be delayed, if only you knew!”",
        "He cried, “My Lord! I have surely called my people day and night",
        "but my calls only made them run farther away.",
        "And whenever I invite them to be forgiven by You, they press their fingers into their ears, cover themselves with their clothes, persist ˹in denial˺, and act very arrogantly.",
        "Then I certainly called them openly",
        "then I surely preached to them publicly and privately",
        "saying, ‘Seek your Lord’s forgiveness, ˹for˺ He is truly Most Forgiving.",
        "He will shower you with abundant rain",
        "supply you with wealth and children, and give you gardens as well as rivers.",
        "What is the matter with you that you are not in awe of the Majesty of Allah",
        "when He truly created you in stages ˹of development˺?",
        "Do you not see how Allah created seven heavens, one above the other",
        "placing the moon within them as a ˹reflected˺ light, and the sun as a ˹radiant˺ lamp?",
        "Allah ˹alone˺ caused you to grow from the earth like a plant.",
        "Then He will return you to it, and then simply bring you forth ˹again˺.",
        "And Allah ˹alone˺ spread out the earth for you",
        "to walk along its spacious pathways.’”",
        "˹Eventually,˺ Noah cried, “My Lord! They have certainly persisted in disobeying me, and followed ˹instead˺ those ˹elite˺ whose ˹abundant˺ wealth and children only increase them in loss",
        "and who have devised a tremendous plot",
        "urging ˹their followers˺, ‘Do not abandon your idols—especially Wadd, Suwâ’, Yaghûth, Ya’ûq, and Nasr.’",
        "Those ˹elite˺ have already led many astray. So ˹O Lord˺, only allow the wrongdoers to stray farther away.”",
        "So because of their sins, they were drowned, then admitted into the Fire. And they found none to help them against Allah.",
        "Noah had prayed, “My Lord! Do not leave a single disbeliever on earth.",
        "For if You spare ˹any of˺ them, they will certainly mislead Your servants, and give birth only to ˹wicked˺ sinners, staunch disbelievers.",
        "My Lord! Forgive me, my parents, and whoever enters my house in faith, and ˹all˺ believing men and women. And increase the wrongdoers only in destruction.”"
    ],
    "arabic1": [
        " إِنَّآ أَرْسَلْنَا نُوحًا إِلَىٰ قَوْمِهِۦٓ أَنْ أَنذِرْ قَوْمَكَ مِن قَبْلِ أَن يَأْتِيَهُمْ عَذَابٌ أَلِيمٌ",
        "قَالَ يَـٰقَوْمِ إِنِّى لَكُمْ نَذِيرٌ مُّبِينٌ",
        "أَنِ ٱعْبُدُوا۟ ٱللَّهَ وَٱتَّقُوهُ وَأَطِيعُونِ",
        "يَغْفِرْ لَكُم مِّن ذُنُوبِكُمْ وَيُؤَخِّرْكُمْ إِلَىٰٓ أَجَلٍ مُّسَمًّى ۚ إِنَّ أَجَلَ ٱللَّهِ إِذَا جَآءَ لَا يُؤَخَّرُ ۖ لَوْ كُنتُمْ تَعْلَمُونَ",
        "قَالَ رَبِّ إِنِّى دَعَوْتُ قَوْمِى لَيْلًا وَنَهَارًا",
        "فَلَمْ يَزِدْهُمْ دُعَآءِىٓ إِلَّا فِرَارًا",
        "وَإِنِّى كُلَّمَا دَعَوْتُهُمْ لِتَغْفِرَ لَهُمْ جَعَلُوٓا۟ أَصَـٰبِعَهُمْ فِىٓ ءَاذَانِهِمْ وَٱسْتَغْشَوْا۟ ثِيَابَهُمْ وَأَصَرُّوا۟ وَٱسْتَكْبَرُوا۟ ٱسْتِكْبَارًا",
        "ثُمَّ إِنِّى دَعَوْتُهُمْ جِهَارًا",
        "ثُمَّ إِنِّىٓ أَعْلَنتُ لَهُمْ وَأَسْرَرْتُ لَهُمْ إِسْرَارًا",
        "فَقُلْتُ ٱسْتَغْفِرُوا۟ رَبَّكُمْ إِنَّهُۥ كَانَ غَفَّارًا",
        "يُرْسِلِ ٱلسَّمَآءَ عَلَيْكُم مِّدْرَارًا",
        "وَيُمْدِدْكُم بِأَمْوَٰلٍ وَبَنِينَ وَيَجْعَل لَّكُمْ جَنَّـٰتٍ وَيَجْعَل لَّكُمْ أَنْهَـٰرًا",
        "مَّا لَكُمْ لَا تَرْجُونَ لِلَّهِ وَقَارًا",
        "وَقَدْ خَلَقَكُمْ أَطْوَارًا",
        "أَلَمْ تَرَوْا۟ كَيْفَ خَلَقَ ٱللَّهُ سَبْعَ سَمَـٰوَٰتٍ طِبَاقًا",
        "وَجَعَلَ ٱلْقَمَرَ فِيهِنَّ نُورًا وَجَعَلَ ٱلشَّمْسَ سِرَاجًا",
        "وَٱللَّهُ أَنۢبَتَكُم مِّنَ ٱلْأَرْضِ نَبَاتًا",
        "ثُمَّ يُعِيدُكُمْ فِيهَا وَيُخْرِجُكُمْ إِخْرَاجًا",
        "وَٱللَّهُ جَعَلَ لَكُمُ ٱلْأَرْضَ بِسَاطًا",
        "لِّتَسْلُكُوا۟ مِنْهَا سُبُلًا فِجَاجًا",
        "قَالَ نُوحٌ رَّبِّ إِنَّهُمْ عَصَوْنِى وَٱتَّبَعُوا۟ مَن لَّمْ يَزِدْهُ مَالُهُۥ وَوَلَدُهُۥٓ إِلَّا خَسَارًا",
        "وَمَكَرُوا۟ مَكْرًا كُبَّارًا",
        "وَقَالُوا۟ لَا تَذَرُنَّ ءَالِهَتَكُمْ وَلَا تَذَرُنَّ وَدًّا وَلَا سُوَاعًا وَلَا يَغُوثَ وَيَعُوقَ وَنَسْرًا",
        "وَقَدْ أَضَلُّوا۟ كَثِيرًا ۖ وَلَا تَزِدِ ٱلظَّـٰلِمِينَ إِلَّا ضَلَـٰلًا",
        "مِّمَّا خَطِيٓـَٔـٰتِهِمْ أُغْرِقُوا۟ فَأُدْخِلُوا۟ نَارًا فَلَمْ يَجِدُوا۟ لَهُم مِّن دُونِ ٱللَّهِ أَنصَارًا",
        "وَقَالَ نُوحٌ رَّبِّ لَا تَذَرْ عَلَى ٱلْأَرْضِ مِنَ ٱلْكَـٰفِرِينَ دَيَّارًا",
        "إِنَّكَ إِن تَذَرْهُمْ يُضِلُّوا۟ عِبَادَكَ وَلَا يَلِدُوٓا۟ إِلَّا فَاجِرًا كَفَّارًا",
        "رَّبِّ ٱغْفِرْ لِى وَلِوَٰلِدَىَّ وَلِمَن دَخَلَ بَيْتِىَ مُؤْمِنًا وَلِلْمُؤْمِنِينَ وَٱلْمُؤْمِنَـٰتِ وَلَا تَزِدِ ٱلظَّـٰلِمِينَ إِلَّا تَبَارًۢا"
    ],
    "arabic2": [
        "انا ارسلنا نوحا الى قومه ان انذر قومك من قبل ان ياتيهم عذاب اليم",
        "قال يا قوم اني لكم نذير مبين",
        "ان اعبدوا الله واتقوه واطيعون",
        "يغفر لكم من ذنوبكم ويؤخركم الى اجل مسمى ان اجل الله اذا جاء لا يؤخر لو كنتم تعلمون",
        "قال رب اني دعوت قومي ليلا ونهارا",
        "فلم يزدهم دعائي الا فرارا",
        "واني كلما دعوتهم لتغفر لهم جعلوا اصابعهم في اذانهم واستغشوا ثيابهم واصروا واستكبروا استكبارا",
        "ثم اني دعوتهم جهارا",
        "ثم اني اعلنت لهم واسررت لهم اسرارا",
        "فقلت استغفروا ربكم انه كان غفارا",
        "يرسل السماء عليكم مدرارا",
        "ويمددكم باموال وبنين ويجعل لكم جنات ويجعل لكم انهارا",
        "ما لكم لا ترجون لله وقارا",
        "وقد خلقكم اطوارا",
        "الم تروا كيف خلق الله سبع سماوات طباقا",
        "وجعل القمر فيهن نورا وجعل الشمس سراجا",
        "والله انبتكم من الارض نباتا",
        "ثم يعيدكم فيها ويخرجكم اخراجا",
        "والله جعل لكم الارض بساطا",
        "لتسلكوا منها سبلا فجاجا",
        "قال نوح رب انهم عصوني واتبعوا من لم يزده ماله وولده الا خسارا",
        "ومكروا مكرا كبارا",
        "وقالوا لا تذرن الهتكم ولا تذرن ودا ولا سواعا ولا يغوث ويعوق ونسرا",
        "وقد اضلوا كثيرا ولا تزد الظالمين الا ضلالا",
        "مما خطيئاتهم اغرقوا فادخلوا نارا فلم يجدوا لهم من دون الله انصارا",
        "وقال نوح رب لا تذر على الارض من الكافرين ديارا",
        "انك ان تذرهم يضلوا عبادك ولا يلدوا الا فاجرا كفارا",
        "رب اغفر لي ولوالدي ولمن دخل بيتي مؤمنا وللمؤمنين والمؤمنات ولا تزد الظالمين الا تبارا"
    ]
}