{
    "surahName": "Al-Jinn",
    "surahNameArabic": "الجن",
    "surahNameArabicLong": "سورة الجن",
    "surahNameTranslation": "The Jinn",
    "revelationPlace": "Mecca",
    "totalAyah": 28,
    "surahNo": 72,
    "english": [
        "Say, ˹O Prophet,˺ “It has been revealed to me that a group of jinn listened ˹to the Quran,˺ and said ˹to their fellow jinn˺: ‘Indeed, we have heard a wondrous recitation.",
        "It leads to Right Guidance so we believed in it, and we will never associate anyone with our Lord ˹in worship˺.",
        "˹Now, we believe that˺ our Lord—Exalted is His Majesty—has neither taken a mate nor offspring",
        "and that the foolish of us used to utter ˹outrageous˺ falsehoods about Allah.",
        "We certainly thought that humans and jinn would never speak lies about Allah.",
        "And some men used to seek refuge with some jinn—so they increased each other in wickedness.",
        "And those ˹humans˺ thought, just like you ˹jinn˺, that Allah would not resurrect anyone ˹for judgment˺.",
        "˹Earlier˺ we tried to reach heaven ˹for news˺, only to find it filled with stern guards and shooting stars.",
        "We used to take up positions there for eavesdropping, but whoever dares eavesdrop now will find a flare lying in wait for them.",
        "Now, we have no clue whether evil is intended for those on earth, or their Lord intends for them what is right.",
        "Among us are those who are righteous and those who are less so. We have been of different factions.",
        "˹Now,˺ we truly know that we cannot frustrate Allah on earth, nor can we escape from Him ˹into heaven˺.",
        "When we heard the guidance ˹of the Quran˺, we ˹readily˺ believed in it. For whoever believes in their Lord will have no fear of being denied ˹a reward˺ or wronged.",
        "And among us are those who have submitted ˹to Allah˺ and those who are deviant. So ˹as for˺ those who submitted, it is they who have attained Right Guidance.",
        "And as for the deviant, they will be fuel for Hell.’”",
        "Had the deniers followed the Right Way, We would have certainly granted them abundant rain to drink—",
        "as a test for them. And whoever turns away from the remembrance of their Lord will be admitted by Him into an overwhelming punishment.",
        "The places of worship are ˹only˺ for Allah, so do not invoke anyone besides Him.",
        "Yet when the servant of Allah stood up calling upon Him ˹alone˺, the pagans almost swarmed over him.",
        "Say, ˹O Prophet,˺ “I call only upon my Lord, associating none with Him ˹in worship˺.”",
        "Say, “It is not in my power to harm or benefit you.”",
        "Say, “No one can protect me from Allah ˹if I were to disobey Him˺, nor can I find any refuge other than Him.",
        "˹My duty is˺ only to convey ˹the truth˺ from Allah and ˹deliver˺ His messages.” And whoever disobeys Allah and His Messenger will certainly be in the Fire of Hell, to stay there for ever and ever.",
        "Only when they see what they have been threatened with will they know who is weaker in helpers and inferior in manpower.",
        "Say, “I do not know if what you are promised is near or my Lord has set a distant time for it.",
        "˹He is the˺ Knower of the unseen, disclosing none of it to anyone",
        "except messengers of His choice. Then He appoints angel-guards before and behind them",
        "to ensure that the messengers fully deliver the messages of their Lord—though He ˹already˺ knows all about them, and keeps account of everything.”"
    ],
    "arabic1": [
        " قُلْ أُوحِىَ إِلَىَّ أَنَّهُ ٱسْتَمَعَ نَفَرٌ مِّنَ ٱلْجِنِّ فَقَالُوٓا۟ إِنَّا سَمِعْنَا قُرْءَانًا عَجَبًا",
        "يَهْدِىٓ إِلَى ٱلرُّشْدِ فَـَٔامَنَّا بِهِۦ ۖ وَلَن نُّشْرِكَ بِرَبِّنَآ أَحَدًا",
        "وَأَنَّهُۥ تَعَـٰلَىٰ جَدُّ رَبِّنَا مَا ٱتَّخَذَ صَـٰحِبَةً وَلَا وَلَدًا",
        "وَأَنَّهُۥ كَانَ يَقُولُ سَفِيهُنَا عَلَى ٱللَّهِ شَطَطًا",
        "وَأَنَّا ظَنَنَّآ أَن لَّن تَقُولَ ٱلْإِنسُ وَٱلْجِنُّ عَلَى ٱللَّهِ كَذِبًا",
        "وَأَنَّهُۥ كَانَ رِجَالٌ مِّنَ ٱلْإِنسِ يَعُوذُونَ بِرِجَالٍ مِّنَ ٱلْجِنِّ فَزَادُوهُمْ رَهَقًا",
        "وَأَنَّهُمْ ظَنُّوا۟ كَمَا ظَنَنتُمْ أَن لَّن يَبْعَثَ ٱللَّهُ أَحَدًا",
        "وَأَنَّا لَمَسْنَا ٱلسَّمَآءَ فَوَجَدْنَـٰهَا مُلِئَتْ حَرَسًا شَدِيدًا وَشُهُبًا",
        "وَأَنَّا كُنَّا نَقْعُدُ مِنْهَا مَقَـٰعِدَ لِلسَّمْعِ ۖ فَمَن يَسْتَمِعِ ٱلْـَٔانَ يَجِدْ لَهُۥ شِهَابًا رَّصَدًا",
        "وَأَنَّا لَا نَدْرِىٓ أَشَرٌّ أُرِيدَ بِمَن فِى ٱلْأَرْضِ أَمْ أَرَادَ بِهِمْ رَبُّهُمْ رَشَدًا",
        "وَأَنَّا مِنَّا ٱلصَّـٰلِحُونَ وَمِنَّا دُونَ ذَٰلِكَ ۖ كُنَّا طَرَآئِقَ قِدَدًا",
        "وَأَنَّا ظَنَنَّآ أَن لَّن نُّعْجِزَ ٱللَّهَ فِى ٱلْأَرْضِ وَلَن نُّعْجِزَهُۥ هَرَبًا",
        "وَأَنَّا لَمَّا سَمِعْنَا ٱلْهُدَىٰٓ ءَامَنَّا بِهِۦ ۖ فَمَن يُؤْمِنۢ بِرَبِّهِۦ فَلَا يَخَافُ بَخْسًا وَلَا رَهَقًا",
        "وَأَنَّا مِنَّا ٱلْمُسْلِمُونَ وَمِنَّا ٱلْقَـٰسِطُونَ ۖ فَمَنْ أَسْلَمَ فَأُو۟لَـٰٓئِكَ تَحَرَّوْا۟ رَشَدًا",
        "وَأَمَّا ٱلْقَـٰسِطُونَ فَكَانُوا۟ لِجَهَنَّمَ حَطَبًا",
        "وَأَلَّوِ ٱسْتَقَـٰمُوا۟ عَلَى ٱلطَّرِيقَةِ لَأَسْقَيْنَـٰهُم مَّآءً غَدَقًا",
        "لِّنَفْتِنَهُمْ فِيهِ ۚ وَمَن يُعْرِضْ عَن ذِكْرِ رَبِّهِۦ يَسْلُكْهُ عَذَابًا صَعَدًا",
        "وَأَنَّ ٱلْمَسَـٰجِدَ لِلَّهِ فَلَا تَدْعُوا۟ مَعَ ٱللَّهِ أَحَدًا",
        "وَأَنَّهُۥ لَمَّا قَامَ عَبْدُ ٱللَّهِ يَدْعُوهُ كَادُوا۟ يَكُونُونَ عَلَيْهِ لِبَدًا",
        "قُلْ إِنَّمَآ أَدْعُوا۟ رَبِّى وَلَآ أُشْرِكُ بِهِۦٓ أَحَدًا",
        "قُلْ إِنِّى لَآ أَمْلِكُ لَكُمْ ضَرًّا وَلَا رَشَدًا",
        "قُلْ إِنِّى لَن يُجِيرَنِى مِنَ ٱللَّهِ أَحَدٌ وَلَنْ أَجِدَ مِن دُونِهِۦ مُلْتَحَدًا",
        "إِلَّا بَلَـٰغًا مِّنَ ٱللَّهِ وَرِسَـٰلَـٰتِهِۦ ۚ وَمَن يَعْصِ ٱللَّهَ وَرَسُولَهُۥ فَإِنَّ لَهُۥ نَارَ جَهَنَّمَ خَـٰلِدِينَ فِيهَآ أَبَدًا",
        "حَتَّىٰٓ إِذَا رَأَوْا۟ مَا يُوعَدُونَ فَسَيَعْلَمُونَ مَنْ أَضْعَفُ نَاصِرًا وَأَقَلُّ عَدَدًا",
        "قُلْ إِنْ أَدْرِىٓ أَقَرِيبٌ مَّا تُوعَدُونَ أَمْ يَجْعَلُ لَهُۥ رَبِّىٓ أَمَدًا",
        "عَـٰلِمُ ٱلْغَيْبِ فَلَا يُظْهِرُ عَلَىٰ غَيْبِهِۦٓ أَحَدًا",
        "إِلَّا مَنِ ٱرْتَضَىٰ مِن رَّسُولٍ فَإِنَّهُۥ يَسْلُكُ مِنۢ بَيْنِ يَدَيْهِ وَمِنْ خَلْفِهِۦ رَصَدًا",
        "لِّيَعْلَمَ أَن قَدْ أَبْلَغُوا۟ رِسَـٰلَـٰتِ رَبِّهِمْ وَأَحَاطَ بِمَا لَدَيْهِمْ وَأَحْصَىٰ كُلَّ شَىْءٍ عَدَدًۢا"
    ],
    "arabic2": [
        "قل اوحي الي انه استمع نفر من الجن فقالوا انا سمعنا قرانا عجبا",
        "يهدي الى الرشد فامنا به ولن نشرك بربنا احدا",
        "وانه تعالى جد ربنا ما اتخذ صاحبة ولا ولدا",
        "وانه كان يقول سفيهنا على الله شططا",
        "وانا ظننا ان لن تقول الانس والجن على الله كذبا",
        "وانه كان رجال من الانس يعوذون برجال من الجن فزادوهم رهقا",
        "وانهم ظنوا كما ظننتم ان لن يبعث الله احدا",
        "وانا لمسنا السماء فوجدناها ملئت حرسا شديدا وشهبا",
        "وانا كنا نقعد منها مقاعد للسمع فمن يستمع الان يجد له شهابا رصدا",
        "وانا لا ندري اشر اريد بمن في الارض ام اراد بهم ربهم رشدا",
        "وانا منا الصالحون ومنا دون ذلك كنا طرائق قددا",
        "وانا ظننا ان لن نعجز الله في الارض ولن نعجزه هربا",
        "وانا لما سمعنا الهدى امنا به فمن يؤمن بربه فلا يخاف بخسا ولا رهقا",
        "وانا منا المسلمون ومنا القاسطون فمن اسلم فاولئك تحروا رشدا",
        "واما القاسطون فكانوا لجهنم حطبا",
        "وان لو استقاموا على الطريقة لاسقيناهم ماء غدقا",
        "لنفتنهم فيه ومن يعرض عن ذكر ربه يسلكه عذابا صعدا",
        "وان المساجد لله فلا تدعوا مع الله احدا",
        "وانه لما قام عبد الله يدعوه كادوا يكونون عليه لبدا",
        "قل انما ادعو ربي ولا اشرك به احدا",
        "قل اني لا املك لكم ضرا ولا رشدا",
        "قل اني لن يجيرني من الله احد ولن اجد من دونه ملتحدا",
        "الا بلاغا من الله ورسالاته ومن يعص الله ورسوله فان له نار جهنم خالدين فيها ابدا",
        "حتى اذا راوا ما يوعدون فسيعلمون من اضعف ناصرا واقل عددا",
        "قل ان ادري اقريب ما توعدون ام يجعل له ربي امدا",
        "عالم الغيب فلا يظهر على غيبه احدا",
        "الا من ارتضى من رسول فانه يسلك من بين يديه ومن خلفه رصدا",
        "ليعلم ان قد ابلغوا رسالات ربهم واحاط بما لديهم واحصى كل شيء عددا"
    ]
}