{
    "surahName": "Al-Muzzammil",
    "surahNameArabic": "المزمل",
    "surahNameArabicLong": "سورة المزمل",
    "surahNameTranslation": "The Enshrouded One",
    "revelationPlace": "Mecca",
    "totalAyah": 20,
    "surahNo": 73,
    "english": [
        "O you wrapped ˹in your clothes˺!",
        "Stand all night ˹in prayer˺ except a little—",
        "˹pray˺ half the night, or a little less",
        "or a little more—and recite the Quran ˹properly˺ in a measured way.",
        "˹For˺ We will soon send upon you a weighty revelation.",
        "Indeed, worship in the night is more impactful and suitable for recitation.",
        "For during the day you are over-occupied ˹with worldly duties˺.",
        "˹Always˺ remember the Name of your Lord, and devote yourself to Him wholeheartedly.",
        "˹He is the˺ Lord of the east and the west. There is no god ˹worthy of worship˺ except Him, so take Him ˹alone˺ as a Trustee of Affairs.",
        "Be patient ˹O Prophet˺ with what they say, and depart from them courteously.",
        "And leave to Me the deniers—the people of luxury—and bear with them for a little while.",
        "˹For˺ We certainly have shackles, a ˹raging˺ Fire",
        "choking food, and a painful punishment ˹in store for them˺",
        "on the Day the earth and mountains will shake ˹violently˺, and mountains will be ˹reduced to˺ dunes of shifting sand.",
        "Indeed, We have sent to you a messenger as a witness over you, just as We sent a messenger to Pharaoh.",
        "But Pharaoh disobeyed the messenger, so We seized him with a stern grip.",
        "If you ˹pagans˺ persist in disbelief, then how will you guard yourselves against ˹the horrors of˺ a Day which will turn children’s hair grey?",
        "It will ˹even˺ cause the sky to split apart. His promise ˹of judgment˺ must be fulfilled.",
        "Surely this is a reminder. So let whoever wills take the ˹Right˺ Way to their Lord.",
        "Surely your Lord knows that you ˹O Prophet˺ stand ˹in prayer˺ for nearly two-thirds of the night, or ˹sometimes˺ half of it, or a third, as do some of those with you. Allah ˹alone˺ keeps a ˹precise˺ measure of the day and night. He knows that you ˹believers˺ are unable to endure this, and has turned to you in mercy. So recite ˹in prayer˺ whatever you can from the Quran. He knows that some of you will be sick, some will be travelling throughout the land seeking Allah’s bounty, and some fighting in the cause of Allah. So recite whatever you can from it. And ˹continue to˺ perform ˹regular˺ prayers, pay alms-tax, and lend to Allah a good loan. Whatever good you send forth for yourselves, you will find it with Allah far better and more rewarding. And seek Allah’s forgiveness. Surely Allah is All-Forgiving, Most Merciful."
    ],
    "arabic1": [
        " يَـٰٓأَيُّهَا ٱلْمُزَّمِّلُ",
        "قُمِ ٱلَّيْلَ إِلَّا قَلِيلًا",
        "نِّصْفَهُۥٓ أَوِ ٱنقُصْ مِنْهُ قَلِيلًا",
        "أَوْ زِدْ عَلَيْهِ وَرَتِّلِ ٱلْقُرْءَانَ تَرْتِيلًا",
        "إِنَّا سَنُلْقِى عَلَيْكَ قَوْلًا ثَقِيلًا",
        "إِنَّ نَاشِئَةَ ٱلَّيْلِ هِىَ أَشَدُّ وَطْـًٔا وَأَقْوَمُ قِيلًا",
        "إِنَّ لَكَ فِى ٱلنَّهَارِ سَبْحًا طَوِيلًا",
        "وَٱذْكُرِ ٱسْمَ رَبِّكَ وَتَبَتَّلْ إِلَيْهِ تَبْتِيلًا",
        "رَّبُّ ٱلْمَشْرِقِ وَٱلْمَغْرِبِ لَآ إِلَـٰهَ إِلَّا هُوَ فَٱتَّخِذْهُ وَكِيلًا",
        "وَٱصْبِرْ عَلَىٰ مَا يَقُولُونَ وَٱهْجُرْهُمْ هَجْرًا جَمِيلًا",
        "وَذَرْنِى وَٱلْمُكَذِّبِينَ أُو۟لِى ٱلنَّعْمَةِ وَمَهِّلْهُمْ قَلِيلًا",
        "إِنَّ لَدَيْنَآ أَنكَالًا وَجَحِيمًا",
        "وَطَعَامًا ذَا غُصَّةٍ وَعَذَابًا أَلِيمًا",
        "يَوْمَ تَرْجُفُ ٱلْأَرْضُ وَٱلْجِبَالُ وَكَانَتِ ٱلْجِبَالُ كَثِيبًا مَّهِيلًا",
        "إِنَّآ أَرْسَلْنَآ إِلَيْكُمْ رَسُولًا شَـٰهِدًا عَلَيْكُمْ كَمَآ أَرْسَلْنَآ إِلَىٰ فِرْعَوْنَ رَسُولًا",
        "فَعَصَىٰ فِرْعَوْنُ ٱلرَّسُولَ فَأَخَذْنَـٰهُ أَخْذًا وَبِيلًا",
        "فَكَيْفَ تَتَّقُونَ إِن كَفَرْتُمْ يَوْمًا يَجْعَلُ ٱلْوِلْدَٰنَ شِيبًا",
        "ٱلسَّمَآءُ مُنفَطِرٌۢ بِهِۦ ۚ كَانَ وَعْدُهُۥ مَفْعُولًا",
        "إِنَّ هَـٰذِهِۦ تَذْكِرَةٌ ۖ فَمَن شَآءَ ٱتَّخَذَ إِلَىٰ رَبِّهِۦ سَبِيلًا",
        "۞ إِنَّ رَبَّكَ يَعْلَمُ أَنَّكَ تَقُومُ أَدْنَىٰ مِن ثُلُثَىِ ٱلَّيْلِ وَنِصْفَهُۥ وَثُلُثَهُۥ وَطَآئِفَةٌ مِّنَ ٱلَّذِينَ مَعَكَ ۚ وَٱللَّهُ يُقَدِّرُ ٱلَّيْلَ وَٱلنَّهَارَ ۚ عَلِمَ أَن لَّن تُحْصُوهُ فَتَابَ عَلَيْكُمْ ۖ فَٱقْرَءُوا۟ مَا تَيَسَّرَ مِنَ ٱلْقُرْءَانِ ۚ عَلِمَ أَن سَيَكُونُ مِنكُم مَّرْضَىٰ ۙ وَءَاخَرُونَ يَضْرِبُونَ فِى ٱلْأَرْضِ يَبْتَغُونَ مِن فَضْلِ ٱللَّهِ ۙ وَءَاخَرُونَ يُقَـٰتِلُونَ فِى سَبِيلِ ٱللَّهِ ۖ فَٱقْرَءُوا۟ مَا تَيَسَّرَ مِنْهُ ۚ وَأَقِيمُوا۟ ٱلصَّلَوٰةَ وَءَاتُوا۟ ٱلزَّكَوٰةَ وَأَقْرِضُوا۟ ٱللَّهَ قَرْضًا حَسَنًا ۚ وَمَا تُقَدِّمُوا۟ لِأَنفُسِكُم مِّنْ خَيْرٍ تَجِدُوهُ عِندَ ٱللَّهِ هُوَ خَيْرًا وَأَعْظَمَ أَجْرًا ۚ وَٱسْتَغْفِرُوا۟ ٱللَّهَ ۖ إِنَّ ٱللَّهَ غَفُورٌ رَّحِيمٌۢ"
    ],
    "arabic2": [
        "يا ايها المزمل",
        "قم الليل الا قليلا",
        "نصفه او انقص منه قليلا",
        "او زد عليه ورتل القران ترتيلا",
        "انا سنلقي عليك قولا ثقيلا",
        "ان ناشئة الليل هي اشد وطئا واقوم قيلا",
        "ان لك في النهار سبحا طويلا",
        "واذكر اسم ربك وتبتل اليه تبتيلا",
        "رب المشرق والمغرب لا اله الا هو فاتخذه وكيلا",
        "واصبر على ما يقولون واهجرهم هجرا جميلا",
        "وذرني والمكذبين اولي النعمة ومهلهم قليلا",
        "ان لدينا انكالا وجحيما",
        "وطعاما ذا غصة وعذابا اليما",
        "يوم ترجف الارض والجبال وكانت الجبال كثيبا مهيلا",
        "انا ارسلنا اليكم رسولا شاهدا عليكم كما ارسلنا الى فرعون رسولا",
        "فعصى فرعون الرسول فاخذناه اخذا وبيلا",
        "فكيف تتقون ان كفرتم يوما يجعل الولدان شيبا",
        "السماء منفطر به كان وعده مفعولا",
        "ان هذه تذكرة فمن شاء اتخذ الى ربه سبيلا",
        "ان ربك يعلم انك تقوم ادنى من ثلثي الليل ونصفه وثلثه وطائفة من الذين معك والله يقدر الليل والنهار علم ان لن تحصوه فتاب عليكم فاقرءوا ما تيسر من القران علم ان سيكون منكم مرضى واخرون يضربون في الارض يبتغون من فضل الله واخرون يقاتلون في سبيل الله فاقرءوا ما تيسر منه واقيموا الصلاة واتوا الزكاة واقرضوا الله قرضا حسنا وما تقدموا لانفسكم من خير تجدوه عند الله هو خيرا واعظم اجرا واستغفروا الله ان الله غفور رحيم"
    ]
}