{
    "surahName": "Al-Qiyaama",
    "surahNameArabic": "القيامة",
    "surahNameArabicLong": "سورة القيامة",
    "surahNameTranslation": "The Resurrection",
    "revelationPlace": "Mecca",
    "totalAyah": 40,
    "surahNo": 75,
    "english": [
        "I do swear by the Day of Judgment!",
        "And I do swear by the self-reproaching soul!",
        "Do people think We cannot reassemble their bones?",
        "Yes ˹indeed˺! We are ˹most˺ capable of restoring ˹even˺ their very fingertips.",
        "Still people want to deny what is yet to come",
        "asking ˹mockingly˺, “When is this Day of Judgment?”",
        "But when the sight is stunned",
        "and the moon is dimmed",
        "and the sun and the moon are brought together",
        "on that Day one will cry, “Where is the escape?”",
        "But no! There will be no refuge.",
        "On that Day all will end up before your Lord.",
        "All will then be informed of what they have sent forth and left behind.",
        "In fact, people will testify against their own souls",
        "despite the excuses they come up with.",
        "Do not rush your tongue trying to memorize ˹a revelation of˺ the Quran.",
        "It is certainly upon Us to ˹make you˺ memorize and recite it.",
        "So once We have recited a revelation ˹through Gabriel˺, follow its recitation ˹closely˺.",
        "Then it is surely upon Us to make it clear ˹to you˺.",
        "But no! In fact, you love this fleeting world",
        "and neglect the Hereafter.",
        "On that Day ˹some˺ faces will be bright",
        "looking at their Lord.",
        "And ˹other˺ faces will be gloomy",
        "anticipating something devastating to befall them.",
        "But no! ˹Beware of the day˺ when the soul reaches the collar bone ˹as it leaves˺",
        "and it will be said, “Is there any healer ˹who can save this life˺?”",
        "And the dying person realizes it is ˹their˺ time to depart",
        "and ˹then˺ their feet are tied together ˹in a shroud˺.",
        "On that day they will be driven to your Lord ˹alone˺.",
        "This denier neither believed nor prayed",
        "but persisted in denial and turned away",
        "then went to their own people, walking boastfully.",
        "Woe to you, and more woe!",
        "Again, woe to you, and even more woe!",
        "Do people think they will be left without purpose?",
        "Were they not ˹once˺ a sperm-drop emitted?",
        "Then they became a clinging clot ˹of blood˺, then He developed and perfected their form",
        "producing from it both sexes, male and female.",
        "Is such ˹a Creator˺ unable to bring the dead back to life?"
    ],
    "arabic1": [
        " لَآ أُقْسِمُ بِيَوْمِ ٱلْقِيَـٰمَةِ",
        "وَلَآ أُقْسِمُ بِٱلنَّفْسِ ٱللَّوَّامَةِ",
        "أَيَحْسَبُ ٱلْإِنسَـٰنُ أَلَّن نَّجْمَعَ عِظَامَهُۥ",
        "بَلَىٰ قَـٰدِرِينَ عَلَىٰٓ أَن نُّسَوِّىَ بَنَانَهُۥ",
        "بَلْ يُرِيدُ ٱلْإِنسَـٰنُ لِيَفْجُرَ أَمَامَهُۥ",
        "يَسْـَٔلُ أَيَّانَ يَوْمُ ٱلْقِيَـٰمَةِ",
        "فَإِذَا بَرِقَ ٱلْبَصَرُ",
        "وَخَسَفَ ٱلْقَمَرُ",
        "وَجُمِعَ ٱلشَّمْسُ وَٱلْقَمَرُ",
        "يَقُولُ ٱلْإِنسَـٰنُ يَوْمَئِذٍ أَيْنَ ٱلْمَفَرُّ",
        "كَلَّا لَا وَزَرَ",
        "إِلَىٰ رَبِّكَ يَوْمَئِذٍ ٱلْمُسْتَقَرُّ",
        "يُنَبَّؤُا۟ ٱلْإِنسَـٰنُ يَوْمَئِذٍۭ بِمَا قَدَّمَ وَأَخَّرَ",
        "بَلِ ٱلْإِنسَـٰنُ عَلَىٰ نَفْسِهِۦ بَصِيرَةٌ",
        "وَلَوْ أَلْقَىٰ مَعَاذِيرَهُۥ",
        "لَا تُحَرِّكْ بِهِۦ لِسَانَكَ لِتَعْجَلَ بِهِۦٓ",
        "إِنَّ عَلَيْنَا جَمْعَهُۥ وَقُرْءَانَهُۥ",
        "فَإِذَا قَرَأْنَـٰهُ فَٱتَّبِعْ قُرْءَانَهُۥ",
        "ثُمَّ إِنَّ عَلَيْنَا بَيَانَهُۥ",
        "كَلَّا بَلْ تُحِبُّونَ ٱلْعَاجِلَةَ",
        "وَتَذَرُونَ ٱلْـَٔاخِرَةَ",
        "وُجُوهٌ يَوْمَئِذٍ نَّاضِرَةٌ",
        "إِلَىٰ رَبِّهَا نَاظِرَةٌ",
        "وَوُجُوهٌ يَوْمَئِذٍۭ بَاسِرَةٌ",
        "تَظُنُّ أَن يُفْعَلَ بِهَا فَاقِرَةٌ",
        "كَلَّآ إِذَا بَلَغَتِ ٱلتَّرَاقِىَ",
        "وَقِيلَ مَنْ ۜ رَاقٍ",
        "وَظَنَّ أَنَّهُ ٱلْفِرَاقُ",
        "وَٱلْتَفَّتِ ٱلسَّاقُ بِٱلسَّاقِ",
        "إِلَىٰ رَبِّكَ يَوْمَئِذٍ ٱلْمَسَاقُ",
        "فَلَا صَدَّقَ وَلَا صَلَّىٰ",
        "وَلَـٰكِن كَذَّبَ وَتَوَلَّىٰ",
        "ثُمَّ ذَهَبَ إِلَىٰٓ أَهْلِهِۦ يَتَمَطَّىٰٓ",
        "أَوْلَىٰ لَكَ فَأَوْلَىٰ",
        "ثُمَّ أَوْلَىٰ لَكَ فَأَوْلَىٰٓ",
        "أَيَحْسَبُ ٱلْإِنسَـٰنُ أَن يُتْرَكَ سُدًى",
        "أَلَمْ يَكُ نُطْفَةً مِّن مَّنِىٍّ يُمْنَىٰ",
        "ثُمَّ كَانَ عَلَقَةً فَخَلَقَ فَسَوَّىٰ",
        "فَجَعَلَ مِنْهُ ٱلزَّوْجَيْنِ ٱلذَّكَرَ وَٱلْأُنثَىٰٓ",
        "أَلَيْسَ ذَٰلِكَ بِقَـٰدِرٍ عَلَىٰٓ أَن يُحْـِۧىَ ٱلْمَوْتَىٰ"
    ],
    "arabic2": [
        "لا اقسم بيوم القيامة",
        "ولا اقسم بالنفس اللوامة",
        "ايحسب الانسان الن نجمع عظامه",
        "بلى قادرين على ان نسوي بنانه",
        "بل يريد الانسان ليفجر امامه",
        "يسال ايان يوم القيامة",
        "فاذا برق البصر",
        "وخسف القمر",
        "وجمع الشمس والقمر",
        "يقول الانسان يومئذ اين المفر",
        "كلا لا وزر",
        "الى ربك يومئذ المستقر",
        "ينبا الانسان يومئذ بما قدم واخر",
        "بل الانسان على نفسه بصيرة",
        "ولو القى معاذيره",
        "لا تحرك به لسانك لتعجل به",
        "ان علينا جمعه وقرانه",
        "فاذا قراناه فاتبع قرانه",
        "ثم ان علينا بيانه",
        "كلا بل تحبون العاجلة",
        "وتذرون الاخرة",
        "وجوه يومئذ ناضرة",
        "الى ربها ناظرة",
        "ووجوه يومئذ باسرة",
        "تظن ان يفعل بها فاقرة",
        "كلا اذا بلغت التراقي",
        "وقيل من راق",
        "وظن انه الفراق",
        "والتفت الساق بالساق",
        "الى ربك يومئذ المساق",
        "فلا صدق ولا صلى",
        "ولكن كذب وتولى",
        "ثم ذهب الى اهله يتمطى",
        "اولى لك فاولى",
        "ثم اولى لك فاولى",
        "ايحسب الانسان ان يترك سدى",
        "الم يك نطفة من مني يمنى",
        "ثم كان علقة فخلق فسوى",
        "فجعل منه الزوجين الذكر والانثى",
        "اليس ذلك بقادر على ان يحيي الموتى"
    ]
}