{
    "surahName": "Al-Insaan",
    "surahNameArabic": "الانسان",
    "surahNameArabicLong": "سورة الانسان",
    "surahNameTranslation": "Man",
    "revelationPlace": "Madina",
    "totalAyah": 31,
    "surahNo": 76,
    "english": [
        "Is there not a period of time when each human is nothing yet worth mentioning?",
        "˹For˺ indeed, We ˹alone˺ created humans from a drop of mixed fluids, ˹in order˺ to test them, so We made them hear and see.",
        "We already showed them the Way, whether they ˹choose to˺ be grateful or ungrateful.",
        "Indeed, We have prepared for the disbelievers chains, shackles, and a blazing Fire.",
        "Indeed, the virtuous will have a drink ˹of pure wine˺—flavoured with camphor—",
        "˹from˺ a spring where Allah’s servants will drink, flowing at their will.",
        "They ˹are those who˺ fulfil ˹their˺ vows and fear a Day of sweeping horror",
        "and give food—despite their desire for it—to the poor, the orphan, and the captive",
        "˹saying to themselves,˺ “We feed you only for the sake of Allah, seeking neither reward nor thanks from you.",
        "We fear from our Lord a horribly distressful Day.”",
        "So Allah will deliver them from the horror of that Day, and grant them radiance and joy",
        "and reward them for their perseverance with a Garden ˹in Paradise˺ and ˹garments of˺ silk.",
        "There they will be reclining on ˹canopied˺ couches, never seeing scorching heat or bitter cold.",
        "The Garden’s shade will be right above them, and its fruit will be made very easy to reach.",
        "They will be waited on with silver vessels and cups of crystal—",
        "crystalline silver, filled precisely as desired.",
        "And they will be given a drink ˹of pure wine˺ flavoured with ginger",
        "from a spring there, called Salsabîl.",
        "They will be waited on by eternal youths. If you saw them, you would think they were scattered pearls.",
        "And if you looked around, you would see ˹indescribable˺ bliss and a vast kingdom.",
        "The virtuous will be ˹dressed˺ in garments of fine green silk and rich brocade, and adorned with bracelets of silver, and their Lord will give them a purifying drink.",
        "˹And they will be told,˺ “All this is surely a reward for you. Your striving has been appreciated.”",
        "Indeed, it is We Who have revealed the Quran to you ˹O Prophet˺ in stages.",
        "So be patient with your Lord’s decree, and do not yield to any evildoer or ˹staunch˺ disbeliever from among them.",
        "˹Always˺ remember the Name of your Lord morning and evening",
        "and prostrate before Him during part of the night, and glorify Him long at night.",
        "Surely those ˹pagans˺ love this fleeting world, ˹totally˺ neglecting a weighty Day ahead of them.",
        "It is We Who created them and perfected their ˹physical˺ form. But if We will, We can easily replace them with others.",
        "Surely this is a reminder. So let whoever wills take the ˹Right˺ Way to their Lord.",
        "But you cannot will ˹to do so˺ unless Allah wills. Indeed, Allah is All-Knowing, All-Wise.",
        "He admits whoever He wills into His mercy. As for the wrongdoers, He has prepared for them a painful punishment"
    ],
    "arabic1": [
        " هَلْ أَتَىٰ عَلَى ٱلْإِنسَـٰنِ حِينٌ مِّنَ ٱلدَّهْرِ لَمْ يَكُن شَيْـًٔا مَّذْكُورًا",
        "إِنَّا خَلَقْنَا ٱلْإِنسَـٰنَ مِن نُّطْفَةٍ أَمْشَاجٍ نَّبْتَلِيهِ فَجَعَلْنَـٰهُ سَمِيعًۢا بَصِيرًا",
        "إِنَّا هَدَيْنَـٰهُ ٱلسَّبِيلَ إِمَّا شَاكِرًا وَإِمَّا كَفُورًا",
        "إِنَّآ أَعْتَدْنَا لِلْكَـٰفِرِينَ سَلَـٰسِلَا۟ وَأَغْلَـٰلًا وَسَعِيرًا",
        "إِنَّ ٱلْأَبْرَارَ يَشْرَبُونَ مِن كَأْسٍ كَانَ مِزَاجُهَا كَافُورًا",
        "عَيْنًا يَشْرَبُ بِهَا عِبَادُ ٱللَّهِ يُفَجِّرُونَهَا تَفْجِيرًا",
        "يُوفُونَ بِٱلنَّذْرِ وَيَخَافُونَ يَوْمًا كَانَ شَرُّهُۥ مُسْتَطِيرًا",
        "وَيُطْعِمُونَ ٱلطَّعَامَ عَلَىٰ حُبِّهِۦ مِسْكِينًا وَيَتِيمًا وَأَسِيرًا",
        "إِنَّمَا نُطْعِمُكُمْ لِوَجْهِ ٱللَّهِ لَا نُرِيدُ مِنكُمْ جَزَآءً وَلَا شُكُورًا",
        "إِنَّا نَخَافُ مِن رَّبِّنَا يَوْمًا عَبُوسًا قَمْطَرِيرًا",
        "فَوَقَىٰهُمُ ٱللَّهُ شَرَّ ذَٰلِكَ ٱلْيَوْمِ وَلَقَّىٰهُمْ نَضْرَةً وَسُرُورًا",
        "وَجَزَىٰهُم بِمَا صَبَرُوا۟ جَنَّةً وَحَرِيرًا",
        "مُّتَّكِـِٔينَ فِيهَا عَلَى ٱلْأَرَآئِكِ ۖ لَا يَرَوْنَ فِيهَا شَمْسًا وَلَا زَمْهَرِيرًا",
        "وَدَانِيَةً عَلَيْهِمْ ظِلَـٰلُهَا وَذُلِّلَتْ قُطُوفُهَا تَذْلِيلًا",
        "وَيُطَافُ عَلَيْهِم بِـَٔانِيَةٍ مِّن فِضَّةٍ وَأَكْوَابٍ كَانَتْ قَوَارِيرَا۠",
        "قَوَارِيرَا۟ مِن فِضَّةٍ قَدَّرُوهَا تَقْدِيرًا",
        "وَيُسْقَوْنَ فِيهَا كَأْسًا كَانَ مِزَاجُهَا زَنجَبِيلًا",
        "عَيْنًا فِيهَا تُسَمَّىٰ سَلْسَبِيلًا",
        "۞ وَيَطُوفُ عَلَيْهِمْ وِلْدَٰنٌ مُّخَلَّدُونَ إِذَا رَأَيْتَهُمْ حَسِبْتَهُمْ لُؤْلُؤًا مَّنثُورًا",
        "وَإِذَا رَأَيْتَ ثَمَّ رَأَيْتَ نَعِيمًا وَمُلْكًا كَبِيرًا",
        "عَـٰلِيَهُمْ ثِيَابُ سُندُسٍ خُضْرٌ وَإِسْتَبْرَقٌ ۖ وَحُلُّوٓا۟ أَسَاوِرَ مِن فِضَّةٍ وَسَقَىٰهُمْ رَبُّهُمْ شَرَابًا طَهُورًا",
        "إِنَّ هَـٰذَا كَانَ لَكُمْ جَزَآءً وَكَانَ سَعْيُكُم مَّشْكُورًا",
        "إِنَّا نَحْنُ نَزَّلْنَا عَلَيْكَ ٱلْقُرْءَانَ تَنزِيلًا",
        "فَٱصْبِرْ لِحُكْمِ رَبِّكَ وَلَا تُطِعْ مِنْهُمْ ءَاثِمًا أَوْ كَفُورًا",
        "وَٱذْكُرِ ٱسْمَ رَبِّكَ بُكْرَةً وَأَصِيلًا",
        "وَمِنَ ٱلَّيْلِ فَٱسْجُدْ لَهُۥ وَسَبِّحْهُ لَيْلًا طَوِيلًا",
        "إِنَّ هَـٰٓؤُلَآءِ يُحِبُّونَ ٱلْعَاجِلَةَ وَيَذَرُونَ وَرَآءَهُمْ يَوْمًا ثَقِيلًا",
        "نَّحْنُ خَلَقْنَـٰهُمْ وَشَدَدْنَآ أَسْرَهُمْ ۖ وَإِذَا شِئْنَا بَدَّلْنَآ أَمْثَـٰلَهُمْ تَبْدِيلًا",
        "إِنَّ هَـٰذِهِۦ تَذْكِرَةٌ ۖ فَمَن شَآءَ ٱتَّخَذَ إِلَىٰ رَبِّهِۦ سَبِيلًا",
        "وَمَا تَشَآءُونَ إِلَّآ أَن يَشَآءَ ٱللَّهُ ۚ إِنَّ ٱللَّهَ كَانَ عَلِيمًا حَكِيمًا",
        "يُدْخِلُ مَن يَشَآءُ فِى رَحْمَتِهِۦ ۚ وَٱلظَّـٰلِمِينَ أَعَدَّ لَهُمْ عَذَابًا أَلِيمًۢا"
    ],
    "arabic2": [
        "هل اتى على الانسان حين من الدهر لم يكن شيئا مذكورا",
        "انا خلقنا الانسان من نطفة امشاج نبتليه فجعلناه سميعا بصيرا",
        "انا هديناه السبيل اما شاكرا واما كفورا",
        "انا اعتدنا للكافرين سلاسل واغلالا وسعيرا",
        "ان الابرار يشربون من كاس كان مزاجها كافورا",
        "عينا يشرب بها عباد الله يفجرونها تفجيرا",
        "يوفون بالنذر ويخافون يوما كان شره مستطيرا",
        "ويطعمون الطعام على حبه مسكينا ويتيما واسيرا",
        "انما نطعمكم لوجه الله لا نريد منكم جزاء ولا شكورا",
        "انا نخاف من ربنا يوما عبوسا قمطريرا",
        "فوقاهم الله شر ذلك اليوم ولقاهم نضرة وسرورا",
        "وجزاهم بما صبروا جنة وحريرا",
        "متكئين فيها على الارائك لا يرون فيها شمسا ولا زمهريرا",
        "ودانية عليهم ظلالها وذللت قطوفها تذليلا",
        "ويطاف عليهم بانية من فضة واكواب كانت قواريرا",
        "قوارير من فضة قدروها تقديرا",
        "ويسقون فيها كاسا كان مزاجها زنجبيلا",
        "عينا فيها تسمى سلسبيلا",
        "ويطوف عليهم ولدان مخلدون اذا رايتهم حسبتهم لؤلؤا منثورا",
        "واذا رايت ثم رايت نعيما وملكا كبيرا",
        "عاليهم ثياب سندس خضر واستبرق وحلوا اساور من فضة وسقاهم ربهم شرابا طهورا",
        "ان هذا كان لكم جزاء وكان سعيكم مشكورا",
        "انا نحن نزلنا عليك القران تنزيلا",
        "فاصبر لحكم ربك ولا تطع منهم اثما او كفورا",
        "واذكر اسم ربك بكرة واصيلا",
        "ومن الليل فاسجد له وسبحه ليلا طويلا",
        "ان هؤلاء يحبون العاجلة ويذرون وراءهم يوما ثقيلا",
        "نحن خلقناهم وشددنا اسرهم واذا شئنا بدلنا امثالهم تبديلا",
        "ان هذه تذكرة فمن شاء اتخذ الى ربه سبيلا",
        "وما تشاءون الا ان يشاء الله ان الله كان عليما حكيما",
        "يدخل من يشاء في رحمته والظالمين اعد لهم عذابا اليما"
    ]
}