{
    "surahName": "Al-Mursalaat",
    "surahNameArabic": "المرسلات",
    "surahNameArabicLong": "سورة المرسلات",
    "surahNameTranslation": "The Emissaries",
    "revelationPlace": "Mecca",
    "totalAyah": 50,
    "surahNo": 77,
    "english": [
        "By those ˹winds˺ sent forth successively",
        "and those blowing violently",
        "and those scattering ˹rainclouds˺ widely!",
        "And ˹by˺ those ˹angels˺ fully distinguishing ˹truth from falsehood˺",
        "and those delivering revelation",
        "ending excuses and giving warnings.",
        "Surely, what you are promised will come to pass.",
        "So when the stars are put out",
        "and the sky is torn apart",
        "and the mountains are blown away",
        "and the messengers’ time ˹to testify˺ comes up—",
        "for which Day has all this been set?",
        "For the Day of ˹Final˺ Decision!",
        "And what will make you realize what the Day of Decision is?",
        "Woe on that Day to the deniers!",
        "Did We not destroy earlier disbelievers?",
        "And We will make the later disbelievers follow them.",
        "This is how We deal with the wicked.",
        "Woe on that Day to the deniers!",
        "Did We not create you from a humble fluid",
        "placing it in a secure place",
        "until an appointed time?",
        "We ˹perfectly˺ ordained ˹its development˺. How excellent are We in doing so!",
        "Woe on that Day to the deniers!",
        "Have We not made the earth a lodging",
        "for the living and the dead",
        "and placed upon it towering, firm mountains, and given you fresh water to drink?",
        "Woe on that Day to the deniers!",
        "˹The disbelievers will be told,˺ “Proceed into that ˹Fire˺ which you used to deny!",
        "Proceed into the shade ˹of smoke˺ which rises in three columns",
        "providing neither coolness nor shelter from the flames.",
        "Indeed, it hurls sparks ˹as big˺ as huge castles",
        "and ˹as dark˺ as black camels.”",
        "Woe on that Day to the deniers!",
        "On that Day they will not ˹be in a position to˺ speak",
        "nor will they be permitted to offer excuses.",
        "Woe on that Day to the deniers!",
        "˹They will be told by Allah,˺ “This is the Day of ˹Final˺ Decision: We have gathered you along with earlier disbelievers ˹for punishment˺.",
        "So if you have a scheme ˹to save yourselves˺, then use it against Me.”",
        "Woe on that Day to the deniers!",
        "Indeed, the righteous will be amid ˹cool˺ shade and springs",
        "and any fruit they desire.",
        "˹They will be told,˺ “Eat and drink happily for what you used to do.”",
        "Surely this is how We reward the good-doers.",
        "˹But˺ woe on that Day to the deniers!",
        "“Eat and enjoy yourselves for a little while, ˹for˺ you are truly wicked.”",
        "Woe on that Day to the deniers!",
        "When it is said to them, “Bow down ˹before Allah,” they do not bow.",
        "Woe on that Day to the deniers!",
        "So what message after this ˹Quran˺ would they believe in?"
    ],
    "arabic1": [
        " وَٱلْمُرْسَلَـٰتِ عُرْفًا",
        "فَٱلْعَـٰصِفَـٰتِ عَصْفًا",
        "وَٱلنَّـٰشِرَٰتِ نَشْرًا",
        "فَٱلْفَـٰرِقَـٰتِ فَرْقًا",
        "فَٱلْمُلْقِيَـٰتِ ذِكْرًا",
        "عُذْرًا أَوْ نُذْرًا",
        "إِنَّمَا تُوعَدُونَ لَوَٰقِعٌ",
        "فَإِذَا ٱلنُّجُومُ طُمِسَتْ",
        "وَإِذَا ٱلسَّمَآءُ فُرِجَتْ",
        "وَإِذَا ٱلْجِبَالُ نُسِفَتْ",
        "وَإِذَا ٱلرُّسُلُ أُقِّتَتْ",
        "لِأَىِّ يَوْمٍ أُجِّلَتْ",
        "لِيَوْمِ ٱلْفَصْلِ",
        "وَمَآ أَدْرَىٰكَ مَا يَوْمُ ٱلْفَصْلِ",
        "وَيْلٌ يَوْمَئِذٍ لِّلْمُكَذِّبِينَ",
        "أَلَمْ نُهْلِكِ ٱلْأَوَّلِينَ",
        "ثُمَّ نُتْبِعُهُمُ ٱلْـَٔاخِرِينَ",
        "كَذَٰلِكَ نَفْعَلُ بِٱلْمُجْرِمِينَ",
        "وَيْلٌ يَوْمَئِذٍ لِّلْمُكَذِّبِينَ",
        "أَلَمْ نَخْلُقكُّم مِّن مَّآءٍ مَّهِينٍ",
        "فَجَعَلْنَـٰهُ فِى قَرَارٍ مَّكِينٍ",
        "إِلَىٰ قَدَرٍ مَّعْلُومٍ",
        "فَقَدَرْنَا فَنِعْمَ ٱلْقَـٰدِرُونَ",
        "وَيْلٌ يَوْمَئِذٍ لِّلْمُكَذِّبِينَ",
        "أَلَمْ نَجْعَلِ ٱلْأَرْضَ كِفَاتًا",
        "أَحْيَآءً وَأَمْوَٰتًا",
        "وَجَعَلْنَا فِيهَا رَوَٰسِىَ شَـٰمِخَـٰتٍ وَأَسْقَيْنَـٰكُم مَّآءً فُرَاتًا",
        "وَيْلٌ يَوْمَئِذٍ لِّلْمُكَذِّبِينَ",
        "ٱنطَلِقُوٓا۟ إِلَىٰ مَا كُنتُم بِهِۦ تُكَذِّبُونَ",
        "ٱنطَلِقُوٓا۟ إِلَىٰ ظِلٍّ ذِى ثَلَـٰثِ شُعَبٍ",
        "لَّا ظَلِيلٍ وَلَا يُغْنِى مِنَ ٱللَّهَبِ",
        "إِنَّهَا تَرْمِى بِشَرَرٍ كَٱلْقَصْرِ",
        "كَأَنَّهُۥ جِمَـٰلَتٌ صُفْرٌ",
        "وَيْلٌ يَوْمَئِذٍ لِّلْمُكَذِّبِينَ",
        "هَـٰذَا يَوْمُ لَا يَنطِقُونَ",
        "وَلَا يُؤْذَنُ لَهُمْ فَيَعْتَذِرُونَ",
        "وَيْلٌ يَوْمَئِذٍ لِّلْمُكَذِّبِينَ",
        "هَـٰذَا يَوْمُ ٱلْفَصْلِ ۖ جَمَعْنَـٰكُمْ وَٱلْأَوَّلِينَ",
        "فَإِن كَانَ لَكُمْ كَيْدٌ فَكِيدُونِ",
        "وَيْلٌ يَوْمَئِذٍ لِّلْمُكَذِّبِينَ",
        "إِنَّ ٱلْمُتَّقِينَ فِى ظِلَـٰلٍ وَعُيُونٍ",
        "وَفَوَٰكِهَ مِمَّا يَشْتَهُونَ",
        "كُلُوا۟ وَٱشْرَبُوا۟ هَنِيٓـًٔۢا بِمَا كُنتُمْ تَعْمَلُونَ",
        "إِنَّا كَذَٰلِكَ نَجْزِى ٱلْمُحْسِنِينَ",
        "وَيْلٌ يَوْمَئِذٍ لِّلْمُكَذِّبِينَ",
        "كُلُوا۟ وَتَمَتَّعُوا۟ قَلِيلًا إِنَّكُم مُّجْرِمُونَ",
        "وَيْلٌ يَوْمَئِذٍ لِّلْمُكَذِّبِينَ",
        "وَإِذَا قِيلَ لَهُمُ ٱرْكَعُوا۟ لَا يَرْكَعُونَ",
        "وَيْلٌ يَوْمَئِذٍ لِّلْمُكَذِّبِينَ",
        "فَبِأَىِّ حَدِيثٍۭ بَعْدَهُۥ يُؤْمِنُونَ"
    ],
    "arabic2": [
        "والمرسلات عرفا",
        "فالعاصفات عصفا",
        "والناشرات نشرا",
        "فالفارقات فرقا",
        "فالملقيات ذكرا",
        "عذرا او نذرا",
        "انما توعدون لواقع",
        "فاذا النجوم طمست",
        "واذا السماء فرجت",
        "واذا الجبال نسفت",
        "واذا الرسل اقتت",
        "لاي يوم اجلت",
        "ليوم الفصل",
        "وما ادراك ما يوم الفصل",
        "ويل يومئذ للمكذبين",
        "الم نهلك الاولين",
        "ثم نتبعهم الاخرين",
        "كذلك نفعل بالمجرمين",
        "ويل يومئذ للمكذبين",
        "الم نخلقكم من ماء مهين",
        "فجعلناه في قرار مكين",
        "الى قدر معلوم",
        "فقدرنا فنعم القادرون",
        "ويل يومئذ للمكذبين",
        "الم نجعل الارض كفاتا",
        "احياء وامواتا",
        "وجعلنا فيها رواسي شامخات واسقيناكم ماء فراتا",
        "ويل يومئذ للمكذبين",
        "انطلقوا الى ما كنتم به تكذبون",
        "انطلقوا الى ظل ذي ثلاث شعب",
        "لا ظليل ولا يغني من اللهب",
        "انها ترمي بشرر كالقصر",
        "كانه جمالت صفر",
        "ويل يومئذ للمكذبين",
        "هذا يوم لا ينطقون",
        "ولا يؤذن لهم فيعتذرون",
        "ويل يومئذ للمكذبين",
        "هذا يوم الفصل جمعناكم والاولين",
        "فان كان لكم كيد فكيدون",
        "ويل يومئذ للمكذبين",
        "ان المتقين في ظلال وعيون",
        "وفواكه مما يشتهون",
        "كلوا واشربوا هنيئا بما كنتم تعملون",
        "انا كذلك نجزي المحسنين",
        "ويل يومئذ للمكذبين",
        "كلوا وتمتعوا قليلا انكم مجرمون",
        "ويل يومئذ للمكذبين",
        "واذا قيل لهم اركعوا لا يركعون",
        "ويل يومئذ للمكذبين",
        "فباي حديث بعده يؤمنون"
    ]
}