{
    "surahName": "An-Naba",
    "surahNameArabic": "النبإ",
    "surahNameArabicLong": "سورة النبأ",
    "surahNameTranslation": "The Announcement",
    "revelationPlace": "Mecca",
    "totalAyah": 40,
    "surahNo": 78,
    "english": [
        "What are they asking one another about?",
        "About the momentous news",
        "over which they disagree.",
        "But no! They will come to know.",
        "Again, no! They will come to know.",
        "Have We not smoothed out the earth ˹like a bed˺",
        "and ˹made˺ the mountains as ˹its˺ pegs",
        "and created you in pairs",
        "and made your sleep for rest",
        "and made the night as a cover",
        "and made the day for livelihood",
        "and built above you seven mighty ˹heavens˺",
        "and placed ˹in them˺ a shining lamp",
        "and sent down from rainclouds pouring water",
        "producing by it grain and ˹various˺ plants",
        "and dense orchards?",
        "Indeed, the Day of ˹Final˺ Decision is an appointed time—",
        "˹it is˺ the Day the Trumpet will be blown, and you will ˹all˺ come forth in crowds.",
        "The sky will be ˹split˺ open, becoming ˹many˺ gates",
        "and the mountains will be blown away, becoming ˹like˺ a mirage.",
        "Indeed, Hell is lying in ambush",
        "as a home for the transgressors",
        "where they will remain for ˹endless˺ ages.",
        "There they will not taste any coolness or drink",
        "except boiling water and ˹oozing˺ pus—",
        "a fitting reward.",
        "For they never expected any reckoning",
        "and totally rejected Our signs.",
        "And We have everything recorded precisely.",
        "˹So the deniers will be told,˺ “Taste ˹the punishment˺, for all you will get from Us is more torment.”",
        "Indeed, the righteous will have salvation—",
        "Gardens, vineyards",
        "and full-bosomed maidens of equal age",
        "and full cups ˹of pure wine˺",
        "never to hear any idle talk or lying therein—",
        "a ˹fitting˺ reward as a generous gift from your Lord",
        "the Lord of the heavens and the earth and everything in between, the Most Compassionate. No one will dare speak to Him",
        "on the Day the ˹holy˺ spirit and the angels will stand in ranks. None will talk, except those granted permission by the Most Compassionate and whose words are true.",
        "That Day is the ˹ultimate˺ truth. So let whoever wills take the path leading back to their Lord.",
        "Indeed, We have warned you of an imminent punishment—the Day every person will see ˹the consequences of˺ what their hands have done, and the disbelievers will cry, “I wish I were dust.”"
    ],
    "arabic1": [
        " عَمَّ يَتَسَآءَلُونَ",
        "عَنِ ٱلنَّبَإِ ٱلْعَظِيمِ",
        "ٱلَّذِى هُمْ فِيهِ مُخْتَلِفُونَ",
        "كَلَّا سَيَعْلَمُونَ",
        "ثُمَّ كَلَّا سَيَعْلَمُونَ",
        "أَلَمْ نَجْعَلِ ٱلْأَرْضَ مِهَـٰدًا",
        "وَٱلْجِبَالَ أَوْتَادًا",
        "وَخَلَقْنَـٰكُمْ أَزْوَٰجًا",
        "وَجَعَلْنَا نَوْمَكُمْ سُبَاتًا",
        "وَجَعَلْنَا ٱلَّيْلَ لِبَاسًا",
        "وَجَعَلْنَا ٱلنَّهَارَ مَعَاشًا",
        "وَبَنَيْنَا فَوْقَكُمْ سَبْعًا شِدَادًا",
        "وَجَعَلْنَا سِرَاجًا وَهَّاجًا",
        "وَأَنزَلْنَا مِنَ ٱلْمُعْصِرَٰتِ مَآءً ثَجَّاجًا",
        "لِّنُخْرِجَ بِهِۦ حَبًّا وَنَبَاتًا",
        "وَجَنَّـٰتٍ أَلْفَافًا",
        "إِنَّ يَوْمَ ٱلْفَصْلِ كَانَ مِيقَـٰتًا",
        "يَوْمَ يُنفَخُ فِى ٱلصُّورِ فَتَأْتُونَ أَفْوَاجًا",
        "وَفُتِحَتِ ٱلسَّمَآءُ فَكَانَتْ أَبْوَٰبًا",
        "وَسُيِّرَتِ ٱلْجِبَالُ فَكَانَتْ سَرَابًا",
        "إِنَّ جَهَنَّمَ كَانَتْ مِرْصَادًا",
        "لِّلطَّـٰغِينَ مَـَٔابًا",
        "لَّـٰبِثِينَ فِيهَآ أَحْقَابًا",
        "لَّا يَذُوقُونَ فِيهَا بَرْدًا وَلَا شَرَابًا",
        "إِلَّا حَمِيمًا وَغَسَّاقًا",
        "جَزَآءً وِفَاقًا",
        "إِنَّهُمْ كَانُوا۟ لَا يَرْجُونَ حِسَابًا",
        "وَكَذَّبُوا۟ بِـَٔايَـٰتِنَا كِذَّابًا",
        "وَكُلَّ شَىْءٍ أَحْصَيْنَـٰهُ كِتَـٰبًا",
        "فَذُوقُوا۟ فَلَن نَّزِيدَكُمْ إِلَّا عَذَابًا",
        "إِنَّ لِلْمُتَّقِينَ مَفَازًا",
        "حَدَآئِقَ وَأَعْنَـٰبًا",
        "وَكَوَاعِبَ أَتْرَابًا",
        "وَكَأْسًا دِهَاقًا",
        "لَّا يَسْمَعُونَ فِيهَا لَغْوًا وَلَا كِذَّٰبًا",
        "جَزَآءً مِّن رَّبِّكَ عَطَآءً حِسَابًا",
        "رَّبِّ ٱلسَّمَـٰوَٰتِ وَٱلْأَرْضِ وَمَا بَيْنَهُمَا ٱلرَّحْمَـٰنِ ۖ لَا يَمْلِكُونَ مِنْهُ خِطَابًا",
        "يَوْمَ يَقُومُ ٱلرُّوحُ وَٱلْمَلَـٰٓئِكَةُ صَفًّا ۖ لَّا يَتَكَلَّمُونَ إِلَّا مَنْ أَذِنَ لَهُ ٱلرَّحْمَـٰنُ وَقَالَ صَوَابًا",
        "ذَٰلِكَ ٱلْيَوْمُ ٱلْحَقُّ ۖ فَمَن شَآءَ ٱتَّخَذَ إِلَىٰ رَبِّهِۦ مَـَٔابًا",
        "إِنَّآ أَنذَرْنَـٰكُمْ عَذَابًا قَرِيبًا يَوْمَ يَنظُرُ ٱلْمَرْءُ مَا قَدَّمَتْ يَدَاهُ وَيَقُولُ ٱلْكَافِرُ يَـٰلَيْتَنِى كُنتُ تُرَٰبًۢا"
    ],
    "arabic2": [
        "عم يتساءلون",
        "عن النبا العظيم",
        "الذي هم فيه مختلفون",
        "كلا سيعلمون",
        "ثم كلا سيعلمون",
        "الم نجعل الارض مهادا",
        "والجبال اوتادا",
        "وخلقناكم ازواجا",
        "وجعلنا نومكم سباتا",
        "وجعلنا الليل لباسا",
        "وجعلنا النهار معاشا",
        "وبنينا فوقكم سبعا شدادا",
        "وجعلنا سراجا وهاجا",
        "وانزلنا من المعصرات ماء ثجاجا",
        "لنخرج به حبا ونباتا",
        "وجنات الفافا",
        "ان يوم الفصل كان ميقاتا",
        "يوم ينفخ في الصور فتاتون افواجا",
        "وفتحت السماء فكانت ابوابا",
        "وسيرت الجبال فكانت سرابا",
        "ان جهنم كانت مرصادا",
        "للطاغين مابا",
        "لابثين فيها احقابا",
        "لا يذوقون فيها بردا ولا شرابا",
        "الا حميما وغساقا",
        "جزاء وفاقا",
        "انهم كانوا لا يرجون حسابا",
        "وكذبوا باياتنا كذابا",
        "وكل شيء احصيناه كتابا",
        "فذوقوا فلن نزيدكم الا عذابا",
        "ان للمتقين مفازا",
        "حدائق واعنابا",
        "وكواعب اترابا",
        "وكاسا دهاقا",
        "لا يسمعون فيها لغوا ولا كذابا",
        "جزاء من ربك عطاء حسابا",
        "رب السماوات والارض وما بينهما الرحمن لا يملكون منه خطابا",
        "يوم يقوم الروح والملائكة صفا لا يتكلمون الا من اذن له الرحمن وقال صوابا",
        "ذلك اليوم الحق فمن شاء اتخذ الى ربه مابا",
        "انا انذرناكم عذابا قريبا يوم ينظر المرء ما قدمت يداه ويقول الكافر يا ليتني كنت ترابا"
    ]
}