{
    "surahName": "Al-Anfaal",
    "surahNameArabic": "الأنفال",
    "surahNameArabicLong": "سورة الأنفال",
    "surahNameTranslation": "The Spoils of War",
    "revelationPlace": "Madina",
    "totalAyah": 75,
    "surahNo": 8,
    "english": [
        "They ask you ˹O Prophet˺ regarding the spoils of war. Say, “Their distribution is decided by Allah and His Messenger. So be mindful of Allah, settle your affairs, and obey Allah and His Messenger if you are ˹true˺ believers.”",
        "The ˹true˺ believers are only those whose hearts tremble at the remembrance of Allah, whose faith increases when His revelations are recited to them, and who put their trust in their Lord.",
        "˹They are˺ those who establish prayer and donate from what We have provided for them.",
        "It is they who are the true believers. They will have elevated ranks, forgiveness, and an honourable provision from their Lord.",
        "Similarly, when your Lord brought you ˹O Prophet˺ out of your home for a just cause, a group of believers was totally against it.",
        "They disputed with you about the truth after it had been made clear, as if they were being driven to death with their eyes wide open.",
        "˹Remember, O  believers,˺ when Allah promised ˹to give˺ you the upper hand over either target, you wished to capture the unarmed party. But it was Allah’s Will to establish the truth by His Words and uproot the disbelievers;",
        "to firmly establish the truth and wipe out falsehood—even to the dismay of the wicked.",
        "˹Remember˺ when you cried out to your Lord for help, He answered, “I will reinforce you with a thousand angels—followed by many others.”",
        "And Allah made this a sign of victory and reassurance to your hearts. Victory comes only from Allah. Surely Allah is Almighty, All-Wise.",
        "˹Remember˺ when He caused drowsiness to overcome you, giving you serenity. And He sent down rain from the sky to purify you, free you from Satan’s whispers, strengthen your hearts, and make ˹your˺ steps firm.",
        "˹Remember, O  Prophet,˺ when your Lord revealed to the angels, “I am with you. So make the believers stand firm. I will cast horror into the hearts of the disbelievers. So strike their necks and strike their fingertips.”",
        "This is because they defied Allah and His Messenger. And whoever defies Allah and His Messenger, then ˹know that˺ Allah is surely severe in punishment.",
        "That ˹worldly punishment˺ is yours, so taste it! Then the disbelievers will suffer the torment of the Fire.",
        "O believers! When you face the disbelievers in battle, never turn your backs to them.",
        "And whoever does so on such an occasion—unless it is a manoeuvre or to join their own troops—will earn the displeasure of Allah, and their home will be Hell. What an evil destination!",
        "It was not you ˹believers˺ who killed them, but it was Allah Who did so. Nor was it you ˹O Prophet˺ who threw ˹a handful of sand at the disbelievers˺, but it was Allah Who did so, rendering the believers a great favour. Surely Allah is All-Hearing, All-Knowing.",
        "As such, Allah frustrates the evil plans of the disbelievers.",
        "If you ˹Meccans˺ sought judgment, now it has come to you. And if you cease, it will be for your own good. But if you persist, We will persist. And your forces—no matter how numerous they might be—will not benefit you whatsoever. For Allah is certainly with the believers.",
        "O believers! Obey Allah and His Messenger and do not turn away from him while you hear ˹his call˺.",
        "Do not be like those who say, “We hear,” but in fact they are not listening.",
        "Indeed, the worst of all beings in the sight of Allah are the ˹wilfully˺ deaf and dumb, who do not understand.",
        "Had Allah known any goodness in them, He would have certainly made them hear. ˹But˺ even if He had made them hear, they would have surely turned away heedlessly.",
        "O believers! Respond to Allah and His Messenger when he calls you to that which gives you life. And know that Allah stands between a person and their heart, and that to Him you will all be gathered.",
        "Beware of a trial that will not only affect the wrongdoers among you. And know that Allah is severe in punishment.",
        "Remember when you had been vastly outnumbered and oppressed in the land, constantly in fear of attacks by your enemy, then He sheltered you, strengthened you with His help, and provided you with good things so perhaps you would be thankful.",
        "O believers! Do not betray Allah and the Messenger, nor betray your trusts knowingly.",
        "And know that your wealth and your children are only a test and that with Allah is a great reward.",
        "O believers! If you are mindful of Allah, He will grant you a standard ˹to distinguish between right and wrong˺, absolve you of your sins, and forgive you. And Allah is the Lord of infinite bounty.",
        "And ˹remember, O  Prophet,˺ when the disbelievers conspired to capture, kill, or exile you. They planned, but Allah also planned. And Allah is the best of planners.",
        "Whenever Our revelations are recited to them, they challenge ˹you˺, “We have already heard ˹the recitation˺. If we wanted, we could have easily produced something similar. This ˹Quran˺ is nothing but ancient fables!”",
        "And ˹remember˺ when they prayed, “O Allah! If this is indeed the truth from You, then rain down stones upon us from the sky or overcome us with a painful punishment.”",
        "But Allah would never punish them while you ˹O Prophet˺ were in their midst. Nor would He ever punish them if they prayed for forgiveness.",
        "And why should Allah not punish them while they hinder pilgrims from the Sacred Mosque, claiming to be its rightful guardians? None has the right to guardianship except those mindful ˹of Allah˺, but most pagans do not know.",
        "Their prayer at the Sacred House was nothing but whistling and clapping. So taste the punishment for your disbelief.",
        "Surely the disbelievers spend their wealth to hinder others from the Path of Allah. They will continue to spend to the point of regret. Then they will be defeated and the disbelievers will be driven into Hell",
        "so Allah may separate the evil from the good. He will pile up the evil ones all together and then cast them into Hell. They are the ˹true˺ losers.",
        "Tell the disbelievers that if they desist, their past will be forgiven. But if they persist, then they have an example in those destroyed before them.",
        "Fight against them until there is no more persecution—and ˹your˺ devotion will be entirely to Allah. But if they desist, then surely Allah is All-Seeing of what they do.",
        "And if they do not comply, then know that Allah is your Protector. What an excellent Protector, and what an excellent Helper!",
        "Know that whatever spoils you take, one-fifth is for Allah and the Messenger, his close relatives, orphans, the poor, and ˹needy˺ travellers, if you ˹truly˺ believe in Allah and what We revealed to Our servant on that decisive day when the two armies met ˹at Badr˺. And Allah is Most Capable of everything.",
        "˹Remember˺ when you were on the near side of the valley, your enemy on the far side, and the caravan was below you. Even if the two armies had made an appointment ˹to meet˺, both would have certainly missed it. Still it transpired so Allah may establish what He had destined—that those who were to perish and those who were to survive might do so after the truth had been made clear to both. Surely Allah is All-Hearing, All-Knowing.",
        "˹Remember, O  Prophet,˺ when Allah showed them in your dream as few in number. Had He shown them to you as many, you ˹believers˺ would have certainly faltered and disputed in the matter. But Allah spared you ˹from that˺. Surely He knows best what is ˹hidden˺ in the heart.",
        "Then when your armies met, Allah made them appear as few in your eyes, and made you appear as few in theirs, so Allah may establish what He had destined. And to Allah ˹all˺ matters will be returned ˹for judgment˺.",
        "O believers! When you face an enemy, stand firm and remember Allah often so you may triumph.",
        "Obey Allah and His Messenger and do not dispute with one another, or you would be discouraged and weakened. Persevere! Surely Allah is with those who persevere.",
        "Do not be like those ˹pagans˺ who left their homes arrogantly, only to be seen by people and to hinder others from Allah’s Path. And Allah is Fully Aware of what they do.",
        "And ˹remember˺ when Satan made their ˹evil˺ deeds appealing to them, and said, “No one can overcome you today. I am surely by your side.” But when the two forces faced off, he cowered and said, “I have absolutely nothing to do with you. I certainly see what you do not see. I truly fear Allah, for Allah is severe in punishment.”",
        "˹Remember˺ when the hypocrites and those with sickness in their hearts said, “These ˹believers˺ are deluded by their faith.” But whoever puts their trust in Allah, surely Allah is Almighty, All-Wise.",
        "If only you could see when the angels take the souls of the disbelievers, beating their faces and backs, ˹saying,˺ “Taste the torment of burning!",
        "This is ˹the reward˺ for what your hands have done. And Allah is never unjust to ˹His˺ creation.”",
        "Their fate is that of the people of Pharaoh and those before them—they all disbelieved in Allah’s signs, so Allah seized them for their sins. Indeed, Allah is All-Powerful, severe in punishment.",
        "This is because Allah would never discontinue His favour to a people until they discontinue their faith. Surely Allah is All-Hearing, All-Knowing.",
        "That was the case with Pharaoh’s people and those before them—they all rejected the signs of their Lord, so We destroyed them for their sins and drowned Pharaoh’s people. They were all wrongdoers.",
        "Indeed, the worst of all beings in the sight of Allah are those who persist in disbelief, never to have faith—",
        "˹namely˺ those with whom you ˹O Prophet˺ have entered into treaties, but they violate them every time, not fearing the consequences.",
        "If you ever encounter them in battle, make a fearsome example of them, so perhaps those who would follow them may be deterred.",
        "And if you ˹O Prophet˺ see signs of betrayal by a people, respond by openly terminating your treaty with them. Surely Allah does not like those who betray.",
        "Do not let those disbelievers think they are not within reach. They will have no escape.",
        "Prepare against them what you ˹believers˺ can of ˹military˺ power and cavalry to deter Allah’s enemies and your enemies as well as other enemies unknown to you but known to Allah. Whatever you spend in the cause of Allah will be paid to you in full and you will not be wronged.",
        "If the enemy is inclined towards peace, make peace with them. And put your trust in Allah. Indeed, He ˹alone˺ is the All-Hearing, All-Knowing.",
        "But if their intention is only to deceive you, then Allah is certainly sufficient for you. He is the One Who has supported you with His help and with the believers.",
        "He brought their hearts together. Had you spent all the riches in the earth, you could not have united their hearts. But Allah has united them. Indeed, He is Almighty, All-Wise.",
        "O  Prophet! Allah is sufficient for you and for the believers who follow you.",
        "O Prophet! Motivate the believers to fight. If there are twenty steadfast among you, they will overcome two hundred. And if there are one hundred of you, they will overcome one thousand of the disbelievers, for they are a people who do not comprehend.",
        "Now Allah has lightened your burden, for He knows that there is weakness in you. So if there are a hundred steadfast among you, they will overcome two hundred. And if there be one thousand, they will overcome two thousand, by Allah’s Will. And Allah is with the steadfast.",
        "It is not fit for a prophet that he should take captives until he has thoroughly subdued the land. You ˹believers˺ settled with the fleeting gains of this world, while Allah’s aim ˹for you˺ is the Hereafter. Allah is Almighty, All-Wise.",
        "Had it not been for a prior decree from Allah, you would have certainly been disciplined with a tremendous punishment for whatever ˹ransom˺ you have taken.",
        "Now enjoy what you have taken, for it is lawful and good. And be mindful of Allah. Surely Allah is All-Forgiving, Most Merciful.",
        "O Prophet! Tell the captives in your custody, “If Allah finds goodness in your hearts, He will give you better than what has been taken from you, and forgive you. For Allah is All-Forgiving, Most Merciful.”",
        "But if their intention is only to betray you ˹O Prophet˺, they sought to betray Allah before. But He gave you power over them. And Allah is All-Knowing, All-Wise.",
        "Those who believed, emigrated, and strived with their wealth and lives in the cause of Allah, as well as those who gave them shelter and help—they are truly guardians of one another. As for those who believed but did not emigrate, you have no obligations to them until they emigrate. But if they seek your help ˹against persecution˺ in faith, it is your obligation to help them, except against people bound with you in a treaty. Allah is All-Seeing of what you do.",
        "As for the disbelievers, they are guardians of one another. And unless you ˹believers˺ act likewise, there will be great oppression and corruption in the land.",
        "Those who believed, migrated, and struggled in the cause of Allah, and those who gave ˹them˺ shelter and help, they are the true believers. They will have forgiveness and an honourable provision.",
        "And those who later believed, migrated, and struggled alongside you, they are also with you. But only blood relatives are now entitled to inherit from one another, as ordained by Allah. Surely Allah has ˹full˺ knowledge of everything."
    ],
    "arabic1": [
        " يَسْـَٔلُونَكَ عَنِ ٱلْأَنفَالِ ۖ قُلِ ٱلْأَنفَالُ لِلَّهِ وَٱلرَّسُولِ ۖ فَٱتَّقُوا۟ ٱللَّهَ وَأَصْلِحُوا۟ ذَاتَ بَيْنِكُمْ ۖ وَأَطِيعُوا۟ ٱللَّهَ وَرَسُولَهُۥٓ إِن كُنتُم مُّؤْمِنِينَ",
        "إِنَّمَا ٱلْمُؤْمِنُونَ ٱلَّذِينَ إِذَا ذُكِرَ ٱللَّهُ وَجِلَتْ قُلُوبُهُمْ وَإِذَا تُلِيَتْ عَلَيْهِمْ ءَايَـٰتُهُۥ زَادَتْهُمْ إِيمَـٰنًا وَعَلَىٰ رَبِّهِمْ يَتَوَكَّلُونَ",
        "ٱلَّذِينَ يُقِيمُونَ ٱلصَّلَوٰةَ وَمِمَّا رَزَقْنَـٰهُمْ يُنفِقُونَ",
        "أُو۟لَـٰٓئِكَ هُمُ ٱلْمُؤْمِنُونَ حَقًّا ۚ لَّهُمْ دَرَجَـٰتٌ عِندَ رَبِّهِمْ وَمَغْفِرَةٌ وَرِزْقٌ كَرِيمٌ",
        "كَمَآ أَخْرَجَكَ رَبُّكَ مِنۢ بَيْتِكَ بِٱلْحَقِّ وَإِنَّ فَرِيقًا مِّنَ ٱلْمُؤْمِنِينَ لَكَـٰرِهُونَ",
        "يُجَـٰدِلُونَكَ فِى ٱلْحَقِّ بَعْدَ مَا تَبَيَّنَ كَأَنَّمَا يُسَاقُونَ إِلَى ٱلْمَوْتِ وَهُمْ يَنظُرُونَ",
        "وَإِذْ يَعِدُكُمُ ٱللَّهُ إِحْدَى ٱلطَّآئِفَتَيْنِ أَنَّهَا لَكُمْ وَتَوَدُّونَ أَنَّ غَيْرَ ذَاتِ ٱلشَّوْكَةِ تَكُونُ لَكُمْ وَيُرِيدُ ٱللَّهُ أَن يُحِقَّ ٱلْحَقَّ بِكَلِمَـٰتِهِۦ وَيَقْطَعَ دَابِرَ ٱلْكَـٰفِرِينَ",
        "لِيُحِقَّ ٱلْحَقَّ وَيُبْطِلَ ٱلْبَـٰطِلَ وَلَوْ كَرِهَ ٱلْمُجْرِمُونَ",
        "إِذْ تَسْتَغِيثُونَ رَبَّكُمْ فَٱسْتَجَابَ لَكُمْ أَنِّى مُمِدُّكُم بِأَلْفٍ مِّنَ ٱلْمَلَـٰٓئِكَةِ مُرْدِفِينَ",
        "وَمَا جَعَلَهُ ٱللَّهُ إِلَّا بُشْرَىٰ وَلِتَطْمَئِنَّ بِهِۦ قُلُوبُكُمْ ۚ وَمَا ٱلنَّصْرُ إِلَّا مِنْ عِندِ ٱللَّهِ ۚ إِنَّ ٱللَّهَ عَزِيزٌ حَكِيمٌ",
        "إِذْ يُغَشِّيكُمُ ٱلنُّعَاسَ أَمَنَةً مِّنْهُ وَيُنَزِّلُ عَلَيْكُم مِّنَ ٱلسَّمَآءِ مَآءً لِّيُطَهِّرَكُم بِهِۦ وَيُذْهِبَ عَنكُمْ رِجْزَ ٱلشَّيْطَـٰنِ وَلِيَرْبِطَ عَلَىٰ قُلُوبِكُمْ وَيُثَبِّتَ بِهِ ٱلْأَقْدَامَ",
        "إِذْ يُوحِى رَبُّكَ إِلَى ٱلْمَلَـٰٓئِكَةِ أَنِّى مَعَكُمْ فَثَبِّتُوا۟ ٱلَّذِينَ ءَامَنُوا۟ ۚ سَأُلْقِى فِى قُلُوبِ ٱلَّذِينَ كَفَرُوا۟ ٱلرُّعْبَ فَٱضْرِبُوا۟ فَوْقَ ٱلْأَعْنَاقِ وَٱضْرِبُوا۟ مِنْهُمْ كُلَّ بَنَانٍ",
        "ذَٰلِكَ بِأَنَّهُمْ شَآقُّوا۟ ٱللَّهَ وَرَسُولَهُۥ ۚ وَمَن يُشَاقِقِ ٱللَّهَ وَرَسُولَهُۥ فَإِنَّ ٱللَّهَ شَدِيدُ ٱلْعِقَابِ",
        "ذَٰلِكُمْ فَذُوقُوهُ وَأَنَّ لِلْكَـٰفِرِينَ عَذَابَ ٱلنَّارِ",
        "يَـٰٓأَيُّهَا ٱلَّذِينَ ءَامَنُوٓا۟ إِذَا لَقِيتُمُ ٱلَّذِينَ كَفَرُوا۟ زَحْفًا فَلَا تُوَلُّوهُمُ ٱلْأَدْبَارَ",
        "وَمَن يُوَلِّهِمْ يَوْمَئِذٍ دُبُرَهُۥٓ إِلَّا مُتَحَرِّفًا لِّقِتَالٍ أَوْ مُتَحَيِّزًا إِلَىٰ فِئَةٍ فَقَدْ بَآءَ بِغَضَبٍ مِّنَ ٱللَّهِ وَمَأْوَىٰهُ جَهَنَّمُ ۖ وَبِئْسَ ٱلْمَصِيرُ",
        "فَلَمْ تَقْتُلُوهُمْ وَلَـٰكِنَّ ٱللَّهَ قَتَلَهُمْ ۚ وَمَا رَمَيْتَ إِذْ رَمَيْتَ وَلَـٰكِنَّ ٱللَّهَ رَمَىٰ ۚ وَلِيُبْلِىَ ٱلْمُؤْمِنِينَ مِنْهُ بَلَآءً حَسَنًا ۚ إِنَّ ٱللَّهَ سَمِيعٌ عَلِيمٌ",
        "ذَٰلِكُمْ وَأَنَّ ٱللَّهَ مُوهِنُ كَيْدِ ٱلْكَـٰفِرِينَ",
        "إِن تَسْتَفْتِحُوا۟ فَقَدْ جَآءَكُمُ ٱلْفَتْحُ ۖ وَإِن تَنتَهُوا۟ فَهُوَ خَيْرٌ لَّكُمْ ۖ وَإِن تَعُودُوا۟ نَعُدْ وَلَن تُغْنِىَ عَنكُمْ فِئَتُكُمْ شَيْـًٔا وَلَوْ كَثُرَتْ وَأَنَّ ٱللَّهَ مَعَ ٱلْمُؤْمِنِينَ",
        "يَـٰٓأَيُّهَا ٱلَّذِينَ ءَامَنُوٓا۟ أَطِيعُوا۟ ٱللَّهَ وَرَسُولَهُۥ وَلَا تَوَلَّوْا۟ عَنْهُ وَأَنتُمْ تَسْمَعُونَ",
        "وَلَا تَكُونُوا۟ كَٱلَّذِينَ قَالُوا۟ سَمِعْنَا وَهُمْ لَا يَسْمَعُونَ",
        "۞ إِنَّ شَرَّ ٱلدَّوَآبِّ عِندَ ٱللَّهِ ٱلصُّمُّ ٱلْبُكْمُ ٱلَّذِينَ لَا يَعْقِلُونَ",
        "وَلَوْ عَلِمَ ٱللَّهُ فِيهِمْ خَيْرًا لَّأَسْمَعَهُمْ ۖ وَلَوْ أَسْمَعَهُمْ لَتَوَلَّوا۟ وَّهُم مُّعْرِضُونَ",
        "يَـٰٓأَيُّهَا ٱلَّذِينَ ءَامَنُوا۟ ٱسْتَجِيبُوا۟ لِلَّهِ وَلِلرَّسُولِ إِذَا دَعَاكُمْ لِمَا يُحْيِيكُمْ ۖ وَٱعْلَمُوٓا۟ أَنَّ ٱللَّهَ يَحُولُ بَيْنَ ٱلْمَرْءِ وَقَلْبِهِۦ وَأَنَّهُۥٓ إِلَيْهِ تُحْشَرُونَ",
        "وَٱتَّقُوا۟ فِتْنَةً لَّا تُصِيبَنَّ ٱلَّذِينَ ظَلَمُوا۟ مِنكُمْ خَآصَّةً ۖ وَٱعْلَمُوٓا۟ أَنَّ ٱللَّهَ شَدِيدُ ٱلْعِقَابِ",
        "وَٱذْكُرُوٓا۟ إِذْ أَنتُمْ قَلِيلٌ مُّسْتَضْعَفُونَ فِى ٱلْأَرْضِ تَخَافُونَ أَن يَتَخَطَّفَكُمُ ٱلنَّاسُ فَـَٔاوَىٰكُمْ وَأَيَّدَكُم بِنَصْرِهِۦ وَرَزَقَكُم مِّنَ ٱلطَّيِّبَـٰتِ لَعَلَّكُمْ تَشْكُرُونَ",
        "يَـٰٓأَيُّهَا ٱلَّذِينَ ءَامَنُوا۟ لَا تَخُونُوا۟ ٱللَّهَ وَٱلرَّسُولَ وَتَخُونُوٓا۟ أَمَـٰنَـٰتِكُمْ وَأَنتُمْ تَعْلَمُونَ",
        "وَٱعْلَمُوٓا۟ أَنَّمَآ أَمْوَٰلُكُمْ وَأَوْلَـٰدُكُمْ فِتْنَةٌ وَأَنَّ ٱللَّهَ عِندَهُۥٓ أَجْرٌ عَظِيمٌ",
        "يَـٰٓأَيُّهَا ٱلَّذِينَ ءَامَنُوٓا۟ إِن تَتَّقُوا۟ ٱللَّهَ يَجْعَل لَّكُمْ فُرْقَانًا وَيُكَفِّرْ عَنكُمْ سَيِّـَٔاتِكُمْ وَيَغْفِرْ لَكُمْ ۗ وَٱللَّهُ ذُو ٱلْفَضْلِ ٱلْعَظِيمِ",
        "وَإِذْ يَمْكُرُ بِكَ ٱلَّذِينَ كَفَرُوا۟ لِيُثْبِتُوكَ أَوْ يَقْتُلُوكَ أَوْ يُخْرِجُوكَ ۚ وَيَمْكُرُونَ وَيَمْكُرُ ٱللَّهُ ۖ وَٱللَّهُ خَيْرُ ٱلْمَـٰكِرِينَ",
        "وَإِذَا تُتْلَىٰ عَلَيْهِمْ ءَايَـٰتُنَا قَالُوا۟ قَدْ سَمِعْنَا لَوْ نَشَآءُ لَقُلْنَا مِثْلَ هَـٰذَآ ۙ إِنْ هَـٰذَآ إِلَّآ أَسَـٰطِيرُ ٱلْأَوَّلِينَ",
        "وَإِذْ قَالُوا۟ ٱللَّهُمَّ إِن كَانَ هَـٰذَا هُوَ ٱلْحَقَّ مِنْ عِندِكَ فَأَمْطِرْ عَلَيْنَا حِجَارَةً مِّنَ ٱلسَّمَآءِ أَوِ ٱئْتِنَا بِعَذَابٍ أَلِيمٍ",
        "وَمَا كَانَ ٱللَّهُ لِيُعَذِّبَهُمْ وَأَنتَ فِيهِمْ ۚ وَمَا كَانَ ٱللَّهُ مُعَذِّبَهُمْ وَهُمْ يَسْتَغْفِرُونَ",
        "وَمَا لَهُمْ أَلَّا يُعَذِّبَهُمُ ٱللَّهُ وَهُمْ يَصُدُّونَ عَنِ ٱلْمَسْجِدِ ٱلْحَرَامِ وَمَا كَانُوٓا۟ أَوْلِيَآءَهُۥٓ ۚ إِنْ أَوْلِيَآؤُهُۥٓ إِلَّا ٱلْمُتَّقُونَ وَلَـٰكِنَّ أَكْثَرَهُمْ لَا يَعْلَمُونَ",
        "وَمَا كَانَ صَلَاتُهُمْ عِندَ ٱلْبَيْتِ إِلَّا مُكَآءً وَتَصْدِيَةً ۚ فَذُوقُوا۟ ٱلْعَذَابَ بِمَا كُنتُمْ تَكْفُرُونَ",
        "إِنَّ ٱلَّذِينَ كَفَرُوا۟ يُنفِقُونَ أَمْوَٰلَهُمْ لِيَصُدُّوا۟ عَن سَبِيلِ ٱللَّهِ ۚ فَسَيُنفِقُونَهَا ثُمَّ تَكُونُ عَلَيْهِمْ حَسْرَةً ثُمَّ يُغْلَبُونَ ۗ وَٱلَّذِينَ كَفَرُوٓا۟ إِلَىٰ جَهَنَّمَ يُحْشَرُونَ",
        "لِيَمِيزَ ٱللَّهُ ٱلْخَبِيثَ مِنَ ٱلطَّيِّبِ وَيَجْعَلَ ٱلْخَبِيثَ بَعْضَهُۥ عَلَىٰ بَعْضٍ فَيَرْكُمَهُۥ جَمِيعًا فَيَجْعَلَهُۥ فِى جَهَنَّمَ ۚ أُو۟لَـٰٓئِكَ هُمُ ٱلْخَـٰسِرُونَ",
        "قُل لِّلَّذِينَ كَفَرُوٓا۟ إِن يَنتَهُوا۟ يُغْفَرْ لَهُم مَّا قَدْ سَلَفَ وَإِن يَعُودُوا۟ فَقَدْ مَضَتْ سُنَّتُ ٱلْأَوَّلِينَ",
        "وَقَـٰتِلُوهُمْ حَتَّىٰ لَا تَكُونَ فِتْنَةٌ وَيَكُونَ ٱلدِّينُ كُلُّهُۥ لِلَّهِ ۚ فَإِنِ ٱنتَهَوْا۟ فَإِنَّ ٱللَّهَ بِمَا يَعْمَلُونَ بَصِيرٌ",
        "وَإِن تَوَلَّوْا۟ فَٱعْلَمُوٓا۟ أَنَّ ٱللَّهَ مَوْلَىٰكُمْ ۚ نِعْمَ ٱلْمَوْلَىٰ وَنِعْمَ ٱلنَّصِيرُ",
        "۞ وَٱعْلَمُوٓا۟ أَنَّمَا غَنِمْتُم مِّن شَىْءٍ فَأَنَّ لِلَّهِ خُمُسَهُۥ وَلِلرَّسُولِ وَلِذِى ٱلْقُرْبَىٰ وَٱلْيَتَـٰمَىٰ وَٱلْمَسَـٰكِينِ وَٱبْنِ ٱلسَّبِيلِ إِن كُنتُمْ ءَامَنتُم بِٱللَّهِ وَمَآ أَنزَلْنَا عَلَىٰ عَبْدِنَا يَوْمَ ٱلْفُرْقَانِ يَوْمَ ٱلْتَقَى ٱلْجَمْعَانِ ۗ وَٱللَّهُ عَلَىٰ كُلِّ شَىْءٍ قَدِيرٌ",
        "إِذْ أَنتُم بِٱلْعُدْوَةِ ٱلدُّنْيَا وَهُم بِٱلْعُدْوَةِ ٱلْقُصْوَىٰ وَٱلرَّكْبُ أَسْفَلَ مِنكُمْ ۚ وَلَوْ تَوَاعَدتُّمْ لَٱخْتَلَفْتُمْ فِى ٱلْمِيعَـٰدِ ۙ وَلَـٰكِن لِّيَقْضِىَ ٱللَّهُ أَمْرًا كَانَ مَفْعُولًا لِّيَهْلِكَ مَنْ هَلَكَ عَنۢ بَيِّنَةٍ وَيَحْيَىٰ مَنْ حَىَّ عَنۢ بَيِّنَةٍ ۗ وَإِنَّ ٱللَّهَ لَسَمِيعٌ عَلِيمٌ",
        "إِذْ يُرِيكَهُمُ ٱللَّهُ فِى مَنَامِكَ قَلِيلًا ۖ وَلَوْ أَرَىٰكَهُمْ كَثِيرًا لَّفَشِلْتُمْ وَلَتَنَـٰزَعْتُمْ فِى ٱلْأَمْرِ وَلَـٰكِنَّ ٱللَّهَ سَلَّمَ ۗ إِنَّهُۥ عَلِيمٌۢ بِذَاتِ ٱلصُّدُورِ",
        "وَإِذْ يُرِيكُمُوهُمْ إِذِ ٱلْتَقَيْتُمْ فِىٓ أَعْيُنِكُمْ قَلِيلًا وَيُقَلِّلُكُمْ فِىٓ أَعْيُنِهِمْ لِيَقْضِىَ ٱللَّهُ أَمْرًا كَانَ مَفْعُولًا ۗ وَإِلَى ٱللَّهِ تُرْجَعُ ٱلْأُمُورُ",
        "يَـٰٓأَيُّهَا ٱلَّذِينَ ءَامَنُوٓا۟ إِذَا لَقِيتُمْ فِئَةً فَٱثْبُتُوا۟ وَٱذْكُرُوا۟ ٱللَّهَ كَثِيرًا لَّعَلَّكُمْ تُفْلِحُونَ",
        "وَأَطِيعُوا۟ ٱللَّهَ وَرَسُولَهُۥ وَلَا تَنَـٰزَعُوا۟ فَتَفْشَلُوا۟ وَتَذْهَبَ رِيحُكُمْ ۖ وَٱصْبِرُوٓا۟ ۚ إِنَّ ٱللَّهَ مَعَ ٱلصَّـٰبِرِينَ",
        "وَلَا تَكُونُوا۟ كَٱلَّذِينَ خَرَجُوا۟ مِن دِيَـٰرِهِم بَطَرًا وَرِئَآءَ ٱلنَّاسِ وَيَصُدُّونَ عَن سَبِيلِ ٱللَّهِ ۚ وَٱللَّهُ بِمَا يَعْمَلُونَ مُحِيطٌ",
        "وَإِذْ زَيَّنَ لَهُمُ ٱلشَّيْطَـٰنُ أَعْمَـٰلَهُمْ وَقَالَ لَا غَالِبَ لَكُمُ ٱلْيَوْمَ مِنَ ٱلنَّاسِ وَإِنِّى جَارٌ لَّكُمْ ۖ فَلَمَّا تَرَآءَتِ ٱلْفِئَتَانِ نَكَصَ عَلَىٰ عَقِبَيْهِ وَقَالَ إِنِّى بَرِىٓءٌ مِّنكُمْ إِنِّىٓ أَرَىٰ مَا لَا تَرَوْنَ إِنِّىٓ أَخَافُ ٱللَّهَ ۚ وَٱللَّهُ شَدِيدُ ٱلْعِقَابِ",
        "إِذْ يَقُولُ ٱلْمُنَـٰفِقُونَ وَٱلَّذِينَ فِى قُلُوبِهِم مَّرَضٌ غَرَّ هَـٰٓؤُلَآءِ دِينُهُمْ ۗ وَمَن يَتَوَكَّلْ عَلَى ٱللَّهِ فَإِنَّ ٱللَّهَ عَزِيزٌ حَكِيمٌ",
        "وَلَوْ تَرَىٰٓ إِذْ يَتَوَفَّى ٱلَّذِينَ كَفَرُوا۟ ۙ ٱلْمَلَـٰٓئِكَةُ يَضْرِبُونَ وُجُوهَهُمْ وَأَدْبَـٰرَهُمْ وَذُوقُوا۟ عَذَابَ ٱلْحَرِيقِ",
        "ذَٰلِكَ بِمَا قَدَّمَتْ أَيْدِيكُمْ وَأَنَّ ٱللَّهَ لَيْسَ بِظَلَّـٰمٍ لِّلْعَبِيدِ",
        "كَدَأْبِ ءَالِ فِرْعَوْنَ ۙ وَٱلَّذِينَ مِن قَبْلِهِمْ ۚ كَفَرُوا۟ بِـَٔايَـٰتِ ٱللَّهِ فَأَخَذَهُمُ ٱللَّهُ بِذُنُوبِهِمْ ۗ إِنَّ ٱللَّهَ قَوِىٌّ شَدِيدُ ٱلْعِقَابِ",
        "ذَٰلِكَ بِأَنَّ ٱللَّهَ لَمْ يَكُ مُغَيِّرًا نِّعْمَةً أَنْعَمَهَا عَلَىٰ قَوْمٍ حَتَّىٰ يُغَيِّرُوا۟ مَا بِأَنفُسِهِمْ ۙ وَأَنَّ ٱللَّهَ سَمِيعٌ عَلِيمٌ",
        "كَدَأْبِ ءَالِ فِرْعَوْنَ ۙ وَٱلَّذِينَ مِن قَبْلِهِمْ ۚ كَذَّبُوا۟ بِـَٔايَـٰتِ رَبِّهِمْ فَأَهْلَكْنَـٰهُم بِذُنُوبِهِمْ وَأَغْرَقْنَآ ءَالَ فِرْعَوْنَ ۚ وَكُلٌّ كَانُوا۟ ظَـٰلِمِينَ",
        "إِنَّ شَرَّ ٱلدَّوَآبِّ عِندَ ٱللَّهِ ٱلَّذِينَ كَفَرُوا۟ فَهُمْ لَا يُؤْمِنُونَ",
        "ٱلَّذِينَ عَـٰهَدتَّ مِنْهُمْ ثُمَّ يَنقُضُونَ عَهْدَهُمْ فِى كُلِّ مَرَّةٍ وَهُمْ لَا يَتَّقُونَ",
        "فَإِمَّا تَثْقَفَنَّهُمْ فِى ٱلْحَرْبِ فَشَرِّدْ بِهِم مَّنْ خَلْفَهُمْ لَعَلَّهُمْ يَذَّكَّرُونَ",
        "وَإِمَّا تَخَافَنَّ مِن قَوْمٍ خِيَانَةً فَٱنۢبِذْ إِلَيْهِمْ عَلَىٰ سَوَآءٍ ۚ إِنَّ ٱللَّهَ لَا يُحِبُّ ٱلْخَآئِنِينَ",
        "وَلَا يَحْسَبَنَّ ٱلَّذِينَ كَفَرُوا۟ سَبَقُوٓا۟ ۚ إِنَّهُمْ لَا يُعْجِزُونَ",
        "وَأَعِدُّوا۟ لَهُم مَّا ٱسْتَطَعْتُم مِّن قُوَّةٍ وَمِن رِّبَاطِ ٱلْخَيْلِ تُرْهِبُونَ بِهِۦ عَدُوَّ ٱللَّهِ وَعَدُوَّكُمْ وَءَاخَرِينَ مِن دُونِهِمْ لَا تَعْلَمُونَهُمُ ٱللَّهُ يَعْلَمُهُمْ ۚ وَمَا تُنفِقُوا۟ مِن شَىْءٍ فِى سَبِيلِ ٱللَّهِ يُوَفَّ إِلَيْكُمْ وَأَنتُمْ لَا تُظْلَمُونَ",
        "۞ وَإِن جَنَحُوا۟ لِلسَّلْمِ فَٱجْنَحْ لَهَا وَتَوَكَّلْ عَلَى ٱللَّهِ ۚ إِنَّهُۥ هُوَ ٱلسَّمِيعُ ٱلْعَلِيمُ",
        "وَإِن يُرِيدُوٓا۟ أَن يَخْدَعُوكَ فَإِنَّ حَسْبَكَ ٱللَّهُ ۚ هُوَ ٱلَّذِىٓ أَيَّدَكَ بِنَصْرِهِۦ وَبِٱلْمُؤْمِنِينَ",
        "وَأَلَّفَ بَيْنَ قُلُوبِهِمْ ۚ لَوْ أَنفَقْتَ مَا فِى ٱلْأَرْضِ جَمِيعًا مَّآ أَلَّفْتَ بَيْنَ قُلُوبِهِمْ وَلَـٰكِنَّ ٱللَّهَ أَلَّفَ بَيْنَهُمْ ۚ إِنَّهُۥ عَزِيزٌ حَكِيمٌ",
        "يَـٰٓأَيُّهَا ٱلنَّبِىُّ حَسْبُكَ ٱللَّهُ وَمَنِ ٱتَّبَعَكَ مِنَ ٱلْمُؤْمِنِينَ",
        "يَـٰٓأَيُّهَا ٱلنَّبِىُّ حَرِّضِ ٱلْمُؤْمِنِينَ عَلَى ٱلْقِتَالِ ۚ إِن يَكُن مِّنكُمْ عِشْرُونَ صَـٰبِرُونَ يَغْلِبُوا۟ مِا۟ئَتَيْنِ ۚ وَإِن يَكُن مِّنكُم مِّا۟ئَةٌ يَغْلِبُوٓا۟ أَلْفًا مِّنَ ٱلَّذِينَ كَفَرُوا۟ بِأَنَّهُمْ قَوْمٌ لَّا يَفْقَهُونَ",
        "ٱلْـَٔـٰنَ خَفَّفَ ٱللَّهُ عَنكُمْ وَعَلِمَ أَنَّ فِيكُمْ ضَعْفًا ۚ فَإِن يَكُن مِّنكُم مِّا۟ئَةٌ صَابِرَةٌ يَغْلِبُوا۟ مِا۟ئَتَيْنِ ۚ وَإِن يَكُن مِّنكُمْ أَلْفٌ يَغْلِبُوٓا۟ أَلْفَيْنِ بِإِذْنِ ٱللَّهِ ۗ وَٱللَّهُ مَعَ ٱلصَّـٰبِرِينَ",
        "مَا كَانَ لِنَبِىٍّ أَن يَكُونَ لَهُۥٓ أَسْرَىٰ حَتَّىٰ يُثْخِنَ فِى ٱلْأَرْضِ ۚ تُرِيدُونَ عَرَضَ ٱلدُّنْيَا وَٱللَّهُ يُرِيدُ ٱلْـَٔاخِرَةَ ۗ وَٱللَّهُ عَزِيزٌ حَكِيمٌ",
        "لَّوْلَا كِتَـٰبٌ مِّنَ ٱللَّهِ سَبَقَ لَمَسَّكُمْ فِيمَآ أَخَذْتُمْ عَذَابٌ عَظِيمٌ",
        "فَكُلُوا۟ مِمَّا غَنِمْتُمْ حَلَـٰلًا طَيِّبًا ۚ وَٱتَّقُوا۟ ٱللَّهَ ۚ إِنَّ ٱللَّهَ غَفُورٌ رَّحِيمٌ",
        "يَـٰٓأَيُّهَا ٱلنَّبِىُّ قُل لِّمَن فِىٓ أَيْدِيكُم مِّنَ ٱلْأَسْرَىٰٓ إِن يَعْلَمِ ٱللَّهُ فِى قُلُوبِكُمْ خَيْرًا يُؤْتِكُمْ خَيْرًا مِّمَّآ أُخِذَ مِنكُمْ وَيَغْفِرْ لَكُمْ ۗ وَٱللَّهُ غَفُورٌ رَّحِيمٌ",
        "وَإِن يُرِيدُوا۟ خِيَانَتَكَ فَقَدْ خَانُوا۟ ٱللَّهَ مِن قَبْلُ فَأَمْكَنَ مِنْهُمْ ۗ وَٱللَّهُ عَلِيمٌ حَكِيمٌ",
        "إِنَّ ٱلَّذِينَ ءَامَنُوا۟ وَهَاجَرُوا۟ وَجَـٰهَدُوا۟ بِأَمْوَٰلِهِمْ وَأَنفُسِهِمْ فِى سَبِيلِ ٱللَّهِ وَٱلَّذِينَ ءَاوَوا۟ وَّنَصَرُوٓا۟ أُو۟لَـٰٓئِكَ بَعْضُهُمْ أَوْلِيَآءُ بَعْضٍ ۚ وَٱلَّذِينَ ءَامَنُوا۟ وَلَمْ يُهَاجِرُوا۟ مَا لَكُم مِّن وَلَـٰيَتِهِم مِّن شَىْءٍ حَتَّىٰ يُهَاجِرُوا۟ ۚ وَإِنِ ٱسْتَنصَرُوكُمْ فِى ٱلدِّينِ فَعَلَيْكُمُ ٱلنَّصْرُ إِلَّا عَلَىٰ قَوْمٍۭ بَيْنَكُمْ وَبَيْنَهُم مِّيثَـٰقٌ ۗ وَٱللَّهُ بِمَا تَعْمَلُونَ بَصِيرٌ",
        "وَٱلَّذِينَ كَفَرُوا۟ بَعْضُهُمْ أَوْلِيَآءُ بَعْضٍ ۚ إِلَّا تَفْعَلُوهُ تَكُن فِتْنَةٌ فِى ٱلْأَرْضِ وَفَسَادٌ كَبِيرٌ",
        "وَٱلَّذِينَ ءَامَنُوا۟ وَهَاجَرُوا۟ وَجَـٰهَدُوا۟ فِى سَبِيلِ ٱللَّهِ وَٱلَّذِينَ ءَاوَوا۟ وَّنَصَرُوٓا۟ أُو۟لَـٰٓئِكَ هُمُ ٱلْمُؤْمِنُونَ حَقًّا ۚ لَّهُم مَّغْفِرَةٌ وَرِزْقٌ كَرِيمٌ",
        "وَٱلَّذِينَ ءَامَنُوا۟ مِنۢ بَعْدُ وَهَاجَرُوا۟ وَجَـٰهَدُوا۟ مَعَكُمْ فَأُو۟لَـٰٓئِكَ مِنكُمْ ۚ وَأُو۟لُوا۟ ٱلْأَرْحَامِ بَعْضُهُمْ أَوْلَىٰ بِبَعْضٍ فِى كِتَـٰبِ ٱللَّهِ ۗ إِنَّ ٱللَّهَ بِكُلِّ شَىْءٍ عَلِيمٌۢ"
    ],
    "arabic2": [
        "يسالونك عن الانفال قل الانفال لله والرسول فاتقوا الله واصلحوا ذات بينكم واطيعوا الله ورسوله ان كنتم مؤمنين",
        "انما المؤمنون الذين اذا ذكر الله وجلت قلوبهم واذا تليت عليهم اياته زادتهم ايمانا وعلى ربهم يتوكلون",
        "الذين يقيمون الصلاة ومما رزقناهم ينفقون",
        "اولئك هم المؤمنون حقا لهم درجات عند ربهم ومغفرة ورزق كريم",
        "كما اخرجك ربك من بيتك بالحق وان فريقا من المؤمنين لكارهون",
        "يجادلونك في الحق بعدما تبين كانما يساقون الى الموت وهم ينظرون",
        "واذ يعدكم الله احدى الطائفتين انها لكم وتودون ان غير ذات الشوكة تكون لكم ويريد الله ان يحق الحق بكلماته ويقطع دابر الكافرين",
        "ليحق الحق ويبطل الباطل ولو كره المجرمون",
        "اذ تستغيثون ربكم فاستجاب لكم اني ممدكم بالف من الملائكة مردفين",
        "وما جعله الله الا بشرى ولتطمئن به قلوبكم وما النصر الا من عند الله ان الله عزيز حكيم",
        "اذ يغشيكم النعاس امنة منه وينزل عليكم من السماء ماء ليطهركم به ويذهب عنكم رجز الشيطان وليربط على قلوبكم ويثبت به الاقدام",
        "اذ يوحي ربك الى الملائكة اني معكم فثبتوا الذين امنوا سالقي في قلوب الذين كفروا الرعب فاضربوا فوق الاعناق واضربوا منهم كل بنان",
        "ذلك بانهم شاقوا الله ورسوله ومن يشاقق الله ورسوله فان الله شديد العقاب",
        "ذلكم فذوقوه وان للكافرين عذاب النار",
        "يا ايها الذين امنوا اذا لقيتم الذين كفروا زحفا فلا تولوهم الادبار",
        "ومن يولهم يومئذ دبره الا متحرفا لقتال او متحيزا الى فئة فقد باء بغضب من الله وماواه جهنم وبئس المصير",
        "فلم تقتلوهم ولكن الله قتلهم وما رميت اذ رميت ولكن الله رمى وليبلي المؤمنين منه بلاء حسنا ان الله سميع عليم",
        "ذلكم وان الله موهن كيد الكافرين",
        "ان تستفتحوا فقد جاءكم الفتح وان تنتهوا فهو خير لكم وان تعودوا نعد ولن تغني عنكم فئتكم شيئا ولو كثرت وان الله مع المؤمنين",
        "يا ايها الذين امنوا اطيعوا الله ورسوله ولا تولوا عنه وانتم تسمعون",
        "ولا تكونوا كالذين قالوا سمعنا وهم لا يسمعون",
        "ان شر الدواب عند الله الصم البكم الذين لا يعقلون",
        "ولو علم الله فيهم خيرا لاسمعهم ولو اسمعهم لتولوا وهم معرضون",
        "يا ايها الذين امنوا استجيبوا لله وللرسول اذا دعاكم لما يحييكم واعلموا ان الله يحول بين المرء وقلبه وانه اليه تحشرون",
        "واتقوا فتنة لا تصيبن الذين ظلموا منكم خاصة واعلموا ان الله شديد العقاب",
        "واذكروا اذ انتم قليل مستضعفون في الارض تخافون ان يتخطفكم الناس فاواكم وايدكم بنصره ورزقكم من الطيبات لعلكم تشكرون",
        "يا ايها الذين امنوا لا تخونوا الله والرسول وتخونوا اماناتكم وانتم تعلمون",
        "واعلموا انما اموالكم واولادكم فتنة وان الله عنده اجر عظيم",
        "يا ايها الذين امنوا ان تتقوا الله يجعل لكم فرقانا ويكفر عنكم سيئاتكم ويغفر لكم والله ذو الفضل العظيم",
        "واذ يمكر بك الذين كفروا ليثبتوك او يقتلوك او يخرجوك ويمكرون ويمكر الله والله خير الماكرين",
        "واذا تتلى عليهم اياتنا قالوا قد سمعنا لو نشاء لقلنا مثل هذا ان هذا الا اساطير الاولين",
        "واذ قالوا اللهم ان كان هذا هو الحق من عندك فامطر علينا حجارة من السماء او ائتنا بعذاب اليم",
        "وما كان الله ليعذبهم وانت فيهم وما كان الله معذبهم وهم يستغفرون",
        "وما لهم الا يعذبهم الله وهم يصدون عن المسجد الحرام وما كانوا اولياءه ان اولياؤه الا المتقون ولكن اكثرهم لا يعلمون",
        "وما كان صلاتهم عند البيت الا مكاء وتصدية فذوقوا العذاب بما كنتم تكفرون",
        "ان الذين كفروا ينفقون اموالهم ليصدوا عن سبيل الله فسينفقونها ثم تكون عليهم حسرة ثم يغلبون والذين كفروا الى جهنم يحشرون",
        "ليميز الله الخبيث من الطيب ويجعل الخبيث بعضه على بعض فيركمه جميعا فيجعله في جهنم اولئك هم الخاسرون",
        "قل للذين كفروا ان ينتهوا يغفر لهم ما قد سلف وان يعودوا فقد مضت سنت الاولين",
        "وقاتلوهم حتى لا تكون فتنة ويكون الدين كله لله فان انتهوا فان الله بما يعملون بصير",
        "وان تولوا فاعلموا ان الله مولاكم نعم المولى ونعم النصير",
        "واعلموا انما غنمتم من شيء فان لله خمسه وللرسول ولذي القربى واليتامى والمساكين وابن السبيل ان كنتم امنتم بالله وما انزلنا على عبدنا يوم الفرقان يوم التقى الجمعان والله على كل شيء قدير",
        "اذ انتم بالعدوة الدنيا وهم بالعدوة القصوى والركب اسفل منكم ولو تواعدتم لاختلفتم في الميعاد ولكن ليقضي الله امرا كان مفعولا ليهلك من هلك عن بينة ويحيى من حي عن بينة وان الله لسميع عليم",
        "اذ يريكهم الله في منامك قليلا ولو اراكهم كثيرا لفشلتم ولتنازعتم في الامر ولكن الله سلم انه عليم بذات الصدور",
        "واذ يريكموهم اذ التقيتم في اعينكم قليلا ويقللكم في اعينهم ليقضي الله امرا كان مفعولا والى الله ترجع الامور",
        "يا ايها الذين امنوا اذا لقيتم فئة فاثبتوا واذكروا الله كثيرا لعلكم تفلحون",
        "واطيعوا الله ورسوله ولا تنازعوا فتفشلوا وتذهب ريحكم واصبروا ان الله مع الصابرين",
        "ولا تكونوا كالذين خرجوا من ديارهم بطرا ورئاء الناس ويصدون عن سبيل الله والله بما يعملون محيط",
        "واذ زين لهم الشيطان اعمالهم وقال لا غالب لكم اليوم من الناس واني جار لكم فلما تراءت الفئتان نكص على عقبيه وقال اني بريء منكم اني ارى ما لا ترون اني اخاف الله والله شديد العقاب",
        "اذ يقول المنافقون والذين في قلوبهم مرض غر هؤلاء دينهم ومن يتوكل على الله فان الله عزيز حكيم",
        "ولو ترى اذ يتوفى الذين كفروا الملائكة يضربون وجوههم وادبارهم وذوقوا عذاب الحريق",
        "ذلك بما قدمت ايديكم وان الله ليس بظلام للعبيد",
        "كداب ال فرعون والذين من قبلهم كفروا بايات الله فاخذهم الله بذنوبهم ان الله قوي شديد العقاب",
        "ذلك بان الله لم يك مغيرا نعمة انعمها على قوم حتى يغيروا ما بانفسهم وان الله سميع عليم",
        "كداب ال فرعون والذين من قبلهم كذبوا بايات ربهم فاهلكناهم بذنوبهم واغرقنا ال فرعون وكل كانوا ظالمين",
        "ان شر الدواب عند الله الذين كفروا فهم لا يؤمنون",
        "الذين عاهدت منهم ثم ينقضون عهدهم في كل مرة وهم لا يتقون",
        "فاما تثقفنهم في الحرب فشرد بهم من خلفهم لعلهم يذكرون",
        "واما تخافن من قوم خيانة فانبذ اليهم على سواء ان الله لا يحب الخائنين",
        "ولا يحسبن الذين كفروا سبقوا انهم لا يعجزون",
        "واعدوا لهم ما استطعتم من قوة ومن رباط الخيل ترهبون به عدو الله وعدوكم واخرين من دونهم لا تعلمونهم الله يعلمهم وما تنفقوا من شيء في سبيل الله يوف اليكم وانتم لا تظلمون",
        "وان جنحوا للسلم فاجنح لها وتوكل على الله انه هو السميع العليم",
        "وان يريدوا ان يخدعوك فان حسبك الله هو الذي ايدك بنصره وبالمؤمنين",
        "والف بين قلوبهم لو انفقت ما في الارض جميعا ما الفت بين قلوبهم ولكن الله الف بينهم انه عزيز حكيم",
        "يا ايها النبي حسبك الله ومن اتبعك من المؤمنين",
        "يا ايها النبي حرض المؤمنين على القتال ان يكن منكم عشرون صابرون يغلبوا مائتين وان يكن منكم مائة يغلبوا الفا من الذين كفروا بانهم قوم لا يفقهون",
        "الان خفف الله عنكم وعلم ان فيكم ضعفا فان يكن منكم مائة صابرة يغلبوا مائتين وان يكن منكم الف يغلبوا الفين باذن الله والله مع الصابرين",
        "ما كان لنبي ان يكون له اسرى حتى يثخن في الارض تريدون عرض الدنيا والله يريد الاخرة والله عزيز حكيم",
        "لولا كتاب من الله سبق لمسكم فيما اخذتم عذاب عظيم",
        "فكلوا مما غنمتم حلالا طيبا واتقوا الله ان الله غفور رحيم",
        "يا ايها النبي قل لمن في ايديكم من الاسرى ان يعلم الله في قلوبكم خيرا يؤتكم خيرا مما اخذ منكم ويغفر لكم والله غفور رحيم",
        "وان يريدوا خيانتك فقد خانوا الله من قبل فامكن منهم والله عليم حكيم",
        "ان الذين امنوا وهاجروا وجاهدوا باموالهم وانفسهم في سبيل الله والذين اووا ونصروا اولئك بعضهم اولياء بعض والذين امنوا ولم يهاجروا ما لكم من ولايتهم من شيء حتى يهاجروا وان استنصروكم في الدين فعليكم النصر الا على قوم بينكم وبينهم ميثاق والله بما تعملون بصير",
        "والذين كفروا بعضهم اولياء بعض الا تفعلوه تكن فتنة في الارض وفساد كبير",
        "والذين امنوا وهاجروا وجاهدوا في سبيل الله والذين اووا ونصروا اولئك هم المؤمنون حقا لهم مغفرة ورزق كريم",
        "والذين امنوا من بعد وهاجروا وجاهدوا معكم فاولئك منكم واولو الارحام بعضهم اولى ببعض في كتاب الله ان الله بكل شيء عليم"
    ]
}