{
    "surahName": "Abasa",
    "surahNameArabic": "عبس",
    "surahNameArabicLong": "سورة عبس",
    "surahNameTranslation": "He frowned",
    "revelationPlace": "Mecca",
    "totalAyah": 42,
    "surahNo": 80,
    "english": [
        "He frowned and turned ˹his attention˺ away",
        "˹simply˺ because the blind man came to him ˹interrupting˺.",
        "You never know ˹O Prophet˺, perhaps he may be purified",
        "or he may be mindful, benefitting from the reminder.",
        "As for the one who was indifferent",
        "you gave him your ˹undivided˺ attention",
        "even though you are not to blame if he would not be purified.",
        "But as for the one who came to you, eager ˹to learn˺",
        "being in awe ˹of Allah˺",
        "you were inattentive to him.",
        "But no! This ˹revelation˺ is truly a reminder.",
        "So let whoever wills be mindful of it.",
        "It is ˹written˺ on pages held in honour—",
        "highly esteemed, purified—",
        "by the hands of angel-scribes",
        "honourable and virtuous.",
        "Condemned are ˹disbelieving˺ humans! How ungrateful they are ˹to Allah˺!",
        "From what substance did He create them?",
        "He created them from a sperm-drop, and ordained their development.",
        "Then He makes the way easy for them",
        "then causes them to die and be buried.",
        "Then when He wills, He will resurrect them.",
        "But no! They have failed to comply with what He ordered.",
        "Let people then consider their food:",
        "how We pour down rain in abundance",
        "and meticulously split the earth open ˹for sprouts˺",
        "causing grain to grow in it",
        "as well as grapes and greens",
        "and olives and palm trees",
        "and dense orchards",
        "and fruit and fodder—",
        "all as ˹a means of˺ sustenance for you and your animals.",
        "Then, when the Deafening Blast comes to pass—",
        "on that Day every person will flee from their own siblings",
        "and ˹even˺ their mother and father",
        "and ˹even˺ their spouse and children.",
        "For then everyone will have enough concern of their own.",
        "On that Day ˹some˺ faces will be bright",
        "laughing and rejoicing",
        "while ˹other˺ faces will be dusty",
        "cast in gloom—",
        "those are the disbelievers, the ˹wicked˺ sinners."
    ],
    "arabic1": [
        " عَبَسَ وَتَوَلَّىٰٓ",
        "أَن جَآءَهُ ٱلْأَعْمَىٰ",
        "وَمَا يُدْرِيكَ لَعَلَّهُۥ يَزَّكَّىٰٓ",
        "أَوْ يَذَّكَّرُ فَتَنفَعَهُ ٱلذِّكْرَىٰٓ",
        "أَمَّا مَنِ ٱسْتَغْنَىٰ",
        "فَأَنتَ لَهُۥ تَصَدَّىٰ",
        "وَمَا عَلَيْكَ أَلَّا يَزَّكَّىٰ",
        "وَأَمَّا مَن جَآءَكَ يَسْعَىٰ",
        "وَهُوَ يَخْشَىٰ",
        "فَأَنتَ عَنْهُ تَلَهَّىٰ",
        "كَلَّآ إِنَّهَا تَذْكِرَةٌ",
        "فَمَن شَآءَ ذَكَرَهُۥ",
        "فِى صُحُفٍ مُّكَرَّمَةٍ",
        "مَّرْفُوعَةٍ مُّطَهَّرَةٍۭ",
        "بِأَيْدِى سَفَرَةٍ",
        "كِرَامٍۭ بَرَرَةٍ",
        "قُتِلَ ٱلْإِنسَـٰنُ مَآ أَكْفَرَهُۥ",
        "مِنْ أَىِّ شَىْءٍ خَلَقَهُۥ",
        "مِن نُّطْفَةٍ خَلَقَهُۥ فَقَدَّرَهُۥ",
        "ثُمَّ ٱلسَّبِيلَ يَسَّرَهُۥ",
        "ثُمَّ أَمَاتَهُۥ فَأَقْبَرَهُۥ",
        "ثُمَّ إِذَا شَآءَ أَنشَرَهُۥ",
        "كَلَّا لَمَّا يَقْضِ مَآ أَمَرَهُۥ",
        "فَلْيَنظُرِ ٱلْإِنسَـٰنُ إِلَىٰ طَعَامِهِۦٓ",
        "أَنَّا صَبَبْنَا ٱلْمَآءَ صَبًّا",
        "ثُمَّ شَقَقْنَا ٱلْأَرْضَ شَقًّا",
        "فَأَنۢبَتْنَا فِيهَا حَبًّا",
        "وَعِنَبًا وَقَضْبًا",
        "وَزَيْتُونًا وَنَخْلًا",
        "وَحَدَآئِقَ غُلْبًا",
        "وَفَـٰكِهَةً وَأَبًّا",
        "مَّتَـٰعًا لَّكُمْ وَلِأَنْعَـٰمِكُمْ",
        "فَإِذَا جَآءَتِ ٱلصَّآخَّةُ",
        "يَوْمَ يَفِرُّ ٱلْمَرْءُ مِنْ أَخِيهِ",
        "وَأُمِّهِۦ وَأَبِيهِ",
        "وَصَـٰحِبَتِهِۦ وَبَنِيهِ",
        "لِكُلِّ ٱمْرِئٍ مِّنْهُمْ يَوْمَئِذٍ شَأْنٌ يُغْنِيهِ",
        "وُجُوهٌ يَوْمَئِذٍ مُّسْفِرَةٌ",
        "ضَاحِكَةٌ مُّسْتَبْشِرَةٌ",
        "وَوُجُوهٌ يَوْمَئِذٍ عَلَيْهَا غَبَرَةٌ",
        "تَرْهَقُهَا قَتَرَةٌ",
        "أُو۟لَـٰٓئِكَ هُمُ ٱلْكَفَرَةُ ٱلْفَجَرَةُ"
    ],
    "arabic2": [
        "عبس وتولى",
        "ان جاءه الاعمى",
        "وما يدريك لعله يزكى",
        "او يذكر فتنفعه الذكرى",
        "اما من استغنى",
        "فانت له تصدى",
        "وما عليك الا يزكى",
        "واما من جاءك يسعى",
        "وهو يخشى",
        "فانت عنه تلهى",
        "كلا انها تذكرة",
        "فمن شاء ذكره",
        "في صحف مكرمة",
        "مرفوعة مطهرة",
        "بايدي سفرة",
        "كرام بررة",
        "قتل الانسان ما اكفره",
        "من اي شيء خلقه",
        "من نطفة خلقه فقدره",
        "ثم السبيل يسره",
        "ثم اماته فاقبره",
        "ثم اذا شاء انشره",
        "كلا لما يقض ما امره",
        "فلينظر الانسان الى طعامه",
        "انا صببنا الماء صبا",
        "ثم شققنا الارض شقا",
        "فانبتنا فيها حبا",
        "وعنبا وقضبا",
        "وزيتونا ونخلا",
        "وحدائق غلبا",
        "وفاكهة وابا",
        "متاعا لكم ولانعامكم",
        "فاذا جاءت الصاخة",
        "يوم يفر المرء من اخيه",
        "وامه وابيه",
        "وصاحبته وبنيه",
        "لكل امرئ منهم يومئذ شان يغنيه",
        "وجوه يومئذ مسفرة",
        "ضاحكة مستبشرة",
        "ووجوه يومئذ عليها غبرة",
        "ترهقها قترة",
        "اولئك هم الكفرة الفجرة"
    ]
}