{
    "surahName": "Al-Infitaar",
    "surahNameArabic": "الإنفطار",
    "surahNameArabicLong": "سورة الإنفطار",
    "surahNameTranslation": "The Cleaving",
    "revelationPlace": "Mecca",
    "totalAyah": 19,
    "surahNo": 82,
    "english": [
        "When the sky splits open",
        "and when the stars fall away",
        "and when the seas burst forth",
        "and when the graves spill out",
        "˹then˺ each soul will know what it has sent forth or left behind.",
        "O humanity! What has emboldened you against your Lord, the Most Generous",
        "Who created you, fashioned you, and perfected your design",
        "moulding you in whatever form He willed?",
        "But no! In fact, you deny the ˹final˺ Judgment",
        "while you are certainly observed by vigilant",
        "honourable angels, recording ˹everything˺.",
        "They know whatever you do.",
        "Indeed, the virtuous will be in bliss",
        "and the wicked will be in Hell",
        "burning in it on Judgment Day",
        "and they will have no escape from it.",
        "What will make you realize what Judgment Day is?",
        "Again, what will make you realize what Judgment Day is?",
        "˹It is˺ the Day no soul will be of ˹any˺ benefit to another whatsoever, for all authority on that Day belongs to Allah ˹entirely˺."
    ],
    "arabic1": [
        " إِذَا ٱلسَّمَآءُ ٱنفَطَرَتْ",
        "وَإِذَا ٱلْكَوَاكِبُ ٱنتَثَرَتْ",
        "وَإِذَا ٱلْبِحَارُ فُجِّرَتْ",
        "وَإِذَا ٱلْقُبُورُ بُعْثِرَتْ",
        "عَلِمَتْ نَفْسٌ مَّا قَدَّمَتْ وَأَخَّرَتْ",
        "يَـٰٓأَيُّهَا ٱلْإِنسَـٰنُ مَا غَرَّكَ بِرَبِّكَ ٱلْكَرِيمِ",
        "ٱلَّذِى خَلَقَكَ فَسَوَّىٰكَ فَعَدَلَكَ",
        "فِىٓ أَىِّ صُورَةٍ مَّا شَآءَ رَكَّبَكَ",
        "كَلَّا بَلْ تُكَذِّبُونَ بِٱلدِّينِ",
        "وَإِنَّ عَلَيْكُمْ لَحَـٰفِظِينَ",
        "كِرَامًا كَـٰتِبِينَ",
        "يَعْلَمُونَ مَا تَفْعَلُونَ",
        "إِنَّ ٱلْأَبْرَارَ لَفِى نَعِيمٍ",
        "وَإِنَّ ٱلْفُجَّارَ لَفِى جَحِيمٍ",
        "يَصْلَوْنَهَا يَوْمَ ٱلدِّينِ",
        "وَمَا هُمْ عَنْهَا بِغَآئِبِينَ",
        "وَمَآ أَدْرَىٰكَ مَا يَوْمُ ٱلدِّينِ",
        "ثُمَّ مَآ أَدْرَىٰكَ مَا يَوْمُ ٱلدِّينِ",
        "يَوْمَ لَا تَمْلِكُ نَفْسٌ لِّنَفْسٍ شَيْـًٔا ۖ وَٱلْأَمْرُ يَوْمَئِذٍ لِّلَّهِ"
    ],
    "arabic2": [
        "اذا السماء انفطرت",
        "واذا الكواكب انتثرت",
        "واذا البحار فجرت",
        "واذا القبور بعثرت",
        "علمت نفس ما قدمت واخرت",
        "يا ايها الانسان ما غرك بربك الكريم",
        "الذي خلقك فسواك فعدلك",
        "في اي صورة ما شاء ركبك",
        "كلا بل تكذبون بالدين",
        "وان عليكم لحافظين",
        "كراما كاتبين",
        "يعلمون ما تفعلون",
        "ان الابرار لفي نعيم",
        "وان الفجار لفي جحيم",
        "يصلونها يوم الدين",
        "وما هم عنها بغائبين",
        "وما ادراك ما يوم الدين",
        "ثم ما ادراك ما يوم الدين",
        "يوم لا تملك نفس لنفس شيئا والامر يومئذ لله"
    ]
}