{
    "surahName": "Al-Mutaffifin",
    "surahNameArabic": "المطففين",
    "surahNameArabicLong": "سورة المطففين",
    "surahNameTranslation": "Defrauding",
    "revelationPlace": "Mecca",
    "totalAyah": 36,
    "surahNo": 83,
    "english": [
        "Woe to the defrauders!",
        "Those who take full measure ˹when they buy˺ from people",
        "but give less when they measure or weigh for buyers.",
        "Do such people not think that they will be resurrected",
        "for a tremendous Day—",
        "the Day ˹all˺ people will stand before the Lord of all worlds?",
        "But no! The wicked are certainly bound for Sijjîn ˹in the depths of Hell˺—",
        "and what will make you realize what Sijjîn is?—",
        "a fate ˹already˺ sealed.",
        "Woe on that Day to the deniers—",
        "those who deny Judgment Day!",
        "None would deny it except every evildoing transgressor.",
        "Whenever Our revelations are recited to them, they say, “Ancient fables!”",
        "But no! In fact, their hearts have been stained by all ˹the evil˺ they used to commit!",
        "Undoubtedly, they will be sealed off from their Lord on that Day.",
        "Moreover, they will surely burn in Hell",
        "and then be told, “This is what you used to deny.”",
        "But no! The virtuous are certainly bound for ’Illiyûn ˹in elevated Gardens˺—",
        "and what will make you realize what ’Illiyûn is?—",
        "a fate ˹already˺ sealed",
        "witnessed by those nearest ˹to Allah˺.",
        "Surely the virtuous will be in bliss",
        "˹seated˺ on ˹canopied˺ couches, gazing around.",
        "You will recognize on their faces the glow of delight.",
        "They will be given a drink of sealed, pure wine",
        "whose last sip will smell like musk. So let whoever aspires to this strive ˹diligently˺.",
        "And this drink’s flavour will come from Tasnîm—",
        "a spring from which those nearest ˹to Allah˺ will drink.",
        "Indeed, the wicked used to laugh at the believers",
        "wink to one another whenever they passed by",
        "and muse ˹over these exploits˺ upon returning to their own people.",
        "And when they saw the faithful, they would say, “These ˹people˺ are truly astray,”",
        "even though they were not sent as keepers over the believers.",
        "But on that Day the believers will be laughing at the disbelievers",
        "as they sit on ˹canopied˺ couches, looking on.",
        "˹The believers will be asked,˺ “Have the disbelievers ˹not˺ been paid back for what they used to do?”"
    ],
    "arabic1": [
        " وَيْلٌ لِّلْمُطَفِّفِينَ",
        "ٱلَّذِينَ إِذَا ٱكْتَالُوا۟ عَلَى ٱلنَّاسِ يَسْتَوْفُونَ",
        "وَإِذَا كَالُوهُمْ أَو وَّزَنُوهُمْ يُخْسِرُونَ",
        "أَلَا يَظُنُّ أُو۟لَـٰٓئِكَ أَنَّهُم مَّبْعُوثُونَ",
        "لِيَوْمٍ عَظِيمٍ",
        "يَوْمَ يَقُومُ ٱلنَّاسُ لِرَبِّ ٱلْعَـٰلَمِينَ",
        "كَلَّآ إِنَّ كِتَـٰبَ ٱلْفُجَّارِ لَفِى سِجِّينٍ",
        "وَمَآ أَدْرَىٰكَ مَا سِجِّينٌ",
        "كِتَـٰبٌ مَّرْقُومٌ",
        "وَيْلٌ يَوْمَئِذٍ لِّلْمُكَذِّبِينَ",
        "ٱلَّذِينَ يُكَذِّبُونَ بِيَوْمِ ٱلدِّينِ",
        "وَمَا يُكَذِّبُ بِهِۦٓ إِلَّا كُلُّ مُعْتَدٍ أَثِيمٍ",
        "إِذَا تُتْلَىٰ عَلَيْهِ ءَايَـٰتُنَا قَالَ أَسَـٰطِيرُ ٱلْأَوَّلِينَ",
        "كَلَّا ۖ بَلْ ۜ رَانَ عَلَىٰ قُلُوبِهِم مَّا كَانُوا۟ يَكْسِبُونَ",
        "كَلَّآ إِنَّهُمْ عَن رَّبِّهِمْ يَوْمَئِذٍ لَّمَحْجُوبُونَ",
        "ثُمَّ إِنَّهُمْ لَصَالُوا۟ ٱلْجَحِيمِ",
        "ثُمَّ يُقَالُ هَـٰذَا ٱلَّذِى كُنتُم بِهِۦ تُكَذِّبُونَ",
        "كَلَّآ إِنَّ كِتَـٰبَ ٱلْأَبْرَارِ لَفِى عِلِّيِّينَ",
        "وَمَآ أَدْرَىٰكَ مَا عِلِّيُّونَ",
        "كِتَـٰبٌ مَّرْقُومٌ",
        "يَشْهَدُهُ ٱلْمُقَرَّبُونَ",
        "إِنَّ ٱلْأَبْرَارَ لَفِى نَعِيمٍ",
        "عَلَى ٱلْأَرَآئِكِ يَنظُرُونَ",
        "تَعْرِفُ فِى وُجُوهِهِمْ نَضْرَةَ ٱلنَّعِيمِ",
        "يُسْقَوْنَ مِن رَّحِيقٍ مَّخْتُومٍ",
        "خِتَـٰمُهُۥ مِسْكٌ ۚ وَفِى ذَٰلِكَ فَلْيَتَنَافَسِ ٱلْمُتَنَـٰفِسُونَ",
        "وَمِزَاجُهُۥ مِن تَسْنِيمٍ",
        "عَيْنًا يَشْرَبُ بِهَا ٱلْمُقَرَّبُونَ",
        "إِنَّ ٱلَّذِينَ أَجْرَمُوا۟ كَانُوا۟ مِنَ ٱلَّذِينَ ءَامَنُوا۟ يَضْحَكُونَ",
        "وَإِذَا مَرُّوا۟ بِهِمْ يَتَغَامَزُونَ",
        "وَإِذَا ٱنقَلَبُوٓا۟ إِلَىٰٓ أَهْلِهِمُ ٱنقَلَبُوا۟ فَكِهِينَ",
        "وَإِذَا رَأَوْهُمْ قَالُوٓا۟ إِنَّ هَـٰٓؤُلَآءِ لَضَآلُّونَ",
        "وَمَآ أُرْسِلُوا۟ عَلَيْهِمْ حَـٰفِظِينَ",
        "فَٱلْيَوْمَ ٱلَّذِينَ ءَامَنُوا۟ مِنَ ٱلْكُفَّارِ يَضْحَكُونَ",
        "عَلَى ٱلْأَرَآئِكِ يَنظُرُونَ",
        "هَلْ ثُوِّبَ ٱلْكُفَّارُ مَا كَانُوا۟ يَفْعَلُونَ"
    ],
    "arabic2": [
        "ويل للمطففين",
        "الذين اذا اكتالوا على الناس يستوفون",
        "واذا كالوهم او وزنوهم يخسرون",
        "الا يظن اولئك انهم مبعوثون",
        "ليوم عظيم",
        "يوم يقوم الناس لرب العالمين",
        "كلا ان كتاب الفجار لفي سجين",
        "وما ادراك ما سجين",
        "كتاب مرقوم",
        "ويل يومئذ للمكذبين",
        "الذين يكذبون بيوم الدين",
        "وما يكذب به الا كل معتد اثيم",
        "اذا تتلى عليه اياتنا قال اساطير الاولين",
        "كلا بل ران على قلوبهم ما كانوا يكسبون",
        "كلا انهم عن ربهم يومئذ لمحجوبون",
        "ثم انهم لصالو الجحيم",
        "ثم يقال هذا الذي كنتم به تكذبون",
        "كلا ان كتاب الابرار لفي عليين",
        "وما ادراك ما عليون",
        "كتاب مرقوم",
        "يشهده المقربون",
        "ان الابرار لفي نعيم",
        "على الارائك ينظرون",
        "تعرف في وجوههم نضرة النعيم",
        "يسقون من رحيق مختوم",
        "ختامه مسك وفي ذلك فليتنافس المتنافسون",
        "ومزاجه من تسنيم",
        "عينا يشرب بها المقربون",
        "ان الذين اجرموا كانوا من الذين امنوا يضحكون",
        "واذا مروا بهم يتغامزون",
        "واذا انقلبوا الى اهلهم انقلبوا فكهين",
        "واذا راوهم قالوا ان هؤلاء لضالون",
        "وما ارسلوا عليهم حافظين",
        "فاليوم الذين امنوا من الكفار يضحكون",
        "على الارائك ينظرون",
        "هل ثوب الكفار ما كانوا يفعلون"
    ]
}