{
    "surahName": "Al-Inshiqaaq",
    "surahNameArabic": "الإنشقاق",
    "surahNameArabicLong": "سورة الإنشقاق",
    "surahNameTranslation": "The Splitting Open",
    "revelationPlace": "Mecca",
    "totalAyah": 25,
    "surahNo": 84,
    "english": [
        "When the sky bursts open",
        "obeying its Lord as it must",
        "and when the earth is flattened out",
        "and ejects ˹all˺ its contents and becomes empty",
        "obeying its Lord as it must, ˹surely you will all be judged˺.",
        "O humanity! Indeed, you are labouring restlessly towards your Lord, and will ˹eventually˺ meet the consequences.",
        "As for those who are given their record in their right hand",
        "they will have an easy reckoning",
        "and will return to their people joyfully.",
        "And as for those who are given their record ˹in their left hand˺ from behind their backs",
        "they will cry for ˹instant˺ destruction",
        "and will burn in the blazing Fire.",
        "For they used to be prideful among their people",
        "thinking they would never return ˹to Allah˺.",
        "Yes ˹they would˺! Surely their Lord has always been All-Seeing of them.",
        "So, I do swear by the twilight!",
        "And by the night and whatever it envelops!",
        "And by the moon when it waxes full!",
        "You will certainly pass from one state to another.",
        "So what is the matter with them that they do not believe",
        "and when the Quran is recited to them, they do not bow down ˹in submission˺?",
        "In fact, the disbelievers persist in denial.",
        "But Allah knows best whatever they hide.",
        "So give them good news of a painful punishment.",
        "But those who believe and do good will have a never-ending reward."
    ],
    "arabic1": [
        " إِذَا ٱلسَّمَآءُ ٱنشَقَّتْ",
        "وَأَذِنَتْ لِرَبِّهَا وَحُقَّتْ",
        "وَإِذَا ٱلْأَرْضُ مُدَّتْ",
        "وَأَلْقَتْ مَا فِيهَا وَتَخَلَّتْ",
        "وَأَذِنَتْ لِرَبِّهَا وَحُقَّتْ",
        "يَـٰٓأَيُّهَا ٱلْإِنسَـٰنُ إِنَّكَ كَادِحٌ إِلَىٰ رَبِّكَ كَدْحًا فَمُلَـٰقِيهِ",
        "فَأَمَّا مَنْ أُوتِىَ كِتَـٰبَهُۥ بِيَمِينِهِۦ",
        "فَسَوْفَ يُحَاسَبُ حِسَابًا يَسِيرًا",
        "وَيَنقَلِبُ إِلَىٰٓ أَهْلِهِۦ مَسْرُورًا",
        "وَأَمَّا مَنْ أُوتِىَ كِتَـٰبَهُۥ وَرَآءَ ظَهْرِهِۦ",
        "فَسَوْفَ يَدْعُوا۟ ثُبُورًا",
        "وَيَصْلَىٰ سَعِيرًا",
        "إِنَّهُۥ كَانَ فِىٓ أَهْلِهِۦ مَسْرُورًا",
        "إِنَّهُۥ ظَنَّ أَن لَّن يَحُورَ",
        "بَلَىٰٓ إِنَّ رَبَّهُۥ كَانَ بِهِۦ بَصِيرًا",
        "فَلَآ أُقْسِمُ بِٱلشَّفَقِ",
        "وَٱلَّيْلِ وَمَا وَسَقَ",
        "وَٱلْقَمَرِ إِذَا ٱتَّسَقَ",
        "لَتَرْكَبُنَّ طَبَقًا عَن طَبَقٍ",
        "فَمَا لَهُمْ لَا يُؤْمِنُونَ",
        "وَإِذَا قُرِئَ عَلَيْهِمُ ٱلْقُرْءَانُ لَا يَسْجُدُونَ ۩",
        "بَلِ ٱلَّذِينَ كَفَرُوا۟ يُكَذِّبُونَ",
        "وَٱللَّهُ أَعْلَمُ بِمَا يُوعُونَ",
        "فَبَشِّرْهُم بِعَذَابٍ أَلِيمٍ",
        "إِلَّا ٱلَّذِينَ ءَامَنُوا۟ وَعَمِلُوا۟ ٱلصَّـٰلِحَـٰتِ لَهُمْ أَجْرٌ غَيْرُ مَمْنُونٍۭ"
    ],
    "arabic2": [
        "اذا السماء انشقت",
        "واذنت لربها وحقت",
        "واذا الارض مدت",
        "والقت ما فيها وتخلت",
        "واذنت لربها وحقت",
        "يا ايها الانسان انك كادح الى ربك كدحا فملاقيه",
        "فاما من اوتي كتابه بيمينه",
        "فسوف يحاسب حسابا يسيرا",
        "وينقلب الى اهله مسرورا",
        "واما من اوتي كتابه وراء ظهره",
        "فسوف يدعو ثبورا",
        "ويصلى سعيرا",
        "انه كان في اهله مسرورا",
        "انه ظن ان لن يحور",
        "بلى ان ربه كان به بصيرا",
        "فلا اقسم بالشفق",
        "والليل وما وسق",
        "والقمر اذا اتسق",
        "لتركبن طبقا عن طبق",
        "فما لهم لا يؤمنون",
        "واذا قرئ عليهم القران لا يسجدون",
        "بل الذين كفروا يكذبون",
        "والله اعلم بما يوعون",
        "فبشرهم بعذاب اليم",
        "الا الذين امنوا وعملوا الصالحات لهم اجر غير ممنون"
    ]
}