{
    "surahName": "Al-Burooj",
    "surahNameArabic": "البروج",
    "surahNameArabicLong": "سورة البروج",
    "surahNameTranslation": "The Constellations",
    "revelationPlace": "Mecca",
    "totalAyah": 22,
    "surahNo": 85,
    "english": [
        "By the sky full of constellations",
        "and the promised Day ˹of Judgment˺",
        "and the witness and what is witnessed!",
        "Condemned are the makers of the ditch—",
        "the fire ˹pit˺, filled with fuel—",
        "when they sat around it",
        "watching what they had ˹ordered to be˺ done to the believers",
        "who they resented for no reason other than belief in Allah—the Almighty, the Praiseworthy—",
        "˹the One˺ to Whom belongs the kingdom of the heavens and earth. And Allah is a Witness over all things.",
        "Those who persecute the believing men and women and then do not repent will certainly suffer the punishment of Hell and the torment of burning.",
        "Surely those who believe and do good will have Gardens under which rivers flow. That is the greatest triumph.",
        "Indeed, the ˹crushing˺ grip of your Lord is severe.",
        "˹For˺ He is certainly the One Who originates and resurrects ˹all˺.",
        "And He is the All-Forgiving, All-Loving—",
        "Lord of the Throne, the All-Glorious",
        "Doer of whatever He wills.",
        "Has the story of the ˹destroyed˺ forces reached you ˹O Prophet˺—",
        "˹the forces of˺ Pharaoh and Thamûd?",
        "Yet the disbelievers ˹still˺ persist in denial.",
        "But Allah encompasses them from all sides.",
        "In fact, this is a glorious Quran",
        "˹recorded˺ in a Preserved Tablet."
    ],
    "arabic1": [
        " وَٱلسَّمَآءِ ذَاتِ ٱلْبُرُوجِ",
        "وَٱلْيَوْمِ ٱلْمَوْعُودِ",
        "وَشَاهِدٍ وَمَشْهُودٍ",
        "قُتِلَ أَصْحَـٰبُ ٱلْأُخْدُودِ",
        "ٱلنَّارِ ذَاتِ ٱلْوَقُودِ",
        "إِذْ هُمْ عَلَيْهَا قُعُودٌ",
        "وَهُمْ عَلَىٰ مَا يَفْعَلُونَ بِٱلْمُؤْمِنِينَ شُهُودٌ",
        "وَمَا نَقَمُوا۟ مِنْهُمْ إِلَّآ أَن يُؤْمِنُوا۟ بِٱللَّهِ ٱلْعَزِيزِ ٱلْحَمِيدِ",
        "ٱلَّذِى لَهُۥ مُلْكُ ٱلسَّمَـٰوَٰتِ وَٱلْأَرْضِ ۚ وَٱللَّهُ عَلَىٰ كُلِّ شَىْءٍ شَهِيدٌ",
        "إِنَّ ٱلَّذِينَ فَتَنُوا۟ ٱلْمُؤْمِنِينَ وَٱلْمُؤْمِنَـٰتِ ثُمَّ لَمْ يَتُوبُوا۟ فَلَهُمْ عَذَابُ جَهَنَّمَ وَلَهُمْ عَذَابُ ٱلْحَرِيقِ",
        "إِنَّ ٱلَّذِينَ ءَامَنُوا۟ وَعَمِلُوا۟ ٱلصَّـٰلِحَـٰتِ لَهُمْ جَنَّـٰتٌ تَجْرِى مِن تَحْتِهَا ٱلْأَنْهَـٰرُ ۚ ذَٰلِكَ ٱلْفَوْزُ ٱلْكَبِيرُ",
        "إِنَّ بَطْشَ رَبِّكَ لَشَدِيدٌ",
        "إِنَّهُۥ هُوَ يُبْدِئُ وَيُعِيدُ",
        "وَهُوَ ٱلْغَفُورُ ٱلْوَدُودُ",
        "ذُو ٱلْعَرْشِ ٱلْمَجِيدُ",
        "فَعَّالٌ لِّمَا يُرِيدُ",
        "هَلْ أَتَىٰكَ حَدِيثُ ٱلْجُنُودِ",
        "فِرْعَوْنَ وَثَمُودَ",
        "بَلِ ٱلَّذِينَ كَفَرُوا۟ فِى تَكْذِيبٍ",
        "وَٱللَّهُ مِن وَرَآئِهِم مُّحِيطٌۢ",
        "بَلْ هُوَ قُرْءَانٌ مَّجِيدٌ",
        "فِى لَوْحٍ مَّحْفُوظٍۭ"
    ],
    "arabic2": [
        "والسماء ذات البروج",
        "واليوم الموعود",
        "وشاهد ومشهود",
        "قتل اصحاب الاخدود",
        "النار ذات الوقود",
        "اذ هم عليها قعود",
        "وهم على ما يفعلون بالمؤمنين شهود",
        "وما نقموا منهم الا ان يؤمنوا بالله العزيز الحميد",
        "الذي له ملك السماوات والارض والله على كل شيء شهيد",
        "ان الذين فتنوا المؤمنين والمؤمنات ثم لم يتوبوا فلهم عذاب جهنم ولهم عذاب الحريق",
        "ان الذين امنوا وعملوا الصالحات لهم جنات تجري من تحتها الانهار ذلك الفوز الكبير",
        "ان بطش ربك لشديد",
        "انه هو يبدئ ويعيد",
        "وهو الغفور الودود",
        "ذو العرش المجيد",
        "فعال لما يريد",
        "هل اتاك حديث الجنود",
        "فرعون وثمود",
        "بل الذين كفروا في تكذيب",
        "والله من ورائهم محيط",
        "بل هو قران مجيد",
        "في لوح محفوظ"
    ]
}