{
    "surahName": "At-Taariq",
    "surahNameArabic": "الطارق",
    "surahNameArabicLong": "سورة الطارق",
    "surahNameTranslation": "The Morning Star",
    "revelationPlace": "Mecca",
    "totalAyah": 17,
    "surahNo": 86,
    "english": [
        "By the heaven and the nightly star!",
        "And what will make you realize what the nightly star is?",
        "˹It is˺ the star of piercing brightness.",
        "There is no soul without a vigilant angel ˹recording everything˺.",
        "Let people then consider what they were created from!",
        "˹They were˺ created from a spurting fluid",
        "stemming from between the backbone and the ribcage.",
        "Surely He is fully capable of bringing them back ˹to life˺",
        "on the Day all secrets will be disclosed.",
        "Then one will have neither power nor ˹any˺ helper.",
        "By the sky with its recurring cycles",
        "and the earth with its sprouting plants!",
        "Surely this ˹Quran˺ is a decisive word",
        "and is not to be taken lightly.",
        "They are certainly devising ˹evil˺ plans",
        "but I too am planning.",
        "So bear with the disbelievers ˹O Prophet˺. Let them be for ˹just˺ a little while."
    ],
    "arabic1": [
        " وَٱلسَّمَآءِ وَٱلطَّارِقِ",
        "وَمَآ أَدْرَىٰكَ مَا ٱلطَّارِقُ",
        "ٱلنَّجْمُ ٱلثَّاقِبُ",
        "إِن كُلُّ نَفْسٍ لَّمَّا عَلَيْهَا حَافِظٌ",
        "فَلْيَنظُرِ ٱلْإِنسَـٰنُ مِمَّ خُلِقَ",
        "خُلِقَ مِن مَّآءٍ دَافِقٍ",
        "يَخْرُجُ مِنۢ بَيْنِ ٱلصُّلْبِ وَٱلتَّرَآئِبِ",
        "إِنَّهُۥ عَلَىٰ رَجْعِهِۦ لَقَادِرٌ",
        "يَوْمَ تُبْلَى ٱلسَّرَآئِرُ",
        "فَمَا لَهُۥ مِن قُوَّةٍ وَلَا نَاصِرٍ",
        "وَٱلسَّمَآءِ ذَاتِ ٱلرَّجْعِ",
        "وَٱلْأَرْضِ ذَاتِ ٱلصَّدْعِ",
        "إِنَّهُۥ لَقَوْلٌ فَصْلٌ",
        "وَمَا هُوَ بِٱلْهَزْلِ",
        "إِنَّهُمْ يَكِيدُونَ كَيْدًا",
        "وَأَكِيدُ كَيْدًا",
        "فَمَهِّلِ ٱلْكَـٰفِرِينَ أَمْهِلْهُمْ رُوَيْدًۢا"
    ],
    "arabic2": [
        "والسماء والطارق",
        "وما ادراك ما الطارق",
        "النجم الثاقب",
        "ان كل نفس لما عليها حافظ",
        "فلينظر الانسان مم خلق",
        "خلق من ماء دافق",
        "يخرج من بين الصلب والترائب",
        "انه على رجعه لقادر",
        "يوم تبلى السرائر",
        "فما له من قوة ولا ناصر",
        "والسماء ذات الرجع",
        "والارض ذات الصدع",
        "انه لقول فصل",
        "وما هو بالهزل",
        "انهم يكيدون كيدا",
        "واكيد كيدا",
        "فمهل الكافرين امهلهم رويدا"
    ]
}