{
    "surahName": "Al-A'laa",
    "surahNameArabic": "الأعلى",
    "surahNameArabicLong": "سورة الأعلى",
    "surahNameTranslation": "The Most High",
    "revelationPlace": "Mecca",
    "totalAyah": 19,
    "surahNo": 87,
    "english": [
        "Glorify the Name of your Lord, the Most High",
        "Who created and ˹perfectly˺ fashioned ˹all˺",
        "and Who ordained precisely and inspired accordingly",
        "and Who brings forth ˹green˺ pasture",
        "then reduces it to withered chaff.",
        "We will have you recite ˹the Quran, O  Prophet,˺ so you will not forget ˹any of it˺",
        "unless Allah wills otherwise. He surely knows what is open and what is hidden.",
        "We will facilitate for you the Way of Ease.",
        "So ˹always˺ remind ˹with the Quran˺—˹even˺ if the reminder is beneficial ˹only to some˺.",
        "Those in awe ˹of Allah˺ will be mindful ˹of it˺.",
        "But it will be shunned by the most wretched",
        "who will burn in the greatest Fire",
        "where they will not ˹be able to˺ live or die.",
        "Successful indeed are those who purify themselves",
        "remember the Name of their Lord, and pray.",
        "But you ˹deniers only˺ prefer the life of this world",
        "even though the Hereafter is far better and more lasting.",
        "This is certainly ˹mentioned˺ in the earlier Scriptures—",
        "the Scriptures of Abraham and Moses."
    ],
    "arabic1": [
        " سَبِّحِ ٱسْمَ رَبِّكَ ٱلْأَعْلَى",
        "ٱلَّذِى خَلَقَ فَسَوَّىٰ",
        "وَٱلَّذِى قَدَّرَ فَهَدَىٰ",
        "وَٱلَّذِىٓ أَخْرَجَ ٱلْمَرْعَىٰ",
        "فَجَعَلَهُۥ غُثَآءً أَحْوَىٰ",
        "سَنُقْرِئُكَ فَلَا تَنسَىٰٓ",
        "إِلَّا مَا شَآءَ ٱللَّهُ ۚ إِنَّهُۥ يَعْلَمُ ٱلْجَهْرَ وَمَا يَخْفَىٰ",
        "وَنُيَسِّرُكَ لِلْيُسْرَىٰ",
        "فَذَكِّرْ إِن نَّفَعَتِ ٱلذِّكْرَىٰ",
        "سَيَذَّكَّرُ مَن يَخْشَىٰ",
        "وَيَتَجَنَّبُهَا ٱلْأَشْقَى",
        "ٱلَّذِى يَصْلَى ٱلنَّارَ ٱلْكُبْرَىٰ",
        "ثُمَّ لَا يَمُوتُ فِيهَا وَلَا يَحْيَىٰ",
        "قَدْ أَفْلَحَ مَن تَزَكَّىٰ",
        "وَذَكَرَ ٱسْمَ رَبِّهِۦ فَصَلَّىٰ",
        "بَلْ تُؤْثِرُونَ ٱلْحَيَوٰةَ ٱلدُّنْيَا",
        "وَٱلْـَٔاخِرَةُ خَيْرٌ وَأَبْقَىٰٓ",
        "إِنَّ هَـٰذَا لَفِى ٱلصُّحُفِ ٱلْأُولَىٰ",
        "صُحُفِ إِبْرَٰهِيمَ وَمُوسَىٰ"
    ],
    "arabic2": [
        "سبح اسم ربك الاعلى",
        "الذي خلق فسوى",
        "والذي قدر فهدى",
        "والذي اخرج المرعى",
        "فجعله غثاء احوى",
        "سنقرئك فلا تنسى",
        "الا ما شاء الله انه يعلم الجهر وما يخفى",
        "ونيسرك لليسرى",
        "فذكر ان نفعت الذكرى",
        "سيذكر من يخشى",
        "ويتجنبها الاشقى",
        "الذي يصلى النار الكبرى",
        "ثم لا يموت فيها ولا يحيى",
        "قد افلح من تزكى",
        "وذكر اسم ربه فصلى",
        "بل تؤثرون الحياة الدنيا",
        "والاخرة خير وابقى",
        "ان هذا لفي الصحف الاولى",
        "صحف ابراهيم وموسى"
    ]
}