{
    "surahName": "Al-Ghaashiya",
    "surahNameArabic": "الغاشية",
    "surahNameArabicLong": "سورة الغاشية",
    "surahNameTranslation": "The Overwhelming",
    "revelationPlace": "Mecca",
    "totalAyah": 26,
    "surahNo": 88,
    "english": [
        "Has the news of the Overwhelming Event reached you ˹O Prophet˺?",
        "On that Day ˹some˺ faces will be downcast",
        "˹totally˺ overburdened, exhausted",
        "burning in a scorching Fire",
        "left to drink from a scalding spring.",
        "They will have no food except a foul, thorny shrub",
        "neither nourishing nor satisfying hunger.",
        "On that Day ˹other˺ faces will be glowing with bliss",
        "˹fully˺ pleased with their striving",
        "in an elevated Garden",
        "where no idle talk will be heard.",
        "In it will be a running spring",
        "along with thrones raised high",
        "and cups set at hand",
        "and ˹fine˺ cushions lined up",
        "and ˹splendid˺ carpets spread out.",
        "Do they not ever reflect on camels—how they were ˹masterfully˺ created;",
        "and the sky—how it was raised ˹high˺;",
        "and the mountains—how they were firmly set up;",
        "and the earth—how it was levelled out?",
        "So, ˹continue to˺ remind ˹all, O  Prophet˺, for your duty is only to remind.",
        "You are not ˹there˺ to compel them ˹to believe˺.",
        "But whoever turns away, persisting in disbelief",
        "then Allah will inflict upon them the major punishment.",
        "Surely to Us is their return",
        "then surely with Us is their reckoning."
    ],
    "arabic1": [
        " هَلْ أَتَىٰكَ حَدِيثُ ٱلْغَـٰشِيَةِ",
        "وُجُوهٌ يَوْمَئِذٍ خَـٰشِعَةٌ",
        "عَامِلَةٌ نَّاصِبَةٌ",
        "تَصْلَىٰ نَارًا حَامِيَةً",
        "تُسْقَىٰ مِنْ عَيْنٍ ءَانِيَةٍ",
        "لَّيْسَ لَهُمْ طَعَامٌ إِلَّا مِن ضَرِيعٍ",
        "لَّا يُسْمِنُ وَلَا يُغْنِى مِن جُوعٍ",
        "وُجُوهٌ يَوْمَئِذٍ نَّاعِمَةٌ",
        "لِّسَعْيِهَا رَاضِيَةٌ",
        "فِى جَنَّةٍ عَالِيَةٍ",
        "لَّا تَسْمَعُ فِيهَا لَـٰغِيَةً",
        "فِيهَا عَيْنٌ جَارِيَةٌ",
        "فِيهَا سُرُرٌ مَّرْفُوعَةٌ",
        "وَأَكْوَابٌ مَّوْضُوعَةٌ",
        "وَنَمَارِقُ مَصْفُوفَةٌ",
        "وَزَرَابِىُّ مَبْثُوثَةٌ",
        "أَفَلَا يَنظُرُونَ إِلَى ٱلْإِبِلِ كَيْفَ خُلِقَتْ",
        "وَإِلَى ٱلسَّمَآءِ كَيْفَ رُفِعَتْ",
        "وَإِلَى ٱلْجِبَالِ كَيْفَ نُصِبَتْ",
        "وَإِلَى ٱلْأَرْضِ كَيْفَ سُطِحَتْ",
        "فَذَكِّرْ إِنَّمَآ أَنتَ مُذَكِّرٌ",
        "لَّسْتَ عَلَيْهِم بِمُصَيْطِرٍ",
        "إِلَّا مَن تَوَلَّىٰ وَكَفَرَ",
        "فَيُعَذِّبُهُ ٱللَّهُ ٱلْعَذَابَ ٱلْأَكْبَرَ",
        "إِنَّ إِلَيْنَآ إِيَابَهُمْ",
        "ثُمَّ إِنَّ عَلَيْنَا حِسَابَهُم"
    ],
    "arabic2": [
        "هل اتاك حديث الغاشية",
        "وجوه يومئذ خاشعة",
        "عاملة ناصبة",
        "تصلى نارا حامية",
        "تسقى من عين انية",
        "ليس لهم طعام الا من ضريع",
        "لا يسمن ولا يغني من جوع",
        "وجوه يومئذ ناعمة",
        "لسعيها راضية",
        "في جنة عالية",
        "لا تسمع فيها لاغية",
        "فيها عين جارية",
        "فيها سرر مرفوعة",
        "واكواب موضوعة",
        "ونمارق مصفوفة",
        "وزرابي مبثوثة",
        "افلا ينظرون الى الابل كيف خلقت",
        "والى السماء كيف رفعت",
        "والى الجبال كيف نصبت",
        "والى الارض كيف سطحت",
        "فذكر انما انت مذكر",
        "لست عليهم بمصيطر",
        "الا من تولى وكفر",
        "فيعذبه الله العذاب الاكبر",
        "ان الينا ايابهم",
        "ثم ان علينا حسابهم"
    ]
}