{
    "surahName": "Al-Fajr",
    "surahNameArabic": "الفجر",
    "surahNameArabicLong": "سورة الفجر",
    "surahNameTranslation": "The Dawn",
    "revelationPlace": "Mecca",
    "totalAyah": 30,
    "surahNo": 89,
    "english": [
        "By the dawn",
        "and the ten nights",
        "and the even and the odd",
        "and the night when it passes!",
        "Is all this ˹not˺ a sufficient oath for those who have sense?",
        "Did you not see how your Lord dealt with ’Ȃd—",
        "˹the people˺ of Iram—with ˹their˺ great stature",
        "unmatched in any other land;",
        "and Thamûd who carved ˹their homes into˺ the rocks in the ˹Stone˺ Valley;",
        "and the Pharaoh of mighty structures?",
        "They all transgressed throughout the land",
        "spreading much corruption there.",
        "So your Lord unleashed on them a scourge of punishment.",
        "˹For˺ your Lord is truly vigilant.",
        "Now, whenever a human being is tested by their Lord through ˹His˺ generosity and blessings, they boast, “My Lord has ˹deservedly˺ honoured me!”",
        "But when He tests them by limiting their provision, they protest, “My Lord has ˹undeservedly˺ humiliated me!”",
        "Absolutely not! In fact, you are not ˹even˺ gracious to the orphan",
        "nor do you urge one another to feed the poor.",
        "And you devour ˹others’˺ inheritance greedily",
        "and love wealth fervently.",
        "Enough! When the earth is entirely crushed over and over",
        "and your Lord comes ˹to judge˺ with angels, rank upon rank",
        "and Hell is brought forth on that Day—this is when every ˹disbelieving˺ person will remember ˹their own sins˺. But what is the use of remembering then?",
        "They will cry, “I wish I had sent forth ˹something good˺ for my ˹true˺ life.”",
        "On that Day He will punish ˹them˺ severely, like no other",
        "and bind ˹them˺ tightly, like no other.",
        "˹Allah will say to the righteous,˺ “O tranquil soul!",
        "Return to your Lord, well pleased ˹with Him˺ and well pleasing ˹to Him˺.",
        "So join My servants",
        "and enter My Paradise.”"
    ],
    "arabic1": [
        " وَٱلْفَجْرِ",
        "وَلَيَالٍ عَشْرٍ",
        "وَٱلشَّفْعِ وَٱلْوَتْرِ",
        "وَٱلَّيْلِ إِذَا يَسْرِ",
        "هَلْ فِى ذَٰلِكَ قَسَمٌ لِّذِى حِجْرٍ",
        "أَلَمْ تَرَ كَيْفَ فَعَلَ رَبُّكَ بِعَادٍ",
        "إِرَمَ ذَاتِ ٱلْعِمَادِ",
        "ٱلَّتِى لَمْ يُخْلَقْ مِثْلُهَا فِى ٱلْبِلَـٰدِ",
        "وَثَمُودَ ٱلَّذِينَ جَابُوا۟ ٱلصَّخْرَ بِٱلْوَادِ",
        "وَفِرْعَوْنَ ذِى ٱلْأَوْتَادِ",
        "ٱلَّذِينَ طَغَوْا۟ فِى ٱلْبِلَـٰدِ",
        "فَأَكْثَرُوا۟ فِيهَا ٱلْفَسَادَ",
        "فَصَبَّ عَلَيْهِمْ رَبُّكَ سَوْطَ عَذَابٍ",
        "إِنَّ رَبَّكَ لَبِٱلْمِرْصَادِ",
        "فَأَمَّا ٱلْإِنسَـٰنُ إِذَا مَا ٱبْتَلَىٰهُ رَبُّهُۥ فَأَكْرَمَهُۥ وَنَعَّمَهُۥ فَيَقُولُ رَبِّىٓ أَكْرَمَنِ",
        "وَأَمَّآ إِذَا مَا ٱبْتَلَىٰهُ فَقَدَرَ عَلَيْهِ رِزْقَهُۥ فَيَقُولُ رَبِّىٓ أَهَـٰنَنِ",
        "كَلَّا ۖ بَل لَّا تُكْرِمُونَ ٱلْيَتِيمَ",
        "وَلَا تَحَـٰٓضُّونَ عَلَىٰ طَعَامِ ٱلْمِسْكِينِ",
        "وَتَأْكُلُونَ ٱلتُّرَاثَ أَكْلًا لَّمًّا",
        "وَتُحِبُّونَ ٱلْمَالَ حُبًّا جَمًّا",
        "كَلَّآ إِذَا دُكَّتِ ٱلْأَرْضُ دَكًّا دَكًّا",
        "وَجَآءَ رَبُّكَ وَٱلْمَلَكُ صَفًّا صَفًّا",
        "وَجِا۟ىٓءَ يَوْمَئِذٍۭ بِجَهَنَّمَ ۚ يَوْمَئِذٍ يَتَذَكَّرُ ٱلْإِنسَـٰنُ وَأَنَّىٰ لَهُ ٱلذِّكْرَىٰ",
        "يَقُولُ يَـٰلَيْتَنِى قَدَّمْتُ لِحَيَاتِى",
        "فَيَوْمَئِذٍ لَّا يُعَذِّبُ عَذَابَهُۥٓ أَحَدٌ",
        "وَلَا يُوثِقُ وَثَاقَهُۥٓ أَحَدٌ",
        "يَـٰٓأَيَّتُهَا ٱلنَّفْسُ ٱلْمُطْمَئِنَّةُ",
        "ٱرْجِعِىٓ إِلَىٰ رَبِّكِ رَاضِيَةً مَّرْضِيَّةً",
        "فَٱدْخُلِى فِى عِبَـٰدِى",
        "وَٱدْخُلِى جَنَّتِى"
    ],
    "arabic2": [
        "والفجر",
        "وليال عشر",
        "والشفع والوتر",
        "والليل اذا يسر",
        "هل في ذلك قسم لذي حجر",
        "الم تر كيف فعل ربك بعاد",
        "ارم ذات العماد",
        "التي لم يخلق مثلها في البلاد",
        "وثمود الذين جابوا الصخر بالواد",
        "وفرعون ذي الاوتاد",
        "الذين طغوا في البلاد",
        "فاكثروا فيها الفساد",
        "فصب عليهم ربك سوط عذاب",
        "ان ربك لبالمرصاد",
        "فاما الانسان اذا ما ابتلاه ربه فاكرمه ونعمه فيقول ربي اكرمن",
        "واما اذا ما ابتلاه فقدر عليه رزقه فيقول ربي اهانن",
        "كلا بل لا تكرمون اليتيم",
        "ولا تحاضون على طعام المسكين",
        "وتاكلون التراث اكلا لما",
        "وتحبون المال حبا جما",
        "كلا اذا دكت الارض دكا دكا",
        "وجاء ربك والملك صفا صفا",
        "وجيء يومئذ بجهنم يومئذ يتذكر الانسان وانى له الذكرى",
        "يقول يا ليتني قدمت لحياتي",
        "فيومئذ لا يعذب عذابه احد",
        "ولا يوثق وثاقه احد",
        "يا ايتها النفس المطمئنة",
        "ارجعي الى ربك راضية مرضية",
        "فادخلي في عبادي",
        "وادخلي جنتي"
    ]
}