{
    "surahName": "Al-Balad",
    "surahNameArabic": "البلد",
    "surahNameArabicLong": "سورة البلد",
    "surahNameTranslation": "The City",
    "revelationPlace": "Mecca",
    "totalAyah": 20,
    "surahNo": 90,
    "english": [
        "I do swear by this city ˹of Mecca˺—",
        "even though you ˹O Prophet˺ are subject to abuse in this city—",
        "and by every parent and ˹their˺ child!",
        "Indeed, We have created humankind in ˹constant˺ struggle.",
        "Do they think that no one has power over them",
        "boasting, “I have wasted enormous wealth!”?",
        "Do they think that no one sees them?",
        "Have We not given them two eyes",
        "a tongue, and two lips;",
        "and shown them the two ways ˹of right and wrong˺?",
        "If only they had attempted the challenging path ˹of goodness instead˺!",
        "And what will make you realize what ˹attempting˺ the challenging path is?",
        "It is to free a slave",
        "or to give food in times of famine",
        "to an orphaned relative",
        "or to a poor person in distress",
        "and—above all—to be one of those who have faith and urge each other to perseverance and urge each other to compassion.",
        "These are the people of the right.",
        "As for those who deny Our signs, they are the people of the left.",
        "The Fire will be sealed over them."
    ],
    "arabic1": [
        " لَآ أُقْسِمُ بِهَـٰذَا ٱلْبَلَدِ",
        "وَأَنتَ حِلٌّۢ بِهَـٰذَا ٱلْبَلَدِ",
        "وَوَالِدٍ وَمَا وَلَدَ",
        "لَقَدْ خَلَقْنَا ٱلْإِنسَـٰنَ فِى كَبَدٍ",
        "أَيَحْسَبُ أَن لَّن يَقْدِرَ عَلَيْهِ أَحَدٌ",
        "يَقُولُ أَهْلَكْتُ مَالًا لُّبَدًا",
        "أَيَحْسَبُ أَن لَّمْ يَرَهُۥٓ أَحَدٌ",
        "أَلَمْ نَجْعَل لَّهُۥ عَيْنَيْنِ",
        "وَلِسَانًا وَشَفَتَيْنِ",
        "وَهَدَيْنَـٰهُ ٱلنَّجْدَيْنِ",
        "فَلَا ٱقْتَحَمَ ٱلْعَقَبَةَ",
        "وَمَآ أَدْرَىٰكَ مَا ٱلْعَقَبَةُ",
        "فَكُّ رَقَبَةٍ",
        "أَوْ إِطْعَـٰمٌ فِى يَوْمٍ ذِى مَسْغَبَةٍ",
        "يَتِيمًا ذَا مَقْرَبَةٍ",
        "أَوْ مِسْكِينًا ذَا مَتْرَبَةٍ",
        "ثُمَّ كَانَ مِنَ ٱلَّذِينَ ءَامَنُوا۟ وَتَوَاصَوْا۟ بِٱلصَّبْرِ وَتَوَاصَوْا۟ بِٱلْمَرْحَمَةِ",
        "أُو۟لَـٰٓئِكَ أَصْحَـٰبُ ٱلْمَيْمَنَةِ",
        "وَٱلَّذِينَ كَفَرُوا۟ بِـَٔايَـٰتِنَا هُمْ أَصْحَـٰبُ ٱلْمَشْـَٔمَةِ",
        "عَلَيْهِمْ نَارٌ مُّؤْصَدَةٌۢ"
    ],
    "arabic2": [
        "لا اقسم بهذا البلد",
        "وانت حل بهذا البلد",
        "ووالد وما ولد",
        "لقد خلقنا الانسان في كبد",
        "ايحسب ان لن يقدر عليه احد",
        "يقول اهلكت مالا لبدا",
        "ايحسب ان لم يره احد",
        "الم نجعل له عينين",
        "ولسانا وشفتين",
        "وهديناه النجدين",
        "فلا اقتحم العقبة",
        "وما ادراك ما العقبة",
        "فك رقبة",
        "او اطعام في يوم ذي مسغبة",
        "يتيما ذا مقربة",
        "او مسكينا ذا متربة",
        "ثم كان من الذين امنوا وتواصوا بالصبر وتواصوا بالمرحمة",
        "اولئك اصحاب الميمنة",
        "والذين كفروا باياتنا هم اصحاب المشامة",
        "عليهم نار مؤصدة"
    ]
}