{
    "surahName": "Ash-Shams",
    "surahNameArabic": "الشمس",
    "surahNameArabicLong": "سورة الشمس",
    "surahNameTranslation": "The Sun",
    "revelationPlace": "Mecca",
    "totalAyah": 15,
    "surahNo": 91,
    "english": [
        "By the sun and its brightness",
        "and the moon as it follows it",
        "and the day as it unveils it",
        "and the night as it conceals it!",
        "And by heaven and ˹the One˺ Who built it",
        "and the earth and ˹the One˺ Who spread it!",
        "And by the soul and ˹the One˺ Who fashioned it",
        "then with ˹the knowledge of˺ right and wrong inspired it!",
        "Successful indeed is the one who purifies their soul",
        "and doomed is the one who corrupts it!",
        "Thamûd rejected ˹the truth˺ out of arrogance",
        "when the most wicked of them was roused ˹to kill the she-camel˺.",
        "But the messenger of Allah warned them, “˹Do not disturb˺ Allah’s camel and her ˹turn to˺ drink!”",
        "Still they defied him and slaughtered her. So their Lord crushed them for their crime, levelling all to the ground.",
        "He has no fear of consequences."
    ],
    "arabic1": [
        " وَٱلشَّمْسِ وَضُحَىٰهَا",
        "وَٱلْقَمَرِ إِذَا تَلَىٰهَا",
        "وَٱلنَّهَارِ إِذَا جَلَّىٰهَا",
        "وَٱلَّيْلِ إِذَا يَغْشَىٰهَا",
        "وَٱلسَّمَآءِ وَمَا بَنَىٰهَا",
        "وَٱلْأَرْضِ وَمَا طَحَىٰهَا",
        "وَنَفْسٍ وَمَا سَوَّىٰهَا",
        "فَأَلْهَمَهَا فُجُورَهَا وَتَقْوَىٰهَا",
        "قَدْ أَفْلَحَ مَن زَكَّىٰهَا",
        "وَقَدْ خَابَ مَن دَسَّىٰهَا",
        "كَذَّبَتْ ثَمُودُ بِطَغْوَىٰهَآ",
        "إِذِ ٱنۢبَعَثَ أَشْقَىٰهَا",
        "فَقَالَ لَهُمْ رَسُولُ ٱللَّهِ نَاقَةَ ٱللَّهِ وَسُقْيَـٰهَا",
        "فَكَذَّبُوهُ فَعَقَرُوهَا فَدَمْدَمَ عَلَيْهِمْ رَبُّهُم بِذَنۢبِهِمْ فَسَوَّىٰهَا",
        "وَلَا يَخَافُ عُقْبَـٰهَا"
    ],
    "arabic2": [
        "والشمس وضحاها",
        "والقمر اذا تلاها",
        "والنهار اذا جلاها",
        "والليل اذا يغشاها",
        "والسماء وما بناها",
        "والارض وما طحاها",
        "ونفس وما سواها",
        "فالهمها فجورها وتقواها",
        "قد افلح من زكاها",
        "وقد خاب من دساها",
        "كذبت ثمود بطغواها",
        "اذ انبعث اشقاها",
        "فقال لهم رسول الله ناقة الله وسقياها",
        "فكذبوه فعقروها فدمدم عليهم ربهم بذنبهم فسواها",
        "ولا يخاف عقباها"
    ]
}