{
    "surahName": "Al-Lail",
    "surahNameArabic": "الليل",
    "surahNameArabicLong": "سورة الليل",
    "surahNameTranslation": "The Night",
    "revelationPlace": "Mecca",
    "totalAyah": 21,
    "surahNo": 92,
    "english": [
        "By the night when it covers",
        "and the day when it shines!",
        "And by ˹the One˺ Who created male and female!",
        "Surely the ends you strive for are diverse.",
        "As for the one who is charitable, mindful ˹of Allah˺",
        "and ˹firmly˺ believes in the finest reward",
        "We will facilitate for them the Way of Ease.",
        "And as for the one who is stingy, indifferent ˹to Allah˺",
        "and ˹staunchly˺ denies the finest reward",
        "We will facilitate for them the path of hardship.",
        "And their wealth will be of no benefit to them when they tumble ˹into Hell˺.",
        "It is certainly upon Us ˹alone˺ to show ˹the way to˺ guidance.",
        "And surely to Us ˹alone˺ belong this life and the next.",
        "And so I have warned you of a raging Fire",
        "in which none will burn except the most wretched—",
        "who deny and turn away.",
        "But the righteous will be spared from it—",
        "who donate ˹some of˺ their wealth only to purify themselves",
        "not in return for someone’s favours",
        "but seeking the pleasure of their Lord, the Most High.",
        "They will certainly be pleased."
    ],
    "arabic1": [
        " وَٱلَّيْلِ إِذَا يَغْشَىٰ",
        "وَٱلنَّهَارِ إِذَا تَجَلَّىٰ",
        "وَمَا خَلَقَ ٱلذَّكَرَ وَٱلْأُنثَىٰٓ",
        "إِنَّ سَعْيَكُمْ لَشَتَّىٰ",
        "فَأَمَّا مَنْ أَعْطَىٰ وَٱتَّقَىٰ",
        "وَصَدَّقَ بِٱلْحُسْنَىٰ",
        "فَسَنُيَسِّرُهُۥ لِلْيُسْرَىٰ",
        "وَأَمَّا مَنۢ بَخِلَ وَٱسْتَغْنَىٰ",
        "وَكَذَّبَ بِٱلْحُسْنَىٰ",
        "فَسَنُيَسِّرُهُۥ لِلْعُسْرَىٰ",
        "وَمَا يُغْنِى عَنْهُ مَالُهُۥٓ إِذَا تَرَدَّىٰٓ",
        "إِنَّ عَلَيْنَا لَلْهُدَىٰ",
        "وَإِنَّ لَنَا لَلْـَٔاخِرَةَ وَٱلْأُولَىٰ",
        "فَأَنذَرْتُكُمْ نَارًا تَلَظَّىٰ",
        "لَا يَصْلَىٰهَآ إِلَّا ٱلْأَشْقَى",
        "ٱلَّذِى كَذَّبَ وَتَوَلَّىٰ",
        "وَسَيُجَنَّبُهَا ٱلْأَتْقَى",
        "ٱلَّذِى يُؤْتِى مَالَهُۥ يَتَزَكَّىٰ",
        "وَمَا لِأَحَدٍ عِندَهُۥ مِن نِّعْمَةٍ تُجْزَىٰٓ",
        "إِلَّا ٱبْتِغَآءَ وَجْهِ رَبِّهِ ٱلْأَعْلَىٰ",
        "وَلَسَوْفَ يَرْضَىٰ"
    ],
    "arabic2": [
        "والليل اذا يغشى",
        "والنهار اذا تجلى",
        "وما خلق الذكر والانثى",
        "ان سعيكم لشتى",
        "فاما من اعطى واتقى",
        "وصدق بالحسنى",
        "فسنيسره لليسرى",
        "واما من بخل واستغنى",
        "وكذب بالحسنى",
        "فسنيسره للعسرى",
        "وما يغني عنه ماله اذا تردى",
        "ان علينا للهدى",
        "وان لنا للاخرة والاولى",
        "فانذرتكم نارا تلظى",
        "لا يصلاها الا الاشقى",
        "الذي كذب وتولى",
        "وسيجنبها الاتقى",
        "الذي يؤتي ماله يتزكى",
        "وما لاحد عنده من نعمة تجزى",
        "الا ابتغاء وجه ربه الاعلى",
        "ولسوف يرضى"
    ]
}