{
    "surahName": "Ad-Dhuhaa",
    "surahNameArabic": "الضحى",
    "surahNameArabicLong": "سورة الضحى",
    "surahNameTranslation": "The Morning Hours",
    "revelationPlace": "Mecca",
    "totalAyah": 11,
    "surahNo": 93,
    "english": [
        "By the morning sunlight",
        "and the night when it falls still!",
        "Your Lord ˹O Prophet˺ has not abandoned you, nor has He become hateful ˹of you˺.",
        "And the next life is certainly far better for you than this one.",
        "And ˹surely˺ your Lord will give so much to you that you will be pleased.",
        "Did He not find you as an orphan then sheltered you?",
        "Did He not find you unguided then guided you?",
        "And did He not find you needy then satisfied your needs?",
        "So do not oppress the orphan",
        "nor repulse the beggar.",
        "And proclaim the blessings of your Lord."
    ],
    "arabic1": [
        " وَٱلضُّحَىٰ",
        "وَٱلَّيْلِ إِذَا سَجَىٰ",
        "مَا وَدَّعَكَ رَبُّكَ وَمَا قَلَىٰ",
        "وَلَلْـَٔاخِرَةُ خَيْرٌ لَّكَ مِنَ ٱلْأُولَىٰ",
        "وَلَسَوْفَ يُعْطِيكَ رَبُّكَ فَتَرْضَىٰٓ",
        "أَلَمْ يَجِدْكَ يَتِيمًا فَـَٔاوَىٰ",
        "وَوَجَدَكَ ضَآلًّا فَهَدَىٰ",
        "وَوَجَدَكَ عَآئِلًا فَأَغْنَىٰ",
        "فَأَمَّا ٱلْيَتِيمَ فَلَا تَقْهَرْ",
        "وَأَمَّا ٱلسَّآئِلَ فَلَا تَنْهَرْ",
        "وَأَمَّا بِنِعْمَةِ رَبِّكَ فَحَدِّثْ"
    ],
    "arabic2": [
        "والضحى",
        "والليل اذا سجى",
        "ما ودعك ربك وما قلى",
        "وللاخرة خير لك من الاولى",
        "ولسوف يعطيك ربك فترضى",
        "الم يجدك يتيما فاوى",
        "ووجدك ضالا فهدى",
        "ووجدك عائلا فاغنى",
        "فاما اليتيم فلا تقهر",
        "واما السائل فلا تنهر",
        "واما بنعمة ربك فحدث"
    ]
}