{
    "surahName": "Ash-Sharh",
    "surahNameArabic": "الشرح",
    "surahNameArabicLong": "سورة الشرح",
    "surahNameTranslation": "The Consolation",
    "revelationPlace": "Mecca",
    "totalAyah": 8,
    "surahNo": 94,
    "english": [
        "Have We not uplifted your heart for you ˹O Prophet˺",
        "relieved you of the burden",
        "which weighed so heavily on your back",
        "and elevated your renown for you?",
        "So, surely with hardship comes ease.",
        "Surely with ˹that˺ hardship comes ˹more˺ ease.",
        "So once you have fulfilled ˹your duty˺, strive ˹in devotion˺",
        "turning to your Lord ˹alone˺ with hope."
    ],
    "arabic1": [
        " أَلَمْ نَشْرَحْ لَكَ صَدْرَكَ",
        "وَوَضَعْنَا عَنكَ وِزْرَكَ",
        "ٱلَّذِىٓ أَنقَضَ ظَهْرَكَ",
        "وَرَفَعْنَا لَكَ ذِكْرَكَ",
        "فَإِنَّ مَعَ ٱلْعُسْرِ يُسْرًا",
        "إِنَّ مَعَ ٱلْعُسْرِ يُسْرًا",
        "فَإِذَا فَرَغْتَ فَٱنصَبْ",
        "وَإِلَىٰ رَبِّكَ فَٱرْغَب"
    ],
    "arabic2": [
        "الم نشرح لك صدرك",
        "ووضعنا عنك وزرك",
        "الذي انقض ظهرك",
        "ورفعنا لك ذكرك",
        "فان مع العسر يسرا",
        "ان مع العسر يسرا",
        "فاذا فرغت فانصب",
        "والى ربك فارغب"
    ]
}