{
    "surahName": "At-Tin",
    "surahNameArabic": "التين",
    "surahNameArabicLong": "سورة التين",
    "surahNameTranslation": "The Fig",
    "revelationPlace": "Mecca",
    "totalAyah": 8,
    "surahNo": 95,
    "english": [
        "By the fig and the olive ˹of Jerusalem˺",
        "and Mount Sinai",
        "and this secure city ˹of Mecca˺!",
        "Indeed, We created humans in the best form.",
        "But We will reduce them to the lowest of the low ˹in Hell˺",
        "except those who believe and do good—they will have a never-ending reward.",
        "Now, what makes you deny the ˹final˺ Judgment?",
        "Is Allah not the most just of all judges?"
    ],
    "arabic1": [
        "وَٱلتِّينِ وَٱلزَّيْتُونِ",
        "وَطُورِ سِينِينَ",
        "وَهَـٰذَا ٱلْبَلَدِ ٱلْأَمِينِ",
        "لَقَدْ خَلَقْنَا ٱلْإِنسَـٰنَ فِىٓ أَحْسَنِ تَقْوِيمٍ",
        "ثُمَّ رَدَدْنَـٰهُ أَسْفَلَ سَـٰفِلِينَ",
        "إِلَّا ٱلَّذِينَ ءَامَنُوا۟ وَعَمِلُوا۟ ٱلصَّـٰلِحَـٰتِ فَلَهُمْ أَجْرٌ غَيْرُ مَمْنُونٍ",
        "فَمَا يُكَذِّبُكَ بَعْدُ بِٱلدِّينِ",
        "أَلَيْسَ ٱللَّهُ بِأَحْكَمِ ٱلْحَـٰكِمِينَ"
    ],
    "arabic2": [
        "والتين والزيتون",
        "وطور سينين",
        "وهذا البلد الامين",
        "لقد خلقنا الانسان في احسن تقويم",
        "ثم رددناه اسفل سافلين",
        "الا الذين امنوا وعملوا الصالحات فلهم اجر غير ممنون",
        "فما يكذبك بعد بالدين",
        "اليس الله باحكم الحاكمين"
    ]
}