{
    "surahName": "Al-Alaq",
    "surahNameArabic": "العلق",
    "surahNameArabicLong": "سورة العلق",
    "surahNameTranslation": "The Clot",
    "revelationPlace": "Mecca",
    "totalAyah": 19,
    "surahNo": 96,
    "english": [
        "Read, ˹O Prophet,˺ in the Name of your Lord Who created—",
        "created humans from a clinging clot.",
        "Read! And your Lord is the Most Generous",
        "Who taught by the pen—",
        "taught humanity what they knew not.",
        "Most certainly, one exceeds all bounds",
        "once they think they are self-sufficient.",
        "˹But˺ surely to your Lord is the return ˹of all˺.",
        "Have you seen the man who prevents",
        "a servant ˹of Ours˺ from praying?",
        "What if this ˹servant˺ is ˹rightly˺ guided",
        "or encourages righteousness?",
        "What if that ˹man˺ persists in denial and turns away?",
        "Does he not know that Allah sees ˹all˺?",
        "But no! If he does not desist, We will certainly drag him by the forelock—",
        "a lying, sinful forelock.",
        "So let him call his associates.",
        "We will call the wardens of Hell.",
        "Again, no! Never obey him ˹O Prophet˺! Rather, ˹continue to˺ prostrate and draw near ˹to Allah˺."
    ],
    "arabic1": [
        " ٱقْرَأْ بِٱسْمِ رَبِّكَ ٱلَّذِى خَلَقَ",
        "خَلَقَ ٱلْإِنسَـٰنَ مِنْ عَلَقٍ",
        "ٱقْرَأْ وَرَبُّكَ ٱلْأَكْرَمُ",
        "ٱلَّذِى عَلَّمَ بِٱلْقَلَمِ",
        "عَلَّمَ ٱلْإِنسَـٰنَ مَا لَمْ يَعْلَمْ",
        "كَلَّآ إِنَّ ٱلْإِنسَـٰنَ لَيَطْغَىٰٓ",
        "أَن رَّءَاهُ ٱسْتَغْنَىٰٓ",
        "إِنَّ إِلَىٰ رَبِّكَ ٱلرُّجْعَىٰٓ",
        "أَرَءَيْتَ ٱلَّذِى يَنْهَىٰ",
        "عَبْدًا إِذَا صَلَّىٰٓ",
        "أَرَءَيْتَ إِن كَانَ عَلَى ٱلْهُدَىٰٓ",
        "أَوْ أَمَرَ بِٱلتَّقْوَىٰٓ",
        "أَرَءَيْتَ إِن كَذَّبَ وَتَوَلَّىٰٓ",
        "أَلَمْ يَعْلَم بِأَنَّ ٱللَّهَ يَرَىٰ",
        "كَلَّا لَئِن لَّمْ يَنتَهِ لَنَسْفَعًۢا بِٱلنَّاصِيَةِ",
        "نَاصِيَةٍ كَـٰذِبَةٍ خَاطِئَةٍ",
        "فَلْيَدْعُ نَادِيَهُۥ",
        "سَنَدْعُ ٱلزَّبَانِيَةَ",
        "كَلَّا لَا تُطِعْهُ وَٱسْجُدْ وَٱقْتَرِب ۩"
    ],
    "arabic2": [
        "اقرا باسم ربك الذي خلق",
        "خلق الانسان من علق",
        "اقرا وربك الاكرم",
        "الذي علم بالقلم",
        "علم الانسان ما لم يعلم",
        "كلا ان الانسان ليطغى",
        "ان راه استغنى",
        "ان الى ربك الرجعى",
        "ارايت الذي ينهى",
        "عبدا اذا صلى",
        "ارايت ان كان على الهدى",
        "او امر بالتقوى",
        "ارايت ان كذب وتولى",
        "الم يعلم بان الله يرى",
        "كلا لئن لم ينته لنسفعا بالناصية",
        "ناصية كاذبة خاطئة",
        "فليدع ناديه",
        "سندع الزبانية",
        "كلا لا تطعه واسجد واقترب"
    ]
}