{
    "surahName": "Al-Qadr",
    "surahNameArabic": "القدر",
    "surahNameArabicLong": "سورة القدر",
    "surahNameTranslation": "The Power, Fate",
    "revelationPlace": "Mecca",
    "totalAyah": 5,
    "surahNo": 97,
    "english": [
        "Indeed, ˹it is˺ We ˹Who˺ sent this ˹Quran˺ down on the Night of Glory.",
        "And what will make you realize what the Night of Glory is?",
        "The Night of Glory is better than a thousand months.",
        "That night the angels and the ˹holy˺ spirit descend, by the permission of their Lord, for every ˹decreed˺ matter.",
        "It is all peace until the break of dawn."
    ],
    "arabic1": [
        "إِنَّآ أَنزَلْنَـٰهُ فِى لَيْلَةِ ٱلْقَدْرِ",
        "وَمَآ أَدْرَىٰكَ مَا لَيْلَةُ ٱلْقَدْرِ",
        "لَيْلَةُ ٱلْقَدْرِ خَيْرٌ مِّنْ أَلْفِ شَهْرٍ",
        "تَنَزَّلُ ٱلْمَلَـٰٓئِكَةُ وَٱلرُّوحُ فِيهَا بِإِذْنِ رَبِّهِم مِّن كُلِّ أَمْرٍ",
        "سَلَـٰمٌ هِىَ حَتَّىٰ مَطْلَعِ ٱلْفَجْرِ"
    ],
    "arabic2": [
        "انا انزلناه في ليلة القدر",
        "وما ادراك ما ليلة القدر",
        "ليلة القدر خير من الف شهر",
        "تنزل الملائكة والروح فيها باذن ربهم من كل امر",
        "سلام هي حتى مطلع الفجر"
    ]
}