{
    "surahName": "Al-Bayyina",
    "surahNameArabic": "البينة",
    "surahNameArabicLong": "سورة البينة",
    "surahNameTranslation": "The Evidence",
    "revelationPlace": "Madina",
    "totalAyah": 8,
    "surahNo": 98,
    "english": [
        "The disbelievers from the People of the Book and the polytheists were not going to desist ˹from disbelief˺ until the clear proof came to them:",
        "a messenger from Allah, reciting scrolls of ˹utmost˺ purity",
        "containing upright commandments.",
        "It was not until this clear proof came to the People of the Book that they became divided ˹about his prophethood˺—",
        "even though they were only commanded to worship Allah ˹alone˺ with sincere devotion to Him in all uprightness, establish prayer, and pay alms-tax. That is the upright Way.",
        "Indeed, those who disbelieve from the People of the Book and the polytheists will be in the Fire of Hell, to stay there forever. They are the worst of ˹all˺ beings.",
        "Indeed, those who believe and do good—they are the best of ˹all˺ beings.",
        "Their reward with their Lord will be Gardens of Eternity, under which rivers flow, to stay there for ever and ever. Allah is pleased with them and they are pleased with Him. This is ˹only˺ for those in awe of their Lord."
    ],
    "arabic1": [
        " لَمْ يَكُنِ ٱلَّذِينَ كَفَرُوا۟ مِنْ أَهْلِ ٱلْكِتَـٰبِ وَٱلْمُشْرِكِينَ مُنفَكِّينَ حَتَّىٰ تَأْتِيَهُمُ ٱلْبَيِّنَةُ",
        "رَسُولٌ مِّنَ ٱللَّهِ يَتْلُوا۟ صُحُفًا مُّطَهَّرَةً",
        "فِيهَا كُتُبٌ قَيِّمَةٌ",
        "وَمَا تَفَرَّقَ ٱلَّذِينَ أُوتُوا۟ ٱلْكِتَـٰبَ إِلَّا مِنۢ بَعْدِ مَا جَآءَتْهُمُ ٱلْبَيِّنَةُ",
        "وَمَآ أُمِرُوٓا۟ إِلَّا لِيَعْبُدُوا۟ ٱللَّهَ مُخْلِصِينَ لَهُ ٱلدِّينَ حُنَفَآءَ وَيُقِيمُوا۟ ٱلصَّلَوٰةَ وَيُؤْتُوا۟ ٱلزَّكَوٰةَ ۚ وَذَٰلِكَ دِينُ ٱلْقَيِّمَةِ",
        "إِنَّ ٱلَّذِينَ كَفَرُوا۟ مِنْ أَهْلِ ٱلْكِتَـٰبِ وَٱلْمُشْرِكِينَ فِى نَارِ جَهَنَّمَ خَـٰلِدِينَ فِيهَآ ۚ أُو۟لَـٰٓئِكَ هُمْ شَرُّ ٱلْبَرِيَّةِ",
        "إِنَّ ٱلَّذِينَ ءَامَنُوا۟ وَعَمِلُوا۟ ٱلصَّـٰلِحَـٰتِ أُو۟لَـٰٓئِكَ هُمْ خَيْرُ ٱلْبَرِيَّةِ",
        "جَزَآؤُهُمْ عِندَ رَبِّهِمْ جَنَّـٰتُ عَدْنٍ تَجْرِى مِن تَحْتِهَا ٱلْأَنْهَـٰرُ خَـٰلِدِينَ فِيهَآ أَبَدًا ۖ رَّضِىَ ٱللَّهُ عَنْهُمْ وَرَضُوا۟ عَنْهُ ۚ ذَٰلِكَ لِمَنْ خَشِىَ رَبَّهُۥ"
    ],
    "arabic2": [
        "لم يكن الذين كفروا من اهل الكتاب والمشركين منفكين حتى تاتيهم البينة",
        "رسول من الله يتلو صحفا مطهرة",
        "فيها كتب قيمة",
        "وما تفرق الذين اوتوا الكتاب الا من بعد ما جاءتهم البينة",
        "وما امروا الا ليعبدوا الله مخلصين له الدين حنفاء ويقيموا الصلاة ويؤتوا الزكاة وذلك دين القيمة",
        "ان الذين كفروا من اهل الكتاب والمشركين في نار جهنم خالدين فيها اولئك هم شر البرية",
        "ان الذين امنوا وعملوا الصالحات اولئك هم خير البرية",
        "جزاؤهم عند ربهم جنات عدن تجري من تحتها الانهار خالدين فيها ابدا رضي الله عنهم ورضوا عنه ذلك لمن خشي ربه"
    ]
}